image_path,product_id,category,mask_path,wm_image_path,wm_local_mask
dummy_images\WATCH\1.CARTIER\微商相册\11.18\原件\CARTIER BALLON BLANC DE CARTIER WATCH W4BL0003\主图\W4BL0003.jpg,1,watch,,dummy_images\WATCH\1.CARTIER\微商相册\11.18\已整理\CARTIER BALLON BLANC DE CARTIER WATCH W4BL0003\主图\W4BL0003.jpg,cvs\new_watermark.png
dummy_images\WATCH\1.CARTIER\微商相册\11.18\原件\CARTIER BALLON BLANC DE CARTIER WATCH W4BL0003\附图\W4BL0003-1.jpg,1,watch,,dummy_images\WATCH\1.CARTIER\微商相册\11.18\已整理\CARTIER BALLON BLANC DE CARTIER WATCH W4BL0003\附图\W4BL0003-1.jpg,cvs\new_watermark.png
dummy_images\WATCH\1.CARTIER\微商相册\11.18\原件\CARTIER BALLON BLANC DE CARTIER WATCH W4BL0003\附图\W4BL0003-2.jpg,1,watch,,dummy_images\WATCH\1.CARTIER\微商相册\11.18\已整理\CARTIER BALLON BLANC DE CARTIER WATCH W4BL0003\附图\W4BL0003-2.jpg,cvs\new_watermark.png
dummy_images\WATCH\1.CARTIER\微商相册\11.18\原件\CARTIER BALLON BLANC DE CARTIER WATCH W4BL0003\附图\W4BL0003-3.jpg,1,watch,,dummy_images\WATCH\1.CARTIER\微商相册\11.18\已整理\CARTIER BALLON BLANC DE CARTIER WATCH W4BL0003\附图\W4BL0003-3.jpg,cvs\new_watermark.png
dummy_images\WATCH\1.CARTIER\微商相册\11.18\原件\CARTIER BALLON BLANC DE CARTIER WATCH W4BL0003\附图\W4BL0003-4.jpg,1,watch,,dummy_images\WATCH\1.CARTIER\微商相册\11.18\已整理\CARTIER BALLON BLANC DE CARTIER WATCH W4BL0003\附图\W4BL0003-4.jpg,cvs\new_watermark.png
dummy_images\WATCH\1.CARTIER\微商相册\11.18\原件\CARTIER BALLON BLANC DE CARTIER WATCH W4BL0003\附图\W4BL0003-5.jpg,1,watch,,dummy_images\WATCH\1.CARTIER\微商相册\11.18\已整理\CARTIER BALLON BLANC DE CARTIER WATCH W4BL0003\附图\W4BL0003-5.jpg,cvs\new_watermark.png
dummy_images\WATCH\1.CARTIER\微商相册\11.18\原件\CARTIER BALLON BLANC DE CARTIER WATCH W4BL0003\附图\W4BL0003-6.jpg,1,watch,,dummy_images\WATCH\1.CARTIER\微商相册\11.18\已整理\CARTIER BALLON BLANC DE CARTIER WATCH W4BL0003\附图\W4BL0003-6.jpg,cvs\new_watermark.png
dummy_images\WATCH\1.CARTIER\微商相册\11.18\原件\CARTIER BALLON BLANC DE CARTIER WATCH W4BL0003\详情图\W4BL0003-01.jpg,1,watch,,,cvs\new_watermark.png
dummy_images\WATCH\1.CARTIER\微商相册\11.18\原件\CARTIER BALLON BLANC DE CARTIER WATCH W4BL0003\详情图\W4BL0003-02.jpg,1,watch,,,cvs\new_watermark.png
dummy_images\WATCH\1.CARTIER\微商相册\11.18\原件\CARTIER BALLON BLANC DE CARTIER WATCH W4BL0003\详情图\W4BL0003-03.jpg,1,watch,,dummy_images\WATCH\1.CARTIER\微商相册\11.18\已整理\CARTIER BALLON BLANC DE CARTIER WATCH W4BL0003\详情图\W4BL0003-03.jpg,cvs\new_watermark.png
dummy_images\WATCH\1.CARTIER\微商相册\11.18\原件\CARTIER BALLON BLANC DE CARTIER WATCH W4BL0003\详情图\W4BL0003-04.jpg,1,watch,,dummy_images\WATCH\1.CARTIER\微商相册\11.18\已整理\CARTIER BALLON BLANC DE CARTIER WATCH W4BL0003\详情图\W4BL0003-04.jpg,cvs\new_watermark.png
dummy_images\WATCH\1.CARTIER\微商相册\11.18\原件\CARTIER BALLON BLANC DE CARTIER WATCH W4BL0003\详情图\W4BL0003-05.jpg,1,watch,,dummy_images\WATCH\1.CARTIER\微商相册\11.18\已整理\CARTIER BALLON BLANC DE CARTIER WATCH W4BL0003\详情图\W4BL0003-05.jpg,cvs\new_watermark.png
dummy_images\WATCH\1.CARTIER\微商相册\11.18\原件\CARTIER BALLON BLANC DE CARTIER WATCH W4BL0003\详情图\W4BL0003-06.jpg,1,watch,,dummy_images\WATCH\1.CARTIER\微商相册\11.18\已整理\CARTIER BALLON BLANC DE CARTIER WATCH W4BL0003\详情图\W4BL0003-06.jpg,cvs\new_watermark.png
dummy_images\WATCH\1.CARTIER\微商相册\11.18\原件\CARTIER BALLON BLANC DE CARTIER WATCH W4BL0003\详情图\W4BL0003-07.jpg,1,watch,,dummy_images\WATCH\1.CARTIER\微商相册\11.18\已整理\CARTIER BALLON BLANC DE CARTIER WATCH W4BL0003\详情图\W4BL0003-07.jpg,cvs\new_watermark.png
dummy_images\WATCH\1.CARTIER\微商相册\11.18\原件\CARTIER BALLON BLANC DE CARTIER WATCH W4BL0003\详情图\W4BL0003-08.jpg,1,watch,,dummy_images\WATCH\1.CARTIER\微商相册\11.18\已整理\CARTIER BALLON BLANC DE CARTIER WATCH W4BL0003\详情图\W4BL0003-08.jpg,cvs\new_watermark.png
dummy_images\WATCH\1.CARTIER\微商相册\11.18\原件\CARTIER BALLON BLANC DE CARTIER WATCH W4BL0003\详情图\W4BL0003-09.jpg,1,watch,,dummy_images\WATCH\1.CARTIER\微商相册\11.18\已整理\CARTIER BALLON BLANC DE CARTIER WATCH W4BL0003\详情图\W4BL0003-09.jpg,cvs\new_watermark.png
dummy_images\WATCH\1.CARTIER\微商相册\11.18\原件\CARTIER DRIVE DE CARTIER WGNM0003\主图\WGNM0003.png,2,watch,,,cvs\new_watermark.png
dummy_images\WATCH\1.CARTIER\微商相册\11.18\原件\CARTIER DRIVE DE CARTIER WGNM0003\主图\WGNM0003.webp,2,watch,,,cvs\new_watermark.png
dummy_images\WATCH\1.CARTIER\微商相册\11.18\原件\CARTIER DRIVE DE CARTIER WGNM0003\附图\WGNM0003-1.png,2,watch,,dummy_images\WATCH\1.CARTIER\微商相册\11.18\已整理\CARTIER DRIVE DE CARTIER WGNM0003\附图\WGNM0003-1.png,cvs\new_watermark.png
dummy_images\WATCH\1.CARTIER\微商相册\11.18\原件\CARTIER DRIVE DE CARTIER WGNM0003\附图\WGNM0003-1.webp,2,watch,,,cvs\new_watermark.png
dummy_images\WATCH\1.CARTIER\微商相册\11.18\原件\CARTIER DRIVE DE CARTIER WGNM0003\附图\WGNM0003-2.png,2,watch,,dummy_images\WATCH\1.CARTIER\微商相册\11.18\已整理\CARTIER DRIVE DE CARTIER WGNM0003\附图\WGNM0003-2.png,cvs\new_watermark.png
dummy_images\WATCH\1.CARTIER\微商相册\11.18\原件\CARTIER DRIVE DE CARTIER WGNM0003\附图\WGNM0003-2.webp,2,watch,,,cvs\new_watermark.png
dummy_images\WATCH\1.CARTIER\微商相册\11.18\原件\CARTIER DRIVE DE CARTIER WGNM0003\附图\WGNM0003-3.png,2,watch,,dummy_images\WATCH\1.CARTIER\微商相册\11.18\已整理\CARTIER DRIVE DE CARTIER WGNM0003\附图\WGNM0003-3.png,cvs\new_watermark.png
dummy_images\WATCH\1.CARTIER\微商相册\11.18\原件\CARTIER DRIVE DE CARTIER WGNM0003\附图\WGNM0003-3.webp,2,watch,,,cvs\new_watermark.png
dummy_images\WATCH\1.CARTIER\微商相册\11.18\原件\CARTIER DRIVE DE CARTIER WGNM0003\附图\WGNM0003-4.webp,2,watch,,,cvs\new_watermark.png
dummy_images\WATCH\1.CARTIER\微商相册\11.18\原件\CARTIER DRIVE DE CARTIER WGNM0003\详情图\WGNM0003-01.jpg,2,watch,,dummy_images\WATCH\1.CARTIER\微商相册\11.18\已整理\CARTIER DRIVE DE CARTIER WGNM0003\详情图\WGNM0003-01.jpg,cvs\new_watermark.png
dummy_images\WATCH\1.CARTIER\微商相册\11.18\原件\CARTIER DRIVE DE CARTIER WGNM0003\详情图\WGNM0003-02.jpg,2,watch,,dummy_images\WATCH\1.CARTIER\微商相册\11.18\已整理\CARTIER DRIVE DE CARTIER WGNM0003\详情图\WGNM0003-02.jpg,cvs\new_watermark.png
dummy_images\WATCH\1.CARTIER\微商相册\11.18\原件\CARTIER DRIVE DE CARTIER WGNM0003\详情图\WGNM0003-03.jpg,2,watch,,dummy_images\WATCH\1.CARTIER\微商相册\11.18\已整理\CARTIER DRIVE DE CARTIER WGNM0003\详情图\WGNM0003-03.jpg,cvs\new_watermark.png
dummy_images\WATCH\1.CARTIER\微商相册\11.18\原件\CARTIER DRIVE DE CARTIER WGNM0003\详情图\WGNM0003-04.jpg,2,watch,,dummy_images\WATCH\1.CARTIER\微商相册\11.18\已整理\CARTIER DRIVE DE CARTIER WGNM0003\详情图\WGNM0003-04.jpg,cvs\new_watermark.png
dummy_images\WATCH\1.CARTIER\微商相册\11.18\原件\CARTIER DRIVE DE CARTIER WGNM0003\详情图\WGNM0003-05.jpg,2,watch,,dummy_images\WATCH\1.CARTIER\微商相册\11.18\已整理\CARTIER DRIVE DE CARTIER WGNM0003\详情图\WGNM0003-05.jpg,cvs\new_watermark.png
dummy_images\WATCH\1.CARTIER\微商相册\11.18\原件\CARTIER DRIVE DE CARTIER WGNM0003\详情图\WGNM0003-06.jpg,2,watch,,dummy_images\WATCH\1.CARTIER\微商相册\11.18\已整理\CARTIER DRIVE DE CARTIER WGNM0003\详情图\WGNM0003-06.jpg,cvs\new_watermark.png
dummy_images\WATCH\1.CARTIER\微商相册\11.18\原件\CARTIER DRIVE DE CARTIER WGNM0003\详情图\WGNM0003-07.jpg,2,watch,,dummy_images\WATCH\1.CARTIER\微商相册\11.18\已整理\CARTIER DRIVE DE CARTIER WGNM0003\详情图\WGNM0003-07.jpg,cvs\new_watermark.png
dummy_images\WATCH\1.CARTIER\微商相册\11.18\原件\CARTIER DRIVE DE CARTIER WGNM0003\详情图\WGNM0003-08.jpg,2,watch,,dummy_images\WATCH\1.CARTIER\微商相册\11.18\已整理\CARTIER DRIVE DE CARTIER WGNM0003\详情图\WGNM0003-08.jpg,cvs\new_watermark.png
dummy_images\WATCH\1.CARTIER\微商相册\11.18\原件\CARTIER PANTHèRE DE CARTIER WATCH WSPN0015\主图\WSPN0015.jpeg,3,watch,,,cvs\new_watermark.png
dummy_images\WATCH\1.CARTIER\微商相册\11.18\原件\CARTIER PANTHèRE DE CARTIER WATCH WSPN0015\附图\WSPN0015-1.jpeg,3,watch,,dummy_images\WATCH\1.CARTIER\微商相册\11.18\已整理\CARTIER PANTHèRE DE CARTIER WATCH WSPN0015\附图\WSPN0015-1.jpeg,cvs\new_watermark.png
dummy_images\WATCH\1.CARTIER\微商相册\11.18\原件\CARTIER PANTHèRE DE CARTIER WATCH WSPN0015\附图\WSPN0015-2.jpeg,3,watch,,dummy_images\WATCH\1.CARTIER\微商相册\11.18\已整理\CARTIER PANTHèRE DE CARTIER WATCH WSPN0015\附图\WSPN0015-2.jpeg,cvs\new_watermark.png
dummy_images\WATCH\1.CARTIER\微商相册\11.18\原件\CARTIER PANTHèRE DE CARTIER WATCH WSPN0015\附图\WSPN0015-3.jpeg,3,watch,,dummy_images\WATCH\1.CARTIER\微商相册\11.18\已整理\CARTIER PANTHèRE DE CARTIER WATCH WSPN0015\附图\WSPN0015-3.jpeg,cvs\new_watermark.png
dummy_images\WATCH\1.CARTIER\微商相册\11.18\原件\CARTIER PANTHèRE DE CARTIER WATCH WSPN0015\附图\WSPN0015-4.jpeg,3,watch,,dummy_images\WATCH\1.CARTIER\微商相册\11.18\已整理\CARTIER PANTHèRE DE CARTIER WATCH WSPN0015\附图\WSPN0015-4.jpeg,cvs\new_watermark.png
dummy_images\WATCH\1.CARTIER\微商相册\11.18\原件\CARTIER PANTHèRE DE CARTIER WATCH WSPN0015\附图\WSPN0015-5.jpeg,3,watch,,dummy_images\WATCH\1.CARTIER\微商相册\11.18\已整理\CARTIER PANTHèRE DE CARTIER WATCH WSPN0015\附图\WSPN0015-5.jpeg,cvs\new_watermark.png
dummy_images\WATCH\1.CARTIER\微商相册\11.18\原件\CARTIER PANTHèRE DE CARTIER WATCH WSPN0015\附图\WSPN0015-6.jpeg,3,watch,,dummy_images\WATCH\1.CARTIER\微商相册\11.18\已整理\CARTIER PANTHèRE DE CARTIER WATCH WSPN0015\附图\WSPN0015-6.jpeg,cvs\new_watermark.png
dummy_images\WATCH\1.CARTIER\微商相册\11.18\原件\CARTIER PANTHèRE DE CARTIER WATCH WSPN0015\详情图\WSPN0015-01.jpg,3,watch,,dummy_images\WATCH\1.CARTIER\微商相册\11.18\已整理\CARTIER PANTHèRE DE CARTIER WATCH WSPN0015\详情图\WSPN0015-01.jpg,cvs\new_watermark.png
dummy_images\WATCH\1.CARTIER\微商相册\11.18\原件\CARTIER PANTHèRE DE CARTIER WATCH WSPN0015\详情图\WSPN0015-02.jpg,3,watch,,dummy_images\WATCH\1.CARTIER\微商相册\11.18\已整理\CARTIER PANTHèRE DE CARTIER WATCH WSPN0015\详情图\WSPN0015-02.jpg,cvs\new_watermark.png
dummy_images\WATCH\1.CARTIER\微商相册\11.18\原件\CARTIER PANTHèRE DE CARTIER WATCH WSPN0015\详情图\WSPN0015-03.jpg,3,watch,,dummy_images\WATCH\1.CARTIER\微商相册\11.18\已整理\CARTIER PANTHèRE DE CARTIER WATCH WSPN0015\详情图\WSPN0015-03.jpg,cvs\new_watermark.png
dummy_images\WATCH\1.CARTIER\微商相册\11.18\原件\CARTIER PANTHèRE DE CARTIER WATCH WSPN0015\详情图\WSPN0015-04.jpg,3,watch,,dummy_images\WATCH\1.CARTIER\微商相册\11.18\已整理\CARTIER PANTHèRE DE CARTIER WATCH WSPN0015\详情图\WSPN0015-04.jpg,cvs\new_watermark.png
dummy_images\WATCH\1.CARTIER\微商相册\11.18\原件\CARTIER PANTHèRE DE CARTIER WATCH WSPN0015\详情图\WSPN0015-05.jpg,3,watch,,dummy_images\WATCH\1.CARTIER\微商相册\11.18\已整理\CARTIER PANTHèRE DE CARTIER WATCH WSPN0015\详情图\WSPN0015-05.jpg,cvs\new_watermark.png
dummy_images\WATCH\1.CARTIER\微商相册\11.18\原件\CARTIER PANTHèRE DE CARTIER WATCH WSPN0015\详情图\WSPN0015-06.jpg,3,watch,,dummy_images\WATCH\1.CARTIER\微商相册\11.18\已整理\CARTIER PANTHèRE DE CARTIER WATCH WSPN0015\详情图\WSPN0015-06.jpg,cvs\new_watermark.png
dummy_images\WATCH\1.CARTIER\微商相册\11.18\原件\CARTIER PANTHèRE DE CARTIER WATCH WSPN0015\详情图\WSPN0015-07.jpg,3,watch,,dummy_images\WATCH\1.CARTIER\微商相册\11.18\已整理\CARTIER PANTHèRE DE CARTIER WATCH WSPN0015\详情图\WSPN0015-07.jpg,cvs\new_watermark.png
dummy_images\WATCH\1.CARTIER\微商相册\11.18\原件\CARTIER PANTHèRE DE CARTIER WATCH WSPN0015\详情图\WSPN0015-08.jpg,3,watch,,dummy_images\WATCH\1.CARTIER\微商相册\11.18\已整理\CARTIER PANTHèRE DE CARTIER WATCH WSPN0015\详情图\WSPN0015-08.jpg,cvs\new_watermark.png
dummy_images\WATCH\1.CARTIER\微商相册\11.18\原件\CARTIER RONDE LOUIS CARTIER WATCH WGRN0013\主图\WGRN0013.jpeg,4,watch,,,cvs\new_watermark.png
dummy_images\WATCH\1.CARTIER\微商相册\11.18\原件\CARTIER RONDE LOUIS CARTIER WATCH WGRN0013\附图\WGRN0013-1.jpeg,4,watch,,dummy_images\WATCH\1.CARTIER\微商相册\11.18\已整理\CARTIER RONDE LOUIS CARTIER WATCH WGRN0013\附图\WGRN0013-1.jpeg,cvs\new_watermark.png
dummy_images\WATCH\1.CARTIER\微商相册\11.18\原件\CARTIER RONDE LOUIS CARTIER WATCH WGRN0013\附图\WGRN0013-2.jpeg,4,watch,,dummy_images\WATCH\1.CARTIER\微商相册\11.18\已整理\CARTIER RONDE LOUIS CARTIER WATCH WGRN0013\附图\WGRN0013-2.jpeg,cvs\new_watermark.png
dummy_images\WATCH\1.CARTIER\微商相册\11.18\原件\CARTIER RONDE LOUIS CARTIER WATCH WGRN0013\附图\WGRN0013-3.jpeg,4,watch,,dummy_images\WATCH\1.CARTIER\微商相册\11.18\已整理\CARTIER RONDE LOUIS CARTIER WATCH WGRN0013\附图\WGRN0013-3.jpeg,cvs\new_watermark.png
dummy_images\WATCH\1.CARTIER\微商相册\11.18\原件\CARTIER RONDE LOUIS CARTIER WATCH WGRN0013\附图\WGRN0013-4.jpeg,4,watch,,dummy_images\WATCH\1.CARTIER\微商相册\11.18\已整理\CARTIER RONDE LOUIS CARTIER WATCH WGRN0013\附图\WGRN0013-4.jpeg,cvs\new_watermark.png
dummy_images\WATCH\1.CARTIER\微商相册\11.18\原件\CARTIER RONDE LOUIS CARTIER WATCH WGRN0013\附图\WGRN0013-5.jpeg,4,watch,,dummy_images\WATCH\1.CARTIER\微商相册\11.18\已整理\CARTIER RONDE LOUIS CARTIER WATCH WGRN0013\附图\WGRN0013-5.jpeg,cvs\new_watermark.png
dummy_images\WATCH\1.CARTIER\微商相册\11.18\原件\CARTIER RONDE LOUIS CARTIER WATCH WGRN0013\附图\WGRN0013-6.jpeg,4,watch,,dummy_images\WATCH\1.CARTIER\微商相册\11.18\已整理\CARTIER RONDE LOUIS CARTIER WATCH WGRN0013\附图\WGRN0013-6.jpeg,cvs\new_watermark.png
dummy_images\WATCH\1.CARTIER\微商相册\11.18\原件\CARTIER RONDE LOUIS CARTIER WATCH WGRN0013\详情图\WGRN0013-01.jpg,4,watch,,dummy_images\WATCH\1.CARTIER\微商相册\11.18\已整理\CARTIER RONDE LOUIS CARTIER WATCH WGRN0013\详情图\WGRN0013-01.jpg,cvs\new_watermark.png
dummy_images\WATCH\1.CARTIER\微商相册\11.18\原件\CARTIER RONDE LOUIS CARTIER WATCH WGRN0013\详情图\WGRN0013-02.jpg,4,watch,,dummy_images\WATCH\1.CARTIER\微商相册\11.18\已整理\CARTIER RONDE LOUIS CARTIER WATCH WGRN0013\详情图\WGRN0013-02.jpg,cvs\new_watermark.png
dummy_images\WATCH\1.CARTIER\微商相册\11.18\原件\CARTIER RONDE LOUIS CARTIER WATCH WGRN0013\详情图\WGRN0013-03.jpg,4,watch,,dummy_images\WATCH\1.CARTIER\微商相册\11.18\已整理\CARTIER RONDE LOUIS CARTIER WATCH WGRN0013\详情图\WGRN0013-03.jpg,cvs\new_watermark.png
dummy_images\WATCH\1.CARTIER\微商相册\11.18\原件\CARTIER RONDE LOUIS CARTIER WATCH WGRN0013\详情图\WGRN0013-04.jpg,4,watch,,dummy_images\WATCH\1.CARTIER\微商相册\11.18\已整理\CARTIER RONDE LOUIS CARTIER WATCH WGRN0013\详情图\WGRN0013-04.jpg,cvs\new_watermark.png
dummy_images\WATCH\1.CARTIER\微商相册\11.18\原件\CARTIER RONDE LOUIS CARTIER WATCH WGRN0013\详情图\WGRN0013-05.jpg,4,watch,,dummy_images\WATCH\1.CARTIER\微商相册\11.18\已整理\CARTIER RONDE LOUIS CARTIER WATCH WGRN0013\详情图\WGRN0013-05.jpg,cvs\new_watermark.png
dummy_images\WATCH\1.CARTIER\微商相册\11.18\原件\CARTIER RONDE LOUIS CARTIER WATCH WGRN0013\详情图\WGRN0013-06.jpg,4,watch,,dummy_images\WATCH\1.CARTIER\微商相册\11.18\已整理\CARTIER RONDE LOUIS CARTIER WATCH WGRN0013\详情图\WGRN0013-06.jpg,cvs\new_watermark.png
dummy_images\WATCH\1.CARTIER\微商相册\11.18\原件\CARTIER RONDE LOUIS CARTIER WATCH WGRN0013\详情图\WGRN0013-07.jpg,4,watch,,dummy_images\WATCH\1.CARTIER\微商相册\11.18\已整理\CARTIER RONDE LOUIS CARTIER WATCH WGRN0013\详情图\WGRN0013-07.jpg,cvs\new_watermark.png
dummy_images\WATCH\1.CARTIER\微商相册\11.18\原件\CARTIER RONDE LOUIS CARTIER WATCH WGRN0013\详情图\WGRN0013-08.jpg,4,watch,,dummy_images\WATCH\1.CARTIER\微商相册\11.18\已整理\CARTIER RONDE LOUIS CARTIER WATCH WGRN0013\详情图\WGRN0013-08.jpg,cvs\new_watermark.png
dummy_images\WATCH\1.CARTIER\微商相册\11.18\原件\CARTIER RONDE LOUIS CARTIER WATCH WGRN0013\详情图\WGRN0013-09.jpg,4,watch,,dummy_images\WATCH\1.CARTIER\微商相册\11.18\已整理\CARTIER RONDE LOUIS CARTIER WATCH WGRN0013\详情图\WGRN0013-09.jpg,cvs\new_watermark.png
dummy_images\WATCH\1.CARTIER\微商相册\11.18\原件\CARTIER SANTOS DE CARTIER WATCH WSSA0039\主图\WSSA0039.jpeg,6,watch,,,cvs\new_watermark.png
dummy_images\WATCH\1.CARTIER\微商相册\11.18\原件\CARTIER SANTOS DE CARTIER WATCH WSSA0039\附图\WSSA0039-1.jpeg,6,watch,,dummy_images\WATCH\1.CARTIER\微商相册\11.18\已整理\CARTIER SANTOS DE CARTIER WATCH WSSA0039\附图\WSSA0039-1.jpeg,cvs\new_watermark.png
dummy_images\WATCH\1.CARTIER\微商相册\11.18\原件\CARTIER SANTOS DE CARTIER WATCH WSSA0039\附图\WSSA0039-2.jpeg,6,watch,,dummy_images\WATCH\1.CARTIER\微商相册\11.18\已整理\CARTIER SANTOS DE CARTIER WATCH WSSA0039\附图\WSSA0039-2.jpeg,cvs\new_watermark.png
dummy_images\WATCH\1.CARTIER\微商相册\11.18\原件\CARTIER SANTOS DE CARTIER WATCH WSSA0039\附图\WSSA0039-3.jpeg,6,watch,,dummy_images\WATCH\1.CARTIER\微商相册\11.18\已整理\CARTIER SANTOS DE CARTIER WATCH WSSA0039\附图\WSSA0039-3.jpeg,cvs\new_watermark.png
dummy_images\WATCH\1.CARTIER\微商相册\11.18\原件\CARTIER SANTOS DE CARTIER WATCH WSSA0039\附图\WSSA0039-4.jpeg,6,watch,,dummy_images\WATCH\1.CARTIER\微商相册\11.18\已整理\CARTIER SANTOS DE CARTIER WATCH WSSA0039\附图\WSSA0039-4.jpeg,cvs\new_watermark.png
dummy_images\WATCH\1.CARTIER\微商相册\11.18\原件\CARTIER SANTOS DE CARTIER WATCH WSSA0039\附图\WSSA0039-5.jpeg,6,watch,,dummy_images\WATCH\1.CARTIER\微商相册\11.18\已整理\CARTIER SANTOS DE CARTIER WATCH WSSA0039\附图\WSSA0039-5.jpeg,cvs\new_watermark.png
dummy_images\WATCH\1.CARTIER\微商相册\11.18\原件\CARTIER SANTOS DE CARTIER WATCH WSSA0039\附图\WSSA0039-6.jpeg,6,watch,,dummy_images\WATCH\1.CARTIER\微商相册\11.18\已整理\CARTIER SANTOS DE CARTIER WATCH WSSA0039\附图\WSSA0039-6.jpeg,cvs\new_watermark.png
dummy_images\WATCH\1.CARTIER\微商相册\11.18\原件\CARTIER SANTOS DE CARTIER WATCH WSSA0039\详情图\WSSA0039-01.jpg,6,watch,,dummy_images\WATCH\1.CARTIER\微商相册\11.18\已整理\CARTIER SANTOS DE CARTIER WATCH WSSA0039\详情图\WSSA0039-01.jpg,cvs\new_watermark.png
dummy_images\WATCH\1.CARTIER\微商相册\11.18\原件\CARTIER SANTOS DE CARTIER WATCH WSSA0039\详情图\WSSA0039-02.jpg,6,watch,,dummy_images\WATCH\1.CARTIER\微商相册\11.18\已整理\CARTIER SANTOS DE CARTIER WATCH WSSA0039\详情图\WSSA0039-02.jpg,cvs\new_watermark.png
dummy_images\WATCH\1.CARTIER\微商相册\11.18\原件\CARTIER SANTOS DE CARTIER WATCH WSSA0039\详情图\WSSA0039-03.jpg,6,watch,,dummy_images\WATCH\1.CARTIER\微商相册\11.18\已整理\CARTIER SANTOS DE CARTIER WATCH WSSA0039\详情图\WSSA0039-03.jpg,cvs\new_watermark.png
dummy_images\WATCH\1.CARTIER\微商相册\11.18\原件\CARTIER SANTOS DE CARTIER WATCH WSSA0039\详情图\WSSA0039-04.jpg,6,watch,,dummy_images\WATCH\1.CARTIER\微商相册\11.18\已整理\CARTIER SANTOS DE CARTIER WATCH WSSA0039\详情图\WSSA0039-04.jpg,cvs\new_watermark.png
dummy_images\WATCH\1.CARTIER\微商相册\11.18\原件\CARTIER SANTOS DE CARTIER WATCH WSSA0039\详情图\WSSA0039-05.jpg,6,watch,,dummy_images\WATCH\1.CARTIER\微商相册\11.18\已整理\CARTIER SANTOS DE CARTIER WATCH WSSA0039\详情图\WSSA0039-05.jpg,cvs\new_watermark.png
dummy_images\WATCH\1.CARTIER\微商相册\11.18\原件\CARTIER SANTOS DE CARTIER WATCH WSSA0039\详情图\WSSA0039-06.jpg,6,watch,,dummy_images\WATCH\1.CARTIER\微商相册\11.18\已整理\CARTIER SANTOS DE CARTIER WATCH WSSA0039\详情图\WSSA0039-06.jpg,cvs\new_watermark.png
dummy_images\WATCH\1.CARTIER\微商相册\11.18\原件\CARTIER SANTOS DE CARTIER WATCH WSSA0039\详情图\WSSA0039-07.jpg,6,watch,,dummy_images\WATCH\1.CARTIER\微商相册\11.18\已整理\CARTIER SANTOS DE CARTIER WATCH WSSA0039\详情图\WSSA0039-07.jpg,cvs\new_watermark.png
dummy_images\WATCH\1.CARTIER\微商相册\11.19\原图\CARTIER BAIGNOIRE WATCH WGBA0007\主图\WGBA0007.jpeg.jpg,7,watch,,dummy_images\WATCH\1.CARTIER\微商相册\11.19\已整理\CARTIER BAIGNOIRE WATCH WGBA0007\主图\WGBA0007.jpeg.jpg,cvs\new_watermark.png
dummy_images\WATCH\1.CARTIER\微商相册\11.19\原图\CARTIER BAIGNOIRE WATCH WGBA0007\附图\WGBA0007-1.jpeg,7,watch,,dummy_images\WATCH\1.CARTIER\微商相册\11.19\已整理\CARTIER BAIGNOIRE WATCH WGBA0007\附图\WGBA0007-1.jpeg,cvs\new_watermark.png
dummy_images\WATCH\1.CARTIER\微商相册\11.19\原图\CARTIER BAIGNOIRE WATCH WGBA0007\附图\WGBA0007-2.jpeg,7,watch,,dummy_images\WATCH\1.CARTIER\微商相册\11.19\已整理\CARTIER BAIGNOIRE WATCH WGBA0007\附图\WGBA0007-2.jpeg,cvs\new_watermark.png
dummy_images\WATCH\1.CARTIER\微商相册\11.19\原图\CARTIER BAIGNOIRE WATCH WGBA0007\附图\WGBA0007-3.jpeg,7,watch,,dummy_images\WATCH\1.CARTIER\微商相册\11.19\已整理\CARTIER BAIGNOIRE WATCH WGBA0007\附图\WGBA0007-3.jpeg,cvs\new_watermark.png
dummy_images\WATCH\1.CARTIER\微商相册\11.19\原图\CARTIER BAIGNOIRE WATCH WGBA0007\附图\WGBA0007-4.jpeg,7,watch,,dummy_images\WATCH\1.CARTIER\微商相册\11.19\已整理\CARTIER BAIGNOIRE WATCH WGBA0007\附图\WGBA0007-4.jpeg,cvs\new_watermark.png
dummy_images\WATCH\1.CARTIER\微商相册\11.19\原图\CARTIER BAIGNOIRE WATCH WGBA0007\附图\WGBA0007-5.jpeg,7,watch,,dummy_images\WATCH\1.CARTIER\微商相册\11.19\已整理\CARTIER BAIGNOIRE WATCH WGBA0007\附图\WGBA0007-5.jpeg,cvs\new_watermark.png
dummy_images\WATCH\1.CARTIER\微商相册\11.19\原图\CARTIER BAIGNOIRE WATCH WGBA0007\附图\WGBA0007-6.jpeg,7,watch,,dummy_images\WATCH\1.CARTIER\微商相册\11.19\已整理\CARTIER BAIGNOIRE WATCH WGBA0007\附图\WGBA0007-6.jpeg,cvs\new_watermark.png
dummy_images\WATCH\1.CARTIER\微商相册\11.19\原图\CARTIER BAIGNOIRE WATCH WGBA0007\附图\WGBA0007-7.jpeg,7,watch,,dummy_images\WATCH\1.CARTIER\微商相册\11.19\已整理\CARTIER BAIGNOIRE WATCH WGBA0007\附图\WGBA0007-7.jpeg,cvs\new_watermark.png
dummy_images\WATCH\1.CARTIER\微商相册\11.19\原图\CARTIER BAIGNOIRE WATCH WGBA0007\附图\WGBA0007-8.jpeg,7,watch,,dummy_images\WATCH\1.CARTIER\微商相册\11.19\已整理\CARTIER BAIGNOIRE WATCH WGBA0007\附图\WGBA0007-8.jpeg,cvs\new_watermark.png
dummy_images\WATCH\1.CARTIER\微商相册\11.19\原图\CARTIER BAIGNOIRE WATCH WGBA0007\详情图\WGBA0007-01.jpg,7,watch,,dummy_images\WATCH\1.CARTIER\微商相册\11.19\已整理\CARTIER BAIGNOIRE WATCH WGBA0007\详情图\WGBA0007-01.jpg,cvs\new_watermark.png
dummy_images\WATCH\1.CARTIER\微商相册\11.19\原图\CARTIER BAIGNOIRE WATCH WGBA0007\详情图\WGBA0007-02.jpg,7,watch,,dummy_images\WATCH\1.CARTIER\微商相册\11.19\已整理\CARTIER BAIGNOIRE WATCH WGBA0007\详情图\WGBA0007-02.jpg,cvs\new_watermark.png
dummy_images\WATCH\1.CARTIER\微商相册\11.19\原图\CARTIER BAIGNOIRE WATCH WGBA0007\详情图\WGBA0007-03.jpg,7,watch,,dummy_images\WATCH\1.CARTIER\微商相册\11.19\已整理\CARTIER BAIGNOIRE WATCH WGBA0007\详情图\WGBA0007-03.jpg,cvs\new_watermark.png
dummy_images\WATCH\1.CARTIER\微商相册\11.19\原图\CARTIER BAIGNOIRE WATCH WGBA0007\详情图\WGBA0007-04.jpg,7,watch,,dummy_images\WATCH\1.CARTIER\微商相册\11.19\已整理\CARTIER BAIGNOIRE WATCH WGBA0007\详情图\WGBA0007-04.jpg,cvs\new_watermark.png
dummy_images\WATCH\1.CARTIER\微商相册\11.19\原图\CARTIER BAIGNOIRE WATCH WGBA0007\详情图\WGBA0007-05.jpg,7,watch,,dummy_images\WATCH\1.CARTIER\微商相册\11.19\已整理\CARTIER BAIGNOIRE WATCH WGBA0007\详情图\WGBA0007-05.jpg,cvs\new_watermark.png
dummy_images\WATCH\1.CARTIER\微商相册\11.19\原图\CARTIER BAIGNOIRE WATCH WGBA0007\详情图\WGBA0007-06.jpg,7,watch,,dummy_images\WATCH\1.CARTIER\微商相册\11.19\已整理\CARTIER BAIGNOIRE WATCH WGBA0007\详情图\WGBA0007-06.jpg,cvs\new_watermark.png
dummy_images\WATCH\1.CARTIER\微商相册\11.19\原图\CARTIER BAIGNOIRE WATCH WGBA0007\详情图\WGBA0007-07.jpg,7,watch,,dummy_images\WATCH\1.CARTIER\微商相册\11.19\已整理\CARTIER BAIGNOIRE WATCH WGBA0007\详情图\WGBA0007-07.jpg,cvs\new_watermark.png
dummy_images\WATCH\1.CARTIER\微商相册\11.19\原图\CARTIER BAIGNOIRE WATCH WGBA0007\详情图\WGBA0007-08.jpg,7,watch,,dummy_images\WATCH\1.CARTIER\微商相册\11.19\已整理\CARTIER BAIGNOIRE WATCH WGBA0007\详情图\WGBA0007-08.jpg,cvs\new_watermark.png
dummy_images\WATCH\1.CARTIER\微商相册\11.19\原图\CARTIER BAIGNOIRE WATCH WGBA0007\详情图\WGBA0007-09.jpg,7,watch,,dummy_images\WATCH\1.CARTIER\微商相册\11.19\已整理\CARTIER BAIGNOIRE WATCH WGBA0007\详情图\WGBA0007-09.jpg,cvs\new_watermark.png
dummy_images\WATCH\1.CARTIER\微商相册\11.19\原图\CARTIER BAIGNOIRE WATCH WJBA0038\主图\WJBA0038.jpeg,8,watch,,,cvs\new_watermark.png
dummy_images\WATCH\1.CARTIER\微商相册\11.19\原图\CARTIER BAIGNOIRE WATCH WJBA0038\附图\WJBA0038-1.jpeg,8,watch,,dummy_images\WATCH\1.CARTIER\微商相册\11.19\已整理\CARTIER BAIGNOIRE WATCH WJBA0038\附图\WJBA0038-1.jpeg,cvs\new_watermark.png
dummy_images\WATCH\1.CARTIER\微商相册\11.19\原图\CARTIER BAIGNOIRE WATCH WJBA0038\附图\WJBA0038-2.jpeg,8,watch,,dummy_images\WATCH\1.CARTIER\微商相册\11.19\已整理\CARTIER BAIGNOIRE WATCH WJBA0038\附图\WJBA0038-2.jpeg,cvs\new_watermark.png
dummy_images\WATCH\1.CARTIER\微商相册\11.19\原图\CARTIER BAIGNOIRE WATCH WJBA0038\附图\WJBA0038-3.jpeg,8,watch,,dummy_images\WATCH\1.CARTIER\微商相册\11.19\已整理\CARTIER BAIGNOIRE WATCH WJBA0038\附图\WJBA0038-3.jpeg,cvs\new_watermark.png
dummy_images\WATCH\1.CARTIER\微商相册\11.19\原图\CARTIER BAIGNOIRE WATCH WJBA0038\附图\WJBA0038-4.jpeg,8,watch,,dummy_images\WATCH\1.CARTIER\微商相册\11.19\已整理\CARTIER BAIGNOIRE WATCH WJBA0038\附图\WJBA0038-4.jpeg,cvs\new_watermark.png
dummy_images\WATCH\1.CARTIER\微商相册\11.19\原图\CARTIER BAIGNOIRE WATCH WJBA0038\详情图\WJBA0038-01.jpg,8,watch,,dummy_images\WATCH\1.CARTIER\微商相册\11.19\已整理\CARTIER BAIGNOIRE WATCH WJBA0038\详情图\WJBA0038-01.jpg,cvs\new_watermark.png
dummy_images\WATCH\1.CARTIER\微商相册\11.19\原图\CARTIER BAIGNOIRE WATCH WJBA0038\详情图\WJBA0038-02.jpg,8,watch,,dummy_images\WATCH\1.CARTIER\微商相册\11.19\已整理\CARTIER BAIGNOIRE WATCH WJBA0038\详情图\WJBA0038-02.jpg,cvs\new_watermark.png
dummy_images\WATCH\1.CARTIER\微商相册\11.19\原图\CARTIER BAIGNOIRE WATCH WJBA0038\详情图\WJBA0038-03.jpg,8,watch,,dummy_images\WATCH\1.CARTIER\微商相册\11.19\已整理\CARTIER BAIGNOIRE WATCH WJBA0038\详情图\WJBA0038-03.jpg,cvs\new_watermark.png
dummy_images\WATCH\1.CARTIER\微商相册\11.19\原图\CARTIER BAIGNOIRE WATCH WJBA0038\详情图\WJBA0038-04.jpg,8,watch,,dummy_images\WATCH\1.CARTIER\微商相册\11.19\已整理\CARTIER BAIGNOIRE WATCH WJBA0038\详情图\WJBA0038-04.jpg,cvs\new_watermark.png
dummy_images\WATCH\1.CARTIER\微商相册\11.19\原图\CARTIER BAIGNOIRE WATCH WJBA0038\详情图\WJBA0038-05.jpg,8,watch,,dummy_images\WATCH\1.CARTIER\微商相册\11.19\已整理\CARTIER BAIGNOIRE WATCH WJBA0038\详情图\WJBA0038-05.jpg,cvs\new_watermark.png
dummy_images\WATCH\1.CARTIER\微商相册\11.19\原图\CARTIER BAIGNOIRE WATCH WJBA0038\详情图\WJBA0038-06.jpg,8,watch,,dummy_images\WATCH\1.CARTIER\微商相册\11.19\已整理\CARTIER BAIGNOIRE WATCH WJBA0038\详情图\WJBA0038-06.jpg,cvs\new_watermark.png
dummy_images\WATCH\1.CARTIER\微商相册\11.19\原图\CARTIER BAIGNOIRE WATCH WJBA0038\详情图\WJBA0038-07.jpg,8,watch,,dummy_images\WATCH\1.CARTIER\微商相册\11.19\已整理\CARTIER BAIGNOIRE WATCH WJBA0038\详情图\WJBA0038-07.jpg,cvs\new_watermark.png
dummy_images\WATCH\1.CARTIER\微商相册\11.19\原图\CARTIER BAIGNOIRE WATCH WJBA0038\详情图\WJBA0038-08.jpg,8,watch,,dummy_images\WATCH\1.CARTIER\微商相册\11.19\已整理\CARTIER BAIGNOIRE WATCH WJBA0038\详情图\WJBA0038-08.jpg,cvs\new_watermark.png
dummy_images\WATCH\1.CARTIER\微商相册\11.19\原图\CARTIER BAIGNOIRE WATCH WJBA0038\详情图\WJBA0038-09.jpg,8,watch,,dummy_images\WATCH\1.CARTIER\微商相册\11.19\已整理\CARTIER BAIGNOIRE WATCH WJBA0038\详情图\WJBA0038-09.jpg,cvs\new_watermark.png
dummy_images\WATCH\1.CARTIER\微商相册\11.19\原图\CARTIER BALLON BLEU 33MM WOMEN'S WATCH W4BB0009\主图\W4BB0009.jpg,9,watch,,dummy_images\WATCH\1.CARTIER\微商相册\11.19\已整理\CARTIER BALLON BLEU 33MM WOMEN'S WATCH W4BB0009\主图\W4BB0009.jpg,cvs\new_watermark.png
dummy_images\WATCH\1.CARTIER\微商相册\11.19\原图\CARTIER BALLON BLEU 33MM WOMEN'S WATCH W4BB0009\附图\W4BB0009-1.jpg,9,watch,,dummy_images\WATCH\1.CARTIER\微商相册\11.19\已整理\CARTIER BALLON BLEU 33MM WOMEN'S WATCH W4BB0009\附图\W4BB0009-1.jpg,cvs\new_watermark.png
dummy_images\WATCH\1.CARTIER\微商相册\11.19\原图\CARTIER BALLON BLEU 33MM WOMEN'S WATCH W4BB0009\附图\W4BB0009-2.jpg,9,watch,,dummy_images\WATCH\1.CARTIER\微商相册\11.19\已整理\CARTIER BALLON BLEU 33MM WOMEN'S WATCH W4BB0009\附图\W4BB0009-2.jpg,cvs\new_watermark.png
dummy_images\WATCH\1.CARTIER\微商相册\11.19\原图\CARTIER BALLON BLEU 33MM WOMEN'S WATCH W4BB0009\附图\W4BB0009-3.jpg,9,watch,,dummy_images\WATCH\1.CARTIER\微商相册\11.19\已整理\CARTIER BALLON BLEU 33MM WOMEN'S WATCH W4BB0009\附图\W4BB0009-3.jpg,cvs\new_watermark.png
dummy_images\WATCH\1.CARTIER\微商相册\11.19\原图\CARTIER BALLON BLEU 33MM WOMEN'S WATCH W4BB0009\附图\W4BB0009-4.jpg,9,watch,,dummy_images\WATCH\1.CARTIER\微商相册\11.19\已整理\CARTIER BALLON BLEU 33MM WOMEN'S WATCH W4BB0009\附图\W4BB0009-4.jpg,cvs\new_watermark.png
dummy_images\WATCH\1.CARTIER\微商相册\11.19\原图\CARTIER BALLON BLEU 33MM WOMEN'S WATCH W4BB0009\附图\W4BB0009-5.jpg,9,watch,,dummy_images\WATCH\1.CARTIER\微商相册\11.19\已整理\CARTIER BALLON BLEU 33MM WOMEN'S WATCH W4BB0009\附图\W4BB0009-5.jpg,cvs\new_watermark.png
dummy_images\WATCH\1.CARTIER\微商相册\11.19\原图\CARTIER BALLON BLEU 33MM WOMEN'S WATCH W4BB0009\附图\W4BB0009-6.jpg,9,watch,,dummy_images\WATCH\1.CARTIER\微商相册\11.19\已整理\CARTIER BALLON BLEU 33MM WOMEN'S WATCH W4BB0009\附图\W4BB0009-6.jpg,cvs\new_watermark.png
dummy_images\WATCH\1.CARTIER\微商相册\11.19\原图\CARTIER BALLON BLEU 33MM WOMEN'S WATCH W4BB0009\详情图\W4BB0009-01.jpg,9,watch,,dummy_images\WATCH\1.CARTIER\微商相册\11.19\已整理\CARTIER BALLON BLEU 33MM WOMEN'S WATCH W4BB0009\详情图\W4BB0009-01.jpg,cvs\new_watermark.png
dummy_images\WATCH\1.CARTIER\微商相册\11.19\原图\CARTIER BALLON BLEU 33MM WOMEN'S WATCH W4BB0009\详情图\W4BB0009-02.jpg,9,watch,,dummy_images\WATCH\1.CARTIER\微商相册\11.19\已整理\CARTIER BALLON BLEU 33MM WOMEN'S WATCH W4BB0009\详情图\W4BB0009-02.jpg,cvs\new_watermark.png
dummy_images\WATCH\1.CARTIER\微商相册\11.19\原图\CARTIER BALLON BLEU 33MM WOMEN'S WATCH W4BB0009\详情图\W4BB0009-03.jpg,9,watch,,dummy_images\WATCH\1.CARTIER\微商相册\11.19\已整理\CARTIER BALLON BLEU 33MM WOMEN'S WATCH W4BB0009\详情图\W4BB0009-03.jpg,cvs\new_watermark.png
dummy_images\WATCH\1.CARTIER\微商相册\11.19\原图\CARTIER BALLON BLEU 33MM WOMEN'S WATCH W4BB0009\详情图\W4BB0009-04.jpg,9,watch,,dummy_images\WATCH\1.CARTIER\微商相册\11.19\已整理\CARTIER BALLON BLEU 33MM WOMEN'S WATCH W4BB0009\详情图\W4BB0009-04.jpg,cvs\new_watermark.png
dummy_images\WATCH\1.CARTIER\微商相册\11.19\原图\CARTIER BALLON BLEU 33MM WOMEN'S WATCH W4BB0009\详情图\W4BB0009-05.jpg,9,watch,,dummy_images\WATCH\1.CARTIER\微商相册\11.19\已整理\CARTIER BALLON BLEU 33MM WOMEN'S WATCH W4BB0009\详情图\W4BB0009-05.jpg,cvs\new_watermark.png
dummy_images\WATCH\1.CARTIER\微商相册\11.19\原图\CARTIER BALLON BLEU 33MM WOMEN'S WATCH W4BB0009\详情图\W4BB0009-06.jpg,9,watch,,dummy_images\WATCH\1.CARTIER\微商相册\11.19\已整理\CARTIER BALLON BLEU 33MM WOMEN'S WATCH W4BB0009\详情图\W4BB0009-06.jpg,cvs\new_watermark.png
dummy_images\WATCH\1.CARTIER\微商相册\11.19\原图\CARTIER BALLON BLEU 33MM WOMEN'S WATCH W4BB0009\详情图\W4BB0009-07.jpg,9,watch,,dummy_images\WATCH\1.CARTIER\微商相册\11.19\已整理\CARTIER BALLON BLEU 33MM WOMEN'S WATCH W4BB0009\详情图\W4BB0009-07.jpg,cvs\new_watermark.png
dummy_images\WATCH\1.CARTIER\微商相册\11.19\原图\CARTIER BALLON BLEU 33MM WOMEN'S WATCH W4BB0009\详情图\W4BB0009-08.jpg,9,watch,,dummy_images\WATCH\1.CARTIER\微商相册\11.19\已整理\CARTIER BALLON BLEU 33MM WOMEN'S WATCH W4BB0009\详情图\W4BB0009-08.jpg,cvs\new_watermark.png
dummy_images\WATCH\1.CARTIER\微商相册\11.19\原图\CARTIER BALLON BLEU 33MM WOMEN'S WATCH W4BB0009\详情图\W4BB0009-09.jpg,9,watch,,dummy_images\WATCH\1.CARTIER\微商相册\11.19\已整理\CARTIER BALLON BLEU 33MM WOMEN'S WATCH W4BB0009\详情图\W4BB0009-09.jpg,cvs\new_watermark.png
dummy_images\WATCH\1.CARTIER\微商相册\11.19\原图\CARTIER BALLON BLEU 42 ROSE GOLD DIAMOND MENS WATCH WE900851\主图\WE900851.jpg,10,watch,,dummy_images\WATCH\1.CARTIER\微商相册\11.19\已整理\CARTIER BALLON BLEU 42 ROSE GOLD DIAMOND MENS WATCH WE900851\主图\WE900851.jpg,cvs\new_watermark.png
dummy_images\WATCH\1.CARTIER\微商相册\11.19\原图\CARTIER BALLON BLEU 42 ROSE GOLD DIAMOND MENS WATCH WE900851\附图\WE900851-1.jpg,10,watch,,dummy_images\WATCH\1.CARTIER\微商相册\11.19\已整理\CARTIER BALLON BLEU 42 ROSE GOLD DIAMOND MENS WATCH WE900851\附图\WE900851-1.jpg,cvs\new_watermark.png
dummy_images\WATCH\1.CARTIER\微商相册\11.19\原图\CARTIER BALLON BLEU 42 ROSE GOLD DIAMOND MENS WATCH WE900851\附图\WE900851-2.jpg,10,watch,,dummy_images\WATCH\1.CARTIER\微商相册\11.19\已整理\CARTIER BALLON BLEU 42 ROSE GOLD DIAMOND MENS WATCH WE900851\附图\WE900851-2.jpg,cvs\new_watermark.png
dummy_images\WATCH\1.CARTIER\微商相册\11.19\原图\CARTIER BALLON BLEU 42 ROSE GOLD DIAMOND MENS WATCH WE900851\附图\WE900851-3.jpg,10,watch,,dummy_images\WATCH\1.CARTIER\微商相册\11.19\已整理\CARTIER BALLON BLEU 42 ROSE GOLD DIAMOND MENS WATCH WE900851\附图\WE900851-3.jpg,cvs\new_watermark.png
dummy_images\WATCH\1.CARTIER\微商相册\11.19\原图\CARTIER BALLON BLEU 42 ROSE GOLD DIAMOND MENS WATCH WE900851\附图\WE900851-4.jpg,10,watch,,dummy_images\WATCH\1.CARTIER\微商相册\11.19\已整理\CARTIER BALLON BLEU 42 ROSE GOLD DIAMOND MENS WATCH WE900851\附图\WE900851-4.jpg,cvs\new_watermark.png
dummy_images\WATCH\1.CARTIER\微商相册\11.19\原图\CARTIER BALLON BLEU 42 ROSE GOLD DIAMOND MENS WATCH WE900851\附图\WE900851-5.jpg,10,watch,,dummy_images\WATCH\1.CARTIER\微商相册\11.19\已整理\CARTIER BALLON BLEU 42 ROSE GOLD DIAMOND MENS WATCH WE900851\附图\WE900851-5.jpg,cvs\new_watermark.png
dummy_images\WATCH\1.CARTIER\微商相册\11.19\原图\CARTIER BALLON BLEU 42 ROSE GOLD DIAMOND MENS WATCH WE900851\附图\WE900851-6.jpg,10,watch,,dummy_images\WATCH\1.CARTIER\微商相册\11.19\已整理\CARTIER BALLON BLEU 42 ROSE GOLD DIAMOND MENS WATCH WE900851\附图\WE900851-6.jpg,cvs\new_watermark.png
dummy_images\WATCH\1.CARTIER\微商相册\11.19\原图\CARTIER BALLON BLEU 42 ROSE GOLD DIAMOND MENS WATCH WE900851\详情图\WE900851-01.jpg,10,watch,,dummy_images\WATCH\1.CARTIER\微商相册\11.19\已整理\CARTIER BALLON BLEU 42 ROSE GOLD DIAMOND MENS WATCH WE900851\详情图\WE900851-01.jpg,cvs\new_watermark.png
dummy_images\WATCH\1.CARTIER\微商相册\11.19\原图\CARTIER BALLON BLEU 42 ROSE GOLD DIAMOND MENS WATCH WE900851\详情图\WE900851-02.jpg,10,watch,,dummy_images\WATCH\1.CARTIER\微商相册\11.19\已整理\CARTIER BALLON BLEU 42 ROSE GOLD DIAMOND MENS WATCH WE900851\详情图\WE900851-02.jpg,cvs\new_watermark.png
dummy_images\WATCH\1.CARTIER\微商相册\11.19\原图\CARTIER BALLON BLEU 42 ROSE GOLD DIAMOND MENS WATCH WE900851\详情图\WE900851-03.jpg,10,watch,,dummy_images\WATCH\1.CARTIER\微商相册\11.19\已整理\CARTIER BALLON BLEU 42 ROSE GOLD DIAMOND MENS WATCH WE900851\详情图\WE900851-03.jpg,cvs\new_watermark.png
dummy_images\WATCH\1.CARTIER\微商相册\11.19\原图\CARTIER BALLON BLEU 42 ROSE GOLD DIAMOND MENS WATCH WE900851\详情图\WE900851-04.jpg,10,watch,,dummy_images\WATCH\1.CARTIER\微商相册\11.19\已整理\CARTIER BALLON BLEU 42 ROSE GOLD DIAMOND MENS WATCH WE900851\详情图\WE900851-04.jpg,cvs\new_watermark.png
dummy_images\WATCH\1.CARTIER\微商相册\11.19\原图\CARTIER BALLON BLEU 42 ROSE GOLD DIAMOND MENS WATCH WE900851\详情图\WE900851-05.jpg,10,watch,,dummy_images\WATCH\1.CARTIER\微商相册\11.19\已整理\CARTIER BALLON BLEU 42 ROSE GOLD DIAMOND MENS WATCH WE900851\详情图\WE900851-05.jpg,cvs\new_watermark.png
dummy_images\WATCH\1.CARTIER\微商相册\11.19\原图\CARTIER BALLON BLEU 42 ROSE GOLD DIAMOND MENS WATCH WE900851\详情图\WE900851-06.jpg,10,watch,,dummy_images\WATCH\1.CARTIER\微商相册\11.19\已整理\CARTIER BALLON BLEU 42 ROSE GOLD DIAMOND MENS WATCH WE900851\详情图\WE900851-06.jpg,cvs\new_watermark.png
dummy_images\WATCH\1.CARTIER\微商相册\11.19\原图\CARTIER BALLON BLEU 42 ROSE GOLD DIAMOND MENS WATCH WE900851\详情图\WE900851-07.jpg,10,watch,,dummy_images\WATCH\1.CARTIER\微商相册\11.19\已整理\CARTIER BALLON BLEU 42 ROSE GOLD DIAMOND MENS WATCH WE900851\详情图\WE900851-07.jpg,cvs\new_watermark.png
dummy_images\WATCH\1.CARTIER\微商相册\11.19\原图\CARTIER BALLON BLEU 42 ROSE GOLD DIAMOND MENS WATCH WE900851\详情图\WE900851-08.jpg,10,watch,,dummy_images\WATCH\1.CARTIER\微商相册\11.19\已整理\CARTIER BALLON BLEU 42 ROSE GOLD DIAMOND MENS WATCH WE900851\详情图\WE900851-08.jpg,cvs\new_watermark.png
dummy_images\WATCH\1.CARTIER\微商相册\11.19\原图\CARTIER BALLON BLEU 42 ROSE GOLD DIAMOND MENS WATCH WE900851\详情图\WE900851-09.jpg,10,watch,,dummy_images\WATCH\1.CARTIER\微商相册\11.19\已整理\CARTIER BALLON BLEU 42 ROSE GOLD DIAMOND MENS WATCH WE900851\详情图\WE900851-09.jpg,cvs\new_watermark.png
"dummy_images\WATCH\1.CARTIER\微商相册\11.19\原图\CARTIER BALLON BLEU DE CARTIER WATCH 33MM, AUTOMATIC MOVEMENT, ROSE GOLD, LEATHER W6920097\主图\W6920097.jpg",11,watch,,"dummy_images\WATCH\1.CARTIER\微商相册\11.19\已整理\CARTIER BALLON BLEU DE CARTIER WATCH 33MM, AUTOMATIC MOVEMENT, ROSE GOLD, LEATHER W6920097\主图\W6920097.jpg",cvs\new_watermark.png
"dummy_images\WATCH\1.CARTIER\微商相册\11.19\原图\CARTIER BALLON BLEU DE CARTIER WATCH 33MM, AUTOMATIC MOVEMENT, ROSE GOLD, LEATHER W6920097\附图\W6920097-1.jpg",11,watch,,"dummy_images\WATCH\1.CARTIER\微商相册\11.19\已整理\CARTIER BALLON BLEU DE CARTIER WATCH 33MM, AUTOMATIC MOVEMENT, ROSE GOLD, LEATHER W6920097\附图\W6920097-1.jpg",cvs\new_watermark.png
"dummy_images\WATCH\1.CARTIER\微商相册\11.19\原图\CARTIER BALLON BLEU DE CARTIER WATCH 33MM, AUTOMATIC MOVEMENT, ROSE GOLD, LEATHER W6920097\附图\W6920097-2.jpg",11,watch,,"dummy_images\WATCH\1.CARTIER\微商相册\11.19\已整理\CARTIER BALLON BLEU DE CARTIER WATCH 33MM, AUTOMATIC MOVEMENT, ROSE GOLD, LEATHER W6920097\附图\W6920097-2.jpg",cvs\new_watermark.png
"dummy_images\WATCH\1.CARTIER\微商相册\11.19\原图\CARTIER BALLON BLEU DE CARTIER WATCH 33MM, AUTOMATIC MOVEMENT, ROSE GOLD, LEATHER W6920097\附图\W6920097-3.jpg",11,watch,,"dummy_images\WATCH\1.CARTIER\微商相册\11.19\已整理\CARTIER BALLON BLEU DE CARTIER WATCH 33MM, AUTOMATIC MOVEMENT, ROSE GOLD, LEATHER W6920097\附图\W6920097-3.jpg",cvs\new_watermark.png
"dummy_images\WATCH\1.CARTIER\微商相册\11.19\原图\CARTIER BALLON BLEU DE CARTIER WATCH 33MM, AUTOMATIC MOVEMENT, ROSE GOLD, LEATHER W6920097\附图\W6920097-4.jpg",11,watch,,"dummy_images\WATCH\1.CARTIER\微商相册\11.19\已整理\CARTIER BALLON BLEU DE CARTIER WATCH 33MM, AUTOMATIC MOVEMENT, ROSE GOLD, LEATHER W6920097\附图\W6920097-4.jpg",cvs\new_watermark.png
"dummy_images\WATCH\1.CARTIER\微商相册\11.19\原图\CARTIER BALLON BLEU DE CARTIER WATCH 33MM, AUTOMATIC MOVEMENT, ROSE GOLD, LEATHER W6920097\附图\W6920097-5.jpg",11,watch,,"dummy_images\WATCH\1.CARTIER\微商相册\11.19\已整理\CARTIER BALLON BLEU DE CARTIER WATCH 33MM, AUTOMATIC MOVEMENT, ROSE GOLD, LEATHER W6920097\附图\W6920097-5.jpg",cvs\new_watermark.png
"dummy_images\WATCH\1.CARTIER\微商相册\11.19\原图\CARTIER BALLON BLEU DE CARTIER WATCH 33MM, AUTOMATIC MOVEMENT, ROSE GOLD, LEATHER W6920097\附图\W6920097-6.jpg",11,watch,,"dummy_images\WATCH\1.CARTIER\微商相册\11.19\已整理\CARTIER BALLON BLEU DE CARTIER WATCH 33MM, AUTOMATIC MOVEMENT, ROSE GOLD, LEATHER W6920097\附图\W6920097-6.jpg",cvs\new_watermark.png
"dummy_images\WATCH\1.CARTIER\微商相册\11.19\原图\CARTIER BALLON BLEU DE CARTIER WATCH 33MM, AUTOMATIC MOVEMENT, ROSE GOLD, LEATHER W6920097\附图\W6920097-7.jpg",11,watch,,"dummy_images\WATCH\1.CARTIER\微商相册\11.19\已整理\CARTIER BALLON BLEU DE CARTIER WATCH 33MM, AUTOMATIC MOVEMENT, ROSE GOLD, LEATHER W6920097\附图\W6920097-7.jpg",cvs\new_watermark.png
"dummy_images\WATCH\1.CARTIER\微商相册\11.19\原图\CARTIER BALLON BLEU DE CARTIER WATCH 33MM, AUTOMATIC MOVEMENT, ROSE GOLD, LEATHER W6920097\附图\W6920097-8.jpg",11,watch,,"dummy_images\WATCH\1.CARTIER\微商相册\11.19\已整理\CARTIER BALLON BLEU DE CARTIER WATCH 33MM, AUTOMATIC MOVEMENT, ROSE GOLD, LEATHER W6920097\附图\W6920097-8.jpg",cvs\new_watermark.png
"dummy_images\WATCH\1.CARTIER\微商相册\11.19\原图\CARTIER BALLON BLEU DE CARTIER WATCH 33MM, AUTOMATIC MOVEMENT, ROSE GOLD, LEATHER W6920097\详情图\W6920097-01.jpg",11,watch,,"dummy_images\WATCH\1.CARTIER\微商相册\11.19\已整理\CARTIER BALLON BLEU DE CARTIER WATCH 33MM, AUTOMATIC MOVEMENT, ROSE GOLD, LEATHER W6920097\详情图\W6920097-01.jpg",cvs\new_watermark.png
"dummy_images\WATCH\1.CARTIER\微商相册\11.19\原图\CARTIER BALLON BLEU DE CARTIER WATCH 33MM, AUTOMATIC MOVEMENT, ROSE GOLD, LEATHER W6920097\详情图\W6920097-02.jpg",11,watch,,"dummy_images\WATCH\1.CARTIER\微商相册\11.19\已整理\CARTIER BALLON BLEU DE CARTIER WATCH 33MM, AUTOMATIC MOVEMENT, ROSE GOLD, LEATHER W6920097\详情图\W6920097-02.jpg",cvs\new_watermark.png
"dummy_images\WATCH\1.CARTIER\微商相册\11.19\原图\CARTIER BALLON BLEU DE CARTIER WATCH 33MM, AUTOMATIC MOVEMENT, ROSE GOLD, LEATHER W6920097\详情图\W6920097-03.jpg",11,watch,,"dummy_images\WATCH\1.CARTIER\微商相册\11.19\已整理\CARTIER BALLON BLEU DE CARTIER WATCH 33MM, AUTOMATIC MOVEMENT, ROSE GOLD, LEATHER W6920097\详情图\W6920097-03.jpg",cvs\new_watermark.png
"dummy_images\WATCH\1.CARTIER\微商相册\11.19\原图\CARTIER BALLON BLEU DE CARTIER WATCH 33MM, AUTOMATIC MOVEMENT, ROSE GOLD, LEATHER W6920097\详情图\W6920097-04.jpg",11,watch,,"dummy_images\WATCH\1.CARTIER\微商相册\11.19\已整理\CARTIER BALLON BLEU DE CARTIER WATCH 33MM, AUTOMATIC MOVEMENT, ROSE GOLD, LEATHER W6920097\详情图\W6920097-04.jpg",cvs\new_watermark.png
"dummy_images\WATCH\1.CARTIER\微商相册\11.19\原图\CARTIER BALLON BLEU DE CARTIER WATCH 33MM, AUTOMATIC MOVEMENT, ROSE GOLD, LEATHER W6920097\详情图\W6920097-05.jpg",11,watch,,"dummy_images\WATCH\1.CARTIER\微商相册\11.19\已整理\CARTIER BALLON BLEU DE CARTIER WATCH 33MM, AUTOMATIC MOVEMENT, ROSE GOLD, LEATHER W6920097\详情图\W6920097-05.jpg",cvs\new_watermark.png
"dummy_images\WATCH\1.CARTIER\微商相册\11.19\原图\CARTIER BALLON BLEU DE CARTIER WATCH 33MM, AUTOMATIC MOVEMENT, ROSE GOLD, LEATHER W6920097\详情图\W6920097-06.jpg",11,watch,,"dummy_images\WATCH\1.CARTIER\微商相册\11.19\已整理\CARTIER BALLON BLEU DE CARTIER WATCH 33MM, AUTOMATIC MOVEMENT, ROSE GOLD, LEATHER W6920097\详情图\W6920097-06.jpg",cvs\new_watermark.png
"dummy_images\WATCH\1.CARTIER\微商相册\11.19\原图\CARTIER BALLON BLEU DE CARTIER WATCH 33MM, AUTOMATIC MOVEMENT, ROSE GOLD, LEATHER W6920097\详情图\W6920097-07.jpg",11,watch,,"dummy_images\WATCH\1.CARTIER\微商相册\11.19\已整理\CARTIER BALLON BLEU DE CARTIER WATCH 33MM, AUTOMATIC MOVEMENT, ROSE GOLD, LEATHER W6920097\详情图\W6920097-07.jpg",cvs\new_watermark.png
"dummy_images\WATCH\1.CARTIER\微商相册\11.19\原图\CARTIER BALLON BLEU DE CARTIER WATCH 33MM, AUTOMATIC MOVEMENT, ROSE GOLD, LEATHER W6920097\详情图\W6920097-08.jpg",11,watch,,"dummy_images\WATCH\1.CARTIER\微商相册\11.19\已整理\CARTIER BALLON BLEU DE CARTIER WATCH 33MM, AUTOMATIC MOVEMENT, ROSE GOLD, LEATHER W6920097\详情图\W6920097-08.jpg",cvs\new_watermark.png
"dummy_images\WATCH\1.CARTIER\微商相册\11.19\原图\CARTIER BALLON BLEU DE CARTIER WATCH 33MM, AUTOMATIC MOVEMENT, ROSE GOLD, LEATHER W6920097\详情图\W6920097-09.jpg",11,watch,,"dummy_images\WATCH\1.CARTIER\微商相册\11.19\已整理\CARTIER BALLON BLEU DE CARTIER WATCH 33MM, AUTOMATIC MOVEMENT, ROSE GOLD, LEATHER W6920097\详情图\W6920097-09.jpg",cvs\new_watermark.png
dummy_images\WATCH\1.CARTIER\微商相册\11.19\原图\CARTIER BALLON BLEU DE CARTIER WATCH W4BB0021\主图\W4BB0021.jpeg,12,watch,,,cvs\new_watermark.png
dummy_images\WATCH\1.CARTIER\微商相册\11.19\原图\CARTIER BALLON BLEU DE CARTIER WATCH W4BB0021\附图\W4BB0021-1.jpeg,12,watch,,dummy_images\WATCH\1.CARTIER\微商相册\11.19\已整理\CARTIER BALLON BLEU DE CARTIER WATCH W4BB0021\附图\W4BB0021-1.jpeg,cvs\new_watermark.png
dummy_images\WATCH\1.CARTIER\微商相册\11.19\原图\CARTIER BALLON BLEU DE CARTIER WATCH W4BB0021\附图\W4BB0021-2.jpeg,12,watch,,dummy_images\WATCH\1.CARTIER\微商相册\11.19\已整理\CARTIER BALLON BLEU DE CARTIER WATCH W4BB0021\附图\W4BB0021-2.jpeg,cvs\new_watermark.png
dummy_images\WATCH\1.CARTIER\微商相册\11.19\原图\CARTIER BALLON BLEU DE CARTIER WATCH W4BB0021\附图\W4BB0021-3.jpeg,12,watch,,dummy_images\WATCH\1.CARTIER\微商相册\11.19\已整理\CARTIER BALLON BLEU DE CARTIER WATCH W4BB0021\附图\W4BB0021-3.jpeg,cvs\new_watermark.png
dummy_images\WATCH\1.CARTIER\微商相册\11.19\原图\CARTIER BALLON BLEU DE CARTIER WATCH W4BB0021\附图\W4BB0021-4.jpeg,12,watch,,dummy_images\WATCH\1.CARTIER\微商相册\11.19\已整理\CARTIER BALLON BLEU DE CARTIER WATCH W4BB0021\附图\W4BB0021-4.jpeg,cvs\new_watermark.png
dummy_images\WATCH\1.CARTIER\微商相册\11.19\原图\CARTIER BALLON BLEU DE CARTIER WATCH W4BB0021\附图\W4BB0021-5.jpeg,12,watch,,dummy_images\WATCH\1.CARTIER\微商相册\11.19\已整理\CARTIER BALLON BLEU DE CARTIER WATCH W4BB0021\附图\W4BB0021-5.jpeg,cvs\new_watermark.png
dummy_images\WATCH\1.CARTIER\微商相册\11.19\原图\CARTIER BALLON BLEU DE CARTIER WATCH W4BB0021\附图\W4BB0021-6.jpeg,12,watch,,dummy_images\WATCH\1.CARTIER\微商相册\11.19\已整理\CARTIER BALLON BLEU DE CARTIER WATCH W4BB0021\附图\W4BB0021-6.jpeg,cvs\new_watermark.png
dummy_images\WATCH\1.CARTIER\微商相册\11.19\原图\CARTIER BALLON BLEU DE CARTIER WATCH W4BB0021\附图\W4BB0021-7.jpeg,12,watch,,dummy_images\WATCH\1.CARTIER\微商相册\11.19\已整理\CARTIER BALLON BLEU DE CARTIER WATCH W4BB0021\附图\W4BB0021-7.jpeg,cvs\new_watermark.png
dummy_images\WATCH\1.CARTIER\微商相册\11.19\原图\CARTIER BALLON BLEU DE CARTIER WATCH W4BB0021\附图\W4BB0021-8.jpeg,12,watch,,dummy_images\WATCH\1.CARTIER\微商相册\11.19\已整理\CARTIER BALLON BLEU DE CARTIER WATCH W4BB0021\附图\W4BB0021-8.jpeg,cvs\new_watermark.png
dummy_images\WATCH\1.CARTIER\微商相册\11.19\原图\CARTIER BALLON BLEU DE CARTIER WATCH W4BB0021\详情图\W4BB0021-01.jpg,12,watch,,dummy_images\WATCH\1.CARTIER\微商相册\11.19\已整理\CARTIER BALLON BLEU DE CARTIER WATCH W4BB0021\详情图\W4BB0021-01.jpg,cvs\new_watermark.png
dummy_images\WATCH\1.CARTIER\微商相册\11.19\原图\CARTIER BALLON BLEU DE CARTIER WATCH W4BB0021\详情图\W4BB0021-02.jpg,12,watch,,dummy_images\WATCH\1.CARTIER\微商相册\11.19\已整理\CARTIER BALLON BLEU DE CARTIER WATCH W4BB0021\详情图\W4BB0021-02.jpg,cvs\new_watermark.png
dummy_images\WATCH\1.CARTIER\微商相册\11.19\原图\CARTIER BALLON BLEU DE CARTIER WATCH W4BB0021\详情图\W4BB0021-03.jpg,12,watch,,dummy_images\WATCH\1.CARTIER\微商相册\11.19\已整理\CARTIER BALLON BLEU DE CARTIER WATCH W4BB0021\详情图\W4BB0021-03.jpg,cvs\new_watermark.png
dummy_images\WATCH\1.CARTIER\微商相册\11.19\原图\CARTIER BALLON BLEU DE CARTIER WATCH W4BB0021\详情图\W4BB0021-04.jpg,12,watch,,dummy_images\WATCH\1.CARTIER\微商相册\11.19\已整理\CARTIER BALLON BLEU DE CARTIER WATCH W4BB0021\详情图\W4BB0021-04.jpg,cvs\new_watermark.png
dummy_images\WATCH\1.CARTIER\微商相册\11.19\原图\CARTIER BALLON BLEU DE CARTIER WATCH W4BB0021\详情图\W4BB0021-05.jpg,12,watch,,dummy_images\WATCH\1.CARTIER\微商相册\11.19\已整理\CARTIER BALLON BLEU DE CARTIER WATCH W4BB0021\详情图\W4BB0021-05.jpg,cvs\new_watermark.png
dummy_images\WATCH\1.CARTIER\微商相册\11.19\原图\CARTIER BALLON BLEU DE CARTIER WATCH W4BB0021\详情图\W4BB0021-06.jpg,12,watch,,dummy_images\WATCH\1.CARTIER\微商相册\11.19\已整理\CARTIER BALLON BLEU DE CARTIER WATCH W4BB0021\详情图\W4BB0021-06.jpg,cvs\new_watermark.png
dummy_images\WATCH\1.CARTIER\微商相册\11.19\原图\CARTIER BALLON BLEU DE CARTIER WATCH W4BB0021\详情图\W4BB0021-07.jpg,12,watch,,dummy_images\WATCH\1.CARTIER\微商相册\11.19\已整理\CARTIER BALLON BLEU DE CARTIER WATCH W4BB0021\详情图\W4BB0021-07.jpg,cvs\new_watermark.png
dummy_images\WATCH\1.CARTIER\微商相册\11.19\原图\CARTIER BALLON BLEU DE CARTIER WATCH W4BB0021\详情图\W4BB0021-08.jpg,12,watch,,dummy_images\WATCH\1.CARTIER\微商相册\11.19\已整理\CARTIER BALLON BLEU DE CARTIER WATCH W4BB0021\详情图\W4BB0021-08.jpg,cvs\new_watermark.png
dummy_images\WATCH\1.CARTIER\微商相册\11.19\原图\CARTIER BALLON BLEU DE CARTIER WATCH W4BB0021\详情图\W4BB0021-09.jpg,12,watch,,dummy_images\WATCH\1.CARTIER\微商相册\11.19\已整理\CARTIER BALLON BLEU DE CARTIER WATCH W4BB0021\详情图\W4BB0021-09.jpg,cvs\new_watermark.png
dummy_images\WATCH\1.CARTIER\微商相册\11.19\原图\CARTIER BALLON BLEU DE CARTIER WATCH W4BB0023\主图\W4BB0023.jpeg,13,watch,,dummy_images\WATCH\1.CARTIER\微商相册\11.19\已整理\CARTIER BALLON BLEU DE CARTIER WATCH W4BB0023\主图\W4BB0023.jpeg,cvs\new_watermark.png
dummy_images\WATCH\1.CARTIER\微商相册\11.19\原图\CARTIER BALLON BLEU DE CARTIER WATCH W4BB0023\附图\W4BB0023-1.jpeg,13,watch,,dummy_images\WATCH\1.CARTIER\微商相册\11.19\已整理\CARTIER BALLON BLEU DE CARTIER WATCH W4BB0023\附图\W4BB0023-1.jpeg,cvs\new_watermark.png
dummy_images\WATCH\1.CARTIER\微商相册\11.19\原图\CARTIER BALLON BLEU DE CARTIER WATCH W4BB0023\附图\W4BB0023-2.jpeg,13,watch,,dummy_images\WATCH\1.CARTIER\微商相册\11.19\已整理\CARTIER BALLON BLEU DE CARTIER WATCH W4BB0023\附图\W4BB0023-2.jpeg,cvs\new_watermark.png
dummy_images\WATCH\1.CARTIER\微商相册\11.19\原图\CARTIER BALLON BLEU DE CARTIER WATCH W4BB0023\附图\W4BB0023-3.jpeg,13,watch,,dummy_images\WATCH\1.CARTIER\微商相册\11.19\已整理\CARTIER BALLON BLEU DE CARTIER WATCH W4BB0023\附图\W4BB0023-3.jpeg,cvs\new_watermark.png
dummy_images\WATCH\1.CARTIER\微商相册\11.19\原图\CARTIER BALLON BLEU DE CARTIER WATCH W4BB0023\附图\W4BB0023-4.jpeg,13,watch,,dummy_images\WATCH\1.CARTIER\微商相册\11.19\已整理\CARTIER BALLON BLEU DE CARTIER WATCH W4BB0023\附图\W4BB0023-4.jpeg,cvs\new_watermark.png
dummy_images\WATCH\1.CARTIER\微商相册\11.19\原图\CARTIER BALLON BLEU DE CARTIER WATCH W4BB0023\附图\W4BB0023-5.jpeg,13,watch,,dummy_images\WATCH\1.CARTIER\微商相册\11.19\已整理\CARTIER BALLON BLEU DE CARTIER WATCH W4BB0023\附图\W4BB0023-5.jpeg,cvs\new_watermark.png
dummy_images\WATCH\1.CARTIER\微商相册\11.19\原图\CARTIER BALLON BLEU DE CARTIER WATCH W4BB0023\附图\W4BB0023-6.jpeg,13,watch,,dummy_images\WATCH\1.CARTIER\微商相册\11.19\已整理\CARTIER BALLON BLEU DE CARTIER WATCH W4BB0023\附图\W4BB0023-6.jpeg,cvs\new_watermark.png
dummy_images\WATCH\1.CARTIER\微商相册\11.19\原图\CARTIER BALLON BLEU DE CARTIER WATCH W4BB0023\详情图\W4BB0023-01.jpg,13,watch,,dummy_images\WATCH\1.CARTIER\微商相册\11.19\已整理\CARTIER BALLON BLEU DE CARTIER WATCH W4BB0023\详情图\W4BB0023-01.jpg,cvs\new_watermark.png
dummy_images\WATCH\1.CARTIER\微商相册\11.19\原图\CARTIER BALLON BLEU DE CARTIER WATCH W4BB0023\详情图\W4BB0023-02.jpg,13,watch,,dummy_images\WATCH\1.CARTIER\微商相册\11.19\已整理\CARTIER BALLON BLEU DE CARTIER WATCH W4BB0023\详情图\W4BB0023-02.jpg,cvs\new_watermark.png
dummy_images\WATCH\1.CARTIER\微商相册\11.19\原图\CARTIER BALLON BLEU DE CARTIER WATCH W4BB0023\详情图\W4BB0023-03.jpg,13,watch,,dummy_images\WATCH\1.CARTIER\微商相册\11.19\已整理\CARTIER BALLON BLEU DE CARTIER WATCH W4BB0023\详情图\W4BB0023-03.jpg,cvs\new_watermark.png
dummy_images\WATCH\1.CARTIER\微商相册\11.19\原图\CARTIER BALLON BLEU DE CARTIER WATCH W4BB0023\详情图\W4BB0023-04.jpg,13,watch,,dummy_images\WATCH\1.CARTIER\微商相册\11.19\已整理\CARTIER BALLON BLEU DE CARTIER WATCH W4BB0023\详情图\W4BB0023-04.jpg,cvs\new_watermark.png
dummy_images\WATCH\1.CARTIER\微商相册\11.19\原图\CARTIER BALLON BLEU DE CARTIER WATCH W4BB0023\详情图\W4BB0023-05.jpg,13,watch,,dummy_images\WATCH\1.CARTIER\微商相册\11.19\已整理\CARTIER BALLON BLEU DE CARTIER WATCH W4BB0023\详情图\W4BB0023-05.jpg,cvs\new_watermark.png
dummy_images\WATCH\1.CARTIER\微商相册\11.19\原图\CARTIER BALLON BLEU DE CARTIER WATCH W4BB0023\详情图\W4BB0023-06.jpg,13,watch,,dummy_images\WATCH\1.CARTIER\微商相册\11.19\已整理\CARTIER BALLON BLEU DE CARTIER WATCH W4BB0023\详情图\W4BB0023-06.jpg,cvs\new_watermark.png
dummy_images\WATCH\1.CARTIER\微商相册\11.19\原图\CARTIER BALLON BLEU DE CARTIER WATCH W4BB0023\详情图\W4BB0023-07.jpg,13,watch,,dummy_images\WATCH\1.CARTIER\微商相册\11.19\已整理\CARTIER BALLON BLEU DE CARTIER WATCH W4BB0023\详情图\W4BB0023-07.jpg,cvs\new_watermark.png
dummy_images\WATCH\1.CARTIER\微商相册\11.19\原图\CARTIER BALLON BLEU DE CARTIER WATCH W4BB0023\详情图\W4BB0023-08.jpg,13,watch,,dummy_images\WATCH\1.CARTIER\微商相册\11.19\已整理\CARTIER BALLON BLEU DE CARTIER WATCH W4BB0023\详情图\W4BB0023-08.jpg,cvs\new_watermark.png
dummy_images\WATCH\1.CARTIER\微商相册\11.19\原图\CARTIER BALLON BLEU DE CARTIER WATCH W4BB0023\详情图\W4BB0023-09.jpg,13,watch,,dummy_images\WATCH\1.CARTIER\微商相册\11.19\已整理\CARTIER BALLON BLEU DE CARTIER WATCH W4BB0023\详情图\W4BB0023-09.jpg,cvs\new_watermark.png
dummy_images\WATCH\1.CARTIER\微商相册\11.19\原图\CARTIER BALLON BLEU DE CARTIER WATCH W4BB0028\主图\W4BB0028.jpeg,14,watch,,,cvs\new_watermark.png
dummy_images\WATCH\1.CARTIER\微商相册\11.19\原图\CARTIER BALLON BLEU DE CARTIER WATCH W4BB0028\附图\W4BB0028-1.jpeg,14,watch,,dummy_images\WATCH\1.CARTIER\微商相册\11.19\已整理\CARTIER BALLON BLEU DE CARTIER WATCH W4BB0028\附图\W4BB0028-1.jpeg,cvs\new_watermark.png
dummy_images\WATCH\1.CARTIER\微商相册\11.19\原图\CARTIER BALLON BLEU DE CARTIER WATCH W4BB0028\附图\W4BB0028-2.jpeg,14,watch,,dummy_images\WATCH\1.CARTIER\微商相册\11.19\已整理\CARTIER BALLON BLEU DE CARTIER WATCH W4BB0028\附图\W4BB0028-2.jpeg,cvs\new_watermark.png
dummy_images\WATCH\1.CARTIER\微商相册\11.19\原图\CARTIER BALLON BLEU DE CARTIER WATCH W4BB0028\附图\W4BB0028-3.jpeg,14,watch,,dummy_images\WATCH\1.CARTIER\微商相册\11.19\已整理\CARTIER BALLON BLEU DE CARTIER WATCH W4BB0028\附图\W4BB0028-3.jpeg,cvs\new_watermark.png
dummy_images\WATCH\1.CARTIER\微商相册\11.19\原图\CARTIER BALLON BLEU DE CARTIER WATCH W4BB0028\附图\W4BB0028-4.jpeg,14,watch,,dummy_images\WATCH\1.CARTIER\微商相册\11.19\已整理\CARTIER BALLON BLEU DE CARTIER WATCH W4BB0028\附图\W4BB0028-4.jpeg,cvs\new_watermark.png
dummy_images\WATCH\1.CARTIER\微商相册\11.19\原图\CARTIER BALLON BLEU DE CARTIER WATCH W4BB0028\附图\W4BB0028-5.jpeg,14,watch,,dummy_images\WATCH\1.CARTIER\微商相册\11.19\已整理\CARTIER BALLON BLEU DE CARTIER WATCH W4BB0028\附图\W4BB0028-5.jpeg,cvs\new_watermark.png
dummy_images\WATCH\1.CARTIER\微商相册\11.19\原图\CARTIER BALLON BLEU DE CARTIER WATCH W4BB0028\附图\W4BB0028-6.jpeg,14,watch,,dummy_images\WATCH\1.CARTIER\微商相册\11.19\已整理\CARTIER BALLON BLEU DE CARTIER WATCH W4BB0028\附图\W4BB0028-6.jpeg,cvs\new_watermark.png
dummy_images\WATCH\1.CARTIER\微商相册\11.19\原图\CARTIER BALLON BLEU DE CARTIER WATCH W4BB0028\附图\W4BB0028-7.jpeg,14,watch,,dummy_images\WATCH\1.CARTIER\微商相册\11.19\已整理\CARTIER BALLON BLEU DE CARTIER WATCH W4BB0028\附图\W4BB0028-7.jpeg,cvs\new_watermark.png
dummy_images\WATCH\1.CARTIER\微商相册\11.19\原图\CARTIER BALLON BLEU DE CARTIER WATCH W4BB0028\详情图\W4BB0028-01.jpg,14,watch,,dummy_images\WATCH\1.CARTIER\微商相册\11.19\已整理\CARTIER BALLON BLEU DE CARTIER WATCH W4BB0028\详情图\W4BB0028-01.jpg,cvs\new_watermark.png
dummy_images\WATCH\1.CARTIER\微商相册\11.19\原图\CARTIER BALLON BLEU DE CARTIER WATCH W4BB0028\详情图\W4BB0028-02.jpg,14,watch,,dummy_images\WATCH\1.CARTIER\微商相册\11.19\已整理\CARTIER BALLON BLEU DE CARTIER WATCH W4BB0028\详情图\W4BB0028-02.jpg,cvs\new_watermark.png
dummy_images\WATCH\1.CARTIER\微商相册\11.19\原图\CARTIER BALLON BLEU DE CARTIER WATCH W4BB0028\详情图\W4BB0028-03.jpg,14,watch,,dummy_images\WATCH\1.CARTIER\微商相册\11.19\已整理\CARTIER BALLON BLEU DE CARTIER WATCH W4BB0028\详情图\W4BB0028-03.jpg,cvs\new_watermark.png
dummy_images\WATCH\1.CARTIER\微商相册\11.19\原图\CARTIER BALLON BLEU DE CARTIER WATCH W4BB0028\详情图\W4BB0028-04.jpg,14,watch,,dummy_images\WATCH\1.CARTIER\微商相册\11.19\已整理\CARTIER BALLON BLEU DE CARTIER WATCH W4BB0028\详情图\W4BB0028-04.jpg,cvs\new_watermark.png
dummy_images\WATCH\1.CARTIER\微商相册\11.19\原图\CARTIER BALLON BLEU DE CARTIER WATCH W4BB0028\详情图\W4BB0028-05.jpg,14,watch,,dummy_images\WATCH\1.CARTIER\微商相册\11.19\已整理\CARTIER BALLON BLEU DE CARTIER WATCH W4BB0028\详情图\W4BB0028-05.jpg,cvs\new_watermark.png
dummy_images\WATCH\1.CARTIER\微商相册\11.19\原图\CARTIER BALLON BLEU DE CARTIER WATCH W4BB0028\详情图\W4BB0028-06.jpg,14,watch,,dummy_images\WATCH\1.CARTIER\微商相册\11.19\已整理\CARTIER BALLON BLEU DE CARTIER WATCH W4BB0028\详情图\W4BB0028-06.jpg,cvs\new_watermark.png
dummy_images\WATCH\1.CARTIER\微商相册\11.19\原图\CARTIER BALLON BLEU DE CARTIER WATCH W4BB0028\详情图\W4BB0028-07.jpg,14,watch,,dummy_images\WATCH\1.CARTIER\微商相册\11.19\已整理\CARTIER BALLON BLEU DE CARTIER WATCH W4BB0028\详情图\W4BB0028-07.jpg,cvs\new_watermark.png
dummy_images\WATCH\1.CARTIER\微商相册\11.19\原图\CARTIER BALLON BLEU DE CARTIER WATCH W4BB0028\详情图\W4BB0028-08.jpg,14,watch,,dummy_images\WATCH\1.CARTIER\微商相册\11.19\已整理\CARTIER BALLON BLEU DE CARTIER WATCH W4BB0028\详情图\W4BB0028-08.jpg,cvs\new_watermark.png
dummy_images\WATCH\1.CARTIER\微商相册\11.19\原图\CARTIER BALLON BLEU DE CARTIER WATCH W4BB0028\详情图\W4BB0028-09.jpg,14,watch,,dummy_images\WATCH\1.CARTIER\微商相册\11.19\已整理\CARTIER BALLON BLEU DE CARTIER WATCH W4BB0028\详情图\W4BB0028-09.jpg,cvs\new_watermark.png
dummy_images\WATCH\1.CARTIER\微商相册\11.19\原图\CARTIER BALLON BLEU DE CARTIER WATCH WJBB0033\主图\WJBB0033.jpeg,15,watch,,,cvs\new_watermark.png
dummy_images\WATCH\1.CARTIER\微商相册\11.19\原图\CARTIER BALLON BLEU DE CARTIER WATCH WJBB0033\附图\WJBB0033-1.jpeg,15,watch,,dummy_images\WATCH\1.CARTIER\微商相册\11.19\已整理\CARTIER BALLON BLEU DE CARTIER WATCH WJBB0033\附图\WJBB0033-1.jpeg,cvs\new_watermark.png
dummy_images\WATCH\1.CARTIER\微商相册\11.19\原图\CARTIER BALLON BLEU DE CARTIER WATCH WJBB0033\附图\WJBB0033-2.jpeg,15,watch,,dummy_images\WATCH\1.CARTIER\微商相册\11.19\已整理\CARTIER BALLON BLEU DE CARTIER WATCH WJBB0033\附图\WJBB0033-2.jpeg,cvs\new_watermark.png
dummy_images\WATCH\1.CARTIER\微商相册\11.19\原图\CARTIER BALLON BLEU DE CARTIER WATCH WJBB0033\附图\WJBB0033-3.jpeg,15,watch,,dummy_images\WATCH\1.CARTIER\微商相册\11.19\已整理\CARTIER BALLON BLEU DE CARTIER WATCH WJBB0033\附图\WJBB0033-3.jpeg,cvs\new_watermark.png
dummy_images\WATCH\1.CARTIER\微商相册\11.19\原图\CARTIER BALLON BLEU DE CARTIER WATCH WJBB0033\附图\WJBB0033-4.jpeg,15,watch,,dummy_images\WATCH\1.CARTIER\微商相册\11.19\已整理\CARTIER BALLON BLEU DE CARTIER WATCH WJBB0033\附图\WJBB0033-4.jpeg,cvs\new_watermark.png
dummy_images\WATCH\1.CARTIER\微商相册\11.19\原图\CARTIER BALLON BLEU DE CARTIER WATCH WJBB0033\附图\WJBB0033-5.jpeg,15,watch,,dummy_images\WATCH\1.CARTIER\微商相册\11.19\已整理\CARTIER BALLON BLEU DE CARTIER WATCH WJBB0033\附图\WJBB0033-5.jpeg,cvs\new_watermark.png
dummy_images\WATCH\1.CARTIER\微商相册\11.19\原图\CARTIER BALLON BLEU DE CARTIER WATCH WJBB0033\附图\WJBB0033-6.jpeg,15,watch,,dummy_images\WATCH\1.CARTIER\微商相册\11.19\已整理\CARTIER BALLON BLEU DE CARTIER WATCH WJBB0033\附图\WJBB0033-6.jpeg,cvs\new_watermark.png
dummy_images\WATCH\1.CARTIER\微商相册\11.19\原图\CARTIER BALLON BLEU DE CARTIER WATCH WJBB0033\附图\WJBB0033-7.jpeg,15,watch,,dummy_images\WATCH\1.CARTIER\微商相册\11.19\已整理\CARTIER BALLON BLEU DE CARTIER WATCH WJBB0033\附图\WJBB0033-7.jpeg,cvs\new_watermark.png
dummy_images\WATCH\1.CARTIER\微商相册\11.19\原图\CARTIER BALLON BLEU DE CARTIER WATCH WJBB0033\附图\WJBB0033-8.jpeg,15,watch,,dummy_images\WATCH\1.CARTIER\微商相册\11.19\已整理\CARTIER BALLON BLEU DE CARTIER WATCH WJBB0033\附图\WJBB0033-8.jpeg,cvs\new_watermark.png
dummy_images\WATCH\1.CARTIER\微商相册\11.19\原图\CARTIER BALLON BLEU DE CARTIER WATCH WJBB0033\详情图\WJBB0033-01.jpg,15,watch,,dummy_images\WATCH\1.CARTIER\微商相册\11.19\已整理\CARTIER BALLON BLEU DE CARTIER WATCH WJBB0033\详情图\WJBB0033-01.jpg,cvs\new_watermark.png
dummy_images\WATCH\1.CARTIER\微商相册\11.19\原图\CARTIER BALLON BLEU DE CARTIER WATCH WJBB0033\详情图\WJBB0033-02.jpg,15,watch,,dummy_images\WATCH\1.CARTIER\微商相册\11.19\已整理\CARTIER BALLON BLEU DE CARTIER WATCH WJBB0033\详情图\WJBB0033-02.jpg,cvs\new_watermark.png
dummy_images\WATCH\1.CARTIER\微商相册\11.19\原图\CARTIER BALLON BLEU DE CARTIER WATCH WJBB0033\详情图\WJBB0033-03.jpg,15,watch,,dummy_images\WATCH\1.CARTIER\微商相册\11.19\已整理\CARTIER BALLON BLEU DE CARTIER WATCH WJBB0033\详情图\WJBB0033-03.jpg,cvs\new_watermark.png
dummy_images\WATCH\1.CARTIER\微商相册\11.19\原图\CARTIER BALLON BLEU DE CARTIER WATCH WJBB0033\详情图\WJBB0033-04.jpg,15,watch,,dummy_images\WATCH\1.CARTIER\微商相册\11.19\已整理\CARTIER BALLON BLEU DE CARTIER WATCH WJBB0033\详情图\WJBB0033-04.jpg,cvs\new_watermark.png
dummy_images\WATCH\1.CARTIER\微商相册\11.19\原图\CARTIER BALLON BLEU DE CARTIER WATCH WJBB0033\详情图\WJBB0033-05.jpg,15,watch,,dummy_images\WATCH\1.CARTIER\微商相册\11.19\已整理\CARTIER BALLON BLEU DE CARTIER WATCH WJBB0033\详情图\WJBB0033-05.jpg,cvs\new_watermark.png
dummy_images\WATCH\1.CARTIER\微商相册\11.19\原图\CARTIER BALLON BLEU DE CARTIER WATCH WJBB0033\详情图\WJBB0033-06.jpg,15,watch,,dummy_images\WATCH\1.CARTIER\微商相册\11.19\已整理\CARTIER BALLON BLEU DE CARTIER WATCH WJBB0033\详情图\WJBB0033-06.jpg,cvs\new_watermark.png
dummy_images\WATCH\1.CARTIER\微商相册\11.19\原图\CARTIER BALLON BLEU DE CARTIER WATCH WJBB0033\详情图\WJBB0033-07.jpg,15,watch,,dummy_images\WATCH\1.CARTIER\微商相册\11.19\已整理\CARTIER BALLON BLEU DE CARTIER WATCH WJBB0033\详情图\WJBB0033-07.jpg,cvs\new_watermark.png
dummy_images\WATCH\1.CARTIER\微商相册\11.19\原图\CARTIER BALLON BLEU DE CARTIER WATCH WJBB0033\详情图\WJBB0033-08.jpg,15,watch,,dummy_images\WATCH\1.CARTIER\微商相册\11.19\已整理\CARTIER BALLON BLEU DE CARTIER WATCH WJBB0033\详情图\WJBB0033-08.jpg,cvs\new_watermark.png
dummy_images\WATCH\1.CARTIER\微商相册\11.19\原图\CARTIER BALLON BLEU DE CARTIER WATCH WJBB0033\详情图\WJBB0033-09.jpg,15,watch,,dummy_images\WATCH\1.CARTIER\微商相册\11.19\已整理\CARTIER BALLON BLEU DE CARTIER WATCH WJBB0033\详情图\WJBB0033-09.jpg,cvs\new_watermark.png
dummy_images\WATCH\1.CARTIER\微商相册\11.19\原图\CARTIER BALLON BLEU DE CARTIER WATCH WJBB0076\主图\WJBB0076.jpeg,16,watch,,,cvs\new_watermark.png
dummy_images\WATCH\1.CARTIER\微商相册\11.19\原图\CARTIER BALLON BLEU DE CARTIER WATCH WJBB0076\附图\WJBB0076-1.jpeg,16,watch,,dummy_images\WATCH\1.CARTIER\微商相册\11.19\已整理\CARTIER BALLON BLEU DE CARTIER WATCH WJBB0076\附图\WJBB0076-1.jpeg,cvs\new_watermark.png
dummy_images\WATCH\1.CARTIER\微商相册\11.19\原图\CARTIER BALLON BLEU DE CARTIER WATCH WJBB0076\附图\WJBB0076-2.jpeg,16,watch,,dummy_images\WATCH\1.CARTIER\微商相册\11.19\已整理\CARTIER BALLON BLEU DE CARTIER WATCH WJBB0076\附图\WJBB0076-2.jpeg,cvs\new_watermark.png
dummy_images\WATCH\1.CARTIER\微商相册\11.19\原图\CARTIER BALLON BLEU DE CARTIER WATCH WJBB0076\附图\WJBB0076-3.jpeg,16,watch,,dummy_images\WATCH\1.CARTIER\微商相册\11.19\已整理\CARTIER BALLON BLEU DE CARTIER WATCH WJBB0076\附图\WJBB0076-3.jpeg,cvs\new_watermark.png
dummy_images\WATCH\1.CARTIER\微商相册\11.19\原图\CARTIER BALLON BLEU DE CARTIER WATCH WJBB0076\附图\WJBB0076-4.jpeg,16,watch,,dummy_images\WATCH\1.CARTIER\微商相册\11.19\已整理\CARTIER BALLON BLEU DE CARTIER WATCH WJBB0076\附图\WJBB0076-4.jpeg,cvs\new_watermark.png
dummy_images\WATCH\1.CARTIER\微商相册\11.19\原图\CARTIER BALLON BLEU DE CARTIER WATCH WJBB0076\附图\WJBB0076-5.jpeg,16,watch,,dummy_images\WATCH\1.CARTIER\微商相册\11.19\已整理\CARTIER BALLON BLEU DE CARTIER WATCH WJBB0076\附图\WJBB0076-5.jpeg,cvs\new_watermark.png
dummy_images\WATCH\1.CARTIER\微商相册\11.19\原图\CARTIER BALLON BLEU DE CARTIER WATCH WJBB0076\附图\WJBB0076-6.jpeg,16,watch,,dummy_images\WATCH\1.CARTIER\微商相册\11.19\已整理\CARTIER BALLON BLEU DE CARTIER WATCH WJBB0076\附图\WJBB0076-6.jpeg,cvs\new_watermark.png
dummy_images\WATCH\1.CARTIER\微商相册\11.19\原图\CARTIER BALLON BLEU DE CARTIER WATCH WJBB0076\详情图\WJBB0076-01.jpg,16,watch,,dummy_images\WATCH\1.CARTIER\微商相册\11.19\已整理\CARTIER BALLON BLEU DE CARTIER WATCH WJBB0076\详情图\WJBB0076-01.jpg,cvs\new_watermark.png
dummy_images\WATCH\1.CARTIER\微商相册\11.19\原图\CARTIER BALLON BLEU DE CARTIER WATCH WJBB0076\详情图\WJBB0076-02.jpg,16,watch,,dummy_images\WATCH\1.CARTIER\微商相册\11.19\已整理\CARTIER BALLON BLEU DE CARTIER WATCH WJBB0076\详情图\WJBB0076-02.jpg,cvs\new_watermark.png
dummy_images\WATCH\1.CARTIER\微商相册\11.19\原图\CARTIER BALLON BLEU DE CARTIER WATCH WJBB0076\详情图\WJBB0076-03.jpg,16,watch,,dummy_images\WATCH\1.CARTIER\微商相册\11.19\已整理\CARTIER BALLON BLEU DE CARTIER WATCH WJBB0076\详情图\WJBB0076-03.jpg,cvs\new_watermark.png
dummy_images\WATCH\1.CARTIER\微商相册\11.19\原图\CARTIER BALLON BLEU DE CARTIER WATCH WJBB0076\详情图\WJBB0076-04.jpg,16,watch,,dummy_images\WATCH\1.CARTIER\微商相册\11.19\已整理\CARTIER BALLON BLEU DE CARTIER WATCH WJBB0076\详情图\WJBB0076-04.jpg,cvs\new_watermark.png
dummy_images\WATCH\1.CARTIER\微商相册\11.19\原图\CARTIER BALLON BLEU DE CARTIER WATCH WJBB0076\详情图\WJBB0076-05.jpg,16,watch,,dummy_images\WATCH\1.CARTIER\微商相册\11.19\已整理\CARTIER BALLON BLEU DE CARTIER WATCH WJBB0076\详情图\WJBB0076-05.jpg,cvs\new_watermark.png
dummy_images\WATCH\1.CARTIER\微商相册\11.19\原图\CARTIER BALLON BLEU DE CARTIER WATCH WJBB0076\详情图\WJBB0076-06.jpg,16,watch,,dummy_images\WATCH\1.CARTIER\微商相册\11.19\已整理\CARTIER BALLON BLEU DE CARTIER WATCH WJBB0076\详情图\WJBB0076-06.jpg,cvs\new_watermark.png
dummy_images\WATCH\1.CARTIER\微商相册\11.19\原图\CARTIER BALLON BLEU DE CARTIER WATCH WJBB0076\详情图\WJBB0076-07.jpg,16,watch,,dummy_images\WATCH\1.CARTIER\微商相册\11.19\已整理\CARTIER BALLON BLEU DE CARTIER WATCH WJBB0076\详情图\WJBB0076-07.jpg,cvs\new_watermark.png
dummy_images\WATCH\1.CARTIER\微商相册\11.19\原图\CARTIER BALLON BLEU DE CARTIER WATCH WJBB0076\详情图\WJBB0076-08.jpg,16,watch,,dummy_images\WATCH\1.CARTIER\微商相册\11.19\已整理\CARTIER BALLON BLEU DE CARTIER WATCH WJBB0076\详情图\WJBB0076-08.jpg,cvs\new_watermark.png
dummy_images\WATCH\1.CARTIER\微商相册\11.19\原图\CARTIER BALLON BLEU DE CARTIER WATCH WJBB0076\详情图\WJBB0076-09.jpg,16,watch,,dummy_images\WATCH\1.CARTIER\微商相册\11.19\已整理\CARTIER BALLON BLEU DE CARTIER WATCH WJBB0076\详情图\WJBB0076-09.jpg,cvs\new_watermark.png
dummy_images\WATCH\1.CARTIER\微商相册\11.19\原图\CARTIER SANTOS DE CARTIER WATCH WSSA0064\主图\WSSA0064.jpeg,17,watch,,,cvs\new_watermark.png
dummy_images\WATCH\1.CARTIER\微商相册\11.19\原图\CARTIER SANTOS DE CARTIER WATCH WSSA0064\附图\WSSA0064-1.jpeg,17,watch,,dummy_images\WATCH\1.CARTIER\微商相册\11.19\已整理\CARTIER SANTOS DE CARTIER WATCH WSSA0064\附图\WSSA0064-1.jpeg,cvs\new_watermark.png
dummy_images\WATCH\1.CARTIER\微商相册\11.19\原图\CARTIER SANTOS DE CARTIER WATCH WSSA0064\附图\WSSA0064-2.jpeg,17,watch,,dummy_images\WATCH\1.CARTIER\微商相册\11.19\已整理\CARTIER SANTOS DE CARTIER WATCH WSSA0064\附图\WSSA0064-2.jpeg,cvs\new_watermark.png
dummy_images\WATCH\1.CARTIER\微商相册\11.19\原图\CARTIER SANTOS DE CARTIER WATCH WSSA0064\附图\WSSA0064-3.jpeg,17,watch,,dummy_images\WATCH\1.CARTIER\微商相册\11.19\已整理\CARTIER SANTOS DE CARTIER WATCH WSSA0064\附图\WSSA0064-3.jpeg,cvs\new_watermark.png
dummy_images\WATCH\1.CARTIER\微商相册\11.19\原图\CARTIER SANTOS DE CARTIER WATCH WSSA0064\附图\WSSA0064-4.jpeg,17,watch,,dummy_images\WATCH\1.CARTIER\微商相册\11.19\已整理\CARTIER SANTOS DE CARTIER WATCH WSSA0064\附图\WSSA0064-4.jpeg,cvs\new_watermark.png
dummy_images\WATCH\1.CARTIER\微商相册\11.19\原图\CARTIER SANTOS DE CARTIER WATCH WSSA0064\附图\WSSA0064-5.jpeg,17,watch,,dummy_images\WATCH\1.CARTIER\微商相册\11.19\已整理\CARTIER SANTOS DE CARTIER WATCH WSSA0064\附图\WSSA0064-5.jpeg,cvs\new_watermark.png
dummy_images\WATCH\1.CARTIER\微商相册\11.19\原图\CARTIER SANTOS DE CARTIER WATCH WSSA0064\详情图\WSSA0064-01.jpg,17,watch,,dummy_images\WATCH\1.CARTIER\微商相册\11.19\已整理\CARTIER SANTOS DE CARTIER WATCH WSSA0064\详情图\WSSA0064-01.jpg,cvs\new_watermark.png
dummy_images\WATCH\1.CARTIER\微商相册\11.19\原图\CARTIER SANTOS DE CARTIER WATCH WSSA0064\详情图\WSSA0064-02.jpg,17,watch,,dummy_images\WATCH\1.CARTIER\微商相册\11.19\已整理\CARTIER SANTOS DE CARTIER WATCH WSSA0064\详情图\WSSA0064-02.jpg,cvs\new_watermark.png
dummy_images\WATCH\1.CARTIER\微商相册\11.19\原图\CARTIER SANTOS DE CARTIER WATCH WSSA0064\详情图\WSSA0064-03.jpg,17,watch,,dummy_images\WATCH\1.CARTIER\微商相册\11.19\已整理\CARTIER SANTOS DE CARTIER WATCH WSSA0064\详情图\WSSA0064-03.jpg,cvs\new_watermark.png
dummy_images\WATCH\1.CARTIER\微商相册\11.19\原图\CARTIER SANTOS DE CARTIER WATCH WSSA0064\详情图\WSSA0064-04.jpg,17,watch,,dummy_images\WATCH\1.CARTIER\微商相册\11.19\已整理\CARTIER SANTOS DE CARTIER WATCH WSSA0064\详情图\WSSA0064-04.jpg,cvs\new_watermark.png
dummy_images\WATCH\1.CARTIER\微商相册\11.19\原图\CARTIER SANTOS DE CARTIER WATCH WSSA0064\详情图\WSSA0064-05.jpg,17,watch,,dummy_images\WATCH\1.CARTIER\微商相册\11.19\已整理\CARTIER SANTOS DE CARTIER WATCH WSSA0064\详情图\WSSA0064-05.jpg,cvs\new_watermark.png
dummy_images\WATCH\1.CARTIER\微商相册\11.19\原图\CARTIER SANTOS DE CARTIER WATCH WSSA0064\详情图\WSSA0064-06.jpg,17,watch,,dummy_images\WATCH\1.CARTIER\微商相册\11.19\已整理\CARTIER SANTOS DE CARTIER WATCH WSSA0064\详情图\WSSA0064-06.jpg,cvs\new_watermark.png
dummy_images\WATCH\1.CARTIER\微商相册\11.19\原图\CARTIER SANTOS DE CARTIER WATCH WSSA0064\详情图\WSSA0064-07.jpg,17,watch,,dummy_images\WATCH\1.CARTIER\微商相册\11.19\已整理\CARTIER SANTOS DE CARTIER WATCH WSSA0064\详情图\WSSA0064-07.jpg,cvs\new_watermark.png
dummy_images\WATCH\1.CARTIER\微商相册\11.20\原图\1CARTIER BALLON BLEU DE CARTIER WATCH W69010Z4\主图\W69010Z4.jpeg.jpg,18,watch,,,cvs\new_watermark.png
dummy_images\WATCH\1.CARTIER\微商相册\11.20\原图\1CARTIER BALLON BLEU DE CARTIER WATCH W69010Z4\附图\W69010Z4-1.jpeg,18,watch,,dummy_images\WATCH\1.CARTIER\微商相册\11.20\已整理\1CARTIER BALLON BLEU DE CARTIER WATCH W69010Z4\附图\W69010Z4-1.jpg,cvs\new_watermark.png
dummy_images\WATCH\1.CARTIER\微商相册\11.20\原图\1CARTIER BALLON BLEU DE CARTIER WATCH W69010Z4\附图\W69010Z4-2.jpeg,18,watch,,dummy_images\WATCH\1.CARTIER\微商相册\11.20\已整理\1CARTIER BALLON BLEU DE CARTIER WATCH W69010Z4\附图\W69010Z4-2.jpg,cvs\new_watermark.png
dummy_images\WATCH\1.CARTIER\微商相册\11.20\原图\1CARTIER BALLON BLEU DE CARTIER WATCH W69010Z4\附图\W69010Z4-3.jpeg,18,watch,,dummy_images\WATCH\1.CARTIER\微商相册\11.20\已整理\1CARTIER BALLON BLEU DE CARTIER WATCH W69010Z4\附图\W69010Z4-3.jpg,cvs\new_watermark.png
dummy_images\WATCH\1.CARTIER\微商相册\11.20\原图\1CARTIER BALLON BLEU DE CARTIER WATCH W69010Z4\附图\W69010Z4-4.jpeg,18,watch,,dummy_images\WATCH\1.CARTIER\微商相册\11.20\已整理\1CARTIER BALLON BLEU DE CARTIER WATCH W69010Z4\附图\W69010Z4-4.jpg,cvs\new_watermark.png
dummy_images\WATCH\1.CARTIER\微商相册\11.20\原图\1CARTIER BALLON BLEU DE CARTIER WATCH W69010Z4\附图\W69010Z4-5.jpeg,18,watch,,dummy_images\WATCH\1.CARTIER\微商相册\11.20\已整理\1CARTIER BALLON BLEU DE CARTIER WATCH W69010Z4\附图\W69010Z4-5.jpg,cvs\new_watermark.png
dummy_images\WATCH\1.CARTIER\微商相册\11.20\原图\1CARTIER BALLON BLEU DE CARTIER WATCH W69010Z4\详情图\W69010Z4-01.jpg,18,watch,,dummy_images\WATCH\1.CARTIER\微商相册\11.20\已整理\1CARTIER BALLON BLEU DE CARTIER WATCH W69010Z4\详情图\W69010Z4-01 拷贝.jpg,cvs\new_watermark.png
dummy_images\WATCH\1.CARTIER\微商相册\11.20\原图\1CARTIER BALLON BLEU DE CARTIER WATCH W69010Z4\详情图\W69010Z4-02.jpg,18,watch,,dummy_images\WATCH\1.CARTIER\微商相册\11.20\已整理\1CARTIER BALLON BLEU DE CARTIER WATCH W69010Z4\详情图\W69010Z4-02 拷贝.jpg,cvs\new_watermark.png
dummy_images\WATCH\1.CARTIER\微商相册\11.20\原图\1CARTIER BALLON BLEU DE CARTIER WATCH W69010Z4\详情图\W69010Z4-03.jpg,18,watch,,dummy_images\WATCH\1.CARTIER\微商相册\11.20\已整理\1CARTIER BALLON BLEU DE CARTIER WATCH W69010Z4\详情图\W69010Z4-03 拷贝.jpg,cvs\new_watermark.png
dummy_images\WATCH\1.CARTIER\微商相册\11.20\原图\1CARTIER BALLON BLEU DE CARTIER WATCH W69010Z4\详情图\W69010Z4-04.jpg,18,watch,,dummy_images\WATCH\1.CARTIER\微商相册\11.20\已整理\1CARTIER BALLON BLEU DE CARTIER WATCH W69010Z4\详情图\W69010Z4-04 拷贝.jpg,cvs\new_watermark.png
dummy_images\WATCH\1.CARTIER\微商相册\11.20\原图\1CARTIER BALLON BLEU DE CARTIER WATCH W69010Z4\详情图\W69010Z4-05.jpg,18,watch,,dummy_images\WATCH\1.CARTIER\微商相册\11.20\已整理\1CARTIER BALLON BLEU DE CARTIER WATCH W69010Z4\详情图\W69010Z4-05 拷贝.jpg,cvs\new_watermark.png
dummy_images\WATCH\1.CARTIER\微商相册\11.20\原图\1CARTIER BALLON BLEU DE CARTIER WATCH W69010Z4\详情图\W69010Z4-06.jpg,18,watch,,dummy_images\WATCH\1.CARTIER\微商相册\11.20\已整理\1CARTIER BALLON BLEU DE CARTIER WATCH W69010Z4\详情图\W69010Z4-06 拷贝.jpg,cvs\new_watermark.png
dummy_images\WATCH\1.CARTIER\微商相册\11.20\原图\1CARTIER BALLON BLEU DE CARTIER WATCH W69010Z4\详情图\W69010Z4-07.jpg,18,watch,,dummy_images\WATCH\1.CARTIER\微商相册\11.20\已整理\1CARTIER BALLON BLEU DE CARTIER WATCH W69010Z4\详情图\W69010Z4-07 拷贝.jpg,cvs\new_watermark.png
dummy_images\WATCH\1.CARTIER\微商相册\11.20\原图\1CARTIER BALLON BLEU DE CARTIER WATCH W69010Z4\详情图\W69010Z4-08.jpg,18,watch,,dummy_images\WATCH\1.CARTIER\微商相册\11.20\已整理\1CARTIER BALLON BLEU DE CARTIER WATCH W69010Z4\详情图\W69010Z4-08 拷贝.jpg,cvs\new_watermark.png
dummy_images\WATCH\1.CARTIER\微商相册\11.20\原图\1CARTIER BALLON BLEU DE CARTIER WATCH W69010Z4\详情图\W69010Z4-09.jpg,18,watch,,dummy_images\WATCH\1.CARTIER\微商相册\11.20\已整理\1CARTIER BALLON BLEU DE CARTIER WATCH W69010Z4\详情图\W69010Z4-09 拷贝.jpg,cvs\new_watermark.png
dummy_images\WATCH\1.CARTIER\微商相册\11.20\原图\5CARTIER BALLON BLEU ROSE GOLD WATCH W6920083\主图\W6920083.jpg,19,watch,,,cvs\new_watermark.png
dummy_images\WATCH\1.CARTIER\微商相册\11.20\原图\5CARTIER BALLON BLEU ROSE GOLD WATCH W6920083\附图\W6920083-1.jpg,19,watch,,dummy_images\WATCH\1.CARTIER\微商相册\11.20\已整理\5CARTIER BALLON BLEU ROSE GOLD WATCH W6920083\附图\W6920083-1.jpg,cvs\new_watermark.png
dummy_images\WATCH\1.CARTIER\微商相册\11.20\原图\5CARTIER BALLON BLEU ROSE GOLD WATCH W6920083\附图\W6920083-2.jpg,19,watch,,dummy_images\WATCH\1.CARTIER\微商相册\11.20\已整理\5CARTIER BALLON BLEU ROSE GOLD WATCH W6920083\附图\W6920083-2.jpg,cvs\new_watermark.png
dummy_images\WATCH\1.CARTIER\微商相册\11.20\原图\5CARTIER BALLON BLEU ROSE GOLD WATCH W6920083\附图\W6920083-3.jpg,19,watch,,dummy_images\WATCH\1.CARTIER\微商相册\11.20\已整理\5CARTIER BALLON BLEU ROSE GOLD WATCH W6920083\附图\W6920083-3.jpg,cvs\new_watermark.png
dummy_images\WATCH\1.CARTIER\微商相册\11.20\原图\5CARTIER BALLON BLEU ROSE GOLD WATCH W6920083\附图\W6920083-4.jpg,19,watch,,dummy_images\WATCH\1.CARTIER\微商相册\11.20\已整理\5CARTIER BALLON BLEU ROSE GOLD WATCH W6920083\附图\W6920083-4.jpg,cvs\new_watermark.png
dummy_images\WATCH\1.CARTIER\微商相册\11.20\原图\5CARTIER BALLON BLEU ROSE GOLD WATCH W6920083\详情图\W6920083-01.jpg,19,watch,,dummy_images\WATCH\1.CARTIER\微商相册\11.20\已整理\5CARTIER BALLON BLEU ROSE GOLD WATCH W6920083\详情图\W6920083-01 拷贝.jpg,cvs\new_watermark.png
dummy_images\WATCH\1.CARTIER\微商相册\11.20\原图\5CARTIER BALLON BLEU ROSE GOLD WATCH W6920083\详情图\W6920083-02.jpg,19,watch,,dummy_images\WATCH\1.CARTIER\微商相册\11.20\已整理\5CARTIER BALLON BLEU ROSE GOLD WATCH W6920083\详情图\W6920083-02 拷贝.jpg,cvs\new_watermark.png
dummy_images\WATCH\1.CARTIER\微商相册\11.20\原图\5CARTIER BALLON BLEU ROSE GOLD WATCH W6920083\详情图\W6920083-03.jpg,19,watch,,dummy_images\WATCH\1.CARTIER\微商相册\11.20\已整理\5CARTIER BALLON BLEU ROSE GOLD WATCH W6920083\详情图\W6920083-03 拷贝.jpg,cvs\new_watermark.png
dummy_images\WATCH\1.CARTIER\微商相册\11.20\原图\5CARTIER BALLON BLEU ROSE GOLD WATCH W6920083\详情图\W6920083-04.jpg,19,watch,,dummy_images\WATCH\1.CARTIER\微商相册\11.20\已整理\5CARTIER BALLON BLEU ROSE GOLD WATCH W6920083\详情图\W6920083-04 拷贝.jpg,cvs\new_watermark.png
dummy_images\WATCH\1.CARTIER\微商相册\11.20\原图\5CARTIER BALLON BLEU ROSE GOLD WATCH W6920083\详情图\W6920083-05.jpg,19,watch,,dummy_images\WATCH\1.CARTIER\微商相册\11.20\已整理\5CARTIER BALLON BLEU ROSE GOLD WATCH W6920083\详情图\W6920083-05 拷贝.jpg,cvs\new_watermark.png
dummy_images\WATCH\1.CARTIER\微商相册\11.20\原图\5CARTIER BALLON BLEU ROSE GOLD WATCH W6920083\详情图\W6920083-06.jpg,19,watch,,dummy_images\WATCH\1.CARTIER\微商相册\11.20\已整理\5CARTIER BALLON BLEU ROSE GOLD WATCH W6920083\详情图\W6920083-06 拷贝.jpg,cvs\new_watermark.png
dummy_images\WATCH\1.CARTIER\微商相册\11.20\原图\5CARTIER BALLON BLEU ROSE GOLD WATCH W6920083\详情图\W6920083-07.jpg,19,watch,,dummy_images\WATCH\1.CARTIER\微商相册\11.20\已整理\5CARTIER BALLON BLEU ROSE GOLD WATCH W6920083\详情图\W6920083-07 拷贝.jpg,cvs\new_watermark.png
dummy_images\WATCH\1.CARTIER\微商相册\11.20\原图\10CARTIER PANTHèRE DE CARTIER WATCH WJPN0048\主图\WJPN0048.jpg,20,watch,,,cvs\new_watermark.png
dummy_images\WATCH\1.CARTIER\微商相册\11.20\原图\10CARTIER PANTHèRE DE CARTIER WATCH WJPN0048\附图\WJPN0048-1.jpg,20,watch,,dummy_images\WATCH\1.CARTIER\微商相册\11.20\已整理\10CARTIER PANTHèRE DE CARTIER WATCH WJPN0048\附图\WJPN0048-1.jpg,cvs\new_watermark.png
dummy_images\WATCH\1.CARTIER\微商相册\11.20\原图\10CARTIER PANTHèRE DE CARTIER WATCH WJPN0048\附图\WJPN0048-2.jpg,20,watch,,dummy_images\WATCH\1.CARTIER\微商相册\11.20\已整理\10CARTIER PANTHèRE DE CARTIER WATCH WJPN0048\附图\WJPN0048-2.jpg,cvs\new_watermark.png
dummy_images\WATCH\1.CARTIER\微商相册\11.20\原图\10CARTIER PANTHèRE DE CARTIER WATCH WJPN0048\附图\WJPN0048-3.jpg,20,watch,,dummy_images\WATCH\1.CARTIER\微商相册\11.20\已整理\10CARTIER PANTHèRE DE CARTIER WATCH WJPN0048\附图\WJPN0048-3.jpg,cvs\new_watermark.png
dummy_images\WATCH\1.CARTIER\微商相册\11.20\原图\10CARTIER PANTHèRE DE CARTIER WATCH WJPN0048\附图\WJPN0048-4.jpg,20,watch,,dummy_images\WATCH\1.CARTIER\微商相册\11.20\已整理\10CARTIER PANTHèRE DE CARTIER WATCH WJPN0048\附图\WJPN0048-4.jpg,cvs\new_watermark.png
dummy_images\WATCH\1.CARTIER\微商相册\11.20\原图\10CARTIER PANTHèRE DE CARTIER WATCH WJPN0048\附图\WJPN0048-5.jpg,20,watch,,dummy_images\WATCH\1.CARTIER\微商相册\11.20\已整理\10CARTIER PANTHèRE DE CARTIER WATCH WJPN0048\附图\WJPN0048-5.jpg,cvs\new_watermark.png
dummy_images\WATCH\1.CARTIER\微商相册\11.20\原图\10CARTIER PANTHèRE DE CARTIER WATCH WJPN0048\附图\WJPN0048-6.jpg,20,watch,,dummy_images\WATCH\1.CARTIER\微商相册\11.20\已整理\10CARTIER PANTHèRE DE CARTIER WATCH WJPN0048\附图\WJPN0048-6.jpg,cvs\new_watermark.png
dummy_images\WATCH\1.CARTIER\微商相册\11.20\原图\10CARTIER PANTHèRE DE CARTIER WATCH WJPN0048\详情图\WJPN0048-01.jpg,20,watch,,dummy_images\WATCH\1.CARTIER\微商相册\11.20\已整理\10CARTIER PANTHèRE DE CARTIER WATCH WJPN0048\详情图\WJPN0048-02 拷贝.jpg,cvs\new_watermark.png
dummy_images\WATCH\1.CARTIER\微商相册\11.20\原图\10CARTIER PANTHèRE DE CARTIER WATCH WJPN0048\详情图\WJPN0048-02.jpg,20,watch,,dummy_images\WATCH\1.CARTIER\微商相册\11.20\已整理\10CARTIER PANTHèRE DE CARTIER WATCH WJPN0048\详情图\WJPN0048-03 拷贝.jpg,cvs\new_watermark.png
dummy_images\WATCH\1.CARTIER\微商相册\11.20\原图\10CARTIER PANTHèRE DE CARTIER WATCH WJPN0048\详情图\WJPN0048-03.jpg,20,watch,,dummy_images\WATCH\1.CARTIER\微商相册\11.20\已整理\10CARTIER PANTHèRE DE CARTIER WATCH WJPN0048\详情图\WJPN0048-04 拷贝.jpg,cvs\new_watermark.png
dummy_images\WATCH\1.CARTIER\微商相册\11.20\原图\10CARTIER PANTHèRE DE CARTIER WATCH WJPN0048\详情图\WJPN0048-04.jpg,20,watch,,dummy_images\WATCH\1.CARTIER\微商相册\11.20\已整理\10CARTIER PANTHèRE DE CARTIER WATCH WJPN0048\详情图\WJPN0048-05 拷贝.jpg,cvs\new_watermark.png
dummy_images\WATCH\1.CARTIER\微商相册\11.20\原图\10CARTIER PANTHèRE DE CARTIER WATCH WJPN0048\详情图\WJPN0048-05.jpg,20,watch,,dummy_images\WATCH\1.CARTIER\微商相册\11.20\已整理\10CARTIER PANTHèRE DE CARTIER WATCH WJPN0048\详情图\WJPN0048-06 拷贝.jpg,cvs\new_watermark.png
dummy_images\WATCH\1.CARTIER\微商相册\11.20\原图\10CARTIER PANTHèRE DE CARTIER WATCH WJPN0048\详情图\WJPN0048-06.jpg,20,watch,,dummy_images\WATCH\1.CARTIER\微商相册\11.20\已整理\10CARTIER PANTHèRE DE CARTIER WATCH WJPN0048\详情图\WJPN0048-07 拷贝.jpg,cvs\new_watermark.png
dummy_images\WATCH\1.CARTIER\微商相册\11.20\原图\10CARTIER PANTHèRE DE CARTIER WATCH WJPN0048\详情图\WJPN0048-07.jpg,20,watch,,,cvs\new_watermark.png
dummy_images\WATCH\1.CARTIER\微商相册\11.20\原图\12CARTIER SANTOS DE CARTIER 100 CARBON AUTOMATIC LARGE MODEL WATCH WSSA0006\主图\WSSA0006.jpg,21,watch,,,cvs\new_watermark.png
dummy_images\WATCH\1.CARTIER\微商相册\11.20\原图\12CARTIER SANTOS DE CARTIER 100 CARBON AUTOMATIC LARGE MODEL WATCH WSSA0006\附图\WSSA0006-1.jpg,21,watch,,,cvs\new_watermark.png
dummy_images\WATCH\1.CARTIER\微商相册\11.20\原图\12CARTIER SANTOS DE CARTIER 100 CARBON AUTOMATIC LARGE MODEL WATCH WSSA0006\附图\WSSA0006-2.jpg,21,watch,,dummy_images\WATCH\1.CARTIER\微商相册\11.20\已整理\12CARTIER SANTOS DE CARTIER 100 CARBON AUTOMATIC LARGE MODEL WATCH WSSA0006\附图\WSSA0006-2.jpg,cvs\new_watermark.png
dummy_images\WATCH\1.CARTIER\微商相册\11.20\原图\12CARTIER SANTOS DE CARTIER 100 CARBON AUTOMATIC LARGE MODEL WATCH WSSA0006\附图\WSSA0006-3.jpg,21,watch,,dummy_images\WATCH\1.CARTIER\微商相册\11.20\已整理\12CARTIER SANTOS DE CARTIER 100 CARBON AUTOMATIC LARGE MODEL WATCH WSSA0006\附图\WSSA0006-3.jpg,cvs\new_watermark.png
dummy_images\WATCH\1.CARTIER\微商相册\11.20\原图\12CARTIER SANTOS DE CARTIER 100 CARBON AUTOMATIC LARGE MODEL WATCH WSSA0006\附图\WSSA0006-4.jpg,21,watch,,dummy_images\WATCH\1.CARTIER\微商相册\11.20\已整理\12CARTIER SANTOS DE CARTIER 100 CARBON AUTOMATIC LARGE MODEL WATCH WSSA0006\附图\WSSA0006-4.jpg,cvs\new_watermark.png
dummy_images\WATCH\1.CARTIER\微商相册\11.20\原图\12CARTIER SANTOS DE CARTIER 100 CARBON AUTOMATIC LARGE MODEL WATCH WSSA0006\详情图\WSSA0006-01.jpg,21,watch,,dummy_images\WATCH\1.CARTIER\微商相册\11.20\已整理\12CARTIER SANTOS DE CARTIER 100 CARBON AUTOMATIC LARGE MODEL WATCH WSSA0006\详情图\WSSA0006-01.jpg,cvs\new_watermark.png
dummy_images\WATCH\1.CARTIER\微商相册\11.20\原图\12CARTIER SANTOS DE CARTIER 100 CARBON AUTOMATIC LARGE MODEL WATCH WSSA0006\详情图\WSSA0006-02.jpg,21,watch,,dummy_images\WATCH\1.CARTIER\微商相册\11.20\已整理\12CARTIER SANTOS DE CARTIER 100 CARBON AUTOMATIC LARGE MODEL WATCH WSSA0006\详情图\WSSA0006-02.jpg,cvs\new_watermark.png
dummy_images\WATCH\1.CARTIER\微商相册\11.20\原图\12CARTIER SANTOS DE CARTIER 100 CARBON AUTOMATIC LARGE MODEL WATCH WSSA0006\详情图\WSSA0006-03.jpg,21,watch,,dummy_images\WATCH\1.CARTIER\微商相册\11.20\已整理\12CARTIER SANTOS DE CARTIER 100 CARBON AUTOMATIC LARGE MODEL WATCH WSSA0006\详情图\WSSA0006-03.jpg,cvs\new_watermark.png
dummy_images\WATCH\1.CARTIER\微商相册\11.20\原图\12CARTIER SANTOS DE CARTIER 100 CARBON AUTOMATIC LARGE MODEL WATCH WSSA0006\详情图\WSSA0006-04.jpg,21,watch,,dummy_images\WATCH\1.CARTIER\微商相册\11.20\已整理\12CARTIER SANTOS DE CARTIER 100 CARBON AUTOMATIC LARGE MODEL WATCH WSSA0006\详情图\WSSA0006-04.jpg,cvs\new_watermark.png
dummy_images\WATCH\1.CARTIER\微商相册\11.20\原图\12CARTIER SANTOS DE CARTIER 100 CARBON AUTOMATIC LARGE MODEL WATCH WSSA0006\详情图\WSSA0006-05.jpg,21,watch,,dummy_images\WATCH\1.CARTIER\微商相册\11.20\已整理\12CARTIER SANTOS DE CARTIER 100 CARBON AUTOMATIC LARGE MODEL WATCH WSSA0006\详情图\WSSA0006-05.jpg,cvs\new_watermark.png
dummy_images\WATCH\1.CARTIER\微商相册\11.20\原图\12CARTIER SANTOS DE CARTIER 100 CARBON AUTOMATIC LARGE MODEL WATCH WSSA0006\详情图\WSSA0006-06.jpg,21,watch,,dummy_images\WATCH\1.CARTIER\微商相册\11.20\已整理\12CARTIER SANTOS DE CARTIER 100 CARBON AUTOMATIC LARGE MODEL WATCH WSSA0006\详情图\WSSA0006-06.jpg,cvs\new_watermark.png
dummy_images\WATCH\1.CARTIER\微商相册\11.20\原图\12CARTIER SANTOS DE CARTIER 100 CARBON AUTOMATIC LARGE MODEL WATCH WSSA0006\详情图\WSSA0006-07.jpg,21,watch,,dummy_images\WATCH\1.CARTIER\微商相册\11.20\已整理\12CARTIER SANTOS DE CARTIER 100 CARBON AUTOMATIC LARGE MODEL WATCH WSSA0006\详情图\WSSA0006-07.jpg,cvs\new_watermark.png
dummy_images\WATCH\1.CARTIER\微商相册\11.20\原图\12CARTIER SANTOS DE CARTIER 100 CARBON AUTOMATIC LARGE MODEL WATCH WSSA0006\详情图\WSSA0006-08.jpg,21,watch,,dummy_images\WATCH\1.CARTIER\微商相册\11.20\已整理\12CARTIER SANTOS DE CARTIER 100 CARBON AUTOMATIC LARGE MODEL WATCH WSSA0006\详情图\WSSA0006-08.jpg,cvs\new_watermark.png
dummy_images\WATCH\1.CARTIER\微商相册\11.20\原图\12CARTIER SANTOS DE CARTIER 100 CARBON AUTOMATIC LARGE MODEL WATCH WSSA0006\详情图\WSSA0006-09.jpg,21,watch,,dummy_images\WATCH\1.CARTIER\微商相册\11.20\已整理\12CARTIER SANTOS DE CARTIER 100 CARBON AUTOMATIC LARGE MODEL WATCH WSSA0006\详情图\WSSA0006-09.jpg,cvs\new_watermark.png
dummy_images\WATCH\1.CARTIER\微商相册\11.20\原图\13CARTIER SANTOS DE CARTIER WATCH WSSA0018\主图\WSSA0018.jpeg,22,watch,,,cvs\new_watermark.png
dummy_images\WATCH\1.CARTIER\微商相册\11.20\原图\13CARTIER SANTOS DE CARTIER WATCH WSSA0018\附图\WSSA0018-1.jpeg,22,watch,,dummy_images\WATCH\1.CARTIER\微商相册\11.20\已整理\13CARTIER SANTOS DE CARTIER WATCH WSSA0018\附图\WSSA0018-1.jpg,cvs\new_watermark.png
dummy_images\WATCH\1.CARTIER\微商相册\11.20\原图\13CARTIER SANTOS DE CARTIER WATCH WSSA0018\附图\WSSA0018-2.jpeg,22,watch,,dummy_images\WATCH\1.CARTIER\微商相册\11.20\已整理\13CARTIER SANTOS DE CARTIER WATCH WSSA0018\附图\WSSA0018-2.jpg,cvs\new_watermark.png
dummy_images\WATCH\1.CARTIER\微商相册\11.20\原图\13CARTIER SANTOS DE CARTIER WATCH WSSA0018\附图\WSSA0018-3.jpeg,22,watch,,dummy_images\WATCH\1.CARTIER\微商相册\11.20\已整理\13CARTIER SANTOS DE CARTIER WATCH WSSA0018\附图\WSSA0018-3.jpg,cvs\new_watermark.png
dummy_images\WATCH\1.CARTIER\微商相册\11.20\原图\13CARTIER SANTOS DE CARTIER WATCH WSSA0018\附图\WSSA0018-4.jpeg,22,watch,,dummy_images\WATCH\1.CARTIER\微商相册\11.20\已整理\13CARTIER SANTOS DE CARTIER WATCH WSSA0018\附图\WSSA0018-4.jpg,cvs\new_watermark.png
dummy_images\WATCH\1.CARTIER\微商相册\11.20\原图\13CARTIER SANTOS DE CARTIER WATCH WSSA0018\附图\WSSA0018-5.jpeg,22,watch,,dummy_images\WATCH\1.CARTIER\微商相册\11.20\已整理\13CARTIER SANTOS DE CARTIER WATCH WSSA0018\附图\WSSA0018-5.jpg,cvs\new_watermark.png
dummy_images\WATCH\1.CARTIER\微商相册\11.20\原图\13CARTIER SANTOS DE CARTIER WATCH WSSA0018\详情图\WSSA0018-01.jpg,22,watch,,dummy_images\WATCH\1.CARTIER\微商相册\11.20\已整理\13CARTIER SANTOS DE CARTIER WATCH WSSA0018\详情图\WSSA0018-01 拷贝.jpg,cvs\new_watermark.png
dummy_images\WATCH\1.CARTIER\微商相册\11.20\原图\13CARTIER SANTOS DE CARTIER WATCH WSSA0018\详情图\WSSA0018-02.jpg,22,watch,,dummy_images\WATCH\1.CARTIER\微商相册\11.20\已整理\13CARTIER SANTOS DE CARTIER WATCH WSSA0018\详情图\WSSA0018-02 拷贝.jpg,cvs\new_watermark.png
dummy_images\WATCH\1.CARTIER\微商相册\11.20\原图\13CARTIER SANTOS DE CARTIER WATCH WSSA0018\详情图\WSSA0018-03.jpg,22,watch,,dummy_images\WATCH\1.CARTIER\微商相册\11.20\已整理\13CARTIER SANTOS DE CARTIER WATCH WSSA0018\详情图\WSSA0018-03 拷贝.jpg,cvs\new_watermark.png
dummy_images\WATCH\1.CARTIER\微商相册\11.20\原图\13CARTIER SANTOS DE CARTIER WATCH WSSA0018\详情图\WSSA0018-04.jpg,22,watch,,dummy_images\WATCH\1.CARTIER\微商相册\11.20\已整理\13CARTIER SANTOS DE CARTIER WATCH WSSA0018\详情图\WSSA0018-04 拷贝.jpg,cvs\new_watermark.png
dummy_images\WATCH\1.CARTIER\微商相册\11.20\原图\13CARTIER SANTOS DE CARTIER WATCH WSSA0018\详情图\WSSA0018-05.jpg,22,watch,,dummy_images\WATCH\1.CARTIER\微商相册\11.20\已整理\13CARTIER SANTOS DE CARTIER WATCH WSSA0018\详情图\WSSA0018-05 拷贝.jpg,cvs\new_watermark.png
dummy_images\WATCH\1.CARTIER\微商相册\11.20\原图\13CARTIER SANTOS DE CARTIER WATCH WSSA0018\详情图\WSSA0018-06.jpg,22,watch,,dummy_images\WATCH\1.CARTIER\微商相册\11.20\已整理\13CARTIER SANTOS DE CARTIER WATCH WSSA0018\详情图\WSSA0018-06 拷贝.jpg,cvs\new_watermark.png
dummy_images\WATCH\1.CARTIER\微商相册\11.20\原图\13CARTIER SANTOS DE CARTIER WATCH WSSA0018\详情图\WSSA0018-07.jpg,22,watch,,dummy_images\WATCH\1.CARTIER\微商相册\11.20\已整理\13CARTIER SANTOS DE CARTIER WATCH WSSA0018\详情图\WSSA0018-07 拷贝.jpg,cvs\new_watermark.png
dummy_images\WATCH\1.CARTIER\微商相册\11.20\原图\14CARTIER SANTOS DE CARTIER WATCH WSSA0071\主图\WSSA0071.jpeg,23,watch,,,cvs\new_watermark.png
dummy_images\WATCH\1.CARTIER\微商相册\11.20\原图\14CARTIER SANTOS DE CARTIER WATCH WSSA0071\附图\WSSA0071-1.jpeg,23,watch,,dummy_images\WATCH\1.CARTIER\微商相册\11.20\已整理\14CARTIER SANTOS DE CARTIER WATCH WSSA0071\附图\WSSA0071-1.jpg,cvs\new_watermark.png
dummy_images\WATCH\1.CARTIER\微商相册\11.20\原图\14CARTIER SANTOS DE CARTIER WATCH WSSA0071\附图\WSSA0071-2.jpeg,23,watch,,dummy_images\WATCH\1.CARTIER\微商相册\11.20\已整理\14CARTIER SANTOS DE CARTIER WATCH WSSA0071\附图\WSSA0071-2.jpg,cvs\new_watermark.png
dummy_images\WATCH\1.CARTIER\微商相册\11.20\原图\14CARTIER SANTOS DE CARTIER WATCH WSSA0071\附图\WSSA0071-3.jpeg,23,watch,,dummy_images\WATCH\1.CARTIER\微商相册\11.20\已整理\14CARTIER SANTOS DE CARTIER WATCH WSSA0071\附图\WSSA0071-3.jpg,cvs\new_watermark.png
dummy_images\WATCH\1.CARTIER\微商相册\11.20\原图\14CARTIER SANTOS DE CARTIER WATCH WSSA0071\附图\WSSA0071-4.jpeg,23,watch,,dummy_images\WATCH\1.CARTIER\微商相册\11.20\已整理\14CARTIER SANTOS DE CARTIER WATCH WSSA0071\附图\WSSA0071-4.jpg,cvs\new_watermark.png
dummy_images\WATCH\1.CARTIER\微商相册\11.20\原图\14CARTIER SANTOS DE CARTIER WATCH WSSA0071\附图\WSSA0071-5.jpeg,23,watch,,dummy_images\WATCH\1.CARTIER\微商相册\11.20\已整理\14CARTIER SANTOS DE CARTIER WATCH WSSA0071\附图\WSSA0071-5.jpg,cvs\new_watermark.png
dummy_images\WATCH\1.CARTIER\微商相册\11.20\原图\14CARTIER SANTOS DE CARTIER WATCH WSSA0071\附图\WSSA0071-6.jpeg,23,watch,,dummy_images\WATCH\1.CARTIER\微商相册\11.20\已整理\14CARTIER SANTOS DE CARTIER WATCH WSSA0071\附图\WSSA0071-6.jpg,cvs\new_watermark.png
dummy_images\WATCH\1.CARTIER\微商相册\11.20\原图\14CARTIER SANTOS DE CARTIER WATCH WSSA0071\附图\WSSA0071-7.jpeg,23,watch,,dummy_images\WATCH\1.CARTIER\微商相册\11.20\已整理\14CARTIER SANTOS DE CARTIER WATCH WSSA0071\附图\WSSA0071-7.jpg,cvs\new_watermark.png
dummy_images\WATCH\1.CARTIER\微商相册\11.20\原图\14CARTIER SANTOS DE CARTIER WATCH WSSA0071\详情图\wsxc1732095703596_0.jpg,23,watch,,dummy_images\WATCH\1.CARTIER\微商相册\11.20\已整理\14CARTIER SANTOS DE CARTIER WATCH WSSA0071\详情图\WSSA0071-01.jpg,cvs\new_watermark.png
dummy_images\WATCH\1.CARTIER\微商相册\11.20\原图\14CARTIER SANTOS DE CARTIER WATCH WSSA0071\详情图\wsxc1732095703596_1.jpg,23,watch,,dummy_images\WATCH\1.CARTIER\微商相册\11.20\已整理\14CARTIER SANTOS DE CARTIER WATCH WSSA0071\详情图\WSSA0071-02.jpg,cvs\new_watermark.png
dummy_images\WATCH\1.CARTIER\微商相册\11.20\原图\14CARTIER SANTOS DE CARTIER WATCH WSSA0071\详情图\wsxc1732095703596_2.jpg,23,watch,,dummy_images\WATCH\1.CARTIER\微商相册\11.20\已整理\14CARTIER SANTOS DE CARTIER WATCH WSSA0071\详情图\WSSA0071-03.jpg,cvs\new_watermark.png
dummy_images\WATCH\1.CARTIER\微商相册\11.20\原图\14CARTIER SANTOS DE CARTIER WATCH WSSA0071\详情图\wsxc1732095703596_3.jpg,23,watch,,dummy_images\WATCH\1.CARTIER\微商相册\11.20\已整理\14CARTIER SANTOS DE CARTIER WATCH WSSA0071\详情图\WSSA0071-04.jpg,cvs\new_watermark.png
dummy_images\WATCH\1.CARTIER\微商相册\11.20\原图\14CARTIER SANTOS DE CARTIER WATCH WSSA0071\详情图\wsxc1732095703596_4.jpg,23,watch,,dummy_images\WATCH\1.CARTIER\微商相册\11.20\已整理\14CARTIER SANTOS DE CARTIER WATCH WSSA0071\详情图\WSSA0071-05.jpg,cvs\new_watermark.png
dummy_images\WATCH\1.CARTIER\微商相册\11.20\原图\14CARTIER SANTOS DE CARTIER WATCH WSSA0071\详情图\wsxc1732095703596_5.jpg,23,watch,,dummy_images\WATCH\1.CARTIER\微商相册\11.20\已整理\14CARTIER SANTOS DE CARTIER WATCH WSSA0071\详情图\WSSA0071-06.jpg,cvs\new_watermark.png
dummy_images\WATCH\1.CARTIER\微商相册\11.20\原图\14CARTIER SANTOS DE CARTIER WATCH WSSA0071\详情图\wsxc1732095703596_6.jpg,23,watch,,dummy_images\WATCH\1.CARTIER\微商相册\11.20\已整理\14CARTIER SANTOS DE CARTIER WATCH WSSA0071\详情图\WSSA0071-07.jpg,cvs\new_watermark.png
dummy_images\WATCH\1.CARTIER\微商相册\11.20\原图\14CARTIER SANTOS DE CARTIER WATCH WSSA0071\详情图\wsxc1732095703596_7.jpg,23,watch,,dummy_images\WATCH\1.CARTIER\微商相册\11.20\已整理\14CARTIER SANTOS DE CARTIER WATCH WSSA0071\详情图\WSSA0071-08.jpg,cvs\new_watermark.png
dummy_images\WATCH\1.CARTIER\微商相册\11.20\原图\16CARTIER SANTOS THREE-SIDED WATCH WM505914\主图\WM505914.jpg,24,watch,,,cvs\new_watermark.png
dummy_images\WATCH\1.CARTIER\微商相册\11.20\原图\16CARTIER SANTOS THREE-SIDED WATCH WM505914\附图\WM505914-1.jpg,24,watch,,dummy_images\WATCH\1.CARTIER\微商相册\11.20\已整理\16CARTIER SANTOS THREE-SIDED WATCH WM505914\附图\WM505914-1.jpg,cvs\new_watermark.png
dummy_images\WATCH\1.CARTIER\微商相册\11.20\原图\16CARTIER SANTOS THREE-SIDED WATCH WM505914\附图\WM505914-2.jpg,24,watch,,dummy_images\WATCH\1.CARTIER\微商相册\11.20\已整理\16CARTIER SANTOS THREE-SIDED WATCH WM505914\附图\WM505914-2.jpg,cvs\new_watermark.png
dummy_images\WATCH\1.CARTIER\微商相册\11.20\原图\16CARTIER SANTOS THREE-SIDED WATCH WM505914\附图\WM505914-3.jpg,24,watch,,dummy_images\WATCH\1.CARTIER\微商相册\11.20\已整理\16CARTIER SANTOS THREE-SIDED WATCH WM505914\附图\WM505914-3.jpg,cvs\new_watermark.png
dummy_images\WATCH\1.CARTIER\微商相册\11.20\原图\16CARTIER SANTOS THREE-SIDED WATCH WM505914\附图\WM505914-4.jpg,24,watch,,dummy_images\WATCH\1.CARTIER\微商相册\11.20\已整理\16CARTIER SANTOS THREE-SIDED WATCH WM505914\附图\WM505914-4.jpg,cvs\new_watermark.png
dummy_images\WATCH\1.CARTIER\微商相册\11.20\原图\16CARTIER SANTOS THREE-SIDED WATCH WM505914\详情图\WM505914-01.jpg,24,watch,,dummy_images\WATCH\1.CARTIER\微商相册\11.20\已整理\14CARTIER SANTOS DE CARTIER WATCH WSSA0071\详情图\WSSA0071-01.jpg,cvs\new_watermark.png
dummy_images\WATCH\1.CARTIER\微商相册\11.20\原图\16CARTIER SANTOS THREE-SIDED WATCH WM505914\详情图\WM505914-02.jpg,24,watch,,dummy_images\WATCH\1.CARTIER\微商相册\11.20\已整理\14CARTIER SANTOS DE CARTIER WATCH WSSA0071\详情图\WSSA0071-02.jpg,cvs\new_watermark.png
dummy_images\WATCH\1.CARTIER\微商相册\11.20\原图\16CARTIER SANTOS THREE-SIDED WATCH WM505914\详情图\WM505914-03.jpg,24,watch,,dummy_images\WATCH\1.CARTIER\微商相册\11.20\已整理\14CARTIER SANTOS DE CARTIER WATCH WSSA0071\详情图\WSSA0071-03.jpg,cvs\new_watermark.png
dummy_images\WATCH\1.CARTIER\微商相册\11.20\原图\16CARTIER SANTOS THREE-SIDED WATCH WM505914\详情图\WM505914-04.jpg,24,watch,,dummy_images\WATCH\1.CARTIER\微商相册\11.20\已整理\14CARTIER SANTOS DE CARTIER WATCH WSSA0071\详情图\WSSA0071-04.jpg,cvs\new_watermark.png
dummy_images\WATCH\1.CARTIER\微商相册\11.20\原图\16CARTIER SANTOS THREE-SIDED WATCH WM505914\详情图\WM505914-05.jpg,24,watch,,dummy_images\WATCH\1.CARTIER\微商相册\11.20\已整理\14CARTIER SANTOS DE CARTIER WATCH WSSA0071\详情图\WSSA0071-05.jpg,cvs\new_watermark.png
dummy_images\WATCH\1.CARTIER\微商相册\11.20\原图\16CARTIER SANTOS THREE-SIDED WATCH WM505914\详情图\WM505914-06.jpg,24,watch,,dummy_images\WATCH\1.CARTIER\微商相册\11.20\已整理\14CARTIER SANTOS DE CARTIER WATCH WSSA0071\详情图\WSSA0071-06.jpg,cvs\new_watermark.png
dummy_images\WATCH\1.CARTIER\微商相册\11.20\原图\16CARTIER SANTOS THREE-SIDED WATCH WM505914\详情图\WM505914-07.jpg,24,watch,,dummy_images\WATCH\1.CARTIER\微商相册\11.20\已整理\14CARTIER SANTOS DE CARTIER WATCH WSSA0071\详情图\WSSA0071-07.jpg,cvs\new_watermark.png
dummy_images\WATCH\1.CARTIER\微商相册\11.20\原图\16CARTIER SANTOS THREE-SIDED WATCH WM505914\详情图\WM505914-08.jpg,24,watch,,dummy_images\WATCH\1.CARTIER\微商相册\11.20\已整理\14CARTIER SANTOS DE CARTIER WATCH WSSA0071\详情图\WSSA0071-08.jpg,cvs\new_watermark.png
dummy_images\WATCH\1.CARTIER\微商相册\11.20\原图\18CARTIER TANK LOUIS CARTIER WATCH WGTA0011\主图\WGTA0011.jpeg,25,watch,,,cvs\new_watermark.png
dummy_images\WATCH\1.CARTIER\微商相册\11.20\原图\18CARTIER TANK LOUIS CARTIER WATCH WGTA0011\附图\WGTA0011-1.jpeg,25,watch,,dummy_images\WATCH\1.CARTIER\微商相册\11.20\已整理\18CARTIER TANK LOUIS CARTIER WATCH WGTA0011\附图\WGTA0011-1.jpg,cvs\new_watermark.png
dummy_images\WATCH\1.CARTIER\微商相册\11.20\原图\18CARTIER TANK LOUIS CARTIER WATCH WGTA0011\附图\WGTA0011-2.jpeg,25,watch,,dummy_images\WATCH\1.CARTIER\微商相册\11.20\已整理\18CARTIER TANK LOUIS CARTIER WATCH WGTA0011\附图\WGTA0011-2.jpg,cvs\new_watermark.png
dummy_images\WATCH\1.CARTIER\微商相册\11.20\原图\18CARTIER TANK LOUIS CARTIER WATCH WGTA0011\附图\WGTA0011-3.jpeg,25,watch,,dummy_images\WATCH\1.CARTIER\微商相册\11.20\已整理\18CARTIER TANK LOUIS CARTIER WATCH WGTA0011\附图\WGTA0011-3.jpg,cvs\new_watermark.png
dummy_images\WATCH\1.CARTIER\微商相册\11.20\原图\18CARTIER TANK LOUIS CARTIER WATCH WGTA0011\附图\WGTA0011-4.jpeg,25,watch,,dummy_images\WATCH\1.CARTIER\微商相册\11.20\已整理\18CARTIER TANK LOUIS CARTIER WATCH WGTA0011\附图\WGTA0011-4.jpg,cvs\new_watermark.png
dummy_images\WATCH\1.CARTIER\微商相册\11.20\原图\18CARTIER TANK LOUIS CARTIER WATCH WGTA0011\附图\WGTA0011-5.jpeg,25,watch,,dummy_images\WATCH\1.CARTIER\微商相册\11.20\已整理\18CARTIER TANK LOUIS CARTIER WATCH WGTA0011\附图\WGTA0011-5.jpg,cvs\new_watermark.png
dummy_images\WATCH\1.CARTIER\微商相册\11.20\原图\18CARTIER TANK LOUIS CARTIER WATCH WGTA0011\附图\WGTA0011-6.jpeg,25,watch,,dummy_images\WATCH\1.CARTIER\微商相册\11.20\已整理\18CARTIER TANK LOUIS CARTIER WATCH WGTA0011\附图\WGTA0011-6.jpg,cvs\new_watermark.png
dummy_images\WATCH\1.CARTIER\微商相册\11.20\原图\18CARTIER TANK LOUIS CARTIER WATCH WGTA0011\附图\WGTA0011-7.jpeg,25,watch,,dummy_images\WATCH\1.CARTIER\微商相册\11.20\已整理\18CARTIER TANK LOUIS CARTIER WATCH WGTA0011\附图\WGTA0011-7.jpg,cvs\new_watermark.png
dummy_images\WATCH\1.CARTIER\微商相册\11.20\原图\18CARTIER TANK LOUIS CARTIER WATCH WGTA0011\附图\WGTA0011-8.jpeg,25,watch,,dummy_images\WATCH\1.CARTIER\微商相册\11.20\已整理\18CARTIER TANK LOUIS CARTIER WATCH WGTA0011\附图\WGTA0011-8.jpg,cvs\new_watermark.png
dummy_images\WATCH\1.CARTIER\微商相册\11.20\原图\18CARTIER TANK LOUIS CARTIER WATCH WGTA0011\详情图\WGTA0011-01.jpg,25,watch,,dummy_images\WATCH\1.CARTIER\微商相册\11.20\已整理\18CARTIER TANK LOUIS CARTIER WATCH WGTA0011\详情图\WGTA0011-01.jpg,cvs\new_watermark.png
dummy_images\WATCH\1.CARTIER\微商相册\11.20\原图\18CARTIER TANK LOUIS CARTIER WATCH WGTA0011\详情图\WGTA0011-02.jpg,25,watch,,dummy_images\WATCH\1.CARTIER\微商相册\11.20\已整理\18CARTIER TANK LOUIS CARTIER WATCH WGTA0011\详情图\WGTA0011-02.jpg,cvs\new_watermark.png
dummy_images\WATCH\1.CARTIER\微商相册\11.20\原图\18CARTIER TANK LOUIS CARTIER WATCH WGTA0011\详情图\WGTA0011-03.jpg,25,watch,,dummy_images\WATCH\1.CARTIER\微商相册\11.20\已整理\18CARTIER TANK LOUIS CARTIER WATCH WGTA0011\详情图\WGTA0011-03.jpg,cvs\new_watermark.png
dummy_images\WATCH\1.CARTIER\微商相册\11.20\原图\18CARTIER TANK LOUIS CARTIER WATCH WGTA0011\详情图\WGTA0011-04.jpg,25,watch,,dummy_images\WATCH\1.CARTIER\微商相册\11.20\已整理\18CARTIER TANK LOUIS CARTIER WATCH WGTA0011\详情图\WGTA0011-04.jpg,cvs\new_watermark.png
dummy_images\WATCH\1.CARTIER\微商相册\11.20\原图\18CARTIER TANK LOUIS CARTIER WATCH WGTA0011\详情图\WGTA0011-05.jpg,25,watch,,dummy_images\WATCH\1.CARTIER\微商相册\11.20\已整理\18CARTIER TANK LOUIS CARTIER WATCH WGTA0011\详情图\WGTA0011-05.jpg,cvs\new_watermark.png
dummy_images\WATCH\1.CARTIER\微商相册\11.20\原图\18CARTIER TANK LOUIS CARTIER WATCH WGTA0011\详情图\WGTA0011-06.jpg,25,watch,,dummy_images\WATCH\1.CARTIER\微商相册\11.20\已整理\18CARTIER TANK LOUIS CARTIER WATCH WGTA0011\详情图\WGTA0011-06.jpg,cvs\new_watermark.png
dummy_images\WATCH\1.CARTIER\微商相册\11.20\原图\18CARTIER TANK LOUIS CARTIER WATCH WGTA0011\详情图\WGTA0011-07.jpg,25,watch,,dummy_images\WATCH\1.CARTIER\微商相册\11.20\已整理\18CARTIER TANK LOUIS CARTIER WATCH WGTA0011\详情图\WGTA0011-07.jpg,cvs\new_watermark.png
dummy_images\WATCH\1.CARTIER\微商相册\11.20\原图\18CARTIER TANK LOUIS CARTIER WATCH WGTA0011\详情图\WGTA0011-08.jpg,25,watch,,dummy_images\WATCH\1.CARTIER\微商相册\11.20\已整理\18CARTIER TANK LOUIS CARTIER WATCH WGTA0011\详情图\WGTA0011-08.jpg,cvs\new_watermark.png
dummy_images\WATCH\1.CARTIER\微商相册\11.20\原图\19CARTIER TANK LOUIS CARTIER WATCH WJTA0015\主图\WJTA0015.jpeg,26,watch,,,cvs\new_watermark.png
dummy_images\WATCH\1.CARTIER\微商相册\11.20\原图\19CARTIER TANK LOUIS CARTIER WATCH WJTA0015\附图\WJTA0015-1.jpeg,26,watch,,dummy_images\WATCH\1.CARTIER\微商相册\11.20\已整理\19CARTIER TANK LOUIS CARTIER WATCH WJTA0015\附图\WJTA0015-1.jpg,cvs\new_watermark.png
dummy_images\WATCH\1.CARTIER\微商相册\11.20\原图\19CARTIER TANK LOUIS CARTIER WATCH WJTA0015\附图\WJTA0015-2.jpeg,26,watch,,dummy_images\WATCH\1.CARTIER\微商相册\11.20\已整理\19CARTIER TANK LOUIS CARTIER WATCH WJTA0015\附图\WJTA0015-2.jpg,cvs\new_watermark.png
dummy_images\WATCH\1.CARTIER\微商相册\11.20\原图\19CARTIER TANK LOUIS CARTIER WATCH WJTA0015\附图\WJTA0015-3.jpeg,26,watch,,dummy_images\WATCH\1.CARTIER\微商相册\11.20\已整理\19CARTIER TANK LOUIS CARTIER WATCH WJTA0015\附图\WJTA0015-3.jpg,cvs\new_watermark.png
dummy_images\WATCH\1.CARTIER\微商相册\11.20\原图\19CARTIER TANK LOUIS CARTIER WATCH WJTA0015\附图\WJTA0015-4.jpeg,26,watch,,dummy_images\WATCH\1.CARTIER\微商相册\11.20\已整理\19CARTIER TANK LOUIS CARTIER WATCH WJTA0015\附图\WJTA0015-4.jpg,cvs\new_watermark.png
dummy_images\WATCH\1.CARTIER\微商相册\11.20\原图\19CARTIER TANK LOUIS CARTIER WATCH WJTA0015\附图\WJTA0015-5.jpeg,26,watch,,dummy_images\WATCH\1.CARTIER\微商相册\11.20\已整理\19CARTIER TANK LOUIS CARTIER WATCH WJTA0015\附图\WJTA0015-5.jpg,cvs\new_watermark.png
dummy_images\WATCH\1.CARTIER\微商相册\11.20\原图\19CARTIER TANK LOUIS CARTIER WATCH WJTA0015\附图\WJTA0015-6.jpeg,26,watch,,dummy_images\WATCH\1.CARTIER\微商相册\11.20\已整理\19CARTIER TANK LOUIS CARTIER WATCH WJTA0015\附图\WJTA0015-6.jpg,cvs\new_watermark.png
dummy_images\WATCH\1.CARTIER\微商相册\11.20\原图\19CARTIER TANK LOUIS CARTIER WATCH WJTA0015\附图\WJTA0015-7.jpeg,26,watch,,dummy_images\WATCH\1.CARTIER\微商相册\11.20\已整理\19CARTIER TANK LOUIS CARTIER WATCH WJTA0015\附图\WJTA0015-7.jpg,cvs\new_watermark.png
dummy_images\WATCH\1.CARTIER\微商相册\11.20\原图\19CARTIER TANK LOUIS CARTIER WATCH WJTA0015\详情图\WJTA0015-01.jpg,26,watch,,dummy_images\WATCH\1.CARTIER\微商相册\11.20\已整理\19CARTIER TANK LOUIS CARTIER WATCH WJTA0015\详情图\WJTA0015-01.jpg,cvs\new_watermark.png
dummy_images\WATCH\1.CARTIER\微商相册\11.20\原图\19CARTIER TANK LOUIS CARTIER WATCH WJTA0015\详情图\WJTA0015-02.jpg,26,watch,,dummy_images\WATCH\1.CARTIER\微商相册\11.20\已整理\19CARTIER TANK LOUIS CARTIER WATCH WJTA0015\详情图\WJTA0015-02.jpg,cvs\new_watermark.png
dummy_images\WATCH\1.CARTIER\微商相册\11.20\原图\19CARTIER TANK LOUIS CARTIER WATCH WJTA0015\详情图\WJTA0015-03.jpg,26,watch,,dummy_images\WATCH\1.CARTIER\微商相册\11.20\已整理\19CARTIER TANK LOUIS CARTIER WATCH WJTA0015\详情图\WJTA0015-03.jpg,cvs\new_watermark.png
dummy_images\WATCH\1.CARTIER\微商相册\11.20\原图\19CARTIER TANK LOUIS CARTIER WATCH WJTA0015\详情图\WJTA0015-04.jpg,26,watch,,dummy_images\WATCH\1.CARTIER\微商相册\11.20\已整理\19CARTIER TANK LOUIS CARTIER WATCH WJTA0015\详情图\WJTA0015-04.jpg,cvs\new_watermark.png
dummy_images\WATCH\1.CARTIER\微商相册\11.20\原图\19CARTIER TANK LOUIS CARTIER WATCH WJTA0015\详情图\WJTA0015-05.jpg,26,watch,,dummy_images\WATCH\1.CARTIER\微商相册\11.20\已整理\19CARTIER TANK LOUIS CARTIER WATCH WJTA0015\详情图\WJTA0015-05.jpg,cvs\new_watermark.png
dummy_images\WATCH\1.CARTIER\微商相册\11.20\原图\19CARTIER TANK LOUIS CARTIER WATCH WJTA0015\详情图\WJTA0015-06.jpg,26,watch,,dummy_images\WATCH\1.CARTIER\微商相册\11.20\已整理\19CARTIER TANK LOUIS CARTIER WATCH WJTA0015\详情图\WJTA0015-06.jpg,cvs\new_watermark.png
dummy_images\WATCH\1.CARTIER\微商相册\11.20\原图\19CARTIER TANK LOUIS CARTIER WATCH WJTA0015\详情图\WJTA0015-07.jpg,26,watch,,dummy_images\WATCH\1.CARTIER\微商相册\11.20\已整理\19CARTIER TANK LOUIS CARTIER WATCH WJTA0015\详情图\WJTA0015-07.jpg,cvs\new_watermark.png
dummy_images\WATCH\1.CARTIER\微商相册\11.20\原图\19CARTIER TANK LOUIS CARTIER WATCH WJTA0015\详情图\WJTA0015-08.jpg,26,watch,,dummy_images\WATCH\1.CARTIER\微商相册\11.20\已整理\19CARTIER TANK LOUIS CARTIER WATCH WJTA0015\详情图\WJTA0015-08.jpg,cvs\new_watermark.png
dummy_images\WATCH\1.CARTIER\微商相册\11.20\原图\19CARTIER TANK LOUIS CARTIER WATCH WJTA0015\详情图\WJTA0015-09.jpg,26,watch,,dummy_images\WATCH\1.CARTIER\微商相册\11.20\已整理\19CARTIER TANK LOUIS CARTIER WATCH WJTA0015\详情图\WJTA0015-09.jpg,cvs\new_watermark.png
dummy_images\WATCH\1.CARTIER\微商相册\11.20\原图\25CARTIER TANK SOLO WATCH W5200027\主图\W5200027.jpg,27,watch,,,cvs\new_watermark.png
dummy_images\WATCH\1.CARTIER\微商相册\11.20\原图\25CARTIER TANK SOLO WATCH W5200027\附图\W5200027-1.jpg,27,watch,,dummy_images\WATCH\1.CARTIER\微商相册\11.20\已整理\25CARTIER TANK SOLO WATCH W5200027\附图\W5200027-1.jpg,cvs\new_watermark.png
dummy_images\WATCH\1.CARTIER\微商相册\11.20\原图\25CARTIER TANK SOLO WATCH W5200027\附图\W5200027-2.jpg,27,watch,,dummy_images\WATCH\1.CARTIER\微商相册\11.20\已整理\25CARTIER TANK SOLO WATCH W5200027\附图\W5200027-2.jpg,cvs\new_watermark.png
dummy_images\WATCH\1.CARTIER\微商相册\11.20\原图\25CARTIER TANK SOLO WATCH W5200027\附图\W5200027-3.jpg,27,watch,,dummy_images\WATCH\1.CARTIER\微商相册\11.20\已整理\25CARTIER TANK SOLO WATCH W5200027\附图\W5200027-3.jpg,cvs\new_watermark.png
dummy_images\WATCH\1.CARTIER\微商相册\11.20\原图\25CARTIER TANK SOLO WATCH W5200027\附图\W5200027-4.jpg,27,watch,,dummy_images\WATCH\1.CARTIER\微商相册\11.20\已整理\25CARTIER TANK SOLO WATCH W5200027\附图\W5200027-4.jpg,cvs\new_watermark.png
dummy_images\WATCH\1.CARTIER\微商相册\11.20\原图\25CARTIER TANK SOLO WATCH W5200027\附图\W5200027-5.jpg,27,watch,,dummy_images\WATCH\1.CARTIER\微商相册\11.20\已整理\25CARTIER TANK SOLO WATCH W5200027\附图\W5200027-5.jpg,cvs\new_watermark.png
dummy_images\WATCH\1.CARTIER\微商相册\11.20\原图\25CARTIER TANK SOLO WATCH W5200027\详情图\W5200027-01.jpg,27,watch,,dummy_images\WATCH\1.CARTIER\微商相册\11.20\已整理\25CARTIER TANK SOLO WATCH W5200027\详情图\W5200027-01.jpg,cvs\new_watermark.png
dummy_images\WATCH\1.CARTIER\微商相册\11.20\原图\25CARTIER TANK SOLO WATCH W5200027\详情图\W5200027-02.jpg,27,watch,,dummy_images\WATCH\1.CARTIER\微商相册\11.20\已整理\25CARTIER TANK SOLO WATCH W5200027\详情图\W5200027-02.jpg,cvs\new_watermark.png
dummy_images\WATCH\1.CARTIER\微商相册\11.20\原图\25CARTIER TANK SOLO WATCH W5200027\详情图\W5200027-03.jpg,27,watch,,dummy_images\WATCH\1.CARTIER\微商相册\11.20\已整理\25CARTIER TANK SOLO WATCH W5200027\详情图\W5200027-03.jpg,cvs\new_watermark.png
dummy_images\WATCH\1.CARTIER\微商相册\11.20\原图\25CARTIER TANK SOLO WATCH W5200027\详情图\W5200027-04.jpg,27,watch,,dummy_images\WATCH\1.CARTIER\微商相册\11.20\已整理\25CARTIER TANK SOLO WATCH W5200027\详情图\W5200027-04.jpg,cvs\new_watermark.png
dummy_images\WATCH\1.CARTIER\微商相册\11.20\原图\25CARTIER TANK SOLO WATCH W5200027\详情图\W5200027-05.jpg,27,watch,,dummy_images\WATCH\1.CARTIER\微商相册\11.20\已整理\25CARTIER TANK SOLO WATCH W5200027\详情图\W5200027-05.jpg,cvs\new_watermark.png
dummy_images\WATCH\1.CARTIER\微商相册\11.20\原图\25CARTIER TANK SOLO WATCH W5200027\详情图\W5200027-06.jpg,27,watch,,dummy_images\WATCH\1.CARTIER\微商相册\11.20\已整理\25CARTIER TANK SOLO WATCH W5200027\详情图\W5200027-06.jpg,cvs\new_watermark.png
dummy_images\WATCH\1.CARTIER\微商相册\11.20\原图\25CARTIER TANK SOLO WATCH W5200027\详情图\W5200027-07.jpg,27,watch,,dummy_images\WATCH\1.CARTIER\微商相册\11.20\已整理\25CARTIER TANK SOLO WATCH W5200027\详情图\W5200027-07.jpg,cvs\new_watermark.png
dummy_images\WATCH\1.CARTIER\微商相册\11.20\原图\25CARTIER TANK SOLO WATCH W5200027\详情图\W5200027-08.jpg,27,watch,,dummy_images\WATCH\1.CARTIER\微商相册\11.20\已整理\25CARTIER TANK SOLO WATCH W5200027\详情图\W5200027-08.jpg,cvs\new_watermark.png
dummy_images\WATCH\1.CARTIER\微商相册\11.21\原图\1.CARTIER BALLON BLEU DE CARTIER WATCH WSBB0039\主图\WSBB0039.jpg,28,watch,,,cvs\new_watermark.png
dummy_images\WATCH\1.CARTIER\微商相册\11.21\原图\1.CARTIER BALLON BLEU DE CARTIER WATCH WSBB0039\附图\WSBB0039-1.jpeg,28,watch,,dummy_images\WATCH\1.CARTIER\微商相册\11.21\已整理\1.CARTIER BALLON BLEU DE CARTIER WATCH WSBB0039\附图\WSBB0039-1.jpeg,cvs\new_watermark.png
dummy_images\WATCH\1.CARTIER\微商相册\11.21\原图\1.CARTIER BALLON BLEU DE CARTIER WATCH WSBB0039\附图\WSBB0039-2.jpg,28,watch,,dummy_images\WATCH\1.CARTIER\微商相册\11.21\已整理\1.CARTIER BALLON BLEU DE CARTIER WATCH WSBB0039\附图\WSBB0039-2.jpg,cvs\new_watermark.png
dummy_images\WATCH\1.CARTIER\微商相册\11.21\原图\1.CARTIER BALLON BLEU DE CARTIER WATCH WSBB0039\附图\WSBB0039-3.jpeg,28,watch,,dummy_images\WATCH\1.CARTIER\微商相册\11.21\已整理\1.CARTIER BALLON BLEU DE CARTIER WATCH WSBB0039\附图\WSBB0039-3.jpeg,cvs\new_watermark.png
dummy_images\WATCH\1.CARTIER\微商相册\11.21\原图\1.CARTIER BALLON BLEU DE CARTIER WATCH WSBB0039\详情图\WSBB0039-01.jpg,28,watch,,dummy_images\WATCH\1.CARTIER\微商相册\11.21\已整理\1.CARTIER BALLON BLEU DE CARTIER WATCH WSBB0039\详情图\WSBB0039-01.jpg,cvs\new_watermark.png
dummy_images\WATCH\1.CARTIER\微商相册\11.21\原图\1.CARTIER BALLON BLEU DE CARTIER WATCH WSBB0039\详情图\WSBB0039-02.jpg,28,watch,,dummy_images\WATCH\1.CARTIER\微商相册\11.21\已整理\1.CARTIER BALLON BLEU DE CARTIER WATCH WSBB0039\详情图\WSBB0039-02.jpg,cvs\new_watermark.png
dummy_images\WATCH\1.CARTIER\微商相册\11.21\原图\1.CARTIER BALLON BLEU DE CARTIER WATCH WSBB0039\详情图\WSBB0039-03.jpg,28,watch,,dummy_images\WATCH\1.CARTIER\微商相册\11.21\已整理\1.CARTIER BALLON BLEU DE CARTIER WATCH WSBB0039\详情图\WSBB0039-03.jpg,cvs\new_watermark.png
dummy_images\WATCH\1.CARTIER\微商相册\11.21\原图\1.CARTIER BALLON BLEU DE CARTIER WATCH WSBB0039\详情图\WSBB0039-04.jpg,28,watch,,dummy_images\WATCH\1.CARTIER\微商相册\11.21\已整理\1.CARTIER BALLON BLEU DE CARTIER WATCH WSBB0039\详情图\WSBB0039-04.jpg,cvs\new_watermark.png
dummy_images\WATCH\1.CARTIER\微商相册\11.21\原图\1.CARTIER BALLON BLEU DE CARTIER WATCH WSBB0039\详情图\WSBB0039-05.jpg,28,watch,,dummy_images\WATCH\1.CARTIER\微商相册\11.21\已整理\1.CARTIER BALLON BLEU DE CARTIER WATCH WSBB0039\详情图\WSBB0039-05.jpg,cvs\new_watermark.png
dummy_images\WATCH\1.CARTIER\微商相册\11.21\原图\1.CARTIER BALLON BLEU DE CARTIER WATCH WSBB0039\详情图\WSBB0039-06.jpg,28,watch,,dummy_images\WATCH\1.CARTIER\微商相册\11.21\已整理\1.CARTIER BALLON BLEU DE CARTIER WATCH WSBB0039\详情图\WSBB0039-06.jpg,cvs\new_watermark.png
dummy_images\WATCH\1.CARTIER\微商相册\11.21\原图\1.CARTIER BALLON BLEU DE CARTIER WATCH WSBB0039\详情图\WSBB0039-07.jpg,28,watch,,dummy_images\WATCH\1.CARTIER\微商相册\11.21\已整理\1.CARTIER BALLON BLEU DE CARTIER WATCH WSBB0039\详情图\WSBB0039-07.jpg,cvs\new_watermark.png
dummy_images\WATCH\1.CARTIER\微商相册\11.21\原图\1.CARTIER BALLON BLEU DE CARTIER WATCH WSBB0039\详情图\WSBB0039-08.jpg,28,watch,,dummy_images\WATCH\1.CARTIER\微商相册\11.21\已整理\1.CARTIER BALLON BLEU DE CARTIER WATCH WSBB0039\详情图\WSBB0039-08.jpg,cvs\new_watermark.png
dummy_images\WATCH\1.CARTIER\微商相册\11.21\原图\1.CARTIER BALLON BLEU DE CARTIER WATCH WSBB0039\详情图\WSBB0039-09.jpg,28,watch,,dummy_images\WATCH\1.CARTIER\微商相册\11.21\已整理\1.CARTIER BALLON BLEU DE CARTIER WATCH WSBB0039\详情图\WSBB0039-09.jpg,cvs\new_watermark.png
dummy_images\WATCH\1.CARTIER\微商相册\11.21\原图\2.CARTIER BALLON BLEU DE MEN'S SILVER BROWN CARTIER WATCH WGBB0030\主图\WGBB0030.jpg,29,watch,,,cvs\new_watermark.png
dummy_images\WATCH\1.CARTIER\微商相册\11.21\原图\2.CARTIER BALLON BLEU DE MEN'S SILVER BROWN CARTIER WATCH WGBB0030\附图\WGBB0030-1.jpg,29,watch,,dummy_images\WATCH\1.CARTIER\微商相册\11.21\已整理\2.CARTIER BALLON BLEU DE MEN'S SILVER BROWN CARTIER WATCH WGBB0030\附图\WGBB0030-1.jpg,cvs\new_watermark.png
dummy_images\WATCH\1.CARTIER\微商相册\11.21\原图\2.CARTIER BALLON BLEU DE MEN'S SILVER BROWN CARTIER WATCH WGBB0030\附图\WGBB0030-2.jpg,29,watch,,dummy_images\WATCH\1.CARTIER\微商相册\11.21\已整理\2.CARTIER BALLON BLEU DE MEN'S SILVER BROWN CARTIER WATCH WGBB0030\附图\WGBB0030-2.jpg,cvs\new_watermark.png
dummy_images\WATCH\1.CARTIER\微商相册\11.21\原图\2.CARTIER BALLON BLEU DE MEN'S SILVER BROWN CARTIER WATCH WGBB0030\附图\WGBB0030-3.jpg,29,watch,,dummy_images\WATCH\1.CARTIER\微商相册\11.21\已整理\2.CARTIER BALLON BLEU DE MEN'S SILVER BROWN CARTIER WATCH WGBB0030\附图\WGBB0030-3.jpg,cvs\new_watermark.png
dummy_images\WATCH\1.CARTIER\微商相册\11.21\原图\2.CARTIER BALLON BLEU DE MEN'S SILVER BROWN CARTIER WATCH WGBB0030\附图\WGBB0030-4.jpg,29,watch,,dummy_images\WATCH\1.CARTIER\微商相册\11.21\已整理\2.CARTIER BALLON BLEU DE MEN'S SILVER BROWN CARTIER WATCH WGBB0030\附图\WGBB0030-4.jpg,cvs\new_watermark.png
dummy_images\WATCH\1.CARTIER\微商相册\11.21\原图\2.CARTIER BALLON BLEU DE MEN'S SILVER BROWN CARTIER WATCH WGBB0030\附图\WGBB0030-5.jpg,29,watch,,dummy_images\WATCH\1.CARTIER\微商相册\11.21\已整理\2.CARTIER BALLON BLEU DE MEN'S SILVER BROWN CARTIER WATCH WGBB0030\附图\WGBB0030-5.jpg,cvs\new_watermark.png
dummy_images\WATCH\1.CARTIER\微商相册\11.21\原图\2.CARTIER BALLON BLEU DE MEN'S SILVER BROWN CARTIER WATCH WGBB0030\详情图\WGBB0030-01.jpg,29,watch,,dummy_images\WATCH\1.CARTIER\微商相册\11.21\已整理\2.CARTIER BALLON BLEU DE MEN'S SILVER BROWN CARTIER WATCH WGBB0030\详情图\WGBB0030-01.jpg,cvs\new_watermark.png
dummy_images\WATCH\1.CARTIER\微商相册\11.21\原图\2.CARTIER BALLON BLEU DE MEN'S SILVER BROWN CARTIER WATCH WGBB0030\详情图\WGBB0030-02.jpg,29,watch,,dummy_images\WATCH\1.CARTIER\微商相册\11.21\已整理\2.CARTIER BALLON BLEU DE MEN'S SILVER BROWN CARTIER WATCH WGBB0030\详情图\WGBB0030-02.jpg,cvs\new_watermark.png
dummy_images\WATCH\1.CARTIER\微商相册\11.21\原图\2.CARTIER BALLON BLEU DE MEN'S SILVER BROWN CARTIER WATCH WGBB0030\详情图\WGBB0030-03.jpg,29,watch,,dummy_images\WATCH\1.CARTIER\微商相册\11.21\已整理\2.CARTIER BALLON BLEU DE MEN'S SILVER BROWN CARTIER WATCH WGBB0030\详情图\WGBB0030-03.jpg,cvs\new_watermark.png
dummy_images\WATCH\1.CARTIER\微商相册\11.21\原图\2.CARTIER BALLON BLEU DE MEN'S SILVER BROWN CARTIER WATCH WGBB0030\详情图\WGBB0030-04.jpg,29,watch,,dummy_images\WATCH\1.CARTIER\微商相册\11.21\已整理\2.CARTIER BALLON BLEU DE MEN'S SILVER BROWN CARTIER WATCH WGBB0030\详情图\WGBB0030-04.jpg,cvs\new_watermark.png
dummy_images\WATCH\1.CARTIER\微商相册\11.21\原图\2.CARTIER BALLON BLEU DE MEN'S SILVER BROWN CARTIER WATCH WGBB0030\详情图\WGBB0030-05.jpg,29,watch,,dummy_images\WATCH\1.CARTIER\微商相册\11.21\已整理\2.CARTIER BALLON BLEU DE MEN'S SILVER BROWN CARTIER WATCH WGBB0030\详情图\WGBB0030-05.jpg,cvs\new_watermark.png
dummy_images\WATCH\1.CARTIER\微商相册\11.21\原图\2.CARTIER BALLON BLEU DE MEN'S SILVER BROWN CARTIER WATCH WGBB0030\详情图\WGBB0030-06.jpg,29,watch,,dummy_images\WATCH\1.CARTIER\微商相册\11.21\已整理\2.CARTIER BALLON BLEU DE MEN'S SILVER BROWN CARTIER WATCH WGBB0030\详情图\WGBB0030-06.jpg,cvs\new_watermark.png
dummy_images\WATCH\1.CARTIER\微商相册\11.21\原图\2.CARTIER BALLON BLEU DE MEN'S SILVER BROWN CARTIER WATCH WGBB0030\详情图\WGBB0030-07.jpg,29,watch,,dummy_images\WATCH\1.CARTIER\微商相册\11.21\已整理\2.CARTIER BALLON BLEU DE MEN'S SILVER BROWN CARTIER WATCH WGBB0030\详情图\WGBB0030-07.jpg,cvs\new_watermark.png
dummy_images\WATCH\1.CARTIER\微商相册\11.21\原图\2.CARTIER BALLON BLEU DE MEN'S SILVER BROWN CARTIER WATCH WGBB0030\详情图\WGBB0030-08.jpg,29,watch,,dummy_images\WATCH\1.CARTIER\微商相册\11.21\已整理\2.CARTIER BALLON BLEU DE MEN'S SILVER BROWN CARTIER WATCH WGBB0030\详情图\WGBB0030-08.jpg,cvs\new_watermark.png
dummy_images\WATCH\1.CARTIER\微商相册\11.21\原图\2.CARTIER BALLON BLEU DE MEN'S SILVER BROWN CARTIER WATCH WGBB0030\详情图\WGBB0030-09.jpg,29,watch,,dummy_images\WATCH\1.CARTIER\微商相册\11.21\已整理\2.CARTIER BALLON BLEU DE MEN'S SILVER BROWN CARTIER WATCH WGBB0030\详情图\WGBB0030-09.jpg,cvs\new_watermark.png
dummy_images\WATCH\1.CARTIER\微商相册\11.21\原图\3.CARTIER BALLON BLEU DE SILVER SILVER STEEL CASSETTE MEN'S WATCH WSBB0049\主图\WSBB0049.png.jpg,30,watch,,,cvs\new_watermark.png
dummy_images\WATCH\1.CARTIER\微商相册\11.21\原图\3.CARTIER BALLON BLEU DE SILVER SILVER STEEL CASSETTE MEN'S WATCH WSBB0049\附图\WSBB0049-1.png,30,watch,,dummy_images\WATCH\1.CARTIER\微商相册\11.21\已整理\3.CARTIER BALLON BLEU DE SILVER SILVER STEEL CASSETTE MEN'S WATCH WSBB0049\附图\WSBB0049-1.jpg,cvs\new_watermark.png
dummy_images\WATCH\1.CARTIER\微商相册\11.21\原图\3.CARTIER BALLON BLEU DE SILVER SILVER STEEL CASSETTE MEN'S WATCH WSBB0049\附图\WSBB0049-2.jpeg,30,watch,,dummy_images\WATCH\1.CARTIER\微商相册\11.21\已整理\3.CARTIER BALLON BLEU DE SILVER SILVER STEEL CASSETTE MEN'S WATCH WSBB0049\附图\WSBB0049-2.jpeg,cvs\new_watermark.png
dummy_images\WATCH\1.CARTIER\微商相册\11.21\原图\3.CARTIER BALLON BLEU DE SILVER SILVER STEEL CASSETTE MEN'S WATCH WSBB0049\附图\WSBB0049-3.jpg,30,watch,,dummy_images\WATCH\1.CARTIER\微商相册\11.21\已整理\3.CARTIER BALLON BLEU DE SILVER SILVER STEEL CASSETTE MEN'S WATCH WSBB0049\附图\WSBB0049-3.jpg,cvs\new_watermark.png
dummy_images\WATCH\1.CARTIER\微商相册\11.21\原图\3.CARTIER BALLON BLEU DE SILVER SILVER STEEL CASSETTE MEN'S WATCH WSBB0049\附图\WSBB0049-4.jpg,30,watch,,dummy_images\WATCH\1.CARTIER\微商相册\11.21\已整理\3.CARTIER BALLON BLEU DE SILVER SILVER STEEL CASSETTE MEN'S WATCH WSBB0049\附图\WSBB0049-4.jpg,cvs\new_watermark.png
dummy_images\WATCH\1.CARTIER\微商相册\11.21\原图\3.CARTIER BALLON BLEU DE SILVER SILVER STEEL CASSETTE MEN'S WATCH WSBB0049\附图\WSBB0049-5.jpeg,30,watch,,dummy_images\WATCH\1.CARTIER\微商相册\11.21\已整理\3.CARTIER BALLON BLEU DE SILVER SILVER STEEL CASSETTE MEN'S WATCH WSBB0049\附图\WSBB0049-5.jpeg,cvs\new_watermark.png
dummy_images\WATCH\1.CARTIER\微商相册\11.21\原图\3.CARTIER BALLON BLEU DE SILVER SILVER STEEL CASSETTE MEN'S WATCH WSBB0049\详情图\WSBB0049-01.jpg,30,watch,,dummy_images\WATCH\1.CARTIER\微商相册\11.21\已整理\3.CARTIER BALLON BLEU DE SILVER SILVER STEEL CASSETTE MEN'S WATCH WSBB0049\详情图\WSBB0049-01.jpg,cvs\new_watermark.png
dummy_images\WATCH\1.CARTIER\微商相册\11.21\原图\3.CARTIER BALLON BLEU DE SILVER SILVER STEEL CASSETTE MEN'S WATCH WSBB0049\详情图\WSBB0049-02.jpg,30,watch,,dummy_images\WATCH\1.CARTIER\微商相册\11.21\已整理\3.CARTIER BALLON BLEU DE SILVER SILVER STEEL CASSETTE MEN'S WATCH WSBB0049\详情图\WSBB0049-02.jpg,cvs\new_watermark.png
dummy_images\WATCH\1.CARTIER\微商相册\11.21\原图\3.CARTIER BALLON BLEU DE SILVER SILVER STEEL CASSETTE MEN'S WATCH WSBB0049\详情图\WSBB0049-03.jpg,30,watch,,dummy_images\WATCH\1.CARTIER\微商相册\11.21\已整理\3.CARTIER BALLON BLEU DE SILVER SILVER STEEL CASSETTE MEN'S WATCH WSBB0049\详情图\WSBB0049-03.jpg,cvs\new_watermark.png
dummy_images\WATCH\1.CARTIER\微商相册\11.21\原图\3.CARTIER BALLON BLEU DE SILVER SILVER STEEL CASSETTE MEN'S WATCH WSBB0049\详情图\WSBB0049-04.jpg,30,watch,,dummy_images\WATCH\1.CARTIER\微商相册\11.21\已整理\3.CARTIER BALLON BLEU DE SILVER SILVER STEEL CASSETTE MEN'S WATCH WSBB0049\详情图\WSBB0049-04.jpg,cvs\new_watermark.png
dummy_images\WATCH\1.CARTIER\微商相册\11.21\原图\3.CARTIER BALLON BLEU DE SILVER SILVER STEEL CASSETTE MEN'S WATCH WSBB0049\详情图\WSBB0049-05.jpg,30,watch,,dummy_images\WATCH\1.CARTIER\微商相册\11.21\已整理\3.CARTIER BALLON BLEU DE SILVER SILVER STEEL CASSETTE MEN'S WATCH WSBB0049\详情图\WSBB0049-05.jpg,cvs\new_watermark.png
dummy_images\WATCH\1.CARTIER\微商相册\11.21\原图\3.CARTIER BALLON BLEU DE SILVER SILVER STEEL CASSETTE MEN'S WATCH WSBB0049\详情图\WSBB0049-06.jpg,30,watch,,dummy_images\WATCH\1.CARTIER\微商相册\11.21\已整理\3.CARTIER BALLON BLEU DE SILVER SILVER STEEL CASSETTE MEN'S WATCH WSBB0049\详情图\WSBB0049-06.jpg,cvs\new_watermark.png
dummy_images\WATCH\1.CARTIER\微商相册\11.21\原图\3.CARTIER BALLON BLEU DE SILVER SILVER STEEL CASSETTE MEN'S WATCH WSBB0049\详情图\WSBB0049-07.jpg,30,watch,,dummy_images\WATCH\1.CARTIER\微商相册\11.21\已整理\3.CARTIER BALLON BLEU DE SILVER SILVER STEEL CASSETTE MEN'S WATCH WSBB0049\详情图\WSBB0049-07.jpg,cvs\new_watermark.png
dummy_images\WATCH\1.CARTIER\微商相册\11.21\原图\3.CARTIER BALLON BLEU DE SILVER SILVER STEEL CASSETTE MEN'S WATCH WSBB0049\详情图\WSBB0049-08.jpg,30,watch,,dummy_images\WATCH\1.CARTIER\微商相册\11.21\已整理\3.CARTIER BALLON BLEU DE SILVER SILVER STEEL CASSETTE MEN'S WATCH WSBB0049\详情图\WSBB0049-08.jpg,cvs\new_watermark.png
dummy_images\WATCH\1.CARTIER\微商相册\11.21\原图\3.CARTIER BALLON BLEU DE SILVER SILVER STEEL CASSETTE MEN'S WATCH WSBB0049\详情图\WSBB0049-09.jpg,30,watch,,dummy_images\WATCH\1.CARTIER\微商相册\11.21\已整理\3.CARTIER BALLON BLEU DE SILVER SILVER STEEL CASSETTE MEN'S WATCH WSBB0049\详情图\WSBB0049-09.jpg,cvs\new_watermark.png
dummy_images\WATCH\1.CARTIER\微商相册\11.21\原图\5.CARTIER BALLON BLEU 33 STEEL WOMEN'S WATCH AUTOMATIC WRIST W6920071\附图\W6920071-1.jpg,31,watch,,dummy_images\WATCH\1.CARTIER\微商相册\11.21\已整理\5.CARTIER BALLON BLEU 33 STEEL WOMEN'S WATCH AUTOMATIC WRIST W6920071\附图\W6920071-1 拷贝.jpg,cvs\new_watermark.png
dummy_images\WATCH\1.CARTIER\微商相册\11.21\原图\5.CARTIER BALLON BLEU 33 STEEL WOMEN'S WATCH AUTOMATIC WRIST W6920071\附图\W6920071-2.jpg,31,watch,,dummy_images\WATCH\1.CARTIER\微商相册\11.21\已整理\5.CARTIER BALLON BLEU 33 STEEL WOMEN'S WATCH AUTOMATIC WRIST W6920071\附图\W6920071-2 拷贝.jpg,cvs\new_watermark.png
dummy_images\WATCH\1.CARTIER\微商相册\11.21\原图\5.CARTIER BALLON BLEU 33 STEEL WOMEN'S WATCH AUTOMATIC WRIST W6920071\附图\W6920071-3.jpg,31,watch,,dummy_images\WATCH\1.CARTIER\微商相册\11.21\已整理\5.CARTIER BALLON BLEU 33 STEEL WOMEN'S WATCH AUTOMATIC WRIST W6920071\附图\W6920071-3 拷贝.jpg,cvs\new_watermark.png
dummy_images\WATCH\1.CARTIER\微商相册\11.21\原图\5.CARTIER BALLON BLEU 33 STEEL WOMEN'S WATCH AUTOMATIC WRIST W6920071\详情图\W6920071-01.jpg,31,watch,,dummy_images\WATCH\1.CARTIER\微商相册\11.21\已整理\5.CARTIER BALLON BLEU 33 STEEL WOMEN'S WATCH AUTOMATIC WRIST W6920071\详情图\W6920071-01.jpg,cvs\new_watermark.png
dummy_images\WATCH\1.CARTIER\微商相册\11.21\原图\5.CARTIER BALLON BLEU 33 STEEL WOMEN'S WATCH AUTOMATIC WRIST W6920071\详情图\W6920071-02.jpg,31,watch,,dummy_images\WATCH\1.CARTIER\微商相册\11.21\已整理\5.CARTIER BALLON BLEU 33 STEEL WOMEN'S WATCH AUTOMATIC WRIST W6920071\详情图\W6920071-02.jpg,cvs\new_watermark.png
dummy_images\WATCH\1.CARTIER\微商相册\11.21\原图\5.CARTIER BALLON BLEU 33 STEEL WOMEN'S WATCH AUTOMATIC WRIST W6920071\详情图\W6920071-03.jpg,31,watch,,dummy_images\WATCH\1.CARTIER\微商相册\11.21\已整理\5.CARTIER BALLON BLEU 33 STEEL WOMEN'S WATCH AUTOMATIC WRIST W6920071\详情图\W6920071-03.jpg,cvs\new_watermark.png
dummy_images\WATCH\1.CARTIER\微商相册\11.21\原图\5.CARTIER BALLON BLEU 33 STEEL WOMEN'S WATCH AUTOMATIC WRIST W6920071\详情图\W6920071-04.jpg,31,watch,,dummy_images\WATCH\1.CARTIER\微商相册\11.21\已整理\5.CARTIER BALLON BLEU 33 STEEL WOMEN'S WATCH AUTOMATIC WRIST W6920071\详情图\W6920071-04.jpg,cvs\new_watermark.png
dummy_images\WATCH\1.CARTIER\微商相册\11.21\原图\5.CARTIER BALLON BLEU 33 STEEL WOMEN'S WATCH AUTOMATIC WRIST W6920071\详情图\W6920071-05.jpg,31,watch,,dummy_images\WATCH\1.CARTIER\微商相册\11.21\已整理\5.CARTIER BALLON BLEU 33 STEEL WOMEN'S WATCH AUTOMATIC WRIST W6920071\详情图\W6920071-05.jpg,cvs\new_watermark.png
dummy_images\WATCH\1.CARTIER\微商相册\11.21\原图\5.CARTIER BALLON BLEU 33 STEEL WOMEN'S WATCH AUTOMATIC WRIST W6920071\详情图\W6920071-06.jpg,31,watch,,dummy_images\WATCH\1.CARTIER\微商相册\11.21\已整理\5.CARTIER BALLON BLEU 33 STEEL WOMEN'S WATCH AUTOMATIC WRIST W6920071\详情图\W6920071-06.jpg,cvs\new_watermark.png
dummy_images\WATCH\1.CARTIER\微商相册\11.21\原图\5.CARTIER BALLON BLEU 33 STEEL WOMEN'S WATCH AUTOMATIC WRIST W6920071\详情图\W6920071-07.jpg,31,watch,,dummy_images\WATCH\1.CARTIER\微商相册\11.21\已整理\5.CARTIER BALLON BLEU 33 STEEL WOMEN'S WATCH AUTOMATIC WRIST W6920071\详情图\W6920071-07.jpg,cvs\new_watermark.png
dummy_images\WATCH\1.CARTIER\微商相册\11.21\原图\5.CARTIER BALLON BLEU 33 STEEL WOMEN'S WATCH AUTOMATIC WRIST W6920071\详情图\W6920071-08.jpg,31,watch,,dummy_images\WATCH\1.CARTIER\微商相册\11.21\已整理\5.CARTIER BALLON BLEU 33 STEEL WOMEN'S WATCH AUTOMATIC WRIST W6920071\详情图\W6920071-08.jpg,cvs\new_watermark.png
dummy_images\WATCH\1.CARTIER\微商相册\11.21\原图\5.CARTIER BALLON BLEU 33 STEEL WOMEN'S WATCH AUTOMATIC WRIST W6920071\详情图\W6920071-09.jpg,31,watch,,dummy_images\WATCH\1.CARTIER\微商相册\11.21\已整理\5.CARTIER BALLON BLEU 33 STEEL WOMEN'S WATCH AUTOMATIC WRIST W6920071\详情图\W6920071-09.jpg,cvs\new_watermark.png
dummy_images\WATCH\1.CARTIER\微商相册\11.21\原图\6.CARTIER BALLON BLEU DE WATCH 28 MM STEEL DIAMOND CASE DIAMOND BEZEL PINK DIAL  W6920038\主图\W6920038.jpeg.jpg,32,watch,,,cvs\new_watermark.png
dummy_images\WATCH\1.CARTIER\微商相册\11.21\原图\6.CARTIER BALLON BLEU DE WATCH 28 MM STEEL DIAMOND CASE DIAMOND BEZEL PINK DIAL  W6920038\附图\W6920038-1.jpeg,32,watch,,dummy_images\WATCH\1.CARTIER\微商相册\11.21\已整理\6.CARTIER BALLON BLEU DE WATCH 28 MM STEEL DIAMOND CASE DIAMOND BEZEL PINK DIAL  W6920038\附图\W6920038-1 拷贝.jpg,cvs\new_watermark.png
dummy_images\WATCH\1.CARTIER\微商相册\11.21\原图\6.CARTIER BALLON BLEU DE WATCH 28 MM STEEL DIAMOND CASE DIAMOND BEZEL PINK DIAL  W6920038\附图\W6920038-2.jpeg,32,watch,,dummy_images\WATCH\1.CARTIER\微商相册\11.21\已整理\6.CARTIER BALLON BLEU DE WATCH 28 MM STEEL DIAMOND CASE DIAMOND BEZEL PINK DIAL  W6920038\附图\W6920038-2 拷贝.jpg,cvs\new_watermark.png
dummy_images\WATCH\1.CARTIER\微商相册\11.21\原图\6.CARTIER BALLON BLEU DE WATCH 28 MM STEEL DIAMOND CASE DIAMOND BEZEL PINK DIAL  W6920038\附图\W6920038-3.jpeg,32,watch,,dummy_images\WATCH\1.CARTIER\微商相册\11.21\已整理\6.CARTIER BALLON BLEU DE WATCH 28 MM STEEL DIAMOND CASE DIAMOND BEZEL PINK DIAL  W6920038\附图\W6920038-3 拷贝.jpg,cvs\new_watermark.png
dummy_images\WATCH\1.CARTIER\微商相册\11.21\原图\6.CARTIER BALLON BLEU DE WATCH 28 MM STEEL DIAMOND CASE DIAMOND BEZEL PINK DIAL  W6920038\详情图\W6920038-01.jpg,32,watch,,dummy_images\WATCH\1.CARTIER\微商相册\11.21\已整理\6.CARTIER BALLON BLEU DE WATCH 28 MM STEEL DIAMOND CASE DIAMOND BEZEL PINK DIAL  W6920038\详情图\W6920038-01.jpg,cvs\new_watermark.png
dummy_images\WATCH\1.CARTIER\微商相册\11.21\原图\6.CARTIER BALLON BLEU DE WATCH 28 MM STEEL DIAMOND CASE DIAMOND BEZEL PINK DIAL  W6920038\详情图\W6920038-02.jpg,32,watch,,dummy_images\WATCH\1.CARTIER\微商相册\11.21\已整理\6.CARTIER BALLON BLEU DE WATCH 28 MM STEEL DIAMOND CASE DIAMOND BEZEL PINK DIAL  W6920038\详情图\W6920038-02.jpg,cvs\new_watermark.png
dummy_images\WATCH\1.CARTIER\微商相册\11.21\原图\6.CARTIER BALLON BLEU DE WATCH 28 MM STEEL DIAMOND CASE DIAMOND BEZEL PINK DIAL  W6920038\详情图\W6920038-03.jpg,32,watch,,dummy_images\WATCH\1.CARTIER\微商相册\11.21\已整理\6.CARTIER BALLON BLEU DE WATCH 28 MM STEEL DIAMOND CASE DIAMOND BEZEL PINK DIAL  W6920038\详情图\W6920038-03.jpg,cvs\new_watermark.png
dummy_images\WATCH\1.CARTIER\微商相册\11.21\原图\6.CARTIER BALLON BLEU DE WATCH 28 MM STEEL DIAMOND CASE DIAMOND BEZEL PINK DIAL  W6920038\详情图\W6920038-04.jpg,32,watch,,dummy_images\WATCH\1.CARTIER\微商相册\11.21\已整理\6.CARTIER BALLON BLEU DE WATCH 28 MM STEEL DIAMOND CASE DIAMOND BEZEL PINK DIAL  W6920038\详情图\W6920038-04.jpg,cvs\new_watermark.png
dummy_images\WATCH\1.CARTIER\微商相册\11.21\原图\6.CARTIER BALLON BLEU DE WATCH 28 MM STEEL DIAMOND CASE DIAMOND BEZEL PINK DIAL  W6920038\详情图\W6920038-05.jpg,32,watch,,dummy_images\WATCH\1.CARTIER\微商相册\11.21\已整理\6.CARTIER BALLON BLEU DE WATCH 28 MM STEEL DIAMOND CASE DIAMOND BEZEL PINK DIAL  W6920038\详情图\W6920038-05.jpg,cvs\new_watermark.png
dummy_images\WATCH\1.CARTIER\微商相册\11.21\原图\6.CARTIER BALLON BLEU DE WATCH 28 MM STEEL DIAMOND CASE DIAMOND BEZEL PINK DIAL  W6920038\详情图\W6920038-06.jpg,32,watch,,dummy_images\WATCH\1.CARTIER\微商相册\11.21\已整理\6.CARTIER BALLON BLEU DE WATCH 28 MM STEEL DIAMOND CASE DIAMOND BEZEL PINK DIAL  W6920038\详情图\W6920038-06.jpg,cvs\new_watermark.png
dummy_images\WATCH\1.CARTIER\微商相册\11.21\原图\6.CARTIER BALLON BLEU DE WATCH 28 MM STEEL DIAMOND CASE DIAMOND BEZEL PINK DIAL  W6920038\详情图\W6920038-07.jpg,32,watch,,dummy_images\WATCH\1.CARTIER\微商相册\11.21\已整理\6.CARTIER BALLON BLEU DE WATCH 28 MM STEEL DIAMOND CASE DIAMOND BEZEL PINK DIAL  W6920038\详情图\W6920038-07.jpg,cvs\new_watermark.png
dummy_images\WATCH\1.CARTIER\微商相册\11.21\原图\6.CARTIER BALLON BLEU DE WATCH 28 MM STEEL DIAMOND CASE DIAMOND BEZEL PINK DIAL  W6920038\详情图\W6920038-08.jpg,32,watch,,dummy_images\WATCH\1.CARTIER\微商相册\11.21\已整理\6.CARTIER BALLON BLEU DE WATCH 28 MM STEEL DIAMOND CASE DIAMOND BEZEL PINK DIAL  W6920038\详情图\W6920038-08.jpg,cvs\new_watermark.png
dummy_images\WATCH\1.CARTIER\微商相册\11.21\原图\6.CARTIER BALLON BLEU DE WATCH 28 MM STEEL DIAMOND CASE DIAMOND BEZEL PINK DIAL  W6920038\详情图\W6920038-09.jpg,32,watch,,dummy_images\WATCH\1.CARTIER\微商相册\11.21\已整理\6.CARTIER BALLON BLEU DE WATCH 28 MM STEEL DIAMOND CASE DIAMOND BEZEL PINK DIAL  W6920038\详情图\W6920038-09.jpg,cvs\new_watermark.png
dummy_images\WATCH\1.CARTIER\微商相册\11.21\原图\7.CARTIER BALLON BLEU DE CARTIER 33MM QUARTZ RED DIAL IN RED LEATHER STRAP WSBB0022\主图\WSBB0022.jpg,33,watch,,,cvs\new_watermark.png
dummy_images\WATCH\1.CARTIER\微商相册\11.21\原图\7.CARTIER BALLON BLEU DE CARTIER 33MM QUARTZ RED DIAL IN RED LEATHER STRAP WSBB0022\附图\WSBB0022-1.jpg,33,watch,,dummy_images\WATCH\1.CARTIER\微商相册\11.21\已整理\7.CARTIER BALLON BLEU DE CARTIER 33MM QUARTZ RED DIAL IN RED LEATHER STRAP WSBB0022\附图\WSBB0022-1.jpg,cvs\new_watermark.png
dummy_images\WATCH\1.CARTIER\微商相册\11.21\原图\7.CARTIER BALLON BLEU DE CARTIER 33MM QUARTZ RED DIAL IN RED LEATHER STRAP WSBB0022\附图\WSBB0022-2.jpg,33,watch,,dummy_images\WATCH\1.CARTIER\微商相册\11.21\已整理\7.CARTIER BALLON BLEU DE CARTIER 33MM QUARTZ RED DIAL IN RED LEATHER STRAP WSBB0022\附图\WSBB0022-2.jpg,cvs\new_watermark.png
dummy_images\WATCH\1.CARTIER\微商相册\11.21\原图\7.CARTIER BALLON BLEU DE CARTIER 33MM QUARTZ RED DIAL IN RED LEATHER STRAP WSBB0022\附图\WSBB0022-3.jpg,33,watch,,dummy_images\WATCH\1.CARTIER\微商相册\11.21\已整理\7.CARTIER BALLON BLEU DE CARTIER 33MM QUARTZ RED DIAL IN RED LEATHER STRAP WSBB0022\附图\WSBB0022-3.jpg,cvs\new_watermark.png
dummy_images\WATCH\1.CARTIER\微商相册\11.21\原图\7.CARTIER BALLON BLEU DE CARTIER 33MM QUARTZ RED DIAL IN RED LEATHER STRAP WSBB0022\详情图\WSBB0022-01.jpg,33,watch,,dummy_images\WATCH\1.CARTIER\微商相册\11.21\已整理\7.CARTIER BALLON BLEU DE CARTIER 33MM QUARTZ RED DIAL IN RED LEATHER STRAP WSBB0022\详情图\WSBB0022-01.jpg,cvs\new_watermark.png
dummy_images\WATCH\1.CARTIER\微商相册\11.21\原图\7.CARTIER BALLON BLEU DE CARTIER 33MM QUARTZ RED DIAL IN RED LEATHER STRAP WSBB0022\详情图\WSBB0022-02.jpg,33,watch,,dummy_images\WATCH\1.CARTIER\微商相册\11.21\已整理\7.CARTIER BALLON BLEU DE CARTIER 33MM QUARTZ RED DIAL IN RED LEATHER STRAP WSBB0022\详情图\WSBB0022-02.jpg,cvs\new_watermark.png
dummy_images\WATCH\1.CARTIER\微商相册\11.21\原图\7.CARTIER BALLON BLEU DE CARTIER 33MM QUARTZ RED DIAL IN RED LEATHER STRAP WSBB0022\详情图\WSBB0022-03.jpg,33,watch,,dummy_images\WATCH\1.CARTIER\微商相册\11.21\已整理\7.CARTIER BALLON BLEU DE CARTIER 33MM QUARTZ RED DIAL IN RED LEATHER STRAP WSBB0022\详情图\WSBB0022-03.jpg,cvs\new_watermark.png
dummy_images\WATCH\1.CARTIER\微商相册\11.21\原图\7.CARTIER BALLON BLEU DE CARTIER 33MM QUARTZ RED DIAL IN RED LEATHER STRAP WSBB0022\详情图\WSBB0022-04.jpg,33,watch,,dummy_images\WATCH\1.CARTIER\微商相册\11.21\已整理\7.CARTIER BALLON BLEU DE CARTIER 33MM QUARTZ RED DIAL IN RED LEATHER STRAP WSBB0022\详情图\WSBB0022-04.jpg,cvs\new_watermark.png
dummy_images\WATCH\1.CARTIER\微商相册\11.21\原图\7.CARTIER BALLON BLEU DE CARTIER 33MM QUARTZ RED DIAL IN RED LEATHER STRAP WSBB0022\详情图\WSBB0022-05.jpg,33,watch,,dummy_images\WATCH\1.CARTIER\微商相册\11.21\已整理\7.CARTIER BALLON BLEU DE CARTIER 33MM QUARTZ RED DIAL IN RED LEATHER STRAP WSBB0022\详情图\WSBB0022-05.jpg,cvs\new_watermark.png
dummy_images\WATCH\1.CARTIER\微商相册\11.21\原图\7.CARTIER BALLON BLEU DE CARTIER 33MM QUARTZ RED DIAL IN RED LEATHER STRAP WSBB0022\详情图\WSBB0022-06.jpg,33,watch,,dummy_images\WATCH\1.CARTIER\微商相册\11.21\已整理\7.CARTIER BALLON BLEU DE CARTIER 33MM QUARTZ RED DIAL IN RED LEATHER STRAP WSBB0022\详情图\WSBB0022-06.jpg,cvs\new_watermark.png
dummy_images\WATCH\1.CARTIER\微商相册\11.21\原图\7.CARTIER BALLON BLEU DE CARTIER 33MM QUARTZ RED DIAL IN RED LEATHER STRAP WSBB0022\详情图\WSBB0022-07.jpg,33,watch,,dummy_images\WATCH\1.CARTIER\微商相册\11.21\已整理\7.CARTIER BALLON BLEU DE CARTIER 33MM QUARTZ RED DIAL IN RED LEATHER STRAP WSBB0022\详情图\WSBB0022-07.jpg,cvs\new_watermark.png
dummy_images\WATCH\1.CARTIER\微商相册\11.21\原图\7.CARTIER BALLON BLEU DE CARTIER 33MM QUARTZ RED DIAL IN RED LEATHER STRAP WSBB0022\详情图\WSBB0022-08.jpg,33,watch,,dummy_images\WATCH\1.CARTIER\微商相册\11.21\已整理\7.CARTIER BALLON BLEU DE CARTIER 33MM QUARTZ RED DIAL IN RED LEATHER STRAP WSBB0022\详情图\WSBB0022-08.jpg,cvs\new_watermark.png
dummy_images\WATCH\1.CARTIER\微商相册\11.21\原图\7.CARTIER BALLON BLEU DE CARTIER 33MM QUARTZ RED DIAL IN RED LEATHER STRAP WSBB0022\详情图\WSBB0022-09.jpg,33,watch,,dummy_images\WATCH\1.CARTIER\微商相册\11.21\已整理\7.CARTIER BALLON BLEU DE CARTIER 33MM QUARTZ RED DIAL IN RED LEATHER STRAP WSBB0022\详情图\WSBB0022-09.jpg,cvs\new_watermark.png
dummy_images\WATCH\1.CARTIER\微商相册\11.21\原图\8.CARTIER SANTOS 39.8MM LEATHER WATCH WSSA0018\主图\WSSA0018.jpg,34,watch,,,cvs\new_watermark.png
dummy_images\WATCH\1.CARTIER\微商相册\11.21\原图\8.CARTIER SANTOS 39.8MM LEATHER WATCH WSSA0018\附图\WSSA0018-1.jpg,34,watch,,dummy_images\WATCH\1.CARTIER\微商相册\11.21\已整理\8.CARTIER SANTOS 39.8MM LEATHER WATCH WSSA0018\附图\WSSA0018-1.jpg,cvs\new_watermark.png
dummy_images\WATCH\1.CARTIER\微商相册\11.21\原图\8.CARTIER SANTOS 39.8MM LEATHER WATCH WSSA0018\附图\WSSA0018-2.jpg,34,watch,,dummy_images\WATCH\1.CARTIER\微商相册\11.21\已整理\8.CARTIER SANTOS 39.8MM LEATHER WATCH WSSA0018\附图\WSSA0018-2.jpg,cvs\new_watermark.png
dummy_images\WATCH\1.CARTIER\微商相册\11.21\原图\8.CARTIER SANTOS 39.8MM LEATHER WATCH WSSA0018\附图\WSSA0018-3.jpg,34,watch,,dummy_images\WATCH\1.CARTIER\微商相册\11.21\已整理\8.CARTIER SANTOS 39.8MM LEATHER WATCH WSSA0018\附图\WSSA0018-3.jpg,cvs\new_watermark.png
dummy_images\WATCH\1.CARTIER\微商相册\11.21\原图\8.CARTIER SANTOS 39.8MM LEATHER WATCH WSSA0018\详情图\WSSA0018-001.jpg,34,watch,,dummy_images\WATCH\1.CARTIER\微商相册\11.21\已整理\8.CARTIER SANTOS 39.8MM LEATHER WATCH WSSA0018\详情图\WSSA0018-001 拷贝.jpg,cvs\new_watermark.png
dummy_images\WATCH\1.CARTIER\微商相册\11.21\原图\8.CARTIER SANTOS 39.8MM LEATHER WATCH WSSA0018\详情图\WSSA0018-01.jpg,34,watch,,dummy_images\WATCH\1.CARTIER\微商相册\11.21\已整理\8.CARTIER SANTOS 39.8MM LEATHER WATCH WSSA0018\详情图\WSSA0018-01 拷贝.jpg,cvs\new_watermark.png
dummy_images\WATCH\1.CARTIER\微商相册\11.21\原图\8.CARTIER SANTOS 39.8MM LEATHER WATCH WSSA0018\详情图\WSSA0018-02.jpg,34,watch,,dummy_images\WATCH\1.CARTIER\微商相册\11.21\已整理\8.CARTIER SANTOS 39.8MM LEATHER WATCH WSSA0018\详情图\WSSA0018-02.jpg,cvs\new_watermark.png
dummy_images\WATCH\1.CARTIER\微商相册\11.21\原图\8.CARTIER SANTOS 39.8MM LEATHER WATCH WSSA0018\详情图\WSSA0018-03.jpg,34,watch,,dummy_images\WATCH\1.CARTIER\微商相册\11.21\已整理\8.CARTIER SANTOS 39.8MM LEATHER WATCH WSSA0018\详情图\WSSA0018-03 拷贝.jpg,cvs\new_watermark.png
dummy_images\WATCH\1.CARTIER\微商相册\11.21\原图\8.CARTIER SANTOS 39.8MM LEATHER WATCH WSSA0018\详情图\WSSA0018-04.jpg,34,watch,,dummy_images\WATCH\1.CARTIER\微商相册\11.21\已整理\8.CARTIER SANTOS 39.8MM LEATHER WATCH WSSA0018\详情图\WSSA0018-04 拷贝.jpg,cvs\new_watermark.png
dummy_images\WATCH\1.CARTIER\微商相册\11.21\原图\8.CARTIER SANTOS 39.8MM LEATHER WATCH WSSA0018\详情图\WSSA0018-05.jpg,34,watch,,dummy_images\WATCH\1.CARTIER\微商相册\11.21\已整理\8.CARTIER SANTOS 39.8MM LEATHER WATCH WSSA0018\详情图\WSSA0018-05 拷贝.jpg,cvs\new_watermark.png
dummy_images\WATCH\1.CARTIER\微商相册\11.21\原图\8.CARTIER SANTOS 39.8MM LEATHER WATCH WSSA0018\详情图\WSSA0018-06.jpg,34,watch,,dummy_images\WATCH\1.CARTIER\微商相册\11.21\已整理\8.CARTIER SANTOS 39.8MM LEATHER WATCH WSSA0018\详情图\WSSA0018-06 拷贝.jpg,cvs\new_watermark.png
dummy_images\WATCH\1.CARTIER\微商相册\11.21\原图\8.CARTIER SANTOS 39.8MM LEATHER WATCH WSSA0018\详情图\WSSA0018-07.jpg,34,watch,,dummy_images\WATCH\1.CARTIER\微商相册\11.21\已整理\8.CARTIER SANTOS 39.8MM LEATHER WATCH WSSA0018\详情图\WSSA0018-07 拷贝.jpg,cvs\new_watermark.png
dummy_images\WATCH\1.CARTIER\微商相册\11.21\原图\8.CARTIER SANTOS 39.8MM LEATHER WATCH WSSA0018\详情图\WSSA0018-08.jpg,34,watch,,dummy_images\WATCH\1.CARTIER\微商相册\11.21\已整理\8.CARTIER SANTOS 39.8MM LEATHER WATCH WSSA0018\详情图\WSSA0018-08 拷贝.jpg,cvs\new_watermark.png
dummy_images\WATCH\1.CARTIER\微商相册\11.21\原图\4.CARTIER BALLON BLEU AUTOMATIC MEN'S WATCH WSBB0015\主图\WSBB0015.jpg,41,watch,,,cvs\new_watermark.png
dummy_images\WATCH\1.CARTIER\微商相册\11.21\原图\4.CARTIER BALLON BLEU AUTOMATIC MEN'S WATCH WSBB0015\附图\WSBB0015-1.jpg,41,watch,,dummy_images\WATCH\1.CARTIER\微商相册\11.21\已整理\4.CARTIER BALLON BLEU AUTOMATIC MEN'S WATCH WSBB0015\附图\WSBB0015-1 拷贝.jpg,cvs\new_watermark.png
dummy_images\WATCH\1.CARTIER\微商相册\11.21\原图\4.CARTIER BALLON BLEU AUTOMATIC MEN'S WATCH WSBB0015\附图\WSBB0015-2.jpg,41,watch,,dummy_images\WATCH\1.CARTIER\微商相册\11.21\已整理\4.CARTIER BALLON BLEU AUTOMATIC MEN'S WATCH WSBB0015\附图\WSBB0015-2 拷贝.jpg,cvs\new_watermark.png
dummy_images\WATCH\1.CARTIER\微商相册\11.21\原图\4.CARTIER BALLON BLEU AUTOMATIC MEN'S WATCH WSBB0015\详情图\WSBB0015-01.jpg,41,watch,,dummy_images\WATCH\1.CARTIER\微商相册\11.21\已整理\4.CARTIER BALLON BLEU AUTOMATIC MEN'S WATCH WSBB0015\详情图\WSBB0015-01.jpg,cvs\new_watermark.png
dummy_images\WATCH\1.CARTIER\微商相册\11.21\原图\4.CARTIER BALLON BLEU AUTOMATIC MEN'S WATCH WSBB0015\详情图\WSBB0015-02.jpg,41,watch,,dummy_images\WATCH\1.CARTIER\微商相册\11.21\已整理\4.CARTIER BALLON BLEU AUTOMATIC MEN'S WATCH WSBB0015\详情图\WSBB0015-02.jpg,cvs\new_watermark.png
dummy_images\WATCH\1.CARTIER\微商相册\11.21\原图\4.CARTIER BALLON BLEU AUTOMATIC MEN'S WATCH WSBB0015\详情图\WSBB0015-03.jpg,41,watch,,dummy_images\WATCH\1.CARTIER\微商相册\11.21\已整理\4.CARTIER BALLON BLEU AUTOMATIC MEN'S WATCH WSBB0015\详情图\WSBB0015-03.jpg,cvs\new_watermark.png
dummy_images\WATCH\1.CARTIER\微商相册\11.21\原图\4.CARTIER BALLON BLEU AUTOMATIC MEN'S WATCH WSBB0015\详情图\WSBB0015-04.jpg,41,watch,,dummy_images\WATCH\1.CARTIER\微商相册\11.21\已整理\4.CARTIER BALLON BLEU AUTOMATIC MEN'S WATCH WSBB0015\详情图\WSBB0015-04.jpg,cvs\new_watermark.png
dummy_images\WATCH\1.CARTIER\微商相册\11.21\原图\4.CARTIER BALLON BLEU AUTOMATIC MEN'S WATCH WSBB0015\详情图\WSBB0015-05.jpg,41,watch,,dummy_images\WATCH\1.CARTIER\微商相册\11.21\已整理\4.CARTIER BALLON BLEU AUTOMATIC MEN'S WATCH WSBB0015\详情图\WSBB0015-05.jpg,cvs\new_watermark.png
dummy_images\WATCH\1.CARTIER\微商相册\11.21\原图\4.CARTIER BALLON BLEU AUTOMATIC MEN'S WATCH WSBB0015\详情图\WSBB0015-06.jpg,41,watch,,dummy_images\WATCH\1.CARTIER\微商相册\11.21\已整理\4.CARTIER BALLON BLEU AUTOMATIC MEN'S WATCH WSBB0015\详情图\WSBB0015-06.jpg,cvs\new_watermark.png
dummy_images\WATCH\1.CARTIER\微商相册\11.21\原图\4.CARTIER BALLON BLEU AUTOMATIC MEN'S WATCH WSBB0015\详情图\WSBB0015-07.jpg,41,watch,,dummy_images\WATCH\1.CARTIER\微商相册\11.21\已整理\4.CARTIER BALLON BLEU AUTOMATIC MEN'S WATCH WSBB0015\详情图\WSBB0015-07.jpg,cvs\new_watermark.png
dummy_images\WATCH\1.CARTIER\微商相册\11.21\原图\4.CARTIER BALLON BLEU AUTOMATIC MEN'S WATCH WSBB0015\详情图\WSBB0015-08.jpg,41,watch,,dummy_images\WATCH\1.CARTIER\微商相册\11.21\已整理\4.CARTIER BALLON BLEU AUTOMATIC MEN'S WATCH WSBB0015\详情图\WSBB0015-08.jpg,cvs\new_watermark.png
dummy_images\WATCH\1.CARTIER\微商相册\11.21\原图\9.CARTIER RONDE SOLO 42MM BLUE DIAL AUTOMATIC MEN'S WATCH WSRN0023\主图\WSRN0023.jpeg.jpg,42,watch,,,cvs\new_watermark.png
dummy_images\WATCH\1.CARTIER\微商相册\11.21\原图\9.CARTIER RONDE SOLO 42MM BLUE DIAL AUTOMATIC MEN'S WATCH WSRN0023\附图\WSRN0023-1.jpg,42,watch,,dummy_images\WATCH\1.CARTIER\微商相册\11.21\已整理\9.CARTIER RONDE SOLO 42MM BLUE DIAL AUTOMATIC MEN'S WATCH WSRN0023\附图\WSRN0023-1.jpg,cvs\new_watermark.png
dummy_images\WATCH\1.CARTIER\微商相册\11.21\原图\9.CARTIER RONDE SOLO 42MM BLUE DIAL AUTOMATIC MEN'S WATCH WSRN0023\附图\WSRN0023-2.jpg,42,watch,,dummy_images\WATCH\1.CARTIER\微商相册\11.21\已整理\9.CARTIER RONDE SOLO 42MM BLUE DIAL AUTOMATIC MEN'S WATCH WSRN0023\附图\WSRN0023-2.jpg,cvs\new_watermark.png
dummy_images\WATCH\1.CARTIER\微商相册\11.21\原图\9.CARTIER RONDE SOLO 42MM BLUE DIAL AUTOMATIC MEN'S WATCH WSRN0023\详情图\WSRN0023-01.jpg,42,watch,,dummy_images\WATCH\1.CARTIER\微商相册\11.21\已整理\9.CARTIER RONDE SOLO 42MM BLUE DIAL AUTOMATIC MEN'S WATCH WSRN0023\详情图\WSRN0023-01 拷贝.jpg,cvs\new_watermark.png
dummy_images\WATCH\1.CARTIER\微商相册\11.21\原图\9.CARTIER RONDE SOLO 42MM BLUE DIAL AUTOMATIC MEN'S WATCH WSRN0023\详情图\WSRN0023-02.jpg,42,watch,,dummy_images\WATCH\1.CARTIER\微商相册\11.21\已整理\9.CARTIER RONDE SOLO 42MM BLUE DIAL AUTOMATIC MEN'S WATCH WSRN0023\详情图\WSRN0023-02 拷贝.jpg,cvs\new_watermark.png
dummy_images\WATCH\1.CARTIER\微商相册\11.21\原图\9.CARTIER RONDE SOLO 42MM BLUE DIAL AUTOMATIC MEN'S WATCH WSRN0023\详情图\WSRN0023-03.jpg,42,watch,,dummy_images\WATCH\1.CARTIER\微商相册\11.21\已整理\9.CARTIER RONDE SOLO 42MM BLUE DIAL AUTOMATIC MEN'S WATCH WSRN0023\详情图\WSRN0023-03 拷贝.jpg,cvs\new_watermark.png
dummy_images\WATCH\1.CARTIER\微商相册\11.21\原图\9.CARTIER RONDE SOLO 42MM BLUE DIAL AUTOMATIC MEN'S WATCH WSRN0023\详情图\WSRN0023-04.jpg,42,watch,,dummy_images\WATCH\1.CARTIER\微商相册\11.21\已整理\9.CARTIER RONDE SOLO 42MM BLUE DIAL AUTOMATIC MEN'S WATCH WSRN0023\详情图\WSRN0023-04 拷贝.jpg,cvs\new_watermark.png
dummy_images\WATCH\1.CARTIER\微商相册\11.21\原图\9.CARTIER RONDE SOLO 42MM BLUE DIAL AUTOMATIC MEN'S WATCH WSRN0023\详情图\WSRN0023-05.jpg,42,watch,,dummy_images\WATCH\1.CARTIER\微商相册\11.21\已整理\9.CARTIER RONDE SOLO 42MM BLUE DIAL AUTOMATIC MEN'S WATCH WSRN0023\详情图\WSRN0023-05 拷贝.jpg,cvs\new_watermark.png
dummy_images\WATCH\1.CARTIER\微商相册\11.21\原图\9.CARTIER RONDE SOLO 42MM BLUE DIAL AUTOMATIC MEN'S WATCH WSRN0023\详情图\WSRN0023-06.jpg,42,watch,,dummy_images\WATCH\1.CARTIER\微商相册\11.21\已整理\9.CARTIER RONDE SOLO 42MM BLUE DIAL AUTOMATIC MEN'S WATCH WSRN0023\详情图\WSRN0023-06 拷贝.jpg,cvs\new_watermark.png
dummy_images\WATCH\1.CARTIER\微商相册\11.21\原图\9.CARTIER RONDE SOLO 42MM BLUE DIAL AUTOMATIC MEN'S WATCH WSRN0023\详情图\WSRN0023-07.jpg,42,watch,,dummy_images\WATCH\1.CARTIER\微商相册\11.21\已整理\9.CARTIER RONDE SOLO 42MM BLUE DIAL AUTOMATIC MEN'S WATCH WSRN0023\详情图\WSRN0023-07 拷贝.jpg,cvs\new_watermark.png
dummy_images\WATCH\1.CARTIER\微商相册\11.21\原图\9.CARTIER RONDE SOLO 42MM BLUE DIAL AUTOMATIC MEN'S WATCH WSRN0023\详情图\WSRN0023-08.jpg,42,watch,,dummy_images\WATCH\1.CARTIER\微商相册\11.21\已整理\9.CARTIER RONDE SOLO 42MM BLUE DIAL AUTOMATIC MEN'S WATCH WSRN0023\详情图\WSRN0023-08 拷贝.jpg,cvs\new_watermark.png
dummy_images\WATCH\1.CARTIER\微商相册\11.21\原图\10.CARTIER LONDON SERIES MEN'S WATCH WJRN0010\主图\WJRN0010.jpg,43,watch,,,cvs\new_watermark.png
dummy_images\WATCH\1.CARTIER\微商相册\11.21\原图\10.CARTIER LONDON SERIES MEN'S WATCH WJRN0010\附图\WJRN0010-1.jpg,43,watch,,dummy_images\WATCH\1.CARTIER\微商相册\11.21\已整理\10.CARTIER LONDON SERIES MEN'S WATCH WJRN0010\附图\WJRN0010-1 拷贝.jpg,cvs\new_watermark.png
dummy_images\WATCH\1.CARTIER\微商相册\11.21\原图\10.CARTIER LONDON SERIES MEN'S WATCH WJRN0010\附图\WJRN0010-2.jpg,43,watch,,dummy_images\WATCH\1.CARTIER\微商相册\11.21\已整理\10.CARTIER LONDON SERIES MEN'S WATCH WJRN0010\附图\WJRN0010-2.jpg,cvs\new_watermark.png
dummy_images\WATCH\1.CARTIER\微商相册\11.21\原图\10.CARTIER LONDON SERIES MEN'S WATCH WJRN0010\详情图\WJRN0010-01.jpg,43,watch,,dummy_images\WATCH\1.CARTIER\微商相册\11.21\已整理\10.CARTIER LONDON SERIES MEN'S WATCH WJRN0010\详情图\WJRN0010-01 拷贝.jpg,cvs\new_watermark.png
dummy_images\WATCH\1.CARTIER\微商相册\11.21\原图\10.CARTIER LONDON SERIES MEN'S WATCH WJRN0010\详情图\WJRN0010-02.jpg,43,watch,,dummy_images\WATCH\1.CARTIER\微商相册\11.21\已整理\10.CARTIER LONDON SERIES MEN'S WATCH WJRN0010\详情图\WJRN0010-02 拷贝.jpg,cvs\new_watermark.png
dummy_images\WATCH\1.CARTIER\微商相册\11.21\原图\10.CARTIER LONDON SERIES MEN'S WATCH WJRN0010\详情图\WJRN0010-03.jpg,43,watch,,dummy_images\WATCH\1.CARTIER\微商相册\11.21\已整理\10.CARTIER LONDON SERIES MEN'S WATCH WJRN0010\详情图\WJRN0010-03 拷贝.jpg,cvs\new_watermark.png
dummy_images\WATCH\1.CARTIER\微商相册\11.21\原图\10.CARTIER LONDON SERIES MEN'S WATCH WJRN0010\详情图\WJRN0010-04.jpg,43,watch,,dummy_images\WATCH\1.CARTIER\微商相册\11.21\已整理\10.CARTIER LONDON SERIES MEN'S WATCH WJRN0010\详情图\WJRN0010-04 拷贝.jpg,cvs\new_watermark.png
dummy_images\WATCH\1.CARTIER\微商相册\11.21\原图\10.CARTIER LONDON SERIES MEN'S WATCH WJRN0010\详情图\WJRN0010-05.jpg,43,watch,,dummy_images\WATCH\1.CARTIER\微商相册\11.21\已整理\10.CARTIER LONDON SERIES MEN'S WATCH WJRN0010\详情图\WJRN0010-05 拷贝.jpg,cvs\new_watermark.png
dummy_images\WATCH\1.CARTIER\微商相册\11.21\原图\10.CARTIER LONDON SERIES MEN'S WATCH WJRN0010\详情图\WJRN0010-06.jpg,43,watch,,dummy_images\WATCH\1.CARTIER\微商相册\11.21\已整理\10.CARTIER LONDON SERIES MEN'S WATCH WJRN0010\详情图\WJRN0010-06 拷贝.jpg,cvs\new_watermark.png
dummy_images\WATCH\1.CARTIER\微商相册\11.21\原图\10.CARTIER LONDON SERIES MEN'S WATCH WJRN0010\详情图\WJRN0010-07.jpg,43,watch,,dummy_images\WATCH\1.CARTIER\微商相册\11.21\已整理\10.CARTIER LONDON SERIES MEN'S WATCH WJRN0010\详情图\WJRN0010-07 拷贝.jpg,cvs\new_watermark.png
dummy_images\WATCH\1.CARTIER\微商相册\11.21\原图\10.CARTIER LONDON SERIES MEN'S WATCH WJRN0010\详情图\WJRN0010-08.jpg,43,watch,,dummy_images\WATCH\1.CARTIER\微商相册\11.21\已整理\10.CARTIER LONDON SERIES MEN'S WATCH WJRN0010\详情图\WJRN0010-08 拷贝.jpg,cvs\new_watermark.png
dummy_images\WATCH\1.CARTIER\微商相册\11.21\原图\11.CARTIER LONDON SOLO SERIES GOLD CASE ULTRA-THIN FORMAL MEN'S WATCH W6701009\主图\W6701009.jpg,44,watch,,,cvs\new_watermark.png
dummy_images\WATCH\1.CARTIER\微商相册\11.21\原图\11.CARTIER LONDON SOLO SERIES GOLD CASE ULTRA-THIN FORMAL MEN'S WATCH W6701009\附图\W6701009-1.jpg,44,watch,,dummy_images\WATCH\1.CARTIER\微商相册\11.21\已整理\11.CARTIER LONDON SOLO SERIES GOLD CASE ULTRA-THIN FORMAL MEN'S WATCH W6701009\附图\W6701009-1 拷贝.jpg,cvs\new_watermark.png
dummy_images\WATCH\1.CARTIER\微商相册\11.21\原图\11.CARTIER LONDON SOLO SERIES GOLD CASE ULTRA-THIN FORMAL MEN'S WATCH W6701009\附图\W6701009-2.jpg,44,watch,,dummy_images\WATCH\1.CARTIER\微商相册\11.21\已整理\11.CARTIER LONDON SOLO SERIES GOLD CASE ULTRA-THIN FORMAL MEN'S WATCH W6701009\附图\W6701009-2 拷贝.jpg,cvs\new_watermark.png
dummy_images\WATCH\1.CARTIER\微商相册\11.21\原图\11.CARTIER LONDON SOLO SERIES GOLD CASE ULTRA-THIN FORMAL MEN'S WATCH W6701009\详情图\W6701009-01.jpg,44,watch,,dummy_images\WATCH\1.CARTIER\微商相册\11.21\已整理\11.CARTIER LONDON SOLO SERIES GOLD CASE ULTRA-THIN FORMAL MEN'S WATCH W6701009\详情图\W6701009-01 拷贝.jpg,cvs\new_watermark.png
dummy_images\WATCH\1.CARTIER\微商相册\11.21\原图\11.CARTIER LONDON SOLO SERIES GOLD CASE ULTRA-THIN FORMAL MEN'S WATCH W6701009\详情图\W6701009-02.jpg,44,watch,,dummy_images\WATCH\1.CARTIER\微商相册\11.21\已整理\11.CARTIER LONDON SOLO SERIES GOLD CASE ULTRA-THIN FORMAL MEN'S WATCH W6701009\详情图\W6701009-02 拷贝.jpg,cvs\new_watermark.png
dummy_images\WATCH\1.CARTIER\微商相册\11.21\原图\11.CARTIER LONDON SOLO SERIES GOLD CASE ULTRA-THIN FORMAL MEN'S WATCH W6701009\详情图\W6701009-03.jpg,44,watch,,dummy_images\WATCH\1.CARTIER\微商相册\11.21\已整理\11.CARTIER LONDON SOLO SERIES GOLD CASE ULTRA-THIN FORMAL MEN'S WATCH W6701009\详情图\W6701009-03 拷贝.jpg,cvs\new_watermark.png
dummy_images\WATCH\1.CARTIER\微商相册\11.21\原图\11.CARTIER LONDON SOLO SERIES GOLD CASE ULTRA-THIN FORMAL MEN'S WATCH W6701009\详情图\W6701009-04.jpg,44,watch,,dummy_images\WATCH\1.CARTIER\微商相册\11.21\已整理\11.CARTIER LONDON SOLO SERIES GOLD CASE ULTRA-THIN FORMAL MEN'S WATCH W6701009\详情图\W6701009-04 拷贝.jpg,cvs\new_watermark.png
dummy_images\WATCH\1.CARTIER\微商相册\11.21\原图\11.CARTIER LONDON SOLO SERIES GOLD CASE ULTRA-THIN FORMAL MEN'S WATCH W6701009\详情图\W6701009-05.jpg,44,watch,,dummy_images\WATCH\1.CARTIER\微商相册\11.21\已整理\11.CARTIER LONDON SOLO SERIES GOLD CASE ULTRA-THIN FORMAL MEN'S WATCH W6701009\详情图\W6701009-05 拷贝.jpg,cvs\new_watermark.png
dummy_images\WATCH\1.CARTIER\微商相册\11.21\原图\11.CARTIER LONDON SOLO SERIES GOLD CASE ULTRA-THIN FORMAL MEN'S WATCH W6701009\详情图\W6701009-06.jpg,44,watch,,dummy_images\WATCH\1.CARTIER\微商相册\11.21\已整理\11.CARTIER LONDON SOLO SERIES GOLD CASE ULTRA-THIN FORMAL MEN'S WATCH W6701009\详情图\W6701009-06 拷贝.jpg,cvs\new_watermark.png
dummy_images\WATCH\1.CARTIER\微商相册\11.21\原图\11.CARTIER LONDON SOLO SERIES GOLD CASE ULTRA-THIN FORMAL MEN'S WATCH W6701009\详情图\W6701009-07.jpg,44,watch,,dummy_images\WATCH\1.CARTIER\微商相册\11.21\已整理\11.CARTIER LONDON SOLO SERIES GOLD CASE ULTRA-THIN FORMAL MEN'S WATCH W6701009\详情图\W6701009-07 拷贝.jpg,cvs\new_watermark.png
dummy_images\WATCH\1.CARTIER\微商相册\11.21\原图\11.CARTIER LONDON SOLO SERIES GOLD CASE ULTRA-THIN FORMAL MEN'S WATCH W6701009\详情图\W6701009-08.jpg,44,watch,,dummy_images\WATCH\1.CARTIER\微商相册\11.21\已整理\11.CARTIER LONDON SOLO SERIES GOLD CASE ULTRA-THIN FORMAL MEN'S WATCH W6701009\详情图\W6701009-08 拷贝.jpg,cvs\new_watermark.png
dummy_images\WATCH\1.CARTIER\微商相册\11.21\原图\12.CARTIER MAN WATCH W6701011\主图\W6701011.jpg,45,watch,,,cvs\new_watermark.png
dummy_images\WATCH\1.CARTIER\微商相册\11.21\原图\12.CARTIER MAN WATCH W6701011\附图\W6701011-1.jpg,45,watch,,dummy_images\WATCH\1.CARTIER\微商相册\11.21\已整理\12.CARTIER MAN WATCH W6701011\附图\W6701011-1 拷贝.jpg,cvs\new_watermark.png
dummy_images\WATCH\1.CARTIER\微商相册\11.21\原图\12.CARTIER MAN WATCH W6701011\附图\W6701011-2.jpg,45,watch,,dummy_images\WATCH\1.CARTIER\微商相册\11.21\已整理\12.CARTIER MAN WATCH W6701011\附图\W6701011-2 拷贝.jpg,cvs\new_watermark.png
dummy_images\WATCH\1.CARTIER\微商相册\11.21\原图\12.CARTIER MAN WATCH W6701011\详情图\W6701011-01.jpg,45,watch,,dummy_images\WATCH\1.CARTIER\微商相册\11.21\已整理\12.CARTIER MAN WATCH W6701011\详情图\W6701011-01 拷贝.jpg,cvs\new_watermark.png
dummy_images\WATCH\1.CARTIER\微商相册\11.21\原图\12.CARTIER MAN WATCH W6701011\详情图\W6701011-02.jpg,45,watch,,dummy_images\WATCH\1.CARTIER\微商相册\11.21\已整理\12.CARTIER MAN WATCH W6701011\详情图\W6701011-02 拷贝.jpg,cvs\new_watermark.png
dummy_images\WATCH\1.CARTIER\微商相册\11.21\原图\12.CARTIER MAN WATCH W6701011\详情图\W6701011-03.jpg,45,watch,,dummy_images\WATCH\1.CARTIER\微商相册\11.21\已整理\12.CARTIER MAN WATCH W6701011\详情图\W6701011-03 拷贝.jpg,cvs\new_watermark.png
dummy_images\WATCH\1.CARTIER\微商相册\11.21\原图\12.CARTIER MAN WATCH W6701011\详情图\W6701011-04.jpg,45,watch,,dummy_images\WATCH\1.CARTIER\微商相册\11.21\已整理\12.CARTIER MAN WATCH W6701011\详情图\W6701011-04 拷贝.jpg,cvs\new_watermark.png
dummy_images\WATCH\1.CARTIER\微商相册\11.21\原图\12.CARTIER MAN WATCH W6701011\详情图\W6701011-05.jpg,45,watch,,dummy_images\WATCH\1.CARTIER\微商相册\11.21\已整理\12.CARTIER MAN WATCH W6701011\详情图\W6701011-05 拷贝.jpg,cvs\new_watermark.png
dummy_images\WATCH\1.CARTIER\微商相册\11.21\原图\12.CARTIER MAN WATCH W6701011\详情图\W6701011-06.jpg,45,watch,,dummy_images\WATCH\1.CARTIER\微商相册\11.21\已整理\12.CARTIER MAN WATCH W6701011\详情图\W6701011-06 拷贝.jpg,cvs\new_watermark.png
dummy_images\WATCH\1.CARTIER\微商相册\11.21\原图\12.CARTIER MAN WATCH W6701011\详情图\W6701011-07.jpg,45,watch,,dummy_images\WATCH\1.CARTIER\微商相册\11.21\已整理\12.CARTIER MAN WATCH W6701011\详情图\W6701011-07 拷贝.jpg,cvs\new_watermark.png
dummy_images\WATCH\1.CARTIER\微商相册\11.21\原图\12.CARTIER MAN WATCH W6701011\详情图\W6701011-08.jpg,45,watch,,dummy_images\WATCH\1.CARTIER\微商相册\11.21\已整理\12.CARTIER MAN WATCH W6701011\详情图\W6701011-08 拷贝.jpg,cvs\new_watermark.png
dummy_images\WATCH\1.CARTIER\微商相册\12.23\原图\4.CARTIER TANK LOUIS SERIES WATCH WSTA0061\主图\WSTA0061.jpg,68,watch,,,cvs\new_watermark.png
dummy_images\WATCH\1.CARTIER\微商相册\12.23\原图\4.CARTIER TANK LOUIS SERIES WATCH WSTA0061\附图\WSTA0061.jpg,68,watch,,dummy_images\WATCH\1.CARTIER\微商相册\12.23\已整理\4.CARTIER TANK LOUIS SERIES WATCH WSTA0061\附图\WSTA0061.jpg,cvs\new_watermark.png
dummy_images\WATCH\1.CARTIER\微商相册\12.23\原图\4.CARTIER TANK LOUIS SERIES WATCH WSTA0061\详情图\WSTA0061-01.jpg,68,watch,,dummy_images\WATCH\1.CARTIER\微商相册\12.23\已整理\4.CARTIER TANK LOUIS SERIES WATCH WSTA0061\详情图\WSTA0061-01.jpg,cvs\new_watermark.png
dummy_images\WATCH\1.CARTIER\微商相册\12.23\原图\4.CARTIER TANK LOUIS SERIES WATCH WSTA0061\详情图\WSTA0061-02.jpg,68,watch,,dummy_images\WATCH\1.CARTIER\微商相册\12.23\已整理\4.CARTIER TANK LOUIS SERIES WATCH WSTA0061\详情图\WSTA0061-02.jpg,cvs\new_watermark.png
dummy_images\WATCH\1.CARTIER\微商相册\12.23\原图\4.CARTIER TANK LOUIS SERIES WATCH WSTA0061\详情图\WSTA0061-03.jpg,68,watch,,dummy_images\WATCH\1.CARTIER\微商相册\12.23\已整理\4.CARTIER TANK LOUIS SERIES WATCH WSTA0061\详情图\WSTA0061-03.jpg,cvs\new_watermark.png
dummy_images\WATCH\1.CARTIER\微商相册\12.23\原图\4.CARTIER TANK LOUIS SERIES WATCH WSTA0061\详情图\WSTA0061-04.jpg,68,watch,,dummy_images\WATCH\1.CARTIER\微商相册\12.23\已整理\4.CARTIER TANK LOUIS SERIES WATCH WSTA0061\详情图\WSTA0061-04.jpg,cvs\new_watermark.png
dummy_images\WATCH\1.CARTIER\微商相册\12.23\原图\4.CARTIER TANK LOUIS SERIES WATCH WSTA0061\详情图\WSTA0061-05.jpg,68,watch,,dummy_images\WATCH\1.CARTIER\微商相册\12.23\已整理\4.CARTIER TANK LOUIS SERIES WATCH WSTA0061\详情图\WSTA0061-05.jpg,cvs\new_watermark.png
dummy_images\WATCH\1.CARTIER\微商相册\12.23\原图\4.CARTIER TANK LOUIS SERIES WATCH WSTA0061\详情图\WSTA0061-06.jpg,68,watch,,dummy_images\WATCH\1.CARTIER\微商相册\12.23\已整理\4.CARTIER TANK LOUIS SERIES WATCH WSTA0061\详情图\WSTA0061-06.jpg,cvs\new_watermark.png
dummy_images\WATCH\1.CARTIER\微商相册\12.23\原图\4.CARTIER TANK LOUIS SERIES WATCH WSTA0061\详情图\WSTA0061-07.jpg,68,watch,,dummy_images\WATCH\1.CARTIER\微商相册\12.23\已整理\4.CARTIER TANK LOUIS SERIES WATCH WSTA0061\详情图\WSTA0061-07.jpg,cvs\new_watermark.png
dummy_images\WATCH\1.CARTIER\微商相册\12.23\原图\4.CARTIER TANK LOUIS SERIES WATCH WSTA0061\详情图\WSTA0061-08.jpg,68,watch,,dummy_images\WATCH\1.CARTIER\微商相册\12.23\已整理\4.CARTIER TANK LOUIS SERIES WATCH WSTA0061\详情图\WSTA0061-08.jpg,cvs\new_watermark.png
dummy_images\WATCH\1.CARTIER\微商相册\12.23\原图\6.CARTIER TANK SERIES WATCH W5200024\主图\W5200024.jpg,69,watch,,,cvs\new_watermark.png
dummy_images\WATCH\1.CARTIER\微商相册\12.23\原图\6.CARTIER TANK SERIES WATCH W5200024\附图\W5200024-1.jpg,69,watch,,dummy_images\WATCH\1.CARTIER\微商相册\12.23\已整理\6.CARTIER TANK SERIES WATCH W5200024\附图\W5200024-1.jpg,cvs\new_watermark.png
dummy_images\WATCH\1.CARTIER\微商相册\12.23\原图\6.CARTIER TANK SERIES WATCH W5200024\附图\W5200024-2.jpg,69,watch,,dummy_images\WATCH\1.CARTIER\微商相册\12.23\已整理\6.CARTIER TANK SERIES WATCH W5200024\附图\W5200024-2.jpg,cvs\new_watermark.png
dummy_images\WATCH\1.CARTIER\微商相册\12.23\原图\6.CARTIER TANK SERIES WATCH W5200024\详情图\W5200024-01.jpg,69,watch,,dummy_images\WATCH\1.CARTIER\微商相册\12.23\已整理\6.CARTIER TANK SERIES WATCH W5200024\详情图\W5200024-01 (2).jpg,cvs\new_watermark.png
dummy_images\WATCH\1.CARTIER\微商相册\12.23\原图\6.CARTIER TANK SERIES WATCH W5200024\详情图\W5200024-02.jpg,69,watch,,dummy_images\WATCH\1.CARTIER\微商相册\12.23\已整理\6.CARTIER TANK SERIES WATCH W5200024\详情图\W5200024-02 (2).jpg,cvs\new_watermark.png
dummy_images\WATCH\1.CARTIER\微商相册\12.23\原图\6.CARTIER TANK SERIES WATCH W5200024\详情图\W5200024-03.jpg,69,watch,,dummy_images\WATCH\1.CARTIER\微商相册\12.23\已整理\6.CARTIER TANK SERIES WATCH W5200024\详情图\W5200024-03 (2).jpg,cvs\new_watermark.png
dummy_images\WATCH\1.CARTIER\微商相册\12.23\原图\6.CARTIER TANK SERIES WATCH W5200024\详情图\W5200024-04.jpg,69,watch,,dummy_images\WATCH\1.CARTIER\微商相册\12.23\已整理\6.CARTIER TANK SERIES WATCH W5200024\详情图\W5200024-04 (2).jpg,cvs\new_watermark.png
dummy_images\WATCH\1.CARTIER\微商相册\12.23\原图\6.CARTIER TANK SERIES WATCH W5200024\详情图\W5200024-05.jpg,69,watch,,dummy_images\WATCH\1.CARTIER\微商相册\12.23\已整理\6.CARTIER TANK SERIES WATCH W5200024\详情图\W5200024-05 (2).jpg,cvs\new_watermark.png
dummy_images\WATCH\1.CARTIER\微商相册\12.23\原图\6.CARTIER TANK SERIES WATCH W5200024\详情图\W5200024-06.jpg,69,watch,,dummy_images\WATCH\1.CARTIER\微商相册\12.23\已整理\6.CARTIER TANK SERIES WATCH W5200024\详情图\W5200024-06 (2).jpg,cvs\new_watermark.png
dummy_images\WATCH\1.CARTIER\微商相册\12.23\原图\6.CARTIER TANK SERIES WATCH W5200024\详情图\W5200024-07.jpg,69,watch,,dummy_images\WATCH\1.CARTIER\微商相册\12.23\已整理\6.CARTIER TANK SERIES WATCH W5200024\详情图\W5200024-07 (2).jpg,cvs\new_watermark.png
dummy_images\WATCH\1.CARTIER\微商相册\12.23\原图\6.CARTIER TANK SERIES WATCH W5200024\详情图\W5200024-08.jpg,69,watch,,dummy_images\WATCH\1.CARTIER\微商相册\12.23\已整理\6.CARTIER TANK SERIES WATCH W5200024\详情图\W5200024-08 (2).jpg,cvs\new_watermark.png
dummy_images\WATCH\1.CARTIER\微商相册\12.23\原图\10.CARTIER TANK LOUIS SERIES WATCH W5200025\主图\W5200025.jpg,70,watch,,,cvs\new_watermark.png
dummy_images\WATCH\1.CARTIER\微商相册\12.23\原图\10.CARTIER TANK LOUIS SERIES WATCH W5200025\附图\W5200025-1.jpg,70,watch,,dummy_images\WATCH\1.CARTIER\微商相册\12.23\已整理\10.CARTIER TANK LOUIS SERIES WATCH W5200025\附图\W5200025-1.jpg,cvs\new_watermark.png
dummy_images\WATCH\1.CARTIER\微商相册\12.23\原图\10.CARTIER TANK LOUIS SERIES WATCH W5200025\附图\W5200025-2.jpg,70,watch,,dummy_images\WATCH\1.CARTIER\微商相册\12.23\已整理\10.CARTIER TANK LOUIS SERIES WATCH W5200025\附图\W5200025-2.jpg,cvs\new_watermark.png
dummy_images\WATCH\1.CARTIER\微商相册\12.23\原图\10.CARTIER TANK LOUIS SERIES WATCH W5200025\详情图\W5200025-01.jpg,70,watch,,dummy_images\WATCH\1.CARTIER\微商相册\12.23\已整理\10.CARTIER TANK LOUIS SERIES WATCH W5200025\详情图\W5200025-01.jpg,cvs\new_watermark.png
dummy_images\WATCH\1.CARTIER\微商相册\12.23\原图\10.CARTIER TANK LOUIS SERIES WATCH W5200025\详情图\W5200025-02.jpg,70,watch,,dummy_images\WATCH\1.CARTIER\微商相册\12.23\已整理\10.CARTIER TANK LOUIS SERIES WATCH W5200025\详情图\W5200025-02.jpg,cvs\new_watermark.png
dummy_images\WATCH\1.CARTIER\微商相册\12.23\原图\10.CARTIER TANK LOUIS SERIES WATCH W5200025\详情图\W5200025-03.jpg,70,watch,,dummy_images\WATCH\1.CARTIER\微商相册\12.23\已整理\10.CARTIER TANK LOUIS SERIES WATCH W5200025\详情图\W5200025-03.jpg,cvs\new_watermark.png
dummy_images\WATCH\1.CARTIER\微商相册\12.23\原图\10.CARTIER TANK LOUIS SERIES WATCH W5200025\详情图\W5200025-04.jpg,70,watch,,dummy_images\WATCH\1.CARTIER\微商相册\12.23\已整理\10.CARTIER TANK LOUIS SERIES WATCH W5200025\详情图\W5200025-04.jpg,cvs\new_watermark.png
dummy_images\WATCH\1.CARTIER\微商相册\12.23\原图\10.CARTIER TANK LOUIS SERIES WATCH W5200025\详情图\W5200025-05.jpg,70,watch,,dummy_images\WATCH\1.CARTIER\微商相册\12.23\已整理\10.CARTIER TANK LOUIS SERIES WATCH W5200025\详情图\W5200025-05.jpg,cvs\new_watermark.png
dummy_images\WATCH\1.CARTIER\微商相册\12.23\原图\10.CARTIER TANK LOUIS SERIES WATCH W5200025\详情图\W5200025-06.jpg,70,watch,,dummy_images\WATCH\1.CARTIER\微商相册\12.23\已整理\10.CARTIER TANK LOUIS SERIES WATCH W5200025\详情图\W5200025-06.jpg,cvs\new_watermark.png
dummy_images\WATCH\1.CARTIER\微商相册\12.23\原图\10.CARTIER TANK LOUIS SERIES WATCH W5200025\详情图\W5200025-07.jpg,70,watch,,dummy_images\WATCH\1.CARTIER\微商相册\12.23\已整理\10.CARTIER TANK LOUIS SERIES WATCH W5200025\详情图\W5200025-07.jpg,cvs\new_watermark.png
dummy_images\WATCH\1.CARTIER\微商相册\12.23\原图\10.CARTIER TANK LOUIS SERIES WATCH W5200025\详情图\W5200025-08.jpg,70,watch,,dummy_images\WATCH\1.CARTIER\微商相册\12.23\已整理\10.CARTIER TANK LOUIS SERIES WATCH W5200025\详情图\W5200025-08.jpg,cvs\new_watermark.png
dummy_images\WATCH\1.CARTIER\微商相册\12.23\原图\22...CARTIER TANK LOUIS WATCH WGTA0191\主图\WGTA0191.jpeg,71,watch,,,cvs\new_watermark.png
dummy_images\WATCH\1.CARTIER\微商相册\12.23\原图\22...CARTIER TANK LOUIS WATCH WGTA0191\附图\WGTA0191-1.jpeg,71,watch,,dummy_images\WATCH\1.CARTIER\微商相册\12.23\已整理\22...CARTIER TANK LOUIS WATCH WGTA0191\附图\WGTA0191-1.jpeg,cvs\new_watermark.png
dummy_images\WATCH\1.CARTIER\微商相册\12.23\原图\22...CARTIER TANK LOUIS WATCH WGTA0191\附图\WGTA0191-2.jpeg,71,watch,,dummy_images\WATCH\1.CARTIER\微商相册\12.23\已整理\22...CARTIER TANK LOUIS WATCH WGTA0191\附图\WGTA0191-2.jpeg,cvs\new_watermark.png
dummy_images\WATCH\1.CARTIER\微商相册\12.23\原图\22...CARTIER TANK LOUIS WATCH WGTA0191\详情图\WGTA0191-01.jpg,71,watch,,dummy_images\WATCH\1.CARTIER\微商相册\12.23\已整理\22...CARTIER TANK LOUIS WATCH WGTA0191\详情图\WGTA0191-01.jpg,cvs\new_watermark.png
dummy_images\WATCH\1.CARTIER\微商相册\12.23\原图\22...CARTIER TANK LOUIS WATCH WGTA0191\详情图\WGTA0191-02.jpg,71,watch,,dummy_images\WATCH\1.CARTIER\微商相册\12.23\已整理\22...CARTIER TANK LOUIS WATCH WGTA0191\详情图\WGTA0191-02.jpg,cvs\new_watermark.png
dummy_images\WATCH\1.CARTIER\微商相册\12.23\原图\22...CARTIER TANK LOUIS WATCH WGTA0191\详情图\WGTA0191-03.jpg,71,watch,,dummy_images\WATCH\1.CARTIER\微商相册\12.23\已整理\22...CARTIER TANK LOUIS WATCH WGTA0191\详情图\WGTA0191-03.jpg,cvs\new_watermark.png
dummy_images\WATCH\1.CARTIER\微商相册\12.23\原图\22...CARTIER TANK LOUIS WATCH WGTA0191\详情图\WGTA0191-04.jpg,71,watch,,dummy_images\WATCH\1.CARTIER\微商相册\12.23\已整理\22...CARTIER TANK LOUIS WATCH WGTA0191\详情图\WGTA0191-04.jpg,cvs\new_watermark.png
dummy_images\WATCH\1.CARTIER\微商相册\12.23\原图\22...CARTIER TANK LOUIS WATCH WGTA0191\详情图\WGTA0191-05.jpg,71,watch,,dummy_images\WATCH\1.CARTIER\微商相册\12.23\已整理\22...CARTIER TANK LOUIS WATCH WGTA0191\详情图\WGTA0191-05.jpg,cvs\new_watermark.png
dummy_images\WATCH\1.CARTIER\微商相册\12.23\原图\22...CARTIER TANK LOUIS WATCH WGTA0191\详情图\WGTA0191-06.jpg,71,watch,,dummy_images\WATCH\1.CARTIER\微商相册\12.23\已整理\22...CARTIER TANK LOUIS WATCH WGTA0191\详情图\WGTA0191-06.jpg,cvs\new_watermark.png
dummy_images\WATCH\1.CARTIER\微商相册\12.23\原图\22...CARTIER TANK LOUIS WATCH WGTA0191\详情图\WGTA0191-07.jpg,71,watch,,dummy_images\WATCH\1.CARTIER\微商相册\12.23\已整理\22...CARTIER TANK LOUIS WATCH WGTA0191\详情图\WGTA0191-07.jpg,cvs\new_watermark.png
dummy_images\WATCH\1.CARTIER\微商相册\12.23\原图\22...CARTIER TANK LOUIS WATCH WGTA0191\详情图\WGTA0191-08.jpg,71,watch,,dummy_images\WATCH\1.CARTIER\微商相册\12.23\已整理\22...CARTIER TANK LOUIS WATCH WGTA0191\详情图\WGTA0191-08.jpg,cvs\new_watermark.png
dummy_images\WATCH\1.CARTIER\微商相册\12.23\原图\22...CARTIER TANK LOUIS WATCH WGTA0191\详情图\WGTA0191-09.jpg,71,watch,,dummy_images\WATCH\1.CARTIER\微商相册\12.23\已整理\22...CARTIER TANK LOUIS WATCH WGTA0191\详情图\WGTA0191-09.jpg,cvs\new_watermark.png
dummy_images\WATCH\1.CARTIER\微商相册\12.23\原图\23.CARTIER TANK MUST DE LM WATCH WSTA0072\主图\WSTA0072.jpg,72,watch,,,cvs\new_watermark.png
dummy_images\WATCH\1.CARTIER\微商相册\12.23\原图\23.CARTIER TANK MUST DE LM WATCH WSTA0072\附图\WSTA0072.jpg,72,watch,,dummy_images\WATCH\1.CARTIER\微商相册\12.23\已整理\23.CARTIER TANK MUST DE LM WATCH WSTA0072\附图\WSTA0072.jpg,cvs\new_watermark.png
dummy_images\WATCH\1.CARTIER\微商相册\12.23\原图\23.CARTIER TANK MUST DE LM WATCH WSTA0072\详情图\WSTA0072-01.jpg,72,watch,,dummy_images\WATCH\1.CARTIER\微商相册\12.23\已整理\23.CARTIER TANK MUST DE LM WATCH WSTA0072\详情图\WSTA0072-01.jpg,cvs\new_watermark.png
dummy_images\WATCH\1.CARTIER\微商相册\12.23\原图\23.CARTIER TANK MUST DE LM WATCH WSTA0072\详情图\WSTA0072-02.jpg,72,watch,,dummy_images\WATCH\1.CARTIER\微商相册\12.23\已整理\23.CARTIER TANK MUST DE LM WATCH WSTA0072\详情图\WSTA0072-02.jpg,cvs\new_watermark.png
dummy_images\WATCH\1.CARTIER\微商相册\12.23\原图\23.CARTIER TANK MUST DE LM WATCH WSTA0072\详情图\WSTA0072-03.jpg,72,watch,,dummy_images\WATCH\1.CARTIER\微商相册\12.23\已整理\23.CARTIER TANK MUST DE LM WATCH WSTA0072\详情图\WSTA0072-03.jpg,cvs\new_watermark.png
dummy_images\WATCH\1.CARTIER\微商相册\12.23\原图\23.CARTIER TANK MUST DE LM WATCH WSTA0072\详情图\WSTA0072-04.jpg,72,watch,,dummy_images\WATCH\1.CARTIER\微商相册\12.23\已整理\23.CARTIER TANK MUST DE LM WATCH WSTA0072\详情图\WSTA0072-04.jpg,cvs\new_watermark.png
dummy_images\WATCH\1.CARTIER\微商相册\12.23\原图\23.CARTIER TANK MUST DE LM WATCH WSTA0072\详情图\WSTA0072-05.jpg,72,watch,,dummy_images\WATCH\1.CARTIER\微商相册\12.23\已整理\23.CARTIER TANK MUST DE LM WATCH WSTA0072\详情图\WSTA0072-05.jpg,cvs\new_watermark.png
dummy_images\WATCH\1.CARTIER\微商相册\12.23\原图\23.CARTIER TANK MUST DE LM WATCH WSTA0072\详情图\WSTA0072-06.jpg,72,watch,,dummy_images\WATCH\1.CARTIER\微商相册\12.23\已整理\23.CARTIER TANK MUST DE LM WATCH WSTA0072\详情图\WSTA0072-06.jpg,cvs\new_watermark.png
dummy_images\WATCH\1.CARTIER\微商相册\12.23\原图\23.CARTIER TANK MUST DE LM WATCH WSTA0072\详情图\WSTA0072-07.jpg,72,watch,,dummy_images\WATCH\1.CARTIER\微商相册\12.23\已整理\23.CARTIER TANK MUST DE LM WATCH WSTA0072\详情图\WSTA0072-07.jpg,cvs\new_watermark.png
dummy_images\WATCH\1.CARTIER\微商相册\12.23\原图\23.CARTIER TANK MUST DE LM WATCH WSTA0072\详情图\WSTA0072-08.jpg,72,watch,,dummy_images\WATCH\1.CARTIER\微商相册\12.23\已整理\23.CARTIER TANK MUST DE LM WATCH WSTA0072\详情图\WSTA0072-08.jpg,cvs\new_watermark.png
dummy_images\WATCH\1.CARTIER\微商相册\12.23\原图\23.CARTIER TANK MUST DE LM WATCH WSTA0072\详情图\WSTA0072-09.jpg,72,watch,,dummy_images\WATCH\1.CARTIER\微商相册\12.23\已整理\23.CARTIER TANK MUST DE LM WATCH WSTA0072\详情图\WSTA0072-09.jpg,cvs\new_watermark.png
dummy_images\WATCH\1.CARTIER\微商相册\12.23\原图\25.CARTIER SANTOS DUMONT YELLOW GOLD BLUE DIAL WATCH WGSA0077\主图\WGSA0077.jpg,73,watch,,,cvs\new_watermark.png
dummy_images\WATCH\1.CARTIER\微商相册\12.23\原图\25.CARTIER SANTOS DUMONT YELLOW GOLD BLUE DIAL WATCH WGSA0077\附图\WGSA0077.jpg,73,watch,,dummy_images\WATCH\1.CARTIER\微商相册\12.23\已整理\25.CARTIER SANTOS DUMONT YELLOW GOLD BLUE DIAL WATCH WGSA0077\附图\WGSA0077.jpg,cvs\new_watermark.png
dummy_images\WATCH\1.CARTIER\微商相册\12.23\原图\25.CARTIER SANTOS DUMONT YELLOW GOLD BLUE DIAL WATCH WGSA0077\详情图\WGSA0077-01.jpg,73,watch,,dummy_images\WATCH\1.CARTIER\微商相册\12.23\已整理\25.CARTIER SANTOS DUMONT YELLOW GOLD BLUE DIAL WATCH WGSA0077\详情图\WGSA0077-01.jpg,cvs\new_watermark.png
dummy_images\WATCH\1.CARTIER\微商相册\12.23\原图\25.CARTIER SANTOS DUMONT YELLOW GOLD BLUE DIAL WATCH WGSA0077\详情图\WGSA0077-02.jpg,73,watch,,dummy_images\WATCH\1.CARTIER\微商相册\12.23\已整理\25.CARTIER SANTOS DUMONT YELLOW GOLD BLUE DIAL WATCH WGSA0077\详情图\WGSA0077-02.jpg,cvs\new_watermark.png
dummy_images\WATCH\1.CARTIER\微商相册\12.23\原图\25.CARTIER SANTOS DUMONT YELLOW GOLD BLUE DIAL WATCH WGSA0077\详情图\WGSA0077-03.jpg,73,watch,,dummy_images\WATCH\1.CARTIER\微商相册\12.23\已整理\25.CARTIER SANTOS DUMONT YELLOW GOLD BLUE DIAL WATCH WGSA0077\详情图\WGSA0077-03.jpg,cvs\new_watermark.png
dummy_images\WATCH\1.CARTIER\微商相册\12.23\原图\25.CARTIER SANTOS DUMONT YELLOW GOLD BLUE DIAL WATCH WGSA0077\详情图\WGSA0077-04.jpg,73,watch,,dummy_images\WATCH\1.CARTIER\微商相册\12.23\已整理\25.CARTIER SANTOS DUMONT YELLOW GOLD BLUE DIAL WATCH WGSA0077\详情图\WGSA0077-04.jpg,cvs\new_watermark.png
dummy_images\WATCH\1.CARTIER\微商相册\12.23\原图\25.CARTIER SANTOS DUMONT YELLOW GOLD BLUE DIAL WATCH WGSA0077\详情图\WGSA0077-05.jpg,73,watch,,dummy_images\WATCH\1.CARTIER\微商相册\12.23\已整理\25.CARTIER SANTOS DUMONT YELLOW GOLD BLUE DIAL WATCH WGSA0077\详情图\WGSA0077-05.jpg,cvs\new_watermark.png
dummy_images\WATCH\1.CARTIER\微商相册\12.23\原图\25.CARTIER SANTOS DUMONT YELLOW GOLD BLUE DIAL WATCH WGSA0077\详情图\WGSA0077-06.jpg,73,watch,,dummy_images\WATCH\1.CARTIER\微商相册\12.23\已整理\25.CARTIER SANTOS DUMONT YELLOW GOLD BLUE DIAL WATCH WGSA0077\详情图\WGSA0077-06.jpg,cvs\new_watermark.png
dummy_images\WATCH\1.CARTIER\微商相册\12.23\原图\25.CARTIER SANTOS DUMONT YELLOW GOLD BLUE DIAL WATCH WGSA0077\详情图\WGSA0077-07.jpg,73,watch,,dummy_images\WATCH\1.CARTIER\微商相册\12.23\已整理\25.CARTIER SANTOS DUMONT YELLOW GOLD BLUE DIAL WATCH WGSA0077\详情图\WGSA0077-07.jpg,cvs\new_watermark.png
dummy_images\WATCH\1.CARTIER\微商相册\12.23\原图\25.CARTIER SANTOS DUMONT YELLOW GOLD BLUE DIAL WATCH WGSA0077\详情图\WGSA0077-08.jpg,73,watch,,dummy_images\WATCH\1.CARTIER\微商相册\12.23\已整理\25.CARTIER SANTOS DUMONT YELLOW GOLD BLUE DIAL WATCH WGSA0077\详情图\WGSA0077-08.jpg,cvs\new_watermark.png
dummy_images\WATCH\1.CARTIER\微商相册\12.23\原图\25.CARTIER SANTOS DUMONT YELLOW GOLD BLUE DIAL WATCH WGSA0077\详情图\WGSA0077-09.jpg,73,watch,,dummy_images\WATCH\1.CARTIER\微商相册\12.23\已整理\25.CARTIER SANTOS DUMONT YELLOW GOLD BLUE DIAL WATCH WGSA0077\详情图\WGSA0077-09.jpg,cvs\new_watermark.png
dummy_images\WATCH\1.CARTIER\微商相册\12.23\原图\7...CARTIER TANK LOUIS WATCH WJTA0038\主图\WJTA0038.jpeg,57,watch,,,cvs\new_watermark.png
dummy_images\WATCH\1.CARTIER\微商相册\12.23\原图\7...CARTIER TANK LOUIS WATCH WJTA0038\附图\WJTA0038-1.jpeg,57,watch,,dummy_images\WATCH\1.CARTIER\微商相册\12.23\已整理\7...CARTIER TANK LOUIS WATCH WJTA0038\附图\WJTA0038-1.jpeg,cvs\new_watermark.png
dummy_images\WATCH\1.CARTIER\微商相册\12.23\原图\7...CARTIER TANK LOUIS WATCH WJTA0038\附图\WJTA0038-2.jpeg,57,watch,,dummy_images\WATCH\1.CARTIER\微商相册\12.23\已整理\7...CARTIER TANK LOUIS WATCH WJTA0038\附图\WJTA0038-2.jpeg,cvs\new_watermark.png
dummy_images\WATCH\1.CARTIER\微商相册\12.23\原图\7...CARTIER TANK LOUIS WATCH WJTA0038\附图\WJTA0038-3.jpeg,57,watch,,dummy_images\WATCH\1.CARTIER\微商相册\12.23\已整理\7...CARTIER TANK LOUIS WATCH WJTA0038\附图\WJTA0038-3.jpeg,cvs\new_watermark.png
dummy_images\WATCH\1.CARTIER\微商相册\12.23\原图\7...CARTIER TANK LOUIS WATCH WJTA0038\附图\WJTA0038-4.jpeg,57,watch,,dummy_images\WATCH\1.CARTIER\微商相册\12.23\已整理\7...CARTIER TANK LOUIS WATCH WJTA0038\附图\WJTA0038-4.jpeg,cvs\new_watermark.png
dummy_images\WATCH\1.CARTIER\微商相册\12.23\原图\7...CARTIER TANK LOUIS WATCH WJTA0038\附图\WJTA0038-5.jpeg,57,watch,,dummy_images\WATCH\1.CARTIER\微商相册\12.23\已整理\7...CARTIER TANK LOUIS WATCH WJTA0038\附图\WJTA0038-5.jpeg,cvs\new_watermark.png
dummy_images\WATCH\1.CARTIER\微商相册\12.23\原图\7...CARTIER TANK LOUIS WATCH WJTA0038\附图\WJTA0038-6.jpeg,57,watch,,dummy_images\WATCH\1.CARTIER\微商相册\12.23\已整理\7...CARTIER TANK LOUIS WATCH WJTA0038\附图\WJTA0038-6.jpeg,cvs\new_watermark.png
dummy_images\WATCH\1.CARTIER\微商相册\12.23\原图\7...CARTIER TANK LOUIS WATCH WJTA0038\附图\WJTA0038-7.jpeg,57,watch,,dummy_images\WATCH\1.CARTIER\微商相册\12.23\已整理\7...CARTIER TANK LOUIS WATCH WJTA0038\附图\WJTA0038-7.jpeg,cvs\new_watermark.png
dummy_images\WATCH\1.CARTIER\微商相册\12.23\原图\7...CARTIER TANK LOUIS WATCH WJTA0038\详情图\WJTA0038-01.jpg,57,watch,,dummy_images\WATCH\1.CARTIER\微商相册\12.23\已整理\7...CARTIER TANK LOUIS WATCH WJTA0038\详情图\WJTA0038-01.jpg,cvs\new_watermark.png
dummy_images\WATCH\1.CARTIER\微商相册\12.23\原图\7...CARTIER TANK LOUIS WATCH WJTA0038\详情图\WJTA0038-02.jpg,57,watch,,dummy_images\WATCH\1.CARTIER\微商相册\12.23\已整理\7...CARTIER TANK LOUIS WATCH WJTA0038\详情图\WJTA0038-02.jpg,cvs\new_watermark.png
dummy_images\WATCH\1.CARTIER\微商相册\12.23\原图\7...CARTIER TANK LOUIS WATCH WJTA0038\详情图\WJTA0038-03.jpg,57,watch,,dummy_images\WATCH\1.CARTIER\微商相册\12.23\已整理\7...CARTIER TANK LOUIS WATCH WJTA0038\详情图\WJTA0038-03.jpg,cvs\new_watermark.png
dummy_images\WATCH\1.CARTIER\微商相册\12.23\原图\7...CARTIER TANK LOUIS WATCH WJTA0038\详情图\WJTA0038-04.jpg,57,watch,,dummy_images\WATCH\1.CARTIER\微商相册\12.23\已整理\7...CARTIER TANK LOUIS WATCH WJTA0038\详情图\WJTA0038-04.jpg,cvs\new_watermark.png
dummy_images\WATCH\1.CARTIER\微商相册\12.23\原图\7...CARTIER TANK LOUIS WATCH WJTA0038\详情图\WJTA0038-06.jpg,57,watch,,dummy_images\WATCH\1.CARTIER\微商相册\12.23\已整理\7...CARTIER TANK LOUIS WATCH WJTA0038\详情图\WJTA0038-06.jpg,cvs\new_watermark.png
dummy_images\WATCH\1.CARTIER\微商相册\12.23\原图\7...CARTIER TANK LOUIS WATCH WJTA0038\详情图\WJTA0038-07.jpg,57,watch,,dummy_images\WATCH\1.CARTIER\微商相册\12.23\已整理\7...CARTIER TANK LOUIS WATCH WJTA0038\详情图\WJTA0038-07.jpg,cvs\new_watermark.png
dummy_images\WATCH\1.CARTIER\微商相册\12.23\原图\7...CARTIER TANK LOUIS WATCH WJTA0038\详情图\WJTA0038-08.jpg,57,watch,,dummy_images\WATCH\1.CARTIER\微商相册\12.23\已整理\7...CARTIER TANK LOUIS WATCH WJTA0038\详情图\WJTA0038-08.jpg,cvs\new_watermark.png
dummy_images\WATCH\1.CARTIER\微商相册\12.23\原图\7...CARTIER TANK LOUIS WATCH WJTA0038\详情图\WJTA0038-09.jpg,57,watch,,dummy_images\WATCH\1.CARTIER\微商相册\12.23\已整理\7...CARTIER TANK LOUIS WATCH WJTA0038\详情图\WJTA0038-09.jpg,cvs\new_watermark.png
dummy_images\WATCH\1.CARTIER\微商相册\12.23\原图\8.CARTIER TANK LOUIS ROSE GOLD DIAMOND LADIES WATCH WJTA0010\主图\WJTA0010.jpg,58,watch,,,cvs\new_watermark.png
dummy_images\WATCH\1.CARTIER\微商相册\12.23\原图\8.CARTIER TANK LOUIS ROSE GOLD DIAMOND LADIES WATCH WJTA0010\附图\WJTA0010-1.jpg,58,watch,,dummy_images\WATCH\1.CARTIER\微商相册\12.23\已整理\8.CARTIER TANK LOUIS ROSE GOLD DIAMOND LADIES WATCH WJTA0010\附图\WJTA0010-1.jpg,cvs\new_watermark.png
dummy_images\WATCH\1.CARTIER\微商相册\12.23\原图\8.CARTIER TANK LOUIS ROSE GOLD DIAMOND LADIES WATCH WJTA0010\附图\WJTA0010-2.jpg,58,watch,,dummy_images\WATCH\1.CARTIER\微商相册\12.23\已整理\8.CARTIER TANK LOUIS ROSE GOLD DIAMOND LADIES WATCH WJTA0010\附图\WJTA0010-2.jpg,cvs\new_watermark.png
dummy_images\WATCH\1.CARTIER\微商相册\12.23\原图\8.CARTIER TANK LOUIS ROSE GOLD DIAMOND LADIES WATCH WJTA0010\附图\WJTA0010-3.jpg,58,watch,,dummy_images\WATCH\1.CARTIER\微商相册\12.23\已整理\8.CARTIER TANK LOUIS ROSE GOLD DIAMOND LADIES WATCH WJTA0010\附图\WJTA0010-3.jpg,cvs\new_watermark.png
dummy_images\WATCH\1.CARTIER\微商相册\12.23\原图\8.CARTIER TANK LOUIS ROSE GOLD DIAMOND LADIES WATCH WJTA0010\详情图\WJTA0010-01.jpg,58,watch,,dummy_images\WATCH\1.CARTIER\微商相册\12.23\已整理\8.CARTIER TANK LOUIS ROSE GOLD DIAMOND LADIES WATCH WJTA0010\详情图\WJTA0010-01.jpg,cvs\new_watermark.png
dummy_images\WATCH\1.CARTIER\微商相册\12.23\原图\8.CARTIER TANK LOUIS ROSE GOLD DIAMOND LADIES WATCH WJTA0010\详情图\WJTA0010-02.jpg,58,watch,,dummy_images\WATCH\1.CARTIER\微商相册\12.23\已整理\8.CARTIER TANK LOUIS ROSE GOLD DIAMOND LADIES WATCH WJTA0010\详情图\WJTA0010-02.jpg,cvs\new_watermark.png
dummy_images\WATCH\1.CARTIER\微商相册\12.23\原图\8.CARTIER TANK LOUIS ROSE GOLD DIAMOND LADIES WATCH WJTA0010\详情图\WJTA0010-03.jpg,58,watch,,dummy_images\WATCH\1.CARTIER\微商相册\12.23\已整理\8.CARTIER TANK LOUIS ROSE GOLD DIAMOND LADIES WATCH WJTA0010\详情图\WJTA0010-03.jpg,cvs\new_watermark.png
dummy_images\WATCH\1.CARTIER\微商相册\12.23\原图\8.CARTIER TANK LOUIS ROSE GOLD DIAMOND LADIES WATCH WJTA0010\详情图\WJTA0010-04.jpg,58,watch,,dummy_images\WATCH\1.CARTIER\微商相册\12.23\已整理\8.CARTIER TANK LOUIS ROSE GOLD DIAMOND LADIES WATCH WJTA0010\详情图\WJTA0010-04.jpg,cvs\new_watermark.png
dummy_images\WATCH\1.CARTIER\微商相册\12.23\原图\8.CARTIER TANK LOUIS ROSE GOLD DIAMOND LADIES WATCH WJTA0010\详情图\WJTA0010-05.jpg,58,watch,,dummy_images\WATCH\1.CARTIER\微商相册\12.23\已整理\8.CARTIER TANK LOUIS ROSE GOLD DIAMOND LADIES WATCH WJTA0010\详情图\WJTA0010-05.jpg,cvs\new_watermark.png
dummy_images\WATCH\1.CARTIER\微商相册\12.23\原图\8.CARTIER TANK LOUIS ROSE GOLD DIAMOND LADIES WATCH WJTA0010\详情图\WJTA0010-06.jpg,58,watch,,dummy_images\WATCH\1.CARTIER\微商相册\12.23\已整理\8.CARTIER TANK LOUIS ROSE GOLD DIAMOND LADIES WATCH WJTA0010\详情图\WJTA0010-06.jpg,cvs\new_watermark.png
dummy_images\WATCH\1.CARTIER\微商相册\12.23\原图\8.CARTIER TANK LOUIS ROSE GOLD DIAMOND LADIES WATCH WJTA0010\详情图\WJTA0010-07.jpg,58,watch,,dummy_images\WATCH\1.CARTIER\微商相册\12.23\已整理\8.CARTIER TANK LOUIS ROSE GOLD DIAMOND LADIES WATCH WJTA0010\详情图\WJTA0010-07.jpg,cvs\new_watermark.png
dummy_images\WATCH\1.CARTIER\微商相册\12.23\原图\8.CARTIER TANK LOUIS ROSE GOLD DIAMOND LADIES WATCH WJTA0010\详情图\WJTA0010-08.jpg,58,watch,,dummy_images\WATCH\1.CARTIER\微商相册\12.23\已整理\8.CARTIER TANK LOUIS ROSE GOLD DIAMOND LADIES WATCH WJTA0010\详情图\WJTA0010-08.jpg,cvs\new_watermark.png
dummy_images\WATCH\1.CARTIER\微商相册\12.23\原图\11.去水印CARTIER TANK MUST STEEL CASE WATCH W4TA0016\主图\W4TA0016.jpg,59,watch,,,cvs\new_watermark.png
dummy_images\WATCH\1.CARTIER\微商相册\12.23\原图\11.去水印CARTIER TANK MUST STEEL CASE WATCH W4TA0016\附图\W4TA0016-1.jpg,59,watch,,dummy_images\WATCH\1.CARTIER\微商相册\12.23\已整理\11.CARTIER TANK MUST STEEL CASE WATCH W4TA0016\附图\W4TA0016-1.jpg,cvs\new_watermark.png
dummy_images\WATCH\1.CARTIER\微商相册\12.23\原图\11.去水印CARTIER TANK MUST STEEL CASE WATCH W4TA0016\附图\W4TA0016-2.jpg,59,watch,,dummy_images\WATCH\1.CARTIER\微商相册\12.23\已整理\11.CARTIER TANK MUST STEEL CASE WATCH W4TA0016\附图\W4TA0016-2.jpg,cvs\new_watermark.png
dummy_images\WATCH\1.CARTIER\微商相册\12.23\原图\11.去水印CARTIER TANK MUST STEEL CASE WATCH W4TA0016\附图\W4TA0016-3.jpg,59,watch,,dummy_images\WATCH\1.CARTIER\微商相册\12.23\已整理\11.CARTIER TANK MUST STEEL CASE WATCH W4TA0016\附图\W4TA0016-3.jpg,cvs\new_watermark.png
dummy_images\WATCH\1.CARTIER\微商相册\12.23\原图\11.去水印CARTIER TANK MUST STEEL CASE WATCH W4TA0016\附图\W4TA0016-4.jpg,59,watch,,dummy_images\WATCH\1.CARTIER\微商相册\12.23\已整理\11.CARTIER TANK MUST STEEL CASE WATCH W4TA0016\附图\W4TA0016-4.jpg,cvs\new_watermark.png
dummy_images\WATCH\1.CARTIER\微商相册\12.23\原图\11.去水印CARTIER TANK MUST STEEL CASE WATCH W4TA0016\详情图\W4TA0016-01.jpg,59,watch,,dummy_images\WATCH\1.CARTIER\微商相册\12.23\已整理\11.CARTIER TANK MUST STEEL CASE WATCH W4TA0016\详情图\W4TA0016-01.jpg,cvs\new_watermark.png
dummy_images\WATCH\1.CARTIER\微商相册\12.23\原图\11.去水印CARTIER TANK MUST STEEL CASE WATCH W4TA0016\详情图\W4TA0016-02.jpg,59,watch,,dummy_images\WATCH\1.CARTIER\微商相册\12.23\已整理\11.CARTIER TANK MUST STEEL CASE WATCH W4TA0016\详情图\W4TA0016-02.jpg,cvs\new_watermark.png
dummy_images\WATCH\1.CARTIER\微商相册\12.23\原图\11.去水印CARTIER TANK MUST STEEL CASE WATCH W4TA0016\详情图\W4TA0016-03.jpg,59,watch,,dummy_images\WATCH\1.CARTIER\微商相册\12.23\已整理\11.CARTIER TANK MUST STEEL CASE WATCH W4TA0016\详情图\W4TA0016-03.jpg,cvs\new_watermark.png
dummy_images\WATCH\1.CARTIER\微商相册\12.23\原图\11.去水印CARTIER TANK MUST STEEL CASE WATCH W4TA0016\详情图\W4TA0016-04.jpg,59,watch,,dummy_images\WATCH\1.CARTIER\微商相册\12.23\已整理\11.CARTIER TANK MUST STEEL CASE WATCH W4TA0016\详情图\W4TA0016-04.jpg,cvs\new_watermark.png
dummy_images\WATCH\1.CARTIER\微商相册\12.23\原图\11.去水印CARTIER TANK MUST STEEL CASE WATCH W4TA0016\详情图\W4TA0016-05.jpg,59,watch,,dummy_images\WATCH\1.CARTIER\微商相册\12.23\已整理\11.CARTIER TANK MUST STEEL CASE WATCH W4TA0016\详情图\W4TA0016-05.jpg,cvs\new_watermark.png
dummy_images\WATCH\1.CARTIER\微商相册\12.23\原图\11.去水印CARTIER TANK MUST STEEL CASE WATCH W4TA0016\详情图\W4TA0016-06.jpg,59,watch,,dummy_images\WATCH\1.CARTIER\微商相册\12.23\已整理\11.CARTIER TANK MUST STEEL CASE WATCH W4TA0016\详情图\W4TA0016-06.jpg,cvs\new_watermark.png
dummy_images\WATCH\1.CARTIER\微商相册\12.23\原图\11.去水印CARTIER TANK MUST STEEL CASE WATCH W4TA0016\详情图\W4TA0016-07.jpg,59,watch,,dummy_images\WATCH\1.CARTIER\微商相册\12.23\已整理\11.CARTIER TANK MUST STEEL CASE WATCH W4TA0016\详情图\W4TA0016-07.jpg,cvs\new_watermark.png
dummy_images\WATCH\1.CARTIER\微商相册\12.23\原图\11.去水印CARTIER TANK MUST STEEL CASE WATCH W4TA0016\详情图\W4TA0016-08.jpg,59,watch,,dummy_images\WATCH\1.CARTIER\微商相册\12.23\已整理\11.CARTIER TANK MUST STEEL CASE WATCH W4TA0016\详情图\W4TA0016-08.jpg,cvs\new_watermark.png
dummy_images\WATCH\1.CARTIER\微商相册\12.23\原图\11.去水印CARTIER TANK MUST STEEL CASE WATCH W4TA0016\详情图\W4TA0016-09.jpg,59,watch,,dummy_images\WATCH\1.CARTIER\微商相册\12.23\已整理\11.CARTIER TANK MUST STEEL CASE WATCH W4TA0016\详情图\W4TA0016-09.jpg,cvs\new_watermark.png
dummy_images\WATCH\1.CARTIER\微商相册\12.23\原图\12.CARTIER TANK MUST DE LM WATCH WSTA0072\主图\WSTA0072.jpg,60,watch,,,cvs\new_watermark.png
dummy_images\WATCH\1.CARTIER\微商相册\12.23\原图\12.CARTIER TANK MUST DE LM WATCH WSTA0072\附图\WSTA0072-1.jpg,60,watch,,dummy_images\WATCH\1.CARTIER\微商相册\12.23\已整理\12.CARTIER TANK MUST DE LM WATCH WSTA0072\附图\WSTA0072-1.jpg,cvs\new_watermark.png
dummy_images\WATCH\1.CARTIER\微商相册\12.23\原图\12.CARTIER TANK MUST DE LM WATCH WSTA0072\附图\WSTA0072-2.jpg,60,watch,,dummy_images\WATCH\1.CARTIER\微商相册\12.23\已整理\12.CARTIER TANK MUST DE LM WATCH WSTA0072\附图\WSTA0072-2.jpg,cvs\new_watermark.png
dummy_images\WATCH\1.CARTIER\微商相册\12.23\原图\12.CARTIER TANK MUST DE LM WATCH WSTA0072\附图\WSTA0072-3.jpg,60,watch,,dummy_images\WATCH\1.CARTIER\微商相册\12.23\已整理\12.CARTIER TANK MUST DE LM WATCH WSTA0072\附图\WSTA0072-3.jpg,cvs\new_watermark.png
dummy_images\WATCH\1.CARTIER\微商相册\12.23\原图\12.CARTIER TANK MUST DE LM WATCH WSTA0072\附图\WSTA0072-4.jpg,60,watch,,dummy_images\WATCH\1.CARTIER\微商相册\12.23\已整理\12.CARTIER TANK MUST DE LM WATCH WSTA0072\附图\WSTA0072-4.jpg,cvs\new_watermark.png
dummy_images\WATCH\1.CARTIER\微商相册\12.23\原图\12.CARTIER TANK MUST DE LM WATCH WSTA0072\详情图\WSTA0072-01.jpg,60,watch,,dummy_images\WATCH\1.CARTIER\微商相册\12.23\已整理\12.CARTIER TANK MUST DE LM WATCH WSTA0072\详情图\WSTA0072-01.jpg,cvs\new_watermark.png
dummy_images\WATCH\1.CARTIER\微商相册\12.23\原图\12.CARTIER TANK MUST DE LM WATCH WSTA0072\详情图\WSTA0072-02.jpg,60,watch,,dummy_images\WATCH\1.CARTIER\微商相册\12.23\已整理\12.CARTIER TANK MUST DE LM WATCH WSTA0072\详情图\WSTA0072-02.jpg,cvs\new_watermark.png
dummy_images\WATCH\1.CARTIER\微商相册\12.23\原图\12.CARTIER TANK MUST DE LM WATCH WSTA0072\详情图\WSTA0072-03.jpg,60,watch,,dummy_images\WATCH\1.CARTIER\微商相册\12.23\已整理\12.CARTIER TANK MUST DE LM WATCH WSTA0072\详情图\WSTA0072-03.jpg,cvs\new_watermark.png
dummy_images\WATCH\1.CARTIER\微商相册\12.23\原图\12.CARTIER TANK MUST DE LM WATCH WSTA0072\详情图\WSTA0072-04.jpg,60,watch,,dummy_images\WATCH\1.CARTIER\微商相册\12.23\已整理\12.CARTIER TANK MUST DE LM WATCH WSTA0072\详情图\WSTA0072-04.jpg,cvs\new_watermark.png
dummy_images\WATCH\1.CARTIER\微商相册\12.23\原图\12.CARTIER TANK MUST DE LM WATCH WSTA0072\详情图\WSTA0072-05.jpg,60,watch,,dummy_images\WATCH\1.CARTIER\微商相册\12.23\已整理\12.CARTIER TANK MUST DE LM WATCH WSTA0072\详情图\WSTA0072-05.jpg,cvs\new_watermark.png
dummy_images\WATCH\1.CARTIER\微商相册\12.23\原图\12.CARTIER TANK MUST DE LM WATCH WSTA0072\详情图\WSTA0072-06.jpg,60,watch,,dummy_images\WATCH\1.CARTIER\微商相册\12.23\已整理\12.CARTIER TANK MUST DE LM WATCH WSTA0072\详情图\WSTA0072-06.jpg,cvs\new_watermark.png
dummy_images\WATCH\1.CARTIER\微商相册\12.23\原图\12.CARTIER TANK MUST DE LM WATCH WSTA0072\详情图\WSTA0072-07.jpg,60,watch,,dummy_images\WATCH\1.CARTIER\微商相册\12.23\已整理\12.CARTIER TANK MUST DE LM WATCH WSTA0072\详情图\WSTA0072-07.jpg,cvs\new_watermark.png
dummy_images\WATCH\1.CARTIER\微商相册\12.23\原图\15...CARTIER TANK MUST WATCH W4TA0022\主图\W4TA0022.jpeg,61,watch,,,cvs\new_watermark.png
dummy_images\WATCH\1.CARTIER\微商相册\12.23\原图\15...CARTIER TANK MUST WATCH W4TA0022\附图\W4TA0022-1.jpeg,61,watch,,dummy_images\WATCH\1.CARTIER\微商相册\12.23\已整理\15...CARTIER TANK MUST WATCH W4TA0022\附图\W4TA0022-1.jpeg,cvs\new_watermark.png
dummy_images\WATCH\1.CARTIER\微商相册\12.23\原图\15...CARTIER TANK MUST WATCH W4TA0022\附图\W4TA0022-2.jpeg,61,watch,,dummy_images\WATCH\1.CARTIER\微商相册\12.23\已整理\15...CARTIER TANK MUST WATCH W4TA0022\附图\W4TA0022-2.jpeg,cvs\new_watermark.png
dummy_images\WATCH\1.CARTIER\微商相册\12.23\原图\15...CARTIER TANK MUST WATCH W4TA0022\附图\W4TA0022-3.jpeg,61,watch,,dummy_images\WATCH\1.CARTIER\微商相册\12.23\已整理\15...CARTIER TANK MUST WATCH W4TA0022\附图\W4TA0022-3.jpeg,cvs\new_watermark.png
dummy_images\WATCH\1.CARTIER\微商相册\12.23\原图\15...CARTIER TANK MUST WATCH W4TA0022\详情图\W4TA0022-01.jpg,61,watch,,dummy_images\WATCH\1.CARTIER\微商相册\12.23\已整理\15...CARTIER TANK MUST WATCH W4TA0022\详情图\W4TA0022-01.jpg,cvs\new_watermark.png
dummy_images\WATCH\1.CARTIER\微商相册\12.23\原图\15...CARTIER TANK MUST WATCH W4TA0022\详情图\W4TA0022-02.jpg,61,watch,,dummy_images\WATCH\1.CARTIER\微商相册\12.23\已整理\15...CARTIER TANK MUST WATCH W4TA0022\详情图\W4TA0022-02.jpg,cvs\new_watermark.png
dummy_images\WATCH\1.CARTIER\微商相册\12.23\原图\15...CARTIER TANK MUST WATCH W4TA0022\详情图\W4TA0022-03.jpg,61,watch,,dummy_images\WATCH\1.CARTIER\微商相册\12.23\已整理\15...CARTIER TANK MUST WATCH W4TA0022\详情图\W4TA0022-03.jpg,cvs\new_watermark.png
dummy_images\WATCH\1.CARTIER\微商相册\12.23\原图\15...CARTIER TANK MUST WATCH W4TA0022\详情图\W4TA0022-04.jpg,61,watch,,dummy_images\WATCH\1.CARTIER\微商相册\12.23\已整理\15...CARTIER TANK MUST WATCH W4TA0022\详情图\W4TA0022-04.jpg,cvs\new_watermark.png
dummy_images\WATCH\1.CARTIER\微商相册\12.23\原图\15...CARTIER TANK MUST WATCH W4TA0022\详情图\W4TA0022-05.jpg,61,watch,,dummy_images\WATCH\1.CARTIER\微商相册\12.23\已整理\15...CARTIER TANK MUST WATCH W4TA0022\详情图\W4TA0022-05.jpg,cvs\new_watermark.png
dummy_images\WATCH\1.CARTIER\微商相册\12.23\原图\15...CARTIER TANK MUST WATCH W4TA0022\详情图\W4TA0022-06.jpg,61,watch,,dummy_images\WATCH\1.CARTIER\微商相册\12.23\已整理\15...CARTIER TANK MUST WATCH W4TA0022\详情图\W4TA0022-06.jpg,cvs\new_watermark.png
dummy_images\WATCH\1.CARTIER\微商相册\12.23\原图\15...CARTIER TANK MUST WATCH W4TA0022\详情图\W4TA0022-07.jpg,61,watch,,dummy_images\WATCH\1.CARTIER\微商相册\12.23\已整理\15...CARTIER TANK MUST WATCH W4TA0022\详情图\W4TA0022-07.jpg,cvs\new_watermark.png
dummy_images\WATCH\1.CARTIER\微商相册\12.23\原图\15...CARTIER TANK MUST WATCH W4TA0022\详情图\W4TA0022-08.jpg,61,watch,,dummy_images\WATCH\1.CARTIER\微商相册\12.23\已整理\15...CARTIER TANK MUST WATCH W4TA0022\详情图\W4TA0022-08.jpg,cvs\new_watermark.png
dummy_images\WATCH\1.CARTIER\微商相册\12.23\原图\15...CARTIER TANK MUST WATCH W4TA0022\详情图\W4TA0022-09.jpg,61,watch,,dummy_images\WATCH\1.CARTIER\微商相册\12.23\已整理\15...CARTIER TANK MUST WATCH W4TA0022\详情图\W4TA0022-09.jpg,cvs\new_watermark.png
dummy_images\WATCH\1.CARTIER\微商相册\12.23\原图\24...CARTIER SANTOS-DUMONT WATCH W2SA0028\主图\W2SA0028.jpeg,62,watch,,,cvs\new_watermark.png
dummy_images\WATCH\1.CARTIER\微商相册\12.23\原图\24...CARTIER SANTOS-DUMONT WATCH W2SA0028\附图\W2SA0028-1.jpeg,62,watch,,dummy_images\WATCH\1.CARTIER\微商相册\12.23\已整理\24...CARTIER SANTOS-DUMONT WATCH W2SA0028\附图\W2SA0028-1.jpeg,cvs\new_watermark.png
dummy_images\WATCH\1.CARTIER\微商相册\12.23\原图\24...CARTIER SANTOS-DUMONT WATCH W2SA0028\附图\W2SA0028-2.jpeg,62,watch,,dummy_images\WATCH\1.CARTIER\微商相册\12.23\已整理\24...CARTIER SANTOS-DUMONT WATCH W2SA0028\附图\W2SA0028-2.jpeg,cvs\new_watermark.png
dummy_images\WATCH\1.CARTIER\微商相册\12.23\原图\24...CARTIER SANTOS-DUMONT WATCH W2SA0028\附图\W2SA0028-3.jpeg,62,watch,,dummy_images\WATCH\1.CARTIER\微商相册\12.23\已整理\24...CARTIER SANTOS-DUMONT WATCH W2SA0028\附图\W2SA0028-3.jpeg,cvs\new_watermark.png
dummy_images\WATCH\1.CARTIER\微商相册\12.23\原图\24...CARTIER SANTOS-DUMONT WATCH W2SA0028\附图\W2SA0028-4.jpeg,62,watch,,dummy_images\WATCH\1.CARTIER\微商相册\12.23\已整理\24...CARTIER SANTOS-DUMONT WATCH W2SA0028\附图\W2SA0028-4.jpeg,cvs\new_watermark.png
dummy_images\WATCH\1.CARTIER\微商相册\12.23\原图\24...CARTIER SANTOS-DUMONT WATCH W2SA0028\附图\W2SA0028-5.jpeg,62,watch,,dummy_images\WATCH\1.CARTIER\微商相册\12.23\已整理\24...CARTIER SANTOS-DUMONT WATCH W2SA0028\附图\W2SA0028-5.jpeg,cvs\new_watermark.png
dummy_images\WATCH\1.CARTIER\微商相册\12.23\原图\24...CARTIER SANTOS-DUMONT WATCH W2SA0028\附图\W2SA0028-6.png,62,watch,,dummy_images\WATCH\1.CARTIER\微商相册\12.23\已整理\24...CARTIER SANTOS-DUMONT WATCH W2SA0028\附图\W2SA0028-6.png,cvs\new_watermark.png
dummy_images\WATCH\1.CARTIER\微商相册\12.23\原图\24...CARTIER SANTOS-DUMONT WATCH W2SA0028\详情图\W2SA0028-01.jpg,62,watch,,dummy_images\WATCH\1.CARTIER\微商相册\12.23\已整理\24...CARTIER SANTOS-DUMONT WATCH W2SA0028\详情图\W2SA0028-01.jpg,cvs\new_watermark.png
dummy_images\WATCH\1.CARTIER\微商相册\12.23\原图\24...CARTIER SANTOS-DUMONT WATCH W2SA0028\详情图\W2SA0028-02.jpg,62,watch,,dummy_images\WATCH\1.CARTIER\微商相册\12.23\已整理\24...CARTIER SANTOS-DUMONT WATCH W2SA0028\详情图\W2SA0028-02.jpg,cvs\new_watermark.png
dummy_images\WATCH\1.CARTIER\微商相册\12.23\原图\24...CARTIER SANTOS-DUMONT WATCH W2SA0028\详情图\W2SA0028-03.jpg,62,watch,,dummy_images\WATCH\1.CARTIER\微商相册\12.23\已整理\24...CARTIER SANTOS-DUMONT WATCH W2SA0028\详情图\W2SA0028-03.jpg,cvs\new_watermark.png
dummy_images\WATCH\1.CARTIER\微商相册\12.23\原图\24...CARTIER SANTOS-DUMONT WATCH W2SA0028\详情图\W2SA0028-04.jpg,62,watch,,dummy_images\WATCH\1.CARTIER\微商相册\12.23\已整理\24...CARTIER SANTOS-DUMONT WATCH W2SA0028\详情图\W2SA0028-04.jpg,cvs\new_watermark.png
dummy_images\WATCH\1.CARTIER\微商相册\12.23\原图\24...CARTIER SANTOS-DUMONT WATCH W2SA0028\详情图\W2SA0028-05.jpg,62,watch,,dummy_images\WATCH\1.CARTIER\微商相册\12.23\已整理\24...CARTIER SANTOS-DUMONT WATCH W2SA0028\详情图\W2SA0028-05.jpg,cvs\new_watermark.png
dummy_images\WATCH\1.CARTIER\微商相册\12.23\原图\24...CARTIER SANTOS-DUMONT WATCH W2SA0028\详情图\W2SA0028-06.jpg,62,watch,,dummy_images\WATCH\1.CARTIER\微商相册\12.23\已整理\24...CARTIER SANTOS-DUMONT WATCH W2SA0028\详情图\W2SA0028-06.jpg,cvs\new_watermark.png
dummy_images\WATCH\1.CARTIER\微商相册\12.23\原图\24...CARTIER SANTOS-DUMONT WATCH W2SA0028\详情图\W2SA0028-07.jpg,62,watch,,dummy_images\WATCH\1.CARTIER\微商相册\12.23\已整理\24...CARTIER SANTOS-DUMONT WATCH W2SA0028\详情图\W2SA0028-07.jpg,cvs\new_watermark.png
dummy_images\WATCH\1.CARTIER\微商相册\12.23\原图\24...CARTIER SANTOS-DUMONT WATCH W2SA0028\详情图\W2SA0028-08.jpg,62,watch,,dummy_images\WATCH\1.CARTIER\微商相册\12.23\已整理\24...CARTIER SANTOS-DUMONT WATCH W2SA0028\详情图\W2SA0028-08.jpg,cvs\new_watermark.png
dummy_images\WATCH\1.CARTIER\微商相册\12.23\原图\27...CARTIER SANTOS-DUMONT WATCH WSSA0032\主图\WSSA0032.jpeg,63,watch,,,cvs\new_watermark.png
dummy_images\WATCH\1.CARTIER\微商相册\12.23\原图\27...CARTIER SANTOS-DUMONT WATCH WSSA0032\附图\WSSA0032-01.png,63,watch,,dummy_images\WATCH\1.CARTIER\微商相册\12.23\已整理\27...CARTIER SANTOS-DUMONT WATCH WSSA0032\附图\WSSA0032-01.png,cvs\new_watermark.png
dummy_images\WATCH\1.CARTIER\微商相册\12.23\原图\27...CARTIER SANTOS-DUMONT WATCH WSSA0032\附图\WSSA0032-02.jpeg,63,watch,,dummy_images\WATCH\1.CARTIER\微商相册\12.23\已整理\27...CARTIER SANTOS-DUMONT WATCH WSSA0032\附图\WSSA0032-02.jpeg,cvs\new_watermark.png
dummy_images\WATCH\1.CARTIER\微商相册\12.23\原图\27...CARTIER SANTOS-DUMONT WATCH WSSA0032\附图\WSSA0032-03.jpeg,63,watch,,dummy_images\WATCH\1.CARTIER\微商相册\12.23\已整理\27...CARTIER SANTOS-DUMONT WATCH WSSA0032\附图\WSSA0032-03.jpeg,cvs\new_watermark.png
dummy_images\WATCH\1.CARTIER\微商相册\12.23\原图\27...CARTIER SANTOS-DUMONT WATCH WSSA0032\附图\WSSA0032-04.jpeg,63,watch,,dummy_images\WATCH\1.CARTIER\微商相册\12.23\已整理\27...CARTIER SANTOS-DUMONT WATCH WSSA0032\附图\WSSA0032-04.jpeg,cvs\new_watermark.png
dummy_images\WATCH\1.CARTIER\微商相册\12.23\原图\27...CARTIER SANTOS-DUMONT WATCH WSSA0032\附图\WSSA0032-05.jpeg,63,watch,,dummy_images\WATCH\1.CARTIER\微商相册\12.23\已整理\27...CARTIER SANTOS-DUMONT WATCH WSSA0032\附图\WSSA0032-05.jpeg,cvs\new_watermark.png
dummy_images\WATCH\1.CARTIER\微商相册\12.23\原图\27...CARTIER SANTOS-DUMONT WATCH WSSA0032\详情图\WSSA0032-01.jpg,63,watch,,dummy_images\WATCH\1.CARTIER\微商相册\12.23\已整理\27...CARTIER SANTOS-DUMONT WATCH WSSA0032\详情图\WSSA0032-01.jpg,cvs\new_watermark.png
dummy_images\WATCH\1.CARTIER\微商相册\12.23\原图\27...CARTIER SANTOS-DUMONT WATCH WSSA0032\详情图\WSSA0032-02.jpg,63,watch,,dummy_images\WATCH\1.CARTIER\微商相册\12.23\已整理\27...CARTIER SANTOS-DUMONT WATCH WSSA0032\详情图\WSSA0032-02.jpg,cvs\new_watermark.png
dummy_images\WATCH\1.CARTIER\微商相册\12.23\原图\27...CARTIER SANTOS-DUMONT WATCH WSSA0032\详情图\WSSA0032-03.jpg,63,watch,,dummy_images\WATCH\1.CARTIER\微商相册\12.23\已整理\27...CARTIER SANTOS-DUMONT WATCH WSSA0032\详情图\WSSA0032-03.jpg,cvs\new_watermark.png
dummy_images\WATCH\1.CARTIER\微商相册\12.23\原图\27...CARTIER SANTOS-DUMONT WATCH WSSA0032\详情图\WSSA0032-04.jpg,63,watch,,dummy_images\WATCH\1.CARTIER\微商相册\12.23\已整理\27...CARTIER SANTOS-DUMONT WATCH WSSA0032\详情图\WSSA0032-04.jpg,cvs\new_watermark.png
dummy_images\WATCH\1.CARTIER\微商相册\12.23\原图\27...CARTIER SANTOS-DUMONT WATCH WSSA0032\详情图\WSSA0032-05.jpg,63,watch,,dummy_images\WATCH\1.CARTIER\微商相册\12.23\已整理\27...CARTIER SANTOS-DUMONT WATCH WSSA0032\详情图\WSSA0032-05.jpg,cvs\new_watermark.png
dummy_images\WATCH\1.CARTIER\微商相册\12.23\原图\27...CARTIER SANTOS-DUMONT WATCH WSSA0032\详情图\WSSA0032-06.jpg,63,watch,,dummy_images\WATCH\1.CARTIER\微商相册\12.23\已整理\27...CARTIER SANTOS-DUMONT WATCH WSSA0032\详情图\WSSA0032-06.jpg,cvs\new_watermark.png
dummy_images\WATCH\1.CARTIER\微商相册\12.23\原图\27...CARTIER SANTOS-DUMONT WATCH WSSA0032\详情图\WSSA0032-07.jpg,63,watch,,dummy_images\WATCH\1.CARTIER\微商相册\12.23\已整理\27...CARTIER SANTOS-DUMONT WATCH WSSA0032\详情图\WSSA0032-07.jpg,cvs\new_watermark.png
dummy_images\WATCH\1.CARTIER\微商相册\12.23\原图\27...CARTIER SANTOS-DUMONT WATCH WSSA0032\详情图\WSSA0032-08.jpg,63,watch,,dummy_images\WATCH\1.CARTIER\微商相册\12.23\已整理\27...CARTIER SANTOS-DUMONT WATCH WSSA0032\详情图\WSSA0032-08.jpg,cvs\new_watermark.png
dummy_images\WATCH\1.CARTIER\微商相册\12.23\原图\27...CARTIER SANTOS-DUMONT WATCH WSSA0032\详情图\WSSA0032-09.jpg,63,watch,,dummy_images\WATCH\1.CARTIER\微商相册\12.23\已整理\27...CARTIER SANTOS-DUMONT WATCH WSSA0032\详情图\WSSA0032-09.jpg,cvs\new_watermark.png
dummy_images\WATCH\1.CARTIER\微商相册\12.23\原图\28...CARTIER SANTOS-DUMONT WATCH W2SA0017\主图\W2SA0017.jpeg,64,watch,,,cvs\new_watermark.png
dummy_images\WATCH\1.CARTIER\微商相册\12.23\原图\28...CARTIER SANTOS-DUMONT WATCH W2SA0017\附图\W2SA0017-1.jpeg,64,watch,,dummy_images\WATCH\1.CARTIER\微商相册\12.23\已整理\28...CARTIER SANTOS-DUMONT WATCH W2SA0017\附图\W2SA0017-1.jpeg,cvs\new_watermark.png
dummy_images\WATCH\1.CARTIER\微商相册\12.23\原图\28...CARTIER SANTOS-DUMONT WATCH W2SA0017\附图\W2SA0017-2.jpeg,64,watch,,dummy_images\WATCH\1.CARTIER\微商相册\12.23\已整理\28...CARTIER SANTOS-DUMONT WATCH W2SA0017\附图\W2SA0017-2.jpeg,cvs\new_watermark.png
dummy_images\WATCH\1.CARTIER\微商相册\12.23\原图\28...CARTIER SANTOS-DUMONT WATCH W2SA0017\附图\W2SA0017-3.jpeg,64,watch,,dummy_images\WATCH\1.CARTIER\微商相册\12.23\已整理\28...CARTIER SANTOS-DUMONT WATCH W2SA0017\附图\W2SA0017-3.jpeg,cvs\new_watermark.png
dummy_images\WATCH\1.CARTIER\微商相册\12.23\原图\28...CARTIER SANTOS-DUMONT WATCH W2SA0017\附图\W2SA0017-4.jpeg,64,watch,,dummy_images\WATCH\1.CARTIER\微商相册\12.23\已整理\28...CARTIER SANTOS-DUMONT WATCH W2SA0017\附图\W2SA0017-4.jpeg,cvs\new_watermark.png
dummy_images\WATCH\1.CARTIER\微商相册\12.23\原图\28...CARTIER SANTOS-DUMONT WATCH W2SA0017\附图\W2SA0017-5.jpeg,64,watch,,dummy_images\WATCH\1.CARTIER\微商相册\12.23\已整理\28...CARTIER SANTOS-DUMONT WATCH W2SA0017\附图\W2SA0017-5.jpeg,cvs\new_watermark.png
dummy_images\WATCH\1.CARTIER\微商相册\12.23\原图\28...CARTIER SANTOS-DUMONT WATCH W2SA0017\详情图\W2SA0017-01.jpg,64,watch,,dummy_images\WATCH\1.CARTIER\微商相册\12.23\已整理\28...CARTIER SANTOS-DUMONT WATCH W2SA0017\详情图\W2SA0017-01.jpg,cvs\new_watermark.png
dummy_images\WATCH\1.CARTIER\微商相册\12.23\原图\28...CARTIER SANTOS-DUMONT WATCH W2SA0017\详情图\W2SA0017-02.jpg,64,watch,,dummy_images\WATCH\1.CARTIER\微商相册\12.23\已整理\28...CARTIER SANTOS-DUMONT WATCH W2SA0017\详情图\W2SA0017-02.jpg,cvs\new_watermark.png
dummy_images\WATCH\1.CARTIER\微商相册\12.23\原图\28...CARTIER SANTOS-DUMONT WATCH W2SA0017\详情图\W2SA0017-03.jpg,64,watch,,dummy_images\WATCH\1.CARTIER\微商相册\12.23\已整理\28...CARTIER SANTOS-DUMONT WATCH W2SA0017\详情图\W2SA0017-03.jpg,cvs\new_watermark.png
dummy_images\WATCH\1.CARTIER\微商相册\12.23\原图\28...CARTIER SANTOS-DUMONT WATCH W2SA0017\详情图\W2SA0017-04.jpg,64,watch,,dummy_images\WATCH\1.CARTIER\微商相册\12.23\已整理\28...CARTIER SANTOS-DUMONT WATCH W2SA0017\详情图\W2SA0017-04.jpg,cvs\new_watermark.png
dummy_images\WATCH\1.CARTIER\微商相册\12.23\原图\28...CARTIER SANTOS-DUMONT WATCH W2SA0017\详情图\W2SA0017-05.jpg,64,watch,,dummy_images\WATCH\1.CARTIER\微商相册\12.23\已整理\28...CARTIER SANTOS-DUMONT WATCH W2SA0017\详情图\W2SA0017-05.jpg,cvs\new_watermark.png
dummy_images\WATCH\1.CARTIER\微商相册\12.23\原图\28...CARTIER SANTOS-DUMONT WATCH W2SA0017\详情图\W2SA0017-06.jpg,64,watch,,dummy_images\WATCH\1.CARTIER\微商相册\12.23\已整理\28...CARTIER SANTOS-DUMONT WATCH W2SA0017\详情图\W2SA0017-06.jpg,cvs\new_watermark.png
dummy_images\WATCH\1.CARTIER\微商相册\12.23\原图\28...CARTIER SANTOS-DUMONT WATCH W2SA0017\详情图\W2SA0017-07.jpg,64,watch,,dummy_images\WATCH\1.CARTIER\微商相册\12.23\已整理\28...CARTIER SANTOS-DUMONT WATCH W2SA0017\详情图\W2SA0017-07.jpg,cvs\new_watermark.png
dummy_images\WATCH\1.CARTIER\微商相册\12.23\原图\28...CARTIER SANTOS-DUMONT WATCH W2SA0017\详情图\W2SA0017-08.jpg,64,watch,,dummy_images\WATCH\1.CARTIER\微商相册\12.23\已整理\28...CARTIER SANTOS-DUMONT WATCH W2SA0017\详情图\W2SA0017-08.jpg,cvs\new_watermark.png
dummy_images\WATCH\1.CARTIER\微商相册\12.23\原图\31...CARTIER TANK FRAN?AISE WATCH W4TA0021\主图\W4TA0021.jpeg,65,watch,,,cvs\new_watermark.png
dummy_images\WATCH\1.CARTIER\微商相册\12.23\原图\31...CARTIER TANK FRAN?AISE WATCH W4TA0021\附图\W4TA0021-1.jpeg,65,watch,,dummy_images\WATCH\1.CARTIER\微商相册\12.23\已整理\31...CARTIER TANK FRAN?AISE WATCH W4TA0021\附图\W4TA0021-1.jpeg,cvs\new_watermark.png
dummy_images\WATCH\1.CARTIER\微商相册\12.23\原图\31...CARTIER TANK FRAN?AISE WATCH W4TA0021\附图\W4TA0021-2.jpeg,65,watch,,dummy_images\WATCH\1.CARTIER\微商相册\12.23\已整理\31...CARTIER TANK FRAN?AISE WATCH W4TA0021\附图\W4TA0021-2.jpeg,cvs\new_watermark.png
dummy_images\WATCH\1.CARTIER\微商相册\12.23\原图\31...CARTIER TANK FRAN?AISE WATCH W4TA0021\附图\W4TA0021-3.jpeg,65,watch,,dummy_images\WATCH\1.CARTIER\微商相册\12.23\已整理\31...CARTIER TANK FRAN?AISE WATCH W4TA0021\附图\W4TA0021-3.jpeg,cvs\new_watermark.png
dummy_images\WATCH\1.CARTIER\微商相册\12.23\原图\31...CARTIER TANK FRAN?AISE WATCH W4TA0021\附图\W4TA0021-4.jpeg,65,watch,,dummy_images\WATCH\1.CARTIER\微商相册\12.23\已整理\31...CARTIER TANK FRAN?AISE WATCH W4TA0021\附图\W4TA0021-4.jpeg,cvs\new_watermark.png
dummy_images\WATCH\1.CARTIER\微商相册\12.23\原图\31...CARTIER TANK FRAN?AISE WATCH W4TA0021\附图\W4TA0021-5.jpeg,65,watch,,dummy_images\WATCH\1.CARTIER\微商相册\12.23\已整理\31...CARTIER TANK FRAN?AISE WATCH W4TA0021\附图\W4TA0021-5.jpeg,cvs\new_watermark.png
dummy_images\WATCH\1.CARTIER\微商相册\12.23\原图\31...CARTIER TANK FRAN?AISE WATCH W4TA0021\附图\W4TA0021-6.jpeg,65,watch,,dummy_images\WATCH\1.CARTIER\微商相册\12.23\已整理\31...CARTIER TANK FRAN?AISE WATCH W4TA0021\附图\W4TA0021-6.jpeg,cvs\new_watermark.png
dummy_images\WATCH\1.CARTIER\微商相册\12.23\原图\31...CARTIER TANK FRAN?AISE WATCH W4TA0021\附图\W4TA0021-7.jpeg,65,watch,,dummy_images\WATCH\1.CARTIER\微商相册\12.23\已整理\31...CARTIER TANK FRAN?AISE WATCH W4TA0021\附图\W4TA0021-7.jpeg,cvs\new_watermark.png
dummy_images\WATCH\1.CARTIER\微商相册\12.23\原图\31...CARTIER TANK FRAN?AISE WATCH W4TA0021\附图\W4TA0021-8.jpeg,65,watch,,dummy_images\WATCH\1.CARTIER\微商相册\12.23\已整理\31...CARTIER TANK FRAN?AISE WATCH W4TA0021\附图\W4TA0021-8.jpeg,cvs\new_watermark.png
dummy_images\WATCH\1.CARTIER\微商相册\12.23\原图\31...CARTIER TANK FRAN?AISE WATCH W4TA0021\详情图\W4TA0021-01.jpg,65,watch,,dummy_images\WATCH\1.CARTIER\微商相册\12.23\已整理\31...CARTIER TANK FRAN?AISE WATCH W4TA0021\详情图\W4TA0021-01.jpg,cvs\new_watermark.png
dummy_images\WATCH\1.CARTIER\微商相册\12.23\原图\31...CARTIER TANK FRAN?AISE WATCH W4TA0021\详情图\W4TA0021-02.jpg,65,watch,,dummy_images\WATCH\1.CARTIER\微商相册\12.23\已整理\31...CARTIER TANK FRAN?AISE WATCH W4TA0021\详情图\W4TA0021-02.jpg,cvs\new_watermark.png
dummy_images\WATCH\1.CARTIER\微商相册\12.23\原图\31...CARTIER TANK FRAN?AISE WATCH W4TA0021\详情图\W4TA0021-03.jpg,65,watch,,dummy_images\WATCH\1.CARTIER\微商相册\12.23\已整理\31...CARTIER TANK FRAN?AISE WATCH W4TA0021\详情图\W4TA0021-03.jpg,cvs\new_watermark.png
dummy_images\WATCH\1.CARTIER\微商相册\12.23\原图\31...CARTIER TANK FRAN?AISE WATCH W4TA0021\详情图\W4TA0021-04.jpg,65,watch,,dummy_images\WATCH\1.CARTIER\微商相册\12.23\已整理\31...CARTIER TANK FRAN?AISE WATCH W4TA0021\详情图\W4TA0021-04.jpg,cvs\new_watermark.png
dummy_images\WATCH\1.CARTIER\微商相册\12.23\原图\31...CARTIER TANK FRAN?AISE WATCH W4TA0021\详情图\W4TA0021-05.jpg,65,watch,,dummy_images\WATCH\1.CARTIER\微商相册\12.23\已整理\31...CARTIER TANK FRAN?AISE WATCH W4TA0021\详情图\W4TA0021-05.jpg,cvs\new_watermark.png
dummy_images\WATCH\1.CARTIER\微商相册\12.23\原图\31...CARTIER TANK FRAN?AISE WATCH W4TA0021\详情图\W4TA0021-06.jpg,65,watch,,dummy_images\WATCH\1.CARTIER\微商相册\12.23\已整理\31...CARTIER TANK FRAN?AISE WATCH W4TA0021\详情图\W4TA0021-06.jpg,cvs\new_watermark.png
dummy_images\WATCH\1.CARTIER\微商相册\12.23\原图\31...CARTIER TANK FRAN?AISE WATCH W4TA0021\详情图\W4TA0021-07.jpg,65,watch,,dummy_images\WATCH\1.CARTIER\微商相册\12.23\已整理\31...CARTIER TANK FRAN?AISE WATCH W4TA0021\详情图\W4TA0021-07.jpg,cvs\new_watermark.png
dummy_images\WATCH\1.CARTIER\微商相册\12.23\原图\32...CARTIER TANK FRAN?AISE WATCH WSTA0074\主图\WSTA0074.jpeg,66,watch,,,cvs\new_watermark.png
dummy_images\WATCH\1.CARTIER\微商相册\12.23\原图\32...CARTIER TANK FRAN?AISE WATCH WSTA0074\附图\WSTA0074-1.jpeg,66,watch,,dummy_images\WATCH\1.CARTIER\微商相册\12.23\已整理\32...CARTIER TANK FRAN?AISE WATCH WSTA0074\附图\WSTA0074-1.jpeg,cvs\new_watermark.png
dummy_images\WATCH\1.CARTIER\微商相册\12.23\原图\32...CARTIER TANK FRAN?AISE WATCH WSTA0074\附图\WSTA0074-2.jpeg,66,watch,,dummy_images\WATCH\1.CARTIER\微商相册\12.23\已整理\32...CARTIER TANK FRAN?AISE WATCH WSTA0074\附图\WSTA0074-2.jpeg,cvs\new_watermark.png
dummy_images\WATCH\1.CARTIER\微商相册\12.23\原图\32...CARTIER TANK FRAN?AISE WATCH WSTA0074\附图\WSTA0074-3.jpeg,66,watch,,dummy_images\WATCH\1.CARTIER\微商相册\12.23\已整理\32...CARTIER TANK FRAN?AISE WATCH WSTA0074\附图\WSTA0074-3.jpeg,cvs\new_watermark.png
dummy_images\WATCH\1.CARTIER\微商相册\12.23\原图\32...CARTIER TANK FRAN?AISE WATCH WSTA0074\附图\WSTA0074-4.jpeg,66,watch,,dummy_images\WATCH\1.CARTIER\微商相册\12.23\已整理\32...CARTIER TANK FRAN?AISE WATCH WSTA0074\附图\WSTA0074-4.jpeg,cvs\new_watermark.png
dummy_images\WATCH\1.CARTIER\微商相册\12.23\原图\32...CARTIER TANK FRAN?AISE WATCH WSTA0074\附图\WSTA0074-5.jpeg,66,watch,,dummy_images\WATCH\1.CARTIER\微商相册\12.23\已整理\32...CARTIER TANK FRAN?AISE WATCH WSTA0074\附图\WSTA0074-5.jpeg,cvs\new_watermark.png
dummy_images\WATCH\1.CARTIER\微商相册\12.23\原图\32...CARTIER TANK FRAN?AISE WATCH WSTA0074\附图\WSTA0074-6.jpeg,66,watch,,dummy_images\WATCH\1.CARTIER\微商相册\12.23\已整理\32...CARTIER TANK FRAN?AISE WATCH WSTA0074\附图\WSTA0074-6.jpeg,cvs\new_watermark.png
dummy_images\WATCH\1.CARTIER\微商相册\12.23\原图\32...CARTIER TANK FRAN?AISE WATCH WSTA0074\附图\WSTA0074-7.jpeg,66,watch,,dummy_images\WATCH\1.CARTIER\微商相册\12.23\已整理\32...CARTIER TANK FRAN?AISE WATCH WSTA0074\附图\WSTA0074-7.jpeg,cvs\new_watermark.png
dummy_images\WATCH\1.CARTIER\微商相册\12.23\原图\32...CARTIER TANK FRAN?AISE WATCH WSTA0074\详情图\WSTA0074-01.jpg,66,watch,,dummy_images\WATCH\1.CARTIER\微商相册\12.23\已整理\32...CARTIER TANK FRAN?AISE WATCH WSTA0074\详情图\WSTA0074-01.jpg,cvs\new_watermark.png
dummy_images\WATCH\1.CARTIER\微商相册\12.23\原图\32...CARTIER TANK FRAN?AISE WATCH WSTA0074\详情图\WSTA0074-02.jpg,66,watch,,dummy_images\WATCH\1.CARTIER\微商相册\12.23\已整理\32...CARTIER TANK FRAN?AISE WATCH WSTA0074\详情图\WSTA0074-02.jpg,cvs\new_watermark.png
dummy_images\WATCH\1.CARTIER\微商相册\12.23\原图\32...CARTIER TANK FRAN?AISE WATCH WSTA0074\详情图\WSTA0074-03.jpg,66,watch,,dummy_images\WATCH\1.CARTIER\微商相册\12.23\已整理\32...CARTIER TANK FRAN?AISE WATCH WSTA0074\详情图\WSTA0074-03.jpg,cvs\new_watermark.png
dummy_images\WATCH\1.CARTIER\微商相册\12.23\原图\32...CARTIER TANK FRAN?AISE WATCH WSTA0074\详情图\WSTA0074-04.jpg,66,watch,,dummy_images\WATCH\1.CARTIER\微商相册\12.23\已整理\32...CARTIER TANK FRAN?AISE WATCH WSTA0074\详情图\WSTA0074-04.jpg,cvs\new_watermark.png
dummy_images\WATCH\1.CARTIER\微商相册\12.23\原图\32...CARTIER TANK FRAN?AISE WATCH WSTA0074\详情图\WSTA0074-05.jpg,66,watch,,dummy_images\WATCH\1.CARTIER\微商相册\12.23\已整理\32...CARTIER TANK FRAN?AISE WATCH WSTA0074\详情图\WSTA0074-05.jpg,cvs\new_watermark.png
dummy_images\WATCH\1.CARTIER\微商相册\12.23\原图\32...CARTIER TANK FRAN?AISE WATCH WSTA0074\详情图\WSTA0074-06.jpg,66,watch,,dummy_images\WATCH\1.CARTIER\微商相册\12.23\已整理\32...CARTIER TANK FRAN?AISE WATCH WSTA0074\详情图\WSTA0074-06.jpg,cvs\new_watermark.png
dummy_images\WATCH\1.CARTIER\微商相册\12.23\原图\32...CARTIER TANK FRAN?AISE WATCH WSTA0074\详情图\WSTA0074-07.jpg,66,watch,,dummy_images\WATCH\1.CARTIER\微商相册\12.23\已整理\32...CARTIER TANK FRAN?AISE WATCH WSTA0074\详情图\WSTA0074-07.jpg,cvs\new_watermark.png
dummy_images\WATCH\1.CARTIER\微商相册\12.23\原图\33...CARTIER TANK FRAN?AISE WATCH W4TA0020\主图\W4TA0020.jpeg,67,watch,,,cvs\new_watermark.png
dummy_images\WATCH\1.CARTIER\微商相册\12.23\原图\33...CARTIER TANK FRAN?AISE WATCH W4TA0020\附图\W4TA0020-1.jpeg,67,watch,,dummy_images\WATCH\1.CARTIER\微商相册\12.23\已整理\33...CARTIER TANK FRAN?AISE WATCH W4TA0020\附图\W4TA0020-1.jpeg,cvs\new_watermark.png
dummy_images\WATCH\1.CARTIER\微商相册\12.23\原图\33...CARTIER TANK FRAN?AISE WATCH W4TA0020\附图\W4TA0020-2.jpeg,67,watch,,dummy_images\WATCH\1.CARTIER\微商相册\12.23\已整理\33...CARTIER TANK FRAN?AISE WATCH W4TA0020\附图\W4TA0020-2.jpeg,cvs\new_watermark.png
dummy_images\WATCH\1.CARTIER\微商相册\12.23\原图\33...CARTIER TANK FRAN?AISE WATCH W4TA0020\附图\W4TA0020-3.jpeg,67,watch,,dummy_images\WATCH\1.CARTIER\微商相册\12.23\已整理\33...CARTIER TANK FRAN?AISE WATCH W4TA0020\附图\W4TA0020-3.jpeg,cvs\new_watermark.png
dummy_images\WATCH\1.CARTIER\微商相册\12.23\原图\33...CARTIER TANK FRAN?AISE WATCH W4TA0020\附图\W4TA0020-4.jpeg,67,watch,,dummy_images\WATCH\1.CARTIER\微商相册\12.23\已整理\33...CARTIER TANK FRAN?AISE WATCH W4TA0020\附图\W4TA0020-4.jpeg,cvs\new_watermark.png
dummy_images\WATCH\1.CARTIER\微商相册\12.23\原图\33...CARTIER TANK FRAN?AISE WATCH W4TA0020\附图\W4TA0020-5.jpeg,67,watch,,dummy_images\WATCH\1.CARTIER\微商相册\12.23\已整理\33...CARTIER TANK FRAN?AISE WATCH W4TA0020\附图\W4TA0020-5.jpeg,cvs\new_watermark.png
dummy_images\WATCH\1.CARTIER\微商相册\12.23\原图\33...CARTIER TANK FRAN?AISE WATCH W4TA0020\附图\W4TA0020-6.jpeg,67,watch,,dummy_images\WATCH\1.CARTIER\微商相册\12.23\已整理\33...CARTIER TANK FRAN?AISE WATCH W4TA0020\附图\W4TA0020-6.jpeg,cvs\new_watermark.png
dummy_images\WATCH\1.CARTIER\微商相册\12.23\原图\33...CARTIER TANK FRAN?AISE WATCH W4TA0020\详情图\W4TA0020-01.jpg,67,watch,,dummy_images\WATCH\1.CARTIER\微商相册\12.23\已整理\33...CARTIER TANK FRAN?AISE WATCH W4TA0020\详情图\W4TA0020-01.jpg,cvs\new_watermark.png
dummy_images\WATCH\1.CARTIER\微商相册\12.23\原图\33...CARTIER TANK FRAN?AISE WATCH W4TA0020\详情图\W4TA0020-02.jpg,67,watch,,dummy_images\WATCH\1.CARTIER\微商相册\12.23\已整理\33...CARTIER TANK FRAN?AISE WATCH W4TA0020\详情图\W4TA0020-02.jpg,cvs\new_watermark.png
dummy_images\WATCH\1.CARTIER\微商相册\12.23\原图\33...CARTIER TANK FRAN?AISE WATCH W4TA0020\详情图\W4TA0020-03.jpg,67,watch,,dummy_images\WATCH\1.CARTIER\微商相册\12.23\已整理\33...CARTIER TANK FRAN?AISE WATCH W4TA0020\详情图\W4TA0020-03.jpg,cvs\new_watermark.png
dummy_images\WATCH\1.CARTIER\微商相册\12.23\原图\33...CARTIER TANK FRAN?AISE WATCH W4TA0020\详情图\W4TA0020-04.jpg,67,watch,,dummy_images\WATCH\1.CARTIER\微商相册\12.23\已整理\33...CARTIER TANK FRAN?AISE WATCH W4TA0020\详情图\W4TA0020-04.jpg,cvs\new_watermark.png
dummy_images\WATCH\1.CARTIER\微商相册\12.23\原图\33...CARTIER TANK FRAN?AISE WATCH W4TA0020\详情图\W4TA0020-05.jpg,67,watch,,dummy_images\WATCH\1.CARTIER\微商相册\12.23\已整理\33...CARTIER TANK FRAN?AISE WATCH W4TA0020\详情图\W4TA0020-05.jpg,cvs\new_watermark.png
dummy_images\WATCH\1.CARTIER\微商相册\12.23\原图\33...CARTIER TANK FRAN?AISE WATCH W4TA0020\详情图\W4TA0020-06.jpg,67,watch,,dummy_images\WATCH\1.CARTIER\微商相册\12.23\已整理\33...CARTIER TANK FRAN?AISE WATCH W4TA0020\详情图\W4TA0020-06.jpg,cvs\new_watermark.png
dummy_images\WATCH\1.CARTIER\微商相册\12.23\原图\33...CARTIER TANK FRAN?AISE WATCH W4TA0020\详情图\W4TA0020-07.jpg,67,watch,,dummy_images\WATCH\1.CARTIER\微商相册\12.23\已整理\33...CARTIER TANK FRAN?AISE WATCH W4TA0020\详情图\W4TA0020-07.jpg,cvs\new_watermark.png
dummy_images\WATCH\1.CARTIER\微商相册\12.24\原图\2.CARTIER TANK SERIES WATCH WSTA0029\主图\WSTA0029.jpg,88,watch,,,cvs\new_watermark.png
dummy_images\WATCH\1.CARTIER\微商相册\12.24\原图\2.CARTIER TANK SERIES WATCH WSTA0029\附图\WSTA0029.jpg,88,watch,,dummy_images\WATCH\1.CARTIER\微商相册\12.24\已整理\2.CARTIER TANK SERIES WATCH WSTA0029\附图\WSTA0029.jpg,cvs\new_watermark.png
dummy_images\WATCH\1.CARTIER\微商相册\12.24\原图\2.CARTIER TANK SERIES WATCH WSTA0029\详情图\WSTA0029-01.jpg,88,watch,,dummy_images\WATCH\1.CARTIER\微商相册\12.24\已整理\2.CARTIER TANK SERIES WATCH WSTA0029\详情图\WSTA0029-01.jpg,cvs\new_watermark.png
dummy_images\WATCH\1.CARTIER\微商相册\12.24\原图\2.CARTIER TANK SERIES WATCH WSTA0029\详情图\WSTA0029-02.jpg,88,watch,,dummy_images\WATCH\1.CARTIER\微商相册\12.24\已整理\2.CARTIER TANK SERIES WATCH WSTA0029\详情图\WSTA0029-02.jpg,cvs\new_watermark.png
dummy_images\WATCH\1.CARTIER\微商相册\12.24\原图\2.CARTIER TANK SERIES WATCH WSTA0029\详情图\WSTA0029-03.jpg,88,watch,,dummy_images\WATCH\1.CARTIER\微商相册\12.24\已整理\2.CARTIER TANK SERIES WATCH WSTA0029\详情图\WSTA0029-03.jpg,cvs\new_watermark.png
dummy_images\WATCH\1.CARTIER\微商相册\12.24\原图\2.CARTIER TANK SERIES WATCH WSTA0029\详情图\WSTA0029-04.jpg,88,watch,,dummy_images\WATCH\1.CARTIER\微商相册\12.24\已整理\2.CARTIER TANK SERIES WATCH WSTA0029\详情图\WSTA0029-04.jpg,cvs\new_watermark.png
dummy_images\WATCH\1.CARTIER\微商相册\12.24\原图\2.CARTIER TANK SERIES WATCH WSTA0029\详情图\WSTA0029-05.jpg,88,watch,,dummy_images\WATCH\1.CARTIER\微商相册\12.24\已整理\2.CARTIER TANK SERIES WATCH WSTA0029\详情图\WSTA0029-05.jpg,cvs\new_watermark.png
dummy_images\WATCH\1.CARTIER\微商相册\12.24\原图\2.CARTIER TANK SERIES WATCH WSTA0029\详情图\WSTA0029-06.jpg,88,watch,,dummy_images\WATCH\1.CARTIER\微商相册\12.24\已整理\2.CARTIER TANK SERIES WATCH WSTA0029\详情图\WSTA0029-06.jpg,cvs\new_watermark.png
dummy_images\WATCH\1.CARTIER\微商相册\12.24\原图\2.CARTIER TANK SERIES WATCH WSTA0029\详情图\WSTA0029-07.jpg,88,watch,,dummy_images\WATCH\1.CARTIER\微商相册\12.24\已整理\2.CARTIER TANK SERIES WATCH WSTA0029\详情图\WSTA0029-07.jpg,cvs\new_watermark.png
dummy_images\WATCH\1.CARTIER\微商相册\12.24\原图\19...CARTIER SANTOS DE WATCH WSSA0039\主图\WSSA0039.jpeg,89,watch,,,cvs\new_watermark.png
dummy_images\WATCH\1.CARTIER\微商相册\12.24\原图\19...CARTIER SANTOS DE WATCH WSSA0039\附图\WSSA0039-1.jpeg,89,watch,,dummy_images\WATCH\1.CARTIER\微商相册\12.24\已整理\19...CARTIER SANTOS DE WATCH WSSA0039\附图\WSSA0039-1.jpg,cvs\new_watermark.png
dummy_images\WATCH\1.CARTIER\微商相册\12.24\原图\19...CARTIER SANTOS DE WATCH WSSA0039\附图\WSSA0039-2.jpeg,89,watch,,dummy_images\WATCH\1.CARTIER\微商相册\12.24\已整理\19...CARTIER SANTOS DE WATCH WSSA0039\附图\WSSA0039-2.jpg,cvs\new_watermark.png
dummy_images\WATCH\1.CARTIER\微商相册\12.24\原图\19...CARTIER SANTOS DE WATCH WSSA0039\详情图\WSSA0039-01.jpg,89,watch,,dummy_images\WATCH\1.CARTIER\微商相册\12.24\已整理\19...CARTIER SANTOS DE WATCH WSSA0039\详情图\WSSA0039-01.jpg,cvs\new_watermark.png
dummy_images\WATCH\1.CARTIER\微商相册\12.24\原图\19...CARTIER SANTOS DE WATCH WSSA0039\详情图\WSSA0039-02.jpg,89,watch,,dummy_images\WATCH\1.CARTIER\微商相册\12.24\已整理\19...CARTIER SANTOS DE WATCH WSSA0039\详情图\WSSA0039-02.jpg,cvs\new_watermark.png
dummy_images\WATCH\1.CARTIER\微商相册\12.24\原图\19...CARTIER SANTOS DE WATCH WSSA0039\详情图\WSSA0039-03.jpg,89,watch,,dummy_images\WATCH\1.CARTIER\微商相册\12.24\已整理\19...CARTIER SANTOS DE WATCH WSSA0039\详情图\WSSA0039-03.jpg,cvs\new_watermark.png
dummy_images\WATCH\1.CARTIER\微商相册\12.24\原图\19...CARTIER SANTOS DE WATCH WSSA0039\详情图\WSSA0039-04.jpg,89,watch,,dummy_images\WATCH\1.CARTIER\微商相册\12.24\已整理\19...CARTIER SANTOS DE WATCH WSSA0039\详情图\WSSA0039-04.jpg,cvs\new_watermark.png
dummy_images\WATCH\1.CARTIER\微商相册\12.24\原图\19...CARTIER SANTOS DE WATCH WSSA0039\详情图\WSSA0039-05.jpg,89,watch,,dummy_images\WATCH\1.CARTIER\微商相册\12.24\已整理\19...CARTIER SANTOS DE WATCH WSSA0039\详情图\WSSA0039-05.jpg,cvs\new_watermark.png
dummy_images\WATCH\1.CARTIER\微商相册\12.24\原图\19...CARTIER SANTOS DE WATCH WSSA0039\详情图\WSSA0039-06.jpg,89,watch,,dummy_images\WATCH\1.CARTIER\微商相册\12.24\已整理\19...CARTIER SANTOS DE WATCH WSSA0039\详情图\WSSA0039-06.jpg,cvs\new_watermark.png
dummy_images\WATCH\1.CARTIER\微商相册\12.24\原图\19...CARTIER SANTOS DE WATCH WSSA0039\详情图\WSSA0039-07.jpg,89,watch,,dummy_images\WATCH\1.CARTIER\微商相册\12.24\已整理\19...CARTIER SANTOS DE WATCH WSSA0039\详情图\WSSA0039-07.jpg,cvs\new_watermark.png
dummy_images\WATCH\1.CARTIER\微商相册\12.24\原图\19...CARTIER SANTOS DE WATCH WSSA0039\详情图\WSSA0039-08.jpg,89,watch,,dummy_images\WATCH\1.CARTIER\微商相册\12.24\已整理\19...CARTIER SANTOS DE WATCH WSSA0039\详情图\WSSA0039-08.jpg,cvs\new_watermark.png
dummy_images\WATCH\1.CARTIER\微商相册\12.24\原图\19...CARTIER SANTOS DE WATCH WSSA0039\详情图\WSSA0039-09.jpg,89,watch,,dummy_images\WATCH\1.CARTIER\微商相册\12.24\已整理\19...CARTIER SANTOS DE WATCH WSSA0039\详情图\WSSA0039-09.jpg,cvs\new_watermark.png
,82,watch,,dummy_images\WATCH\1.CARTIER\微商相册\12.24\已整理\25...CARTIER SANTOS DE WATCH WSSA0030\附图\WSSA0030-1.jpg,cvs\new_watermark.png
,82,watch,,dummy_images\WATCH\1.CARTIER\微商相册\12.24\已整理\25...CARTIER SANTOS DE WATCH WSSA0030\附图\WSSA0030-2.jpg,cvs\new_watermark.png
,82,watch,,dummy_images\WATCH\1.CARTIER\微商相册\12.24\已整理\25...CARTIER SANTOS DE WATCH WSSA0030\附图\WSSA0030-3.jpg,cvs\new_watermark.png
,82,watch,,dummy_images\WATCH\1.CARTIER\微商相册\12.24\已整理\25...CARTIER SANTOS DE WATCH WSSA0030\附图\WSSA0030-4.jpg,cvs\new_watermark.png
,82,watch,,dummy_images\WATCH\1.CARTIER\微商相册\12.24\已整理\25...CARTIER SANTOS DE WATCH WSSA0030\详情图\WSSA0030-01 (2).jpg,cvs\new_watermark.png
,82,watch,,dummy_images\WATCH\1.CARTIER\微商相册\12.24\已整理\25...CARTIER SANTOS DE WATCH WSSA0030\详情图\WSSA0030-02 (2).jpg,cvs\new_watermark.png
,82,watch,,dummy_images\WATCH\1.CARTIER\微商相册\12.24\已整理\25...CARTIER SANTOS DE WATCH WSSA0030\详情图\WSSA0030-03 (2).jpg,cvs\new_watermark.png
,82,watch,,dummy_images\WATCH\1.CARTIER\微商相册\12.24\已整理\25...CARTIER SANTOS DE WATCH WSSA0030\详情图\WSSA0030-04 (2).jpg,cvs\new_watermark.png
,82,watch,,dummy_images\WATCH\1.CARTIER\微商相册\12.24\已整理\25...CARTIER SANTOS DE WATCH WSSA0030\详情图\WSSA0030-05 (2).jpg,cvs\new_watermark.png
,82,watch,,dummy_images\WATCH\1.CARTIER\微商相册\12.24\已整理\25...CARTIER SANTOS DE WATCH WSSA0030\详情图\WSSA0030-06 (2).jpg,cvs\new_watermark.png
,82,watch,,dummy_images\WATCH\1.CARTIER\微商相册\12.24\已整理\25...CARTIER SANTOS DE WATCH WSSA0030\详情图\WSSA0030-07 (2).jpg,cvs\new_watermark.png
,82,watch,,dummy_images\WATCH\1.CARTIER\微商相册\12.24\已整理\25...CARTIER SANTOS DE WATCH WSSA0030\详情图\WSSA0030-08 (2).jpg,cvs\new_watermark.png
,83,watch,,dummy_images\WATCH\1.CARTIER\微商相册\12.24\已整理\27...CARTIER SANTOS DE WATCH WSSA0029\附图\WSSA0029-1.jpg,cvs\new_watermark.png
,83,watch,,dummy_images\WATCH\1.CARTIER\微商相册\12.24\已整理\27...CARTIER SANTOS DE WATCH WSSA0029\附图\WSSA0029-2.jpg,cvs\new_watermark.png
,83,watch,,dummy_images\WATCH\1.CARTIER\微商相册\12.24\已整理\27...CARTIER SANTOS DE WATCH WSSA0029\附图\WSSA0029-3.jpg,cvs\new_watermark.png
,83,watch,,dummy_images\WATCH\1.CARTIER\微商相册\12.24\已整理\27...CARTIER SANTOS DE WATCH WSSA0029\附图\WSSA0029-4.jpg,cvs\new_watermark.png
,83,watch,,dummy_images\WATCH\1.CARTIER\微商相册\12.24\已整理\27...CARTIER SANTOS DE WATCH WSSA0029\附图\WSSA0029-5.jpg,cvs\new_watermark.png
,83,watch,,dummy_images\WATCH\1.CARTIER\微商相册\12.24\已整理\27...CARTIER SANTOS DE WATCH WSSA0029\附图\WSSA0029-6.jpg,cvs\new_watermark.png
,83,watch,,dummy_images\WATCH\1.CARTIER\微商相册\12.24\已整理\27...CARTIER SANTOS DE WATCH WSSA0029\详情图\WSSA0029-01.jpg,cvs\new_watermark.png
,83,watch,,dummy_images\WATCH\1.CARTIER\微商相册\12.24\已整理\27...CARTIER SANTOS DE WATCH WSSA0029\详情图\WSSA0029-02.jpg,cvs\new_watermark.png
,83,watch,,dummy_images\WATCH\1.CARTIER\微商相册\12.24\已整理\27...CARTIER SANTOS DE WATCH WSSA0029\详情图\WSSA0029-03.jpg,cvs\new_watermark.png
,83,watch,,dummy_images\WATCH\1.CARTIER\微商相册\12.24\已整理\27...CARTIER SANTOS DE WATCH WSSA0029\详情图\WSSA0029-04.jpg,cvs\new_watermark.png
,83,watch,,dummy_images\WATCH\1.CARTIER\微商相册\12.24\已整理\27...CARTIER SANTOS DE WATCH WSSA0029\详情图\WSSA0029-05.jpg,cvs\new_watermark.png
,83,watch,,dummy_images\WATCH\1.CARTIER\微商相册\12.24\已整理\27...CARTIER SANTOS DE WATCH WSSA0029\详情图\WSSA0029-06.jpg,cvs\new_watermark.png
,83,watch,,dummy_images\WATCH\1.CARTIER\微商相册\12.24\已整理\27...CARTIER SANTOS DE WATCH WSSA0029\详情图\WSSA0029-07.jpg,cvs\new_watermark.png
,83,watch,,dummy_images\WATCH\1.CARTIER\微商相册\12.24\已整理\27...CARTIER SANTOS DE WATCH WSSA0029\详情图\WSSA0029-08.jpg,cvs\new_watermark.png
dummy_images\WATCH\1.CARTIER\微商相册\12.24\原图\27...CARTIER SANTOS DE WATCH WSSA0029\详情图\WSSA0029-09.jpg,83,watch,,dummy_images\WATCH\1.CARTIER\微商相册\12.24\已整理\27...CARTIER SANTOS DE WATCH WSSA0029\详情图\WSSA0029-09.jpg,cvs\new_watermark.png
dummy_images\WATCH\1.CARTIER\微商相册\12.24\原图\29.CARTIER SANTOS ROSE GOLD MIDSIZE WATCH WGSA0008\主图\WGSA0008.jpg,84,watch,,,cvs\new_watermark.png
dummy_images\WATCH\1.CARTIER\微商相册\12.24\原图\29.CARTIER SANTOS ROSE GOLD MIDSIZE WATCH WGSA0008\附图\WGSA0008-1.jpg,84,watch,,dummy_images\WATCH\1.CARTIER\微商相册\12.24\已整理\29.CARTIER SANTOS ROSE GOLD MIDSIZE WATCH WGSA0008\附图\WGSA0008-1.jpg,cvs\new_watermark.png
dummy_images\WATCH\1.CARTIER\微商相册\12.24\原图\29.CARTIER SANTOS ROSE GOLD MIDSIZE WATCH WGSA0008\附图\WGSA0008-2.jpg,84,watch,,dummy_images\WATCH\1.CARTIER\微商相册\12.24\已整理\29.CARTIER SANTOS ROSE GOLD MIDSIZE WATCH WGSA0008\附图\WGSA0008-2.jpg,cvs\new_watermark.png
dummy_images\WATCH\1.CARTIER\微商相册\12.24\原图\29.CARTIER SANTOS ROSE GOLD MIDSIZE WATCH WGSA0008\附图\WGSA0008-3.jpg,84,watch,,dummy_images\WATCH\1.CARTIER\微商相册\12.24\已整理\29.CARTIER SANTOS ROSE GOLD MIDSIZE WATCH WGSA0008\附图\WGSA0008-3.jpg,cvs\new_watermark.png
dummy_images\WATCH\1.CARTIER\微商相册\12.24\原图\29.CARTIER SANTOS ROSE GOLD MIDSIZE WATCH WGSA0008\详情图\WGSA0008-01.jpg,84,watch,,dummy_images\WATCH\1.CARTIER\微商相册\12.24\已整理\29.CARTIER SANTOS ROSE GOLD MIDSIZE WATCH WGSA0008\详情图\WGSA0008-01.jpg,cvs\new_watermark.png
dummy_images\WATCH\1.CARTIER\微商相册\12.24\原图\29.CARTIER SANTOS ROSE GOLD MIDSIZE WATCH WGSA0008\详情图\WGSA0008-02.jpg,84,watch,,dummy_images\WATCH\1.CARTIER\微商相册\12.24\已整理\29.CARTIER SANTOS ROSE GOLD MIDSIZE WATCH WGSA0008\详情图\WGSA0008-02.jpg,cvs\new_watermark.png
dummy_images\WATCH\1.CARTIER\微商相册\12.24\原图\29.CARTIER SANTOS ROSE GOLD MIDSIZE WATCH WGSA0008\详情图\WGSA0008-03.jpg,84,watch,,dummy_images\WATCH\1.CARTIER\微商相册\12.24\已整理\29.CARTIER SANTOS ROSE GOLD MIDSIZE WATCH WGSA0008\详情图\WGSA0008-03.jpg,cvs\new_watermark.png
dummy_images\WATCH\1.CARTIER\微商相册\12.24\原图\29.CARTIER SANTOS ROSE GOLD MIDSIZE WATCH WGSA0008\详情图\WGSA0008-04.jpg,84,watch,,dummy_images\WATCH\1.CARTIER\微商相册\12.24\已整理\29.CARTIER SANTOS ROSE GOLD MIDSIZE WATCH WGSA0008\详情图\WGSA0008-04.jpg,cvs\new_watermark.png
dummy_images\WATCH\1.CARTIER\微商相册\12.24\原图\29.CARTIER SANTOS ROSE GOLD MIDSIZE WATCH WGSA0008\详情图\WGSA0008-05.jpg,84,watch,,dummy_images\WATCH\1.CARTIER\微商相册\12.24\已整理\29.CARTIER SANTOS ROSE GOLD MIDSIZE WATCH WGSA0008\详情图\WGSA0008-05.jpg,cvs\new_watermark.png
dummy_images\WATCH\1.CARTIER\微商相册\12.24\原图\29.CARTIER SANTOS ROSE GOLD MIDSIZE WATCH WGSA0008\详情图\WGSA0008-06.jpg,84,watch,,dummy_images\WATCH\1.CARTIER\微商相册\12.24\已整理\29.CARTIER SANTOS ROSE GOLD MIDSIZE WATCH WGSA0008\详情图\WGSA0008-06.jpg,cvs\new_watermark.png
dummy_images\WATCH\1.CARTIER\微商相册\12.24\原图\29.CARTIER SANTOS ROSE GOLD MIDSIZE WATCH WGSA0008\详情图\WGSA0008-07.jpg,84,watch,,dummy_images\WATCH\1.CARTIER\微商相册\12.24\已整理\29.CARTIER SANTOS ROSE GOLD MIDSIZE WATCH WGSA0008\详情图\WGSA0008-07.jpg,cvs\new_watermark.png
dummy_images\WATCH\1.CARTIER\微商相册\12.24\原图\29.CARTIER SANTOS ROSE GOLD MIDSIZE WATCH WGSA0008\详情图\WGSA0008-08.jpg,84,watch,,dummy_images\WATCH\1.CARTIER\微商相册\12.24\已整理\29.CARTIER SANTOS ROSE GOLD MIDSIZE WATCH WGSA0008\详情图\WGSA0008-08.jpg,cvs\new_watermark.png
dummy_images\WATCH\1.CARTIER\微商相册\12.24\原图\29.CARTIER SANTOS ROSE GOLD MIDSIZE WATCH WGSA0008\详情图\WGSA0008-09.jpg,84,watch,,dummy_images\WATCH\1.CARTIER\微商相册\12.24\已整理\29.CARTIER SANTOS ROSE GOLD MIDSIZE WATCH WGSA0008\详情图\WGSA0008-09.jpg,cvs\new_watermark.png
dummy_images\WATCH\1.CARTIER\微商相册\12.24\原图\30...CARTIER SANTOS DE WATCH WGSA0030\主图\WGSA0030.jpeg,85,watch,,,cvs\new_watermark.png
dummy_images\WATCH\1.CARTIER\微商相册\12.24\原图\30...CARTIER SANTOS DE WATCH WGSA0030\附图\WGSA0030-1.jpeg,85,watch,,dummy_images\WATCH\1.CARTIER\微商相册\12.24\已整理\30...CARTIER SANTOS DE WATCH WGSA0030\附图\WGSA0030-1.jpg,cvs\new_watermark.png
dummy_images\WATCH\1.CARTIER\微商相册\12.24\原图\30...CARTIER SANTOS DE WATCH WGSA0030\附图\WGSA0030-2.jpeg,85,watch,,dummy_images\WATCH\1.CARTIER\微商相册\12.24\已整理\30...CARTIER SANTOS DE WATCH WGSA0030\附图\WGSA0030-2.jpg,cvs\new_watermark.png
dummy_images\WATCH\1.CARTIER\微商相册\12.24\原图\30...CARTIER SANTOS DE WATCH WGSA0030\附图\WGSA0030-3.jpeg,85,watch,,dummy_images\WATCH\1.CARTIER\微商相册\12.24\已整理\30...CARTIER SANTOS DE WATCH WGSA0030\附图\WGSA0030-3.jpg,cvs\new_watermark.png
dummy_images\WATCH\1.CARTIER\微商相册\12.24\原图\30...CARTIER SANTOS DE WATCH WGSA0030\附图\WGSA0030-4.jpeg,85,watch,,dummy_images\WATCH\1.CARTIER\微商相册\12.24\已整理\30...CARTIER SANTOS DE WATCH WGSA0030\附图\WGSA0030-4.jpg,cvs\new_watermark.png
dummy_images\WATCH\1.CARTIER\微商相册\12.24\原图\30...CARTIER SANTOS DE WATCH WGSA0030\详情图\WGSA0030-01.jpg,85,watch,,dummy_images\WATCH\1.CARTIER\微商相册\12.24\已整理\30...CARTIER SANTOS DE WATCH WGSA0030\详情图\WGSA0030-01.jpg,cvs\new_watermark.png
dummy_images\WATCH\1.CARTIER\微商相册\12.24\原图\30...CARTIER SANTOS DE WATCH WGSA0030\详情图\WGSA0030-02.jpg,85,watch,,dummy_images\WATCH\1.CARTIER\微商相册\12.24\已整理\30...CARTIER SANTOS DE WATCH WGSA0030\详情图\WGSA0030-02.jpg,cvs\new_watermark.png
dummy_images\WATCH\1.CARTIER\微商相册\12.24\原图\30...CARTIER SANTOS DE WATCH WGSA0030\详情图\WGSA0030-03.jpg,85,watch,,dummy_images\WATCH\1.CARTIER\微商相册\12.24\已整理\30...CARTIER SANTOS DE WATCH WGSA0030\详情图\WGSA0030-03.jpg,cvs\new_watermark.png
dummy_images\WATCH\1.CARTIER\微商相册\12.24\原图\30...CARTIER SANTOS DE WATCH WGSA0030\详情图\WGSA0030-04.jpg,85,watch,,dummy_images\WATCH\1.CARTIER\微商相册\12.24\已整理\30...CARTIER SANTOS DE WATCH WGSA0030\详情图\WGSA0030-04.jpg,cvs\new_watermark.png
dummy_images\WATCH\1.CARTIER\微商相册\12.24\原图\30...CARTIER SANTOS DE WATCH WGSA0030\详情图\WGSA0030-05.jpg,85,watch,,dummy_images\WATCH\1.CARTIER\微商相册\12.24\已整理\30...CARTIER SANTOS DE WATCH WGSA0030\详情图\WGSA0030-05.jpg,cvs\new_watermark.png
dummy_images\WATCH\1.CARTIER\微商相册\12.24\原图\30...CARTIER SANTOS DE WATCH WGSA0030\详情图\WGSA0030-06.jpg,85,watch,,dummy_images\WATCH\1.CARTIER\微商相册\12.24\已整理\30...CARTIER SANTOS DE WATCH WGSA0030\详情图\WGSA0030-06.jpg,cvs\new_watermark.png
dummy_images\WATCH\1.CARTIER\微商相册\12.24\原图\30...CARTIER SANTOS DE WATCH WGSA0030\详情图\WGSA0030-07.jpg,85,watch,,dummy_images\WATCH\1.CARTIER\微商相册\12.24\已整理\30...CARTIER SANTOS DE WATCH WGSA0030\详情图\WGSA0030-07.jpg,cvs\new_watermark.png
dummy_images\WATCH\1.CARTIER\微商相册\12.24\原图\30...CARTIER SANTOS DE WATCH WGSA0030\详情图\WGSA0030-08.jpg,85,watch,,dummy_images\WATCH\1.CARTIER\微商相册\12.24\已整理\30...CARTIER SANTOS DE WATCH WGSA0030\详情图\WGSA0030-08.jpg,cvs\new_watermark.png
dummy_images\WATCH\1.CARTIER\微商相册\12.24\原图\30...CARTIER SANTOS DE WATCH WGSA0030\详情图\WGSA0030-09.jpg,85,watch,,dummy_images\WATCH\1.CARTIER\微商相册\12.24\已整理\30...CARTIER SANTOS DE WATCH WGSA0030\详情图\WGSA0030-09.jpg,cvs\new_watermark.png
dummy_images\WATCH\1.CARTIER\微商相册\12.24\原图\31...CARTIER SANTOS DE WATCH WJSA0010\主图\WJSA0010.jpeg,86,watch,,,cvs\new_watermark.png
dummy_images\WATCH\1.CARTIER\微商相册\12.24\原图\31...CARTIER SANTOS DE WATCH WJSA0010\附图\WJSA0010-1.jpeg,86,watch,,dummy_images\WATCH\1.CARTIER\微商相册\12.24\已整理\31...CARTIER SANTOS DE WATCH WJSA0010\附图\WJSA0010-1.jpg,cvs\new_watermark.png
dummy_images\WATCH\1.CARTIER\微商相册\12.24\原图\31...CARTIER SANTOS DE WATCH WJSA0010\附图\WJSA0010-2.jpeg,86,watch,,dummy_images\WATCH\1.CARTIER\微商相册\12.24\已整理\31...CARTIER SANTOS DE WATCH WJSA0010\附图\WJSA0010-2.jpg,cvs\new_watermark.png
dummy_images\WATCH\1.CARTIER\微商相册\12.24\原图\31...CARTIER SANTOS DE WATCH WJSA0010\附图\WJSA0010-3.jpeg,86,watch,,dummy_images\WATCH\1.CARTIER\微商相册\12.24\已整理\31...CARTIER SANTOS DE WATCH WJSA0010\附图\WJSA0010-3.jpg,cvs\new_watermark.png
dummy_images\WATCH\1.CARTIER\微商相册\12.24\原图\31...CARTIER SANTOS DE WATCH WJSA0010\附图\WJSA0010-4.jpeg,86,watch,,dummy_images\WATCH\1.CARTIER\微商相册\12.24\已整理\31...CARTIER SANTOS DE WATCH WJSA0010\附图\WJSA0010-4.jpg,cvs\new_watermark.png
dummy_images\WATCH\1.CARTIER\微商相册\12.24\原图\31...CARTIER SANTOS DE WATCH WJSA0010\附图\WJSA0010-5.jpeg,86,watch,,dummy_images\WATCH\1.CARTIER\微商相册\12.24\已整理\31...CARTIER SANTOS DE WATCH WJSA0010\附图\WJSA0010-5.jpg,cvs\new_watermark.png
dummy_images\WATCH\1.CARTIER\微商相册\12.24\原图\31...CARTIER SANTOS DE WATCH WJSA0010\详情图\WJSA0010-01.jpg,86,watch,,dummy_images\WATCH\1.CARTIER\微商相册\12.24\已整理\31...CARTIER SANTOS DE WATCH WJSA0010\详情图\WJSA0010-01.jpg,cvs\new_watermark.png
dummy_images\WATCH\1.CARTIER\微商相册\12.24\原图\31...CARTIER SANTOS DE WATCH WJSA0010\详情图\WJSA0010-02.jpg,86,watch,,dummy_images\WATCH\1.CARTIER\微商相册\12.24\已整理\31...CARTIER SANTOS DE WATCH WJSA0010\详情图\WJSA0010-02.jpg,cvs\new_watermark.png
dummy_images\WATCH\1.CARTIER\微商相册\12.24\原图\31...CARTIER SANTOS DE WATCH WJSA0010\详情图\WJSA0010-03.jpg,86,watch,,dummy_images\WATCH\1.CARTIER\微商相册\12.24\已整理\31...CARTIER SANTOS DE WATCH WJSA0010\详情图\WJSA0010-03.jpg,cvs\new_watermark.png
dummy_images\WATCH\1.CARTIER\微商相册\12.24\原图\31...CARTIER SANTOS DE WATCH WJSA0010\详情图\WJSA0010-04.jpg,86,watch,,dummy_images\WATCH\1.CARTIER\微商相册\12.24\已整理\31...CARTIER SANTOS DE WATCH WJSA0010\详情图\WJSA0010-04.jpg,cvs\new_watermark.png
dummy_images\WATCH\1.CARTIER\微商相册\12.24\原图\31...CARTIER SANTOS DE WATCH WJSA0010\详情图\WJSA0010-05.jpg,86,watch,,dummy_images\WATCH\1.CARTIER\微商相册\12.24\已整理\31...CARTIER SANTOS DE WATCH WJSA0010\详情图\WJSA0010-05.jpg,cvs\new_watermark.png
dummy_images\WATCH\1.CARTIER\微商相册\12.24\原图\31...CARTIER SANTOS DE WATCH WJSA0010\详情图\WJSA0010-06.jpg,86,watch,,dummy_images\WATCH\1.CARTIER\微商相册\12.24\已整理\31...CARTIER SANTOS DE WATCH WJSA0010\详情图\WJSA0010-06.jpg,cvs\new_watermark.png
dummy_images\WATCH\1.CARTIER\微商相册\12.24\原图\31...CARTIER SANTOS DE WATCH WJSA0010\详情图\WJSA0010-07.jpg,86,watch,,dummy_images\WATCH\1.CARTIER\微商相册\12.24\已整理\31...CARTIER SANTOS DE WATCH WJSA0010\详情图\WJSA0010-07.jpg,cvs\new_watermark.png
dummy_images\WATCH\1.CARTIER\微商相册\12.24\原图\31...CARTIER SANTOS DE WATCH WJSA0010\详情图\WJSA0010-08.jpg,86,watch,,dummy_images\WATCH\1.CARTIER\微商相册\12.24\已整理\31...CARTIER SANTOS DE WATCH WJSA0010\详情图\WJSA0010-08.jpg,cvs\new_watermark.png
dummy_images\WATCH\1.CARTIER\微商相册\12.24\原图\31...CARTIER SANTOS DE WATCH WJSA0010\详情图\WJSA0010-09.jpg,86,watch,,dummy_images\WATCH\1.CARTIER\微商相册\12.24\已整理\31...CARTIER SANTOS DE WATCH WJSA0010\详情图\WJSA0010-09.jpg,cvs\new_watermark.png
,87,watch,,dummy_images\WATCH\1.CARTIER\微商相册\12.24\已整理\33...CARTIER SANTOS DE WATCH W4SA0005\附图\W4SA0005-1.jpg,cvs\new_watermark.png
,87,watch,,dummy_images\WATCH\1.CARTIER\微商相册\12.24\已整理\33...CARTIER SANTOS DE WATCH W4SA0005\附图\W4SA0005-2.jpg,cvs\new_watermark.png
,87,watch,,dummy_images\WATCH\1.CARTIER\微商相册\12.24\已整理\33...CARTIER SANTOS DE WATCH W4SA0005\附图\W4SA0005-3.jpg,cvs\new_watermark.png
,87,watch,,dummy_images\WATCH\1.CARTIER\微商相册\12.24\已整理\33...CARTIER SANTOS DE WATCH W4SA0005\附图\W4SA0005-4.jpg,cvs\new_watermark.png
,87,watch,,dummy_images\WATCH\1.CARTIER\微商相册\12.24\已整理\33...CARTIER SANTOS DE WATCH W4SA0005\附图\W4SA0005-5.jpg,cvs\new_watermark.png
,87,watch,,dummy_images\WATCH\1.CARTIER\微商相册\12.24\已整理\33...CARTIER SANTOS DE WATCH W4SA0005\附图\W4SA0005-6.jpg,cvs\new_watermark.png
,87,watch,,dummy_images\WATCH\1.CARTIER\微商相册\12.24\已整理\33...CARTIER SANTOS DE WATCH W4SA0005\详情图\W4SA0005-01.jpg,cvs\new_watermark.png
,87,watch,,dummy_images\WATCH\1.CARTIER\微商相册\12.24\已整理\33...CARTIER SANTOS DE WATCH W4SA0005\详情图\W4SA0005-02.jpg,cvs\new_watermark.png
,87,watch,,dummy_images\WATCH\1.CARTIER\微商相册\12.24\已整理\33...CARTIER SANTOS DE WATCH W4SA0005\详情图\W4SA0005-03.jpg,cvs\new_watermark.png
,87,watch,,dummy_images\WATCH\1.CARTIER\微商相册\12.24\已整理\33...CARTIER SANTOS DE WATCH W4SA0005\详情图\W4SA0005-04.jpg,cvs\new_watermark.png
,87,watch,,dummy_images\WATCH\1.CARTIER\微商相册\12.24\已整理\33...CARTIER SANTOS DE WATCH W4SA0005\详情图\W4SA0005-05.jpg,cvs\new_watermark.png
,87,watch,,dummy_images\WATCH\1.CARTIER\微商相册\12.24\已整理\33...CARTIER SANTOS DE WATCH W4SA0005\详情图\W4SA0005-06.jpg,cvs\new_watermark.png
,87,watch,,dummy_images\WATCH\1.CARTIER\微商相册\12.24\已整理\33...CARTIER SANTOS DE WATCH W4SA0005\详情图\W4SA0005-07.jpg,cvs\new_watermark.png
,87,watch,,dummy_images\WATCH\1.CARTIER\微商相册\12.24\已整理\33...CARTIER SANTOS DE WATCH W4SA0005\详情图\W4SA0005-08.jpg,cvs\new_watermark.png
,87,watch,,dummy_images\WATCH\1.CARTIER\微商相册\12.24\已整理\33...CARTIER SANTOS DE WATCH W4SA0005\详情图\W4SA0005-09.jpg,cvs\new_watermark.png
dummy_images\WATCH\1.CARTIER\微商相册\12.24\原图\33...CARTIER SANTOS DE WATCH W4SA0005\主图\W4SA0005.jpeg,871,watch,,,
dummy_images\WATCH\1.CARTIER\微商相册\12.24\原图\33...CARTIER SANTOS DE WATCH W4SA0005\附图\W4SA0005-1.jpeg,871,watch,,,
dummy_images\WATCH\1.CARTIER\微商相册\12.24\原图\33...CARTIER SANTOS DE WATCH W4SA0005\附图\W4SA0005-2.jpeg,871,watch,,,
dummy_images\WATCH\1.CARTIER\微商相册\12.24\原图\33...CARTIER SANTOS DE WATCH W4SA0005\附图\W4SA0005-3.jpeg,871,watch,,,
dummy_images\WATCH\1.CARTIER\微商相册\12.24\原图\33...CARTIER SANTOS DE WATCH W4SA0005\附图\W4SA0005-4.jpeg,871,watch,,,
dummy_images\WATCH\1.CARTIER\微商相册\12.24\原图\33...CARTIER SANTOS DE WATCH W4SA0005\附图\W4SA0005-5.jpeg,871,watch,,,
dummy_images\WATCH\1.CARTIER\微商相册\12.24\原图\33...CARTIER SANTOS DE WATCH W4SA0005\附图\W4SA0005-6.jpeg,871,watch,,,
dummy_images\WATCH\1.CARTIER\微商相册\12.24\原图\33...CARTIER SANTOS DE WATCH W4SA0005\详情图\W4SA0005-01.jpg,871,watch,,,
dummy_images\WATCH\1.CARTIER\微商相册\12.24\原图\33...CARTIER SANTOS DE WATCH W4SA0005\详情图\W4SA0005-02.jpg,871,watch,,,
dummy_images\WATCH\1.CARTIER\微商相册\12.24\原图\33...CARTIER SANTOS DE WATCH W4SA0005\详情图\W4SA0005-03.jpg,871,watch,,,
dummy_images\WATCH\1.CARTIER\微商相册\12.24\原图\33...CARTIER SANTOS DE WATCH W4SA0005\详情图\W4SA0005-04.jpg,871,watch,,,
dummy_images\WATCH\1.CARTIER\微商相册\12.24\原图\33...CARTIER SANTOS DE WATCH W4SA0005\详情图\W4SA0005-05.jpg,871,watch,,,
dummy_images\WATCH\1.CARTIER\微商相册\12.24\原图\33...CARTIER SANTOS DE WATCH W4SA0005\详情图\W4SA0005-06.jpg,871,watch,,,
dummy_images\WATCH\1.CARTIER\微商相册\12.24\原图\33...CARTIER SANTOS DE WATCH W4SA0005\详情图\W4SA0005-07.jpg,871,watch,,,
dummy_images\WATCH\1.CARTIER\微商相册\12.24\原图\33...CARTIER SANTOS DE WATCH W4SA0005\详情图\W4SA0005-08.jpg,871,watch,,,
dummy_images\WATCH\1.CARTIER\微商相册\12.24\原图\33...CARTIER SANTOS DE WATCH W4SA0005\详情图\W4SA0005-09.jpg,871,watch,,,
,107,watch,,dummy_images\WATCH\1.CARTIER\微商相册\12.25\已整理\1.CARTIER CALIBRE DE CARTIER DIVER BLUE WATCH WSCA0011\附图\WSCA0011.jpeg,cvs\new_watermark.png
,107,watch,,dummy_images\WATCH\1.CARTIER\微商相册\12.25\已整理\1.CARTIER CALIBRE DE CARTIER DIVER BLUE WATCH WSCA0011\详情图\WSCA0011-01.jpg,cvs\new_watermark.png
,107,watch,,dummy_images\WATCH\1.CARTIER\微商相册\12.25\已整理\1.CARTIER CALIBRE DE CARTIER DIVER BLUE WATCH WSCA0011\详情图\WSCA0011-02.jpg,cvs\new_watermark.png
,107,watch,,dummy_images\WATCH\1.CARTIER\微商相册\12.25\已整理\1.CARTIER CALIBRE DE CARTIER DIVER BLUE WATCH WSCA0011\详情图\WSCA0011-03.jpg,cvs\new_watermark.png
,107,watch,,dummy_images\WATCH\1.CARTIER\微商相册\12.25\已整理\1.CARTIER CALIBRE DE CARTIER DIVER BLUE WATCH WSCA0011\详情图\WSCA0011-04.jpg,cvs\new_watermark.png
,107,watch,,dummy_images\WATCH\1.CARTIER\微商相册\12.25\已整理\1.CARTIER CALIBRE DE CARTIER DIVER BLUE WATCH WSCA0011\详情图\WSCA0011-05.jpg,cvs\new_watermark.png
,107,watch,,dummy_images\WATCH\1.CARTIER\微商相册\12.25\已整理\1.CARTIER CALIBRE DE CARTIER DIVER BLUE WATCH WSCA0011\详情图\WSCA0011-06.jpg,cvs\new_watermark.png
,107,watch,,dummy_images\WATCH\1.CARTIER\微商相册\12.25\已整理\1.CARTIER CALIBRE DE CARTIER DIVER BLUE WATCH WSCA0011\详情图\WSCA0011-07.jpg,cvs\new_watermark.png
,107,watch,,dummy_images\WATCH\1.CARTIER\微商相册\12.25\已整理\1.CARTIER CALIBRE DE CARTIER DIVER BLUE WATCH WSCA0011\详情图\WSCA0011-08.jpg,cvs\new_watermark.png
,107,watch,,dummy_images\WATCH\1.CARTIER\微商相册\12.25\已整理\1.CARTIER CALIBRE DE CARTIER DIVER BLUE WATCH WSCA0011\详情图\WSCA0011-09.jpg,cvs\new_watermark.png
,108,watch,,dummy_images\WATCH\1.CARTIER\微商相册\12.25\已整理\2.CARTIER CALIBRE DE CARTIER DIVER WATCH W7100055\附图\W7100055-1.jpg,cvs\new_watermark.png
,108,watch,,dummy_images\WATCH\1.CARTIER\微商相册\12.25\已整理\2.CARTIER CALIBRE DE CARTIER DIVER WATCH W7100055\附图\W7100055-2.jpg,cvs\new_watermark.png
,108,watch,,dummy_images\WATCH\1.CARTIER\微商相册\12.25\已整理\2.CARTIER CALIBRE DE CARTIER DIVER WATCH W7100055\详情图\W7100055-01.jpg,cvs\new_watermark.png
,108,watch,,dummy_images\WATCH\1.CARTIER\微商相册\12.25\已整理\2.CARTIER CALIBRE DE CARTIER DIVER WATCH W7100055\详情图\W7100055-02.jpg,cvs\new_watermark.png
,108,watch,,dummy_images\WATCH\1.CARTIER\微商相册\12.25\已整理\2.CARTIER CALIBRE DE CARTIER DIVER WATCH W7100055\详情图\W7100055-03.jpg,cvs\new_watermark.png
,108,watch,,dummy_images\WATCH\1.CARTIER\微商相册\12.25\已整理\2.CARTIER CALIBRE DE CARTIER DIVER WATCH W7100055\详情图\W7100055-04.jpg,cvs\new_watermark.png
,108,watch,,dummy_images\WATCH\1.CARTIER\微商相册\12.25\已整理\2.CARTIER CALIBRE DE CARTIER DIVER WATCH W7100055\详情图\W7100055-05.jpg,cvs\new_watermark.png
,108,watch,,dummy_images\WATCH\1.CARTIER\微商相册\12.25\已整理\2.CARTIER CALIBRE DE CARTIER DIVER WATCH W7100055\详情图\W7100055-06.jpg,cvs\new_watermark.png
,108,watch,,dummy_images\WATCH\1.CARTIER\微商相册\12.25\已整理\2.CARTIER CALIBRE DE CARTIER DIVER WATCH W7100055\详情图\W7100055-07.jpg,cvs\new_watermark.png
,108,watch,,dummy_images\WATCH\1.CARTIER\微商相册\12.25\已整理\2.CARTIER CALIBRE DE CARTIER DIVER WATCH W7100055\详情图\W7100055-08.jpg,cvs\new_watermark.png
,108,watch,,dummy_images\WATCH\1.CARTIER\微商相册\12.25\已整理\2.CARTIER CALIBRE DE CARTIER DIVER WATCH W7100055\详情图\W7100055-09.jpg,cvs\new_watermark.png
,109,watch,,dummy_images\WATCH\1.CARTIER\微商相册\12.25\已整理\4.CARTIER CALIBRE DE CARTIER DIVER WATCH W2CA0004\附图\W2CA0004-1.jpg,cvs\new_watermark.png
,109,watch,,dummy_images\WATCH\1.CARTIER\微商相册\12.25\已整理\4.CARTIER CALIBRE DE CARTIER DIVER WATCH W2CA0004\附图\W2CA0004-2.jpg,cvs\new_watermark.png
,109,watch,,dummy_images\WATCH\1.CARTIER\微商相册\12.25\已整理\4.CARTIER CALIBRE DE CARTIER DIVER WATCH W2CA0004\详情图\W2CA0004-01.jpg,cvs\new_watermark.png
,109,watch,,dummy_images\WATCH\1.CARTIER\微商相册\12.25\已整理\4.CARTIER CALIBRE DE CARTIER DIVER WATCH W2CA0004\详情图\W2CA0004-02.jpg,cvs\new_watermark.png
,109,watch,,dummy_images\WATCH\1.CARTIER\微商相册\12.25\已整理\4.CARTIER CALIBRE DE CARTIER DIVER WATCH W2CA0004\详情图\W2CA0004-03.jpg,cvs\new_watermark.png
,109,watch,,dummy_images\WATCH\1.CARTIER\微商相册\12.25\已整理\4.CARTIER CALIBRE DE CARTIER DIVER WATCH W2CA0004\详情图\W2CA0004-04.jpg,cvs\new_watermark.png
,109,watch,,dummy_images\WATCH\1.CARTIER\微商相册\12.25\已整理\4.CARTIER CALIBRE DE CARTIER DIVER WATCH W2CA0004\详情图\W2CA0004-05.jpg,cvs\new_watermark.png
,109,watch,,dummy_images\WATCH\1.CARTIER\微商相册\12.25\已整理\4.CARTIER CALIBRE DE CARTIER DIVER WATCH W2CA0004\详情图\W2CA0004-06.jpg,cvs\new_watermark.png
,109,watch,,dummy_images\WATCH\1.CARTIER\微商相册\12.25\已整理\4.CARTIER CALIBRE DE CARTIER DIVER WATCH W2CA0004\详情图\W2CA0004-07.jpg,cvs\new_watermark.png
,109,watch,,dummy_images\WATCH\1.CARTIER\微商相册\12.25\已整理\4.CARTIER CALIBRE DE CARTIER DIVER WATCH W2CA0004\详情图\W2CA0004-08.jpg,cvs\new_watermark.png
,109,watch,,dummy_images\WATCH\1.CARTIER\微商相册\12.25\已整理\4.CARTIER CALIBRE DE CARTIER DIVER WATCH W2CA0004\详情图\W2CA0004-09.jpg,cvs\new_watermark.png
,110,watch,,dummy_images\WATCH\1.CARTIER\微商相册\12.25\已整理\5.CARTIER RONDE SOLO DE CARTIER XL SILVER DIAL AUTOMATIC STEEL WATCH W6701011\附图\W6701011-1.jpg,cvs\new_watermark.png
,110,watch,,dummy_images\WATCH\1.CARTIER\微商相册\12.25\已整理\5.CARTIER RONDE SOLO DE CARTIER XL SILVER DIAL AUTOMATIC STEEL WATCH W6701011\附图\W6701011-2.jpg,cvs\new_watermark.png
,110,watch,,dummy_images\WATCH\1.CARTIER\微商相册\12.25\已整理\5.CARTIER RONDE SOLO DE CARTIER XL SILVER DIAL AUTOMATIC STEEL WATCH W6701011\详情图\W6701011-01.jpg,cvs\new_watermark.png
,110,watch,,dummy_images\WATCH\1.CARTIER\微商相册\12.25\已整理\5.CARTIER RONDE SOLO DE CARTIER XL SILVER DIAL AUTOMATIC STEEL WATCH W6701011\详情图\W6701011-02.jpg,cvs\new_watermark.png
,110,watch,,dummy_images\WATCH\1.CARTIER\微商相册\12.25\已整理\5.CARTIER RONDE SOLO DE CARTIER XL SILVER DIAL AUTOMATIC STEEL WATCH W6701011\详情图\W6701011-03.jpg,cvs\new_watermark.png
,110,watch,,dummy_images\WATCH\1.CARTIER\微商相册\12.25\已整理\5.CARTIER RONDE SOLO DE CARTIER XL SILVER DIAL AUTOMATIC STEEL WATCH W6701011\详情图\W6701011-04.jpg,cvs\new_watermark.png
,110,watch,,dummy_images\WATCH\1.CARTIER\微商相册\12.25\已整理\5.CARTIER RONDE SOLO DE CARTIER XL SILVER DIAL AUTOMATIC STEEL WATCH W6701011\详情图\W6701011-05.jpg,cvs\new_watermark.png
,110,watch,,dummy_images\WATCH\1.CARTIER\微商相册\12.25\已整理\5.CARTIER RONDE SOLO DE CARTIER XL SILVER DIAL AUTOMATIC STEEL WATCH W6701011\详情图\W6701011-06.jpg,cvs\new_watermark.png
,110,watch,,dummy_images\WATCH\1.CARTIER\微商相册\12.25\已整理\5.CARTIER RONDE SOLO DE CARTIER XL SILVER DIAL AUTOMATIC STEEL WATCH W6701011\详情图\W6701011-07.jpg,cvs\new_watermark.png
,110,watch,,dummy_images\WATCH\1.CARTIER\微商相册\12.25\已整理\5.CARTIER RONDE SOLO DE CARTIER XL SILVER DIAL AUTOMATIC STEEL WATCH W6701011\详情图\W6701011-08.jpg,cvs\new_watermark.png
,111,watch,,dummy_images\WATCH\1.CARTIER\微商相册\12.25\已整理\8.CARTIER RHONDE SOLO DE SILVER LEATHER 36 MM WATCH W2RN0008\附图\W2RN0008-1.jpg,cvs\new_watermark.png
,111,watch,,dummy_images\WATCH\1.CARTIER\微商相册\12.25\已整理\8.CARTIER RHONDE SOLO DE SILVER LEATHER 36 MM WATCH W2RN0008\详情图\W2RN0008-01.jpg,cvs\new_watermark.png
,111,watch,,dummy_images\WATCH\1.CARTIER\微商相册\12.25\已整理\8.CARTIER RHONDE SOLO DE SILVER LEATHER 36 MM WATCH W2RN0008\详情图\W2RN0008-02.jpg,cvs\new_watermark.png
,111,watch,,dummy_images\WATCH\1.CARTIER\微商相册\12.25\已整理\8.CARTIER RHONDE SOLO DE SILVER LEATHER 36 MM WATCH W2RN0008\详情图\W2RN0008-03.jpg,cvs\new_watermark.png
,111,watch,,dummy_images\WATCH\1.CARTIER\微商相册\12.25\已整理\8.CARTIER RHONDE SOLO DE SILVER LEATHER 36 MM WATCH W2RN0008\详情图\W2RN0008-04.jpg,cvs\new_watermark.png
,111,watch,,dummy_images\WATCH\1.CARTIER\微商相册\12.25\已整理\8.CARTIER RHONDE SOLO DE SILVER LEATHER 36 MM WATCH W2RN0008\详情图\W2RN0008-05.jpg,cvs\new_watermark.png
,111,watch,,dummy_images\WATCH\1.CARTIER\微商相册\12.25\已整理\8.CARTIER RHONDE SOLO DE SILVER LEATHER 36 MM WATCH W2RN0008\详情图\W2RN0008-06.jpg,cvs\new_watermark.png
,111,watch,,dummy_images\WATCH\1.CARTIER\微商相册\12.25\已整理\8.CARTIER RHONDE SOLO DE SILVER LEATHER 36 MM WATCH W2RN0008\详情图\W2RN0008-07.jpg,cvs\new_watermark.png
,111,watch,,dummy_images\WATCH\1.CARTIER\微商相册\12.25\已整理\8.CARTIER RHONDE SOLO DE SILVER LEATHER 36 MM WATCH W2RN0008\详情图\W2RN0008-08.jpg,cvs\new_watermark.png
,111,watch,,dummy_images\WATCH\1.CARTIER\微商相册\12.25\已整理\8.CARTIER RHONDE SOLO DE SILVER LEATHER 36 MM WATCH W2RN0008\详情图\W2RN0008-09.jpg,cvs\new_watermark.png
,112,watch,,dummy_images\WATCH\1.CARTIER\微商相册\12.25\已整理\16.CARTIER BLUE BALLOON SERIES WATCH W2BB0029\附图\W2BB0029.jpg,cvs\new_watermark.png
,112,watch,,dummy_images\WATCH\1.CARTIER\微商相册\12.25\已整理\16.CARTIER BLUE BALLOON SERIES WATCH W2BB0029\详情图\W2BB0029-0.jpg,cvs\new_watermark.png
,112,watch,,dummy_images\WATCH\1.CARTIER\微商相册\12.25\已整理\16.CARTIER BLUE BALLOON SERIES WATCH W2BB0029\详情图\W2BB0029-01.jpg,cvs\new_watermark.png
,112,watch,,dummy_images\WATCH\1.CARTIER\微商相册\12.25\已整理\16.CARTIER BLUE BALLOON SERIES WATCH W2BB0029\详情图\W2BB0029-02.jpg,cvs\new_watermark.png
,112,watch,,dummy_images\WATCH\1.CARTIER\微商相册\12.25\已整理\16.CARTIER BLUE BALLOON SERIES WATCH W2BB0029\详情图\W2BB0029-03.jpg,cvs\new_watermark.png
,112,watch,,dummy_images\WATCH\1.CARTIER\微商相册\12.25\已整理\16.CARTIER BLUE BALLOON SERIES WATCH W2BB0029\详情图\W2BB0029-04.jpg,cvs\new_watermark.png
,112,watch,,dummy_images\WATCH\1.CARTIER\微商相册\12.25\已整理\16.CARTIER BLUE BALLOON SERIES WATCH W2BB0029\详情图\W2BB0029-05.jpg,cvs\new_watermark.png
,112,watch,,dummy_images\WATCH\1.CARTIER\微商相册\12.25\已整理\16.CARTIER BLUE BALLOON SERIES WATCH W2BB0029\详情图\W2BB0029-06.jpg,cvs\new_watermark.png
,112,watch,,dummy_images\WATCH\1.CARTIER\微商相册\12.25\已整理\16.CARTIER BLUE BALLOON SERIES WATCH W2BB0029\详情图\W2BB0029-07.jpg,cvs\new_watermark.png
,112,watch,,dummy_images\WATCH\1.CARTIER\微商相册\12.25\已整理\16.CARTIER BLUE BALLOON SERIES WATCH W2BB0029\详情图\W2BB0029-08.jpg,cvs\new_watermark.png
,113,watch,,dummy_images\WATCH\1.CARTIER\微商相册\12.25\已整理\17.CARTIER BLUE BALLOON SERIES WATCH WSBB0031\附图\WSBB0031.jpg,cvs\new_watermark.png
,113,watch,,dummy_images\WATCH\1.CARTIER\微商相册\12.25\已整理\17.CARTIER BLUE BALLOON SERIES WATCH WSBB0031\详情图\WSBB0031-01.jpg,cvs\new_watermark.png
,113,watch,,dummy_images\WATCH\1.CARTIER\微商相册\12.25\已整理\17.CARTIER BLUE BALLOON SERIES WATCH WSBB0031\详情图\WSBB0031-02.jpg,cvs\new_watermark.png
,113,watch,,dummy_images\WATCH\1.CARTIER\微商相册\12.25\已整理\17.CARTIER BLUE BALLOON SERIES WATCH WSBB0031\详情图\WSBB0031-03.jpg,cvs\new_watermark.png
,113,watch,,dummy_images\WATCH\1.CARTIER\微商相册\12.25\已整理\17.CARTIER BLUE BALLOON SERIES WATCH WSBB0031\详情图\WSBB0031-04.jpg,cvs\new_watermark.png
,113,watch,,dummy_images\WATCH\1.CARTIER\微商相册\12.25\已整理\17.CARTIER BLUE BALLOON SERIES WATCH WSBB0031\详情图\WSBB0031-05.jpg,cvs\new_watermark.png
,113,watch,,dummy_images\WATCH\1.CARTIER\微商相册\12.25\已整理\17.CARTIER BLUE BALLOON SERIES WATCH WSBB0031\详情图\WSBB0031-06.jpg,cvs\new_watermark.png
,113,watch,,dummy_images\WATCH\1.CARTIER\微商相册\12.25\已整理\17.CARTIER BLUE BALLOON SERIES WATCH WSBB0031\详情图\WSBB0031-07.jpg,cvs\new_watermark.png
,113,watch,,dummy_images\WATCH\1.CARTIER\微商相册\12.25\已整理\17.CARTIER BLUE BALLOON SERIES WATCH WSBB0031\详情图\WSBB0031-08.jpg,cvs\new_watermark.png
,114,watch,,dummy_images\WATCH\1.CARTIER\微商相册\12.25\已整理\22.CARTIER PASHA DO WATCH WSPA0012\附图\3-WSPA0012.jpg,cvs\new_watermark.png
,114,watch,,dummy_images\WATCH\1.CARTIER\微商相册\12.25\已整理\22.CARTIER PASHA DO WATCH WSPA0012\详情图\3-WSPA0012-01.jpg,cvs\new_watermark.png
,114,watch,,dummy_images\WATCH\1.CARTIER\微商相册\12.25\已整理\22.CARTIER PASHA DO WATCH WSPA0012\详情图\3-WSPA0012-02.jpg,cvs\new_watermark.png
,114,watch,,dummy_images\WATCH\1.CARTIER\微商相册\12.25\已整理\22.CARTIER PASHA DO WATCH WSPA0012\详情图\3-WSPA0012-03.jpg,cvs\new_watermark.png
,114,watch,,dummy_images\WATCH\1.CARTIER\微商相册\12.25\已整理\22.CARTIER PASHA DO WATCH WSPA0012\详情图\3-WSPA0012-04.jpg,cvs\new_watermark.png
,114,watch,,dummy_images\WATCH\1.CARTIER\微商相册\12.25\已整理\22.CARTIER PASHA DO WATCH WSPA0012\详情图\3-WSPA0012-05.jpg,cvs\new_watermark.png
,114,watch,,dummy_images\WATCH\1.CARTIER\微商相册\12.25\已整理\22.CARTIER PASHA DO WATCH WSPA0012\详情图\3-WSPA0012-06.jpg,cvs\new_watermark.png
,114,watch,,dummy_images\WATCH\1.CARTIER\微商相册\12.25\已整理\22.CARTIER PASHA DO WATCH WSPA0012\详情图\3-WSPA0012-07.jpg,cvs\new_watermark.png
,114,watch,,dummy_images\WATCH\1.CARTIER\微商相册\12.25\已整理\22.CARTIER PASHA DO WATCH WSPA0012\详情图\3-WSPA0012-08.jpg,cvs\new_watermark.png
dummy_images\WATCH\1.CARTIER\微商相册\11.21\原图\13.BVLGARI OCTO ROMA 41MM WATCH 102779\附图\102779-1.png,46,watch,,,
dummy_images\WATCH\1.CARTIER\微商相册\11.21\原图\13.BVLGARI OCTO ROMA 41MM WATCH 102779\详情图\102779-01.jpg,46,watch,,,
dummy_images\WATCH\1.CARTIER\微商相册\11.21\原图\13.BVLGARI OCTO ROMA 41MM WATCH 102779\详情图\102779-02.jpg,46,watch,,,
dummy_images\WATCH\1.CARTIER\微商相册\11.21\原图\13.BVLGARI OCTO ROMA 41MM WATCH 102779\详情图\102779-03.jpg,46,watch,,,
dummy_images\WATCH\1.CARTIER\微商相册\11.21\原图\13.BVLGARI OCTO ROMA 41MM WATCH 102779\详情图\102779-04.jpg,46,watch,,,
dummy_images\WATCH\1.CARTIER\微商相册\11.21\原图\13.BVLGARI OCTO ROMA 41MM WATCH 102779\详情图\102779-05.jpg,46,watch,,,
dummy_images\WATCH\1.CARTIER\微商相册\11.21\原图\13.BVLGARI OCTO ROMA 41MM WATCH 102779\详情图\102779-06.jpg,46,watch,,,
dummy_images\WATCH\1.CARTIER\微商相册\11.21\原图\13.BVLGARI OCTO ROMA 41MM WATCH 102779\详情图\102779-07.jpg,46,watch,,,
dummy_images\WATCH\1.CARTIER\微商相册\11.21\原图\13.BVLGARI OCTO ROMA 41MM WATCH 102779\详情图\102779-08.jpg,46,watch,,,
dummy_images\WATCH\1.CARTIER\微商相册\11.21\原图\15.BVLGARI OCTO ULTRANERO BLACK STEEL AUTOMATIC 41MM MEN'S WATCH 102737\主图\102737.png,47,watch,,,
dummy_images\WATCH\1.CARTIER\微商相册\11.21\原图\15.BVLGARI OCTO ULTRANERO BLACK STEEL AUTOMATIC 41MM MEN'S WATCH 102737\附图\102737-1.png,47,watch,,,
dummy_images\WATCH\1.CARTIER\微商相册\11.21\原图\15.BVLGARI OCTO ULTRANERO BLACK STEEL AUTOMATIC 41MM MEN'S WATCH 102737\附图\102737-2.png,47,watch,,,
dummy_images\WATCH\1.CARTIER\微商相册\11.21\原图\15.BVLGARI OCTO ULTRANERO BLACK STEEL AUTOMATIC 41MM MEN'S WATCH 102737\详情图\102737-01.jpg,47,watch,,,
dummy_images\WATCH\1.CARTIER\微商相册\11.21\原图\15.BVLGARI OCTO ULTRANERO BLACK STEEL AUTOMATIC 41MM MEN'S WATCH 102737\详情图\102737-02.jpg,47,watch,,,
dummy_images\WATCH\1.CARTIER\微商相册\11.21\原图\15.BVLGARI OCTO ULTRANERO BLACK STEEL AUTOMATIC 41MM MEN'S WATCH 102737\详情图\102737-03.jpg,47,watch,,,
dummy_images\WATCH\1.CARTIER\微商相册\11.21\原图\15.BVLGARI OCTO ULTRANERO BLACK STEEL AUTOMATIC 41MM MEN'S WATCH 102737\详情图\102737-04.jpg,47,watch,,,
dummy_images\WATCH\1.CARTIER\微商相册\11.21\原图\15.BVLGARI OCTO ULTRANERO BLACK STEEL AUTOMATIC 41MM MEN'S WATCH 102737\详情图\102737-05.jpg,47,watch,,,
dummy_images\WATCH\1.CARTIER\微商相册\11.21\原图\15.BVLGARI OCTO ULTRANERO BLACK STEEL AUTOMATIC 41MM MEN'S WATCH 102737\详情图\102737-06.jpg,47,watch,,,
dummy_images\WATCH\1.CARTIER\微商相册\11.21\原图\15.BVLGARI OCTO ULTRANERO BLACK STEEL AUTOMATIC 41MM MEN'S WATCH 102737\详情图\102737-07.jpg,47,watch,,,
dummy_images\WATCH\1.CARTIER\微商相册\11.21\原图\15.BVLGARI OCTO ULTRANERO BLACK STEEL AUTOMATIC 41MM MEN'S WATCH 102737\详情图\102737-08.jpg,47,watch,,,
dummy_images\WATCH\1.CARTIER\微商相册\11.21\原图\17.BVLGARI OCTO SERIES GOLD MEN'S MECHANICAL WATCH 007021\主图\007021.jpg,48,watch,,,
dummy_images\WATCH\1.CARTIER\微商相册\11.21\原图\17.BVLGARI OCTO SERIES GOLD MEN'S MECHANICAL WATCH 007021\附图\007021-1.jpg,48,watch,,,
dummy_images\WATCH\1.CARTIER\微商相册\11.21\原图\17.BVLGARI OCTO SERIES GOLD MEN'S MECHANICAL WATCH 007021\详情图\007021-01.jpg,48,watch,,,
dummy_images\WATCH\1.CARTIER\微商相册\11.21\原图\17.BVLGARI OCTO SERIES GOLD MEN'S MECHANICAL WATCH 007021\详情图\007021-02.jpg,48,watch,,,
dummy_images\WATCH\1.CARTIER\微商相册\11.21\原图\17.BVLGARI OCTO SERIES GOLD MEN'S MECHANICAL WATCH 007021\详情图\007021-03.jpg,48,watch,,,
dummy_images\WATCH\1.CARTIER\微商相册\11.21\原图\17.BVLGARI OCTO SERIES GOLD MEN'S MECHANICAL WATCH 007021\详情图\007021-04.jpg,48,watch,,,
dummy_images\WATCH\1.CARTIER\微商相册\11.21\原图\17.BVLGARI OCTO SERIES GOLD MEN'S MECHANICAL WATCH 007021\详情图\007021-05.jpg,48,watch,,,
dummy_images\WATCH\1.CARTIER\微商相册\11.21\原图\17.BVLGARI OCTO SERIES GOLD MEN'S MECHANICAL WATCH 007021\详情图\007021-06.jpg,48,watch,,,
dummy_images\WATCH\1.CARTIER\微商相册\11.21\原图\17.BVLGARI OCTO SERIES GOLD MEN'S MECHANICAL WATCH 007021\详情图\007021-07.jpg,48,watch,,,
dummy_images\WATCH\1.CARTIER\微商相册\11.21\原图\17.BVLGARI OCTO SERIES GOLD MEN'S MECHANICAL WATCH 007021\详情图\007021-08.jpg,48,watch,,,
dummy_images\WATCH\1.CARTIER\微商相册\11.21\原图\18.BVLGARI OCTO SOLO TEMPO BGO38C3SLD 132381\主图\132381.jpg,49,watch,,,
dummy_images\WATCH\1.CARTIER\微商相册\11.21\原图\18.BVLGARI OCTO SOLO TEMPO BGO38C3SLD 132381\附图\132381-1.jpg,49,watch,,,
dummy_images\WATCH\1.CARTIER\微商相册\11.21\原图\18.BVLGARI OCTO SOLO TEMPO BGO38C3SLD 132381\附图\132381-2.jpg,49,watch,,,
dummy_images\WATCH\1.CARTIER\微商相册\11.21\原图\18.BVLGARI OCTO SOLO TEMPO BGO38C3SLD 132381\详情图\132381-01.jpg,49,watch,,,
dummy_images\WATCH\1.CARTIER\微商相册\11.21\原图\18.BVLGARI OCTO SOLO TEMPO BGO38C3SLD 132381\详情图\132381-02.jpg,49,watch,,,
dummy_images\WATCH\1.CARTIER\微商相册\11.21\原图\18.BVLGARI OCTO SOLO TEMPO BGO38C3SLD 132381\详情图\132381-03.jpg,49,watch,,,
dummy_images\WATCH\1.CARTIER\微商相册\11.21\原图\18.BVLGARI OCTO SOLO TEMPO BGO38C3SLD 132381\详情图\132381-04.jpg,49,watch,,,
dummy_images\WATCH\1.CARTIER\微商相册\11.21\原图\18.BVLGARI OCTO SOLO TEMPO BGO38C3SLD 132381\详情图\132381-05.jpg,49,watch,,,
dummy_images\WATCH\1.CARTIER\微商相册\11.21\原图\18.BVLGARI OCTO SOLO TEMPO BGO38C3SLD 132381\详情图\132381-06.jpg,49,watch,,,
dummy_images\WATCH\1.CARTIER\微商相册\11.21\原图\18.BVLGARI OCTO SOLO TEMPO BGO38C3SLD 132381\详情图\132381-07.jpg,49,watch,,,
dummy_images\WATCH\1.CARTIER\微商相册\11.21\原图\18.BVLGARI OCTO SOLO TEMPO BGO38C3SLD 132381\详情图\132381-08.jpg,49,watch,,,
dummy_images\WATCH\1.CARTIER\微商相册\11.21\原图\20.BVLGARI OCTO SOLOTEMPO AUTOMATIC GREY DIAL 41MM MEN'S WATCH 102858\主图\102858.jpg,50,watch,,,
dummy_images\WATCH\1.CARTIER\微商相册\11.21\原图\20.BVLGARI OCTO SOLOTEMPO AUTOMATIC GREY DIAL 41MM MEN'S WATCH 102858\附图\102858-1.jpg,50,watch,,,
dummy_images\WATCH\1.CARTIER\微商相册\11.21\原图\20.BVLGARI OCTO SOLOTEMPO AUTOMATIC GREY DIAL 41MM MEN'S WATCH 102858\附图\102858-2.jpg,50,watch,,,
dummy_images\WATCH\1.CARTIER\微商相册\11.21\原图\20.BVLGARI OCTO SOLOTEMPO AUTOMATIC GREY DIAL 41MM MEN'S WATCH 102858\详情图\102858-01.jpg,50,watch,,,
dummy_images\WATCH\1.CARTIER\微商相册\11.21\原图\20.BVLGARI OCTO SOLOTEMPO AUTOMATIC GREY DIAL 41MM MEN'S WATCH 102858\详情图\102858-02.jpg,50,watch,,,
dummy_images\WATCH\1.CARTIER\微商相册\11.21\原图\20.BVLGARI OCTO SOLOTEMPO AUTOMATIC GREY DIAL 41MM MEN'S WATCH 102858\详情图\102858-03.jpg,50,watch,,,
dummy_images\WATCH\1.CARTIER\微商相册\11.21\原图\20.BVLGARI OCTO SOLOTEMPO AUTOMATIC GREY DIAL 41MM MEN'S WATCH 102858\详情图\102858-04.jpg,50,watch,,,
dummy_images\WATCH\1.CARTIER\微商相册\11.21\原图\20.BVLGARI OCTO SOLOTEMPO AUTOMATIC GREY DIAL 41MM MEN'S WATCH 102858\详情图\102858-05.jpg,50,watch,,,
dummy_images\WATCH\1.CARTIER\微商相册\11.21\原图\20.BVLGARI OCTO SOLOTEMPO AUTOMATIC GREY DIAL 41MM MEN'S WATCH 102858\详情图\102858-06.jpg,50,watch,,,
dummy_images\WATCH\1.CARTIER\微商相册\11.21\原图\20.BVLGARI OCTO SOLOTEMPO AUTOMATIC GREY DIAL 41MM MEN'S WATCH 102858\详情图\102858-07.jpg,50,watch,,,
dummy_images\WATCH\1.CARTIER\微商相册\11.21\原图\20.BVLGARI OCTO SOLOTEMPO AUTOMATIC GREY DIAL 41MM MEN'S WATCH 102858\详情图\102858-08.jpg,50,watch,,,
dummy_images\WATCH\1.CARTIER\微商相册\11.21\原图\21.BULGARI OCTO WATCH 102429\主图\102429.jpg,51,watch,,,
dummy_images\WATCH\1.CARTIER\微商相册\11.21\原图\21.BULGARI OCTO WATCH 102429\附图\102429-1.jpg,51,watch,,,
dummy_images\WATCH\1.CARTIER\微商相册\11.21\原图\21.BULGARI OCTO WATCH 102429\附图\102429-2.jpg,51,watch,,,
dummy_images\WATCH\1.CARTIER\微商相册\11.21\原图\21.BULGARI OCTO WATCH 102429\详情图\102429-01.jpg,51,watch,,,
dummy_images\WATCH\1.CARTIER\微商相册\11.21\原图\21.BULGARI OCTO WATCH 102429\详情图\102429-02.jpg,51,watch,,,
dummy_images\WATCH\1.CARTIER\微商相册\11.21\原图\21.BULGARI OCTO WATCH 102429\详情图\102429-03.jpg,51,watch,,,
dummy_images\WATCH\1.CARTIER\微商相册\11.21\原图\21.BULGARI OCTO WATCH 102429\详情图\102429-04.jpg,51,watch,,,
dummy_images\WATCH\1.CARTIER\微商相册\11.21\原图\21.BULGARI OCTO WATCH 102429\详情图\102429-05.jpg,51,watch,,,
dummy_images\WATCH\1.CARTIER\微商相册\11.21\原图\21.BULGARI OCTO WATCH 102429\详情图\102429-06.jpg,51,watch,,,
dummy_images\WATCH\1.CARTIER\微商相册\11.21\原图\21.BULGARI OCTO WATCH 102429\详情图\102429-07.jpg,51,watch,,,
dummy_images\WATCH\1.CARTIER\微商相册\11.21\原图\22.BVLGARI OCTO ROMA WATCH 221543\主图\221543.jpg,52,watch,,,
dummy_images\WATCH\1.CARTIER\微商相册\11.21\原图\22.BVLGARI OCTO ROMA WATCH 221543\附图\221543-1.jpg,52,watch,,,
dummy_images\WATCH\1.CARTIER\微商相册\11.21\原图\22.BVLGARI OCTO ROMA WATCH 221543\详情图\221543-01.jpg,52,watch,,,
dummy_images\WATCH\1.CARTIER\微商相册\11.21\原图\22.BVLGARI OCTO ROMA WATCH 221543\详情图\221543-02.jpg,52,watch,,,
dummy_images\WATCH\1.CARTIER\微商相册\11.21\原图\22.BVLGARI OCTO ROMA WATCH 221543\详情图\221543-03.jpg,52,watch,,,
dummy_images\WATCH\1.CARTIER\微商相册\11.21\原图\22.BVLGARI OCTO ROMA WATCH 221543\详情图\221543-04.jpg,52,watch,,,
dummy_images\WATCH\1.CARTIER\微商相册\11.21\原图\22.BVLGARI OCTO ROMA WATCH 221543\详情图\221543-05.jpg,52,watch,,,
dummy_images\WATCH\1.CARTIER\微商相册\11.21\原图\22.BVLGARI OCTO ROMA WATCH 221543\详情图\221543-06.jpg,52,watch,,,
dummy_images\WATCH\1.CARTIER\微商相册\11.21\原图\22.BVLGARI OCTO ROMA WATCH 221543\详情图\221543-07.jpg,52,watch,,,
dummy_images\WATCH\1.CARTIER\微商相册\11.21\原图\23.BVLGARI ALUMINIUM WATCH 103382\主图\103382.jpg,53,watch,,,
dummy_images\WATCH\1.CARTIER\微商相册\11.21\原图\23.BVLGARI ALUMINIUM WATCH 103382\附图\103382-1.jpg,53,watch,,,
dummy_images\WATCH\1.CARTIER\微商相册\11.21\原图\23.BVLGARI ALUMINIUM WATCH 103382\详情图\103382-01.jpg,53,watch,,,
dummy_images\WATCH\1.CARTIER\微商相册\11.21\原图\23.BVLGARI ALUMINIUM WATCH 103382\详情图\103382-02.jpg,53,watch,,,
dummy_images\WATCH\1.CARTIER\微商相册\11.21\原图\23.BVLGARI ALUMINIUM WATCH 103382\详情图\103382-03.jpg,53,watch,,,
dummy_images\WATCH\1.CARTIER\微商相册\11.21\原图\23.BVLGARI ALUMINIUM WATCH 103382\详情图\103382-04.jpg,53,watch,,,
dummy_images\WATCH\1.CARTIER\微商相册\11.21\原图\23.BVLGARI ALUMINIUM WATCH 103382\详情图\103382-05.jpg,53,watch,,,
dummy_images\WATCH\1.CARTIER\微商相册\11.21\原图\23.BVLGARI ALUMINIUM WATCH 103382\详情图\103382-06.jpg,53,watch,,,
dummy_images\WATCH\1.CARTIER\微商相册\11.21\原图\25.BVLGARI LVCEA WATCH 103029\主图\103029.jpg,54,watch,,,
dummy_images\WATCH\1.CARTIER\微商相册\11.21\原图\25.BVLGARI LVCEA WATCH 103029\附图\103029-1.jpg,54,watch,,,
dummy_images\WATCH\1.CARTIER\微商相册\11.21\原图\25.BVLGARI LVCEA WATCH 103029\附图\103029-2.png,54,watch,,,
dummy_images\WATCH\1.CARTIER\微商相册\11.21\原图\25.BVLGARI LVCEA WATCH 103029\详情图\103029-01.jpg,54,watch,,,
dummy_images\WATCH\1.CARTIER\微商相册\11.21\原图\25.BVLGARI LVCEA WATCH 103029\详情图\103029-02.jpg,54,watch,,,
dummy_images\WATCH\1.CARTIER\微商相册\11.21\原图\25.BVLGARI LVCEA WATCH 103029\详情图\103029-03.jpg,54,watch,,,
dummy_images\WATCH\1.CARTIER\微商相册\11.21\原图\25.BVLGARI LVCEA WATCH 103029\详情图\103029-04.jpg,54,watch,,,
dummy_images\WATCH\1.CARTIER\微商相册\11.21\原图\25.BVLGARI LVCEA WATCH 103029\详情图\103029-05.jpg,54,watch,,,
dummy_images\WATCH\1.CARTIER\微商相册\11.21\原图\25.BVLGARI LVCEA WATCH 103029\详情图\103029-06.jpg,54,watch,,,
dummy_images\WATCH\1.CARTIER\微商相册\11.21\原图\25.BVLGARI LVCEA WATCH 103029\详情图\103029-07.jpg,54,watch,,,
dummy_images\WATCH\1.CARTIER\微商相册\11.21\原图\26.BVLGARI LVCEA BLACK DIAL 28MM WATCH 102691\主图\102691.jpg,55,watch,,,
dummy_images\WATCH\1.CARTIER\微商相册\11.21\原图\26.BVLGARI LVCEA BLACK DIAL 28MM WATCH 102691\附图\102691-1.jpg,55,watch,,,
dummy_images\WATCH\1.CARTIER\微商相册\11.21\原图\26.BVLGARI LVCEA BLACK DIAL 28MM WATCH 102691\附图\102691-2.jpg,55,watch,,,
dummy_images\WATCH\1.CARTIER\微商相册\11.21\原图\26.BVLGARI LVCEA BLACK DIAL 28MM WATCH 102691\详情图\102691-01.jpg,55,watch,,,
dummy_images\WATCH\1.CARTIER\微商相册\11.21\原图\26.BVLGARI LVCEA BLACK DIAL 28MM WATCH 102691\详情图\102691-02.jpg,55,watch,,,
dummy_images\WATCH\1.CARTIER\微商相册\12.24\原图\20.CARTIER SANTOS LARGE WATCH WSSA0037\主图\WSSA0037.png,90,watch,,,
dummy_images\WATCH\1.CARTIER\微商相册\12.24\原图\20.CARTIER SANTOS LARGE WATCH WSSA0037\附图\WSSA0037-1.png,90,watch,,,
dummy_images\WATCH\1.CARTIER\微商相册\12.24\原图\20.CARTIER SANTOS LARGE WATCH WSSA0037\附图\WSSA0037-2.png,90,watch,,,
dummy_images\WATCH\1.CARTIER\微商相册\12.24\原图\20.CARTIER SANTOS LARGE WATCH WSSA0037\详情图\WSSA0037-01.jpg,90,watch,,,
dummy_images\WATCH\1.CARTIER\微商相册\12.24\原图\20.CARTIER SANTOS LARGE WATCH WSSA0037\详情图\WSSA0037-02.jpg,90,watch,,,
dummy_images\WATCH\1.CARTIER\微商相册\12.24\原图\20.CARTIER SANTOS LARGE WATCH WSSA0037\详情图\WSSA0037-03.jpg,90,watch,,,
dummy_images\WATCH\1.CARTIER\微商相册\12.24\原图\20.CARTIER SANTOS LARGE WATCH WSSA0037\详情图\WSSA0037-04.jpg,90,watch,,,
dummy_images\WATCH\1.CARTIER\微商相册\12.24\原图\20.CARTIER SANTOS LARGE WATCH WSSA0037\详情图\WSSA0037-05.jpg,90,watch,,,
dummy_images\WATCH\1.CARTIER\微商相册\12.24\原图\20.CARTIER SANTOS LARGE WATCH WSSA0037\详情图\WSSA0037-06.jpg,90,watch,,,
dummy_images\WATCH\1.CARTIER\微商相册\12.24\原图\20.CARTIER SANTOS LARGE WATCH WSSA0037\详情图\WSSA0037-07.jpg,90,watch,,,
dummy_images\WATCH\1.CARTIER\微商相册\12.24\原图\20.CARTIER SANTOS LARGE WATCH WSSA0037\详情图\WSSA0037-08.jpg,90,watch,,,
dummy_images\WATCH\1.CARTIER\微商相册\12.24\原图\21.CARTIER SANTOS WATCH WGSA0009\主图\WGSA0009.jpg,91,watch,,,
dummy_images\WATCH\1.CARTIER\微商相册\12.24\原图\21.CARTIER SANTOS WATCH WGSA0009\附图\WGSA0009.jpg,91,watch,,,
dummy_images\WATCH\1.CARTIER\微商相册\12.24\原图\21.CARTIER SANTOS WATCH WGSA0009\详情图\WGSA0009-01.jpg,91,watch,,,
dummy_images\WATCH\1.CARTIER\微商相册\12.24\原图\21.CARTIER SANTOS WATCH WGSA0009\详情图\WGSA0009-02.jpg,91,watch,,,
dummy_images\WATCH\1.CARTIER\微商相册\12.24\原图\21.CARTIER SANTOS WATCH WGSA0009\详情图\WGSA0009-03.jpg,91,watch,,,
dummy_images\WATCH\1.CARTIER\微商相册\12.24\原图\21.CARTIER SANTOS WATCH WGSA0009\详情图\WGSA0009-04.jpg,91,watch,,,
dummy_images\WATCH\1.CARTIER\微商相册\12.24\原图\21.CARTIER SANTOS WATCH WGSA0009\详情图\WGSA0009-05.jpg,91,watch,,,
dummy_images\WATCH\1.CARTIER\微商相册\12.24\原图\21.CARTIER SANTOS WATCH WGSA0009\详情图\WGSA0009-06.jpg,91,watch,,,
dummy_images\WATCH\1.CARTIER\微商相册\12.24\原图\21.CARTIER SANTOS WATCH WGSA0009\详情图\WGSA0009-07.jpg,91,watch,,,
dummy_images\WATCH\1.CARTIER\微商相册\12.24\原图\21.CARTIER SANTOS WATCH WGSA0009\详情图\WGSA0009-08.jpg,91,watch,,,
dummy_images\WATCH\1.CARTIER\微商相册\12.24\原图\21.CARTIER SANTOS WATCH WGSA0009\详情图\WGSA0009-09.jpg,91,watch,,,
dummy_images\WATCH\1.CARTIER\微商相册\12.24\原图\24.CARTIER SANTOS DE LARGE WATCH WSSA0048\主图\WSSA0048.jpg,92,watch,,,
dummy_images\WATCH\1.CARTIER\微商相册\12.24\原图\24.CARTIER SANTOS DE LARGE WATCH WSSA0048\附图\WSSA0048-1.jpg,92,watch,,,
dummy_images\WATCH\1.CARTIER\微商相册\12.24\原图\24.CARTIER SANTOS DE LARGE WATCH WSSA0048\附图\WSSA0048-2.jpg,92,watch,,,
dummy_images\WATCH\1.CARTIER\微商相册\12.24\原图\24.CARTIER SANTOS DE LARGE WATCH WSSA0048\详情图\WSSA0048-01.jpg,92,watch,,,
dummy_images\WATCH\1.CARTIER\微商相册\12.24\原图\24.CARTIER SANTOS DE LARGE WATCH WSSA0048\详情图\WSSA0048-02.jpg,92,watch,,,
dummy_images\WATCH\1.CARTIER\微商相册\12.24\原图\24.CARTIER SANTOS DE LARGE WATCH WSSA0048\详情图\WSSA0048-03.jpg,92,watch,,,
dummy_images\WATCH\1.CARTIER\微商相册\12.24\原图\24.CARTIER SANTOS DE LARGE WATCH WSSA0048\详情图\WSSA0048-04.jpg,92,watch,,,
dummy_images\WATCH\1.CARTIER\微商相册\12.24\原图\24.CARTIER SANTOS DE LARGE WATCH WSSA0048\详情图\WSSA0048-05.jpg,92,watch,,,
dummy_images\WATCH\1.CARTIER\微商相册\12.24\原图\24.CARTIER SANTOS DE LARGE WATCH WSSA0048\详情图\WSSA0048-06.jpg,92,watch,,,
dummy_images\WATCH\1.CARTIER\微商相册\12.24\原图\24.CARTIER SANTOS DE LARGE WATCH WSSA0048\详情图\WSSA0048-07.jpg,92,watch,,,
dummy_images\WATCH\1.CARTIER\微商相册\12.24\原图\24.CARTIER SANTOS DE LARGE WATCH WSSA0048\详情图\WSSA0048-08.jpg,92,watch,,,
dummy_images\WATCH\1.CARTIER\微商相册\12.24\原图\28.CARTIER SANTOS DE WATCH W2SA0006\主图\W2SA0006.jpg,93,watch,,,
dummy_images\WATCH\1.CARTIER\微商相册\12.24\原图\28.CARTIER SANTOS DE WATCH W2SA0006\附图\W2SA0006.jpg,93,watch,,,
dummy_images\WATCH\1.CARTIER\微商相册\12.24\原图\28.CARTIER SANTOS DE WATCH W2SA0006\详情图\W2SA0006-01.jpg,93,watch,,,
dummy_images\WATCH\1.CARTIER\微商相册\12.24\原图\28.CARTIER SANTOS DE WATCH W2SA0006\详情图\W2SA0006-02.jpg,93,watch,,,
dummy_images\WATCH\1.CARTIER\微商相册\12.24\原图\28.CARTIER SANTOS DE WATCH W2SA0006\详情图\W2SA0006-03.jpg,93,watch,,,
dummy_images\WATCH\1.CARTIER\微商相册\12.24\原图\28.CARTIER SANTOS DE WATCH W2SA0006\详情图\W2SA0006-04.jpg,93,watch,,,
dummy_images\WATCH\1.CARTIER\微商相册\12.24\原图\28.CARTIER SANTOS DE WATCH W2SA0006\详情图\W2SA0006-05.jpg,93,watch,,,
dummy_images\WATCH\1.CARTIER\微商相册\12.24\原图\28.CARTIER SANTOS DE WATCH W2SA0006\详情图\W2SA0006-06.jpg,93,watch,,,
dummy_images\WATCH\1.CARTIER\微商相册\12.24\原图\28.CARTIER SANTOS DE WATCH W2SA0006\详情图\W2SA0006-07.jpg,93,watch,,,
dummy_images\WATCH\1.CARTIER\微商相册\12.24\原图\28.CARTIER SANTOS DE WATCH W2SA0006\详情图\W2SA0006-08.jpg,93,watch,,,
dummy_images\WATCH\1.CARTIER\微商相册\12.24\原图\28.CARTIER SANTOS DE WATCH W2SA0006\详情图\W2SA0006-09.jpg,93,watch,,,
dummy_images\WATCH\1.CARTIER\微商相册\12.24\原图\32...CARTIER SANTOS DE MEDIUM MODEL 18K ROSE GOLD AUTOMATIC WINDING WATCH WJSA0009\主图\WJSA0009.jpg,94,watch,,,
dummy_images\WATCH\1.CARTIER\微商相册\12.24\原图\32...CARTIER SANTOS DE MEDIUM MODEL 18K ROSE GOLD AUTOMATIC WINDING WATCH WJSA0009\附图\WJSA0009.png,94,watch,,,
dummy_images\WATCH\1.CARTIER\微商相册\12.24\原图\32...CARTIER SANTOS DE MEDIUM MODEL 18K ROSE GOLD AUTOMATIC WINDING WATCH WJSA0009\详情图\WJSA0009-01.jpg,94,watch,,,
dummy_images\WATCH\1.CARTIER\微商相册\12.24\原图\32...CARTIER SANTOS DE MEDIUM MODEL 18K ROSE GOLD AUTOMATIC WINDING WATCH WJSA0009\详情图\WJSA0009-02.jpg,94,watch,,,
dummy_images\WATCH\1.CARTIER\微商相册\12.24\原图\32...CARTIER SANTOS DE MEDIUM MODEL 18K ROSE GOLD AUTOMATIC WINDING WATCH WJSA0009\详情图\WJSA0009-03.jpg,94,watch,,,
dummy_images\WATCH\1.CARTIER\微商相册\12.24\原图\32...CARTIER SANTOS DE MEDIUM MODEL 18K ROSE GOLD AUTOMATIC WINDING WATCH WJSA0009\详情图\WJSA0009-04.jpg,94,watch,,,
dummy_images\WATCH\1.CARTIER\微商相册\12.24\原图\32...CARTIER SANTOS DE MEDIUM MODEL 18K ROSE GOLD AUTOMATIC WINDING WATCH WJSA0009\详情图\WJSA0009-05.jpg,94,watch,,,
dummy_images\WATCH\1.CARTIER\微商相册\12.24\原图\32...CARTIER SANTOS DE MEDIUM MODEL 18K ROSE GOLD AUTOMATIC WINDING WATCH WJSA0009\详情图\WJSA0009-06.jpg,94,watch,,,
dummy_images\WATCH\1.CARTIER\微商相册\12.24\原图\32...CARTIER SANTOS DE MEDIUM MODEL 18K ROSE GOLD AUTOMATIC WINDING WATCH WJSA0009\详情图\WJSA0009-07.jpg,94,watch,,,
dummy_images\WATCH\1.CARTIER\微商相册\12.24\原图\32...CARTIER SANTOS DE MEDIUM MODEL 18K ROSE GOLD AUTOMATIC WINDING WATCH WJSA0009\详情图\WJSA0009-08.jpg,94,watch,,,
dummy_images\WATCH\1.CARTIER\微商相册\12.24\原图\32...CARTIER SANTOS DE MEDIUM MODEL 18K ROSE GOLD AUTOMATIC WINDING WATCH WJSA0009\详情图\WJSA0009-09.jpg,94,watch,,,
dummy_images\WATCH\1.CARTIER\微商相册\12.24\原图\1.CARTIER TANK SOLO WATCH W5200028\主图\W5200028.jpg,73,watch,,,
dummy_images\WATCH\1.CARTIER\微商相册\12.24\原图\1.CARTIER TANK SOLO WATCH W5200028\附图\W5200028-1.jpg,73,watch,,,
dummy_images\WATCH\1.CARTIER\微商相册\12.24\原图\1.CARTIER TANK SOLO WATCH W5200028\附图\W5200028-2.jpg,73,watch,,,
dummy_images\WATCH\1.CARTIER\微商相册\12.24\原图\1.CARTIER TANK SOLO WATCH W5200028\附图\W5200028-3.jpg,73,watch,,,
dummy_images\WATCH\1.CARTIER\微商相册\12.24\原图\1.CARTIER TANK SOLO WATCH W5200028\附图\W5200028-4.jpg,73,watch,,,
dummy_images\WATCH\1.CARTIER\微商相册\12.24\原图\1.CARTIER TANK SOLO WATCH W5200028\详情图\W5200028-01.jpg,73,watch,,,
dummy_images\WATCH\1.CARTIER\微商相册\12.24\原图\1.CARTIER TANK SOLO WATCH W5200028\详情图\W5200028-02.jpg,73,watch,,,
dummy_images\WATCH\1.CARTIER\微商相册\12.24\原图\1.CARTIER TANK SOLO WATCH W5200028\详情图\W5200028-03.jpg,73,watch,,,
dummy_images\WATCH\1.CARTIER\微商相册\12.24\原图\1.CARTIER TANK SOLO WATCH W5200028\详情图\W5200028-04.jpg,73,watch,,,
dummy_images\WATCH\1.CARTIER\微商相册\12.24\原图\1.CARTIER TANK SOLO WATCH W5200028\详情图\W5200028-05.jpg,73,watch,,,
dummy_images\WATCH\1.CARTIER\微商相册\12.24\原图\1.CARTIER TANK SOLO WATCH W5200028\详情图\W5200028-06.jpg,73,watch,,,
dummy_images\WATCH\1.CARTIER\微商相册\12.24\原图\1.CARTIER TANK SOLO WATCH W5200028\详情图\W5200028-07.jpg,73,watch,,,
dummy_images\WATCH\1.CARTIER\微商相册\12.24\原图\3...CARTIER TANK MUST DE WATCH WSTA0041\主图\WSTA0041.jpeg,74,watch,,,
dummy_images\WATCH\1.CARTIER\微商相册\12.24\原图\3...CARTIER TANK MUST DE WATCH WSTA0041\附图\WSTA0041-1.jpeg,74,watch,,,
dummy_images\WATCH\1.CARTIER\微商相册\12.24\原图\3...CARTIER TANK MUST DE WATCH WSTA0041\附图\WSTA0041-2.png,74,watch,,,
dummy_images\WATCH\1.CARTIER\微商相册\12.24\原图\3...CARTIER TANK MUST DE WATCH WSTA0041\附图\WSTA0041-3.jpeg,74,watch,,,
dummy_images\WATCH\1.CARTIER\微商相册\12.24\原图\3...CARTIER TANK MUST DE WATCH WSTA0041\附图\WSTA0041-4.jpeg,74,watch,,,
dummy_images\WATCH\1.CARTIER\微商相册\12.24\原图\3...CARTIER TANK MUST DE WATCH WSTA0041\附图\WSTA0041-5.jpeg,74,watch,,,
dummy_images\WATCH\1.CARTIER\微商相册\12.24\原图\3...CARTIER TANK MUST DE WATCH WSTA0041\详情图\WSTA0041-01.jpg,74,watch,,,
dummy_images\WATCH\1.CARTIER\微商相册\12.24\原图\3...CARTIER TANK MUST DE WATCH WSTA0041\详情图\WSTA0041-02.jpg,74,watch,,,
dummy_images\WATCH\1.CARTIER\微商相册\12.24\原图\3...CARTIER TANK MUST DE WATCH WSTA0041\详情图\WSTA0041-03.jpg,74,watch,,,
dummy_images\WATCH\1.CARTIER\微商相册\12.24\原图\3...CARTIER TANK MUST DE WATCH WSTA0041\详情图\WSTA0041-04.jpg,74,watch,,,
dummy_images\WATCH\1.CARTIER\微商相册\12.24\原图\3...CARTIER TANK MUST DE WATCH WSTA0041\详情图\WSTA0041-05.jpg,74,watch,,,
dummy_images\WATCH\1.CARTIER\微商相册\12.24\原图\3...CARTIER TANK MUST DE WATCH WSTA0041\详情图\WSTA0041-06.jpg,74,watch,,,
dummy_images\WATCH\1.CARTIER\微商相册\12.24\原图\3...CARTIER TANK MUST DE WATCH WSTA0041\详情图\WSTA0041-07.jpg,74,watch,,,
dummy_images\WATCH\1.CARTIER\微商相册\12.24\原图\4...CARTIER TANK MUST SOLARBEAT? WATCH WSTA0092\主图\WSTA0092.jpeg,75,watch,,,
dummy_images\WATCH\1.CARTIER\微商相册\12.24\原图\4...CARTIER TANK MUST SOLARBEAT? WATCH WSTA0092\附图\WSTA0092-1.jpeg,75,watch,,,
dummy_images\WATCH\1.CARTIER\微商相册\12.24\原图\4...CARTIER TANK MUST SOLARBEAT? WATCH WSTA0092\附图\WSTA0092-2.jpeg,75,watch,,,
dummy_images\WATCH\1.CARTIER\微商相册\12.24\原图\4...CARTIER TANK MUST SOLARBEAT? WATCH WSTA0092\附图\WSTA0092-3.jpeg,75,watch,,,
dummy_images\WATCH\1.CARTIER\微商相册\12.24\原图\4...CARTIER TANK MUST SOLARBEAT? WATCH WSTA0092\附图\WSTA0092-4.jpeg,75,watch,,,
dummy_images\WATCH\1.CARTIER\微商相册\12.24\原图\4...CARTIER TANK MUST SOLARBEAT? WATCH WSTA0092\详情图\WSTA0092-01.jpg,75,watch,,,
dummy_images\WATCH\1.CARTIER\微商相册\12.24\原图\4...CARTIER TANK MUST SOLARBEAT? WATCH WSTA0092\详情图\WSTA0092-02.jpg,75,watch,,,
dummy_images\WATCH\1.CARTIER\微商相册\12.24\原图\4...CARTIER TANK MUST SOLARBEAT? WATCH WSTA0092\详情图\WSTA0092-03.jpg,75,watch,,,
dummy_images\WATCH\1.CARTIER\微商相册\12.24\原图\4...CARTIER TANK MUST SOLARBEAT? WATCH WSTA0092\详情图\WSTA0092-04.jpg,75,watch,,,
dummy_images\WATCH\1.CARTIER\微商相册\12.24\原图\4...CARTIER TANK MUST SOLARBEAT? WATCH WSTA0092\详情图\WSTA0092-05.jpg,75,watch,,,
dummy_images\WATCH\1.CARTIER\微商相册\12.24\原图\4...CARTIER TANK MUST SOLARBEAT? WATCH WSTA0092\详情图\WSTA0092-06.jpg,75,watch,,,
dummy_images\WATCH\1.CARTIER\微商相册\12.24\原图\8...改细节CARTIER SANTOS DE SKELETON WATCH WHSA0019\主图\WHSA0019.jpeg,76,watch,,,
dummy_images\WATCH\1.CARTIER\微商相册\12.24\原图\8...改细节CARTIER SANTOS DE SKELETON WATCH WHSA0019\附图\WHSA0019-1.jpeg,76,watch,,,
dummy_images\WATCH\1.CARTIER\微商相册\12.24\原图\8...改细节CARTIER SANTOS DE SKELETON WATCH WHSA0019\附图\WHSA0019-2.jpeg,76,watch,,,
dummy_images\WATCH\1.CARTIER\微商相册\12.24\原图\8...改细节CARTIER SANTOS DE SKELETON WATCH WHSA0019\附图\WHSA0019-3.jpeg,76,watch,,,
dummy_images\WATCH\1.CARTIER\微商相册\12.24\原图\8...改细节CARTIER SANTOS DE SKELETON WATCH WHSA0019\详情图\WHSA0019-01.jpg,76,watch,,,
dummy_images\WATCH\1.CARTIER\微商相册\12.24\原图\8...改细节CARTIER SANTOS DE SKELETON WATCH WHSA0019\详情图\WHSA0019-02.jpg,76,watch,,,
dummy_images\WATCH\1.CARTIER\微商相册\12.24\原图\8...改细节CARTIER SANTOS DE SKELETON WATCH WHSA0019\详情图\WHSA0019-03.jpg,76,watch,,,
dummy_images\WATCH\1.CARTIER\微商相册\12.24\原图\8...改细节CARTIER SANTOS DE SKELETON WATCH WHSA0019\详情图\WHSA0019-04.jpg,76,watch,,,
dummy_images\WATCH\1.CARTIER\微商相册\12.24\原图\8...改细节CARTIER SANTOS DE SKELETON WATCH WHSA0019\详情图\WHSA0019-05.jpg,76,watch,,,
dummy_images\WATCH\1.CARTIER\微商相册\12.24\原图\8...改细节CARTIER SANTOS DE SKELETON WATCH WHSA0019\详情图\WHSA0019-06.jpg,76,watch,,,
dummy_images\WATCH\1.CARTIER\微商相册\12.24\原图\8...改细节CARTIER SANTOS DE SKELETON WATCH WHSA0019\详情图\WHSA0019-07.jpg,76,watch,,,
dummy_images\WATCH\1.CARTIER\微商相册\12.24\原图\8...改细节CARTIER SANTOS DE SKELETON WATCH WHSA0019\详情图\WHSA0019-08.jpg,76,watch,,,
dummy_images\WATCH\1.CARTIER\微商相册\12.24\原图\9...CARTIER SANTOS DE SKELETON WATCH WHSA0015\主图\WHSA0015.jpeg,77,watch,,,
dummy_images\WATCH\1.CARTIER\微商相册\12.24\原图\9...CARTIER SANTOS DE SKELETON WATCH WHSA0015\附图\WHSA0015-1.jpeg,77,watch,,,
dummy_images\WATCH\1.CARTIER\微商相册\12.24\原图\9...CARTIER SANTOS DE SKELETON WATCH WHSA0015\附图\WHSA0015-2.png,77,watch,,,
dummy_images\WATCH\1.CARTIER\微商相册\12.24\原图\9...CARTIER SANTOS DE SKELETON WATCH WHSA0015\附图\WHSA0015-3.jpeg,77,watch,,,
dummy_images\WATCH\1.CARTIER\微商相册\12.24\原图\9...CARTIER SANTOS DE SKELETON WATCH WHSA0015\附图\WHSA0015-4.jpeg,77,watch,,,
dummy_images\WATCH\1.CARTIER\微商相册\12.24\原图\9...CARTIER SANTOS DE SKELETON WATCH WHSA0015\附图\WHSA0015-5.jpeg,77,watch,,,
dummy_images\WATCH\1.CARTIER\微商相册\12.24\原图\9...CARTIER SANTOS DE SKELETON WATCH WHSA0015\详情图\WHSA0015-01.jpg,77,watch,,,
dummy_images\WATCH\1.CARTIER\微商相册\12.24\原图\9...CARTIER SANTOS DE SKELETON WATCH WHSA0015\详情图\WHSA0015-02.jpg,77,watch,,,
dummy_images\WATCH\1.CARTIER\微商相册\12.24\原图\9...CARTIER SANTOS DE SKELETON WATCH WHSA0015\详情图\WHSA0015-03.jpg,77,watch,,,
dummy_images\WATCH\1.CARTIER\微商相册\12.24\原图\9...CARTIER SANTOS DE SKELETON WATCH WHSA0015\详情图\WHSA0015-04.jpg,77,watch,,,
dummy_images\WATCH\1.CARTIER\微商相册\12.24\原图\9...CARTIER SANTOS DE SKELETON WATCH WHSA0015\详情图\WHSA0015-05.jpg,77,watch,,,
dummy_images\WATCH\1.CARTIER\微商相册\12.24\原图\9...CARTIER SANTOS DE SKELETON WATCH WHSA0015\详情图\WHSA0015-06.jpg,77,watch,,,
dummy_images\WATCH\1.CARTIER\微商相册\12.24\原图\9...CARTIER SANTOS DE SKELETON WATCH WHSA0015\详情图\WHSA0015-07.jpg,77,watch,,,
dummy_images\WATCH\1.CARTIER\微商相册\12.24\原图\9...CARTIER SANTOS DE SKELETON WATCH WHSA0015\详情图\WHSA0015-08.jpg,77,watch,,,
dummy_images\WATCH\1.CARTIER\微商相册\12.24\原图\11...CARTIER SANTOS-DUMONT SKELETON WATCH WITH MICRO-ROTOR WHSA0030\主图\WHSA0030.jpeg,78,watch,,,
dummy_images\WATCH\1.CARTIER\微商相册\12.24\原图\11...CARTIER SANTOS-DUMONT SKELETON WATCH WITH MICRO-ROTOR WHSA0030\附图\WHSA0030-1.jpeg,78,watch,,,
dummy_images\WATCH\1.CARTIER\微商相册\12.24\原图\11...CARTIER SANTOS-DUMONT SKELETON WATCH WITH MICRO-ROTOR WHSA0030\附图\WHSA0030-2.jpeg,78,watch,,,
dummy_images\WATCH\1.CARTIER\微商相册\12.24\原图\11...CARTIER SANTOS-DUMONT SKELETON WATCH WITH MICRO-ROTOR WHSA0030\附图\WHSA0030-3.jpeg,78,watch,,,
dummy_images\WATCH\1.CARTIER\微商相册\12.24\原图\11...CARTIER SANTOS-DUMONT SKELETON WATCH WITH MICRO-ROTOR WHSA0030\附图\WHSA0030-4.jpeg,78,watch,,,
dummy_images\WATCH\1.CARTIER\微商相册\12.24\原图\11...CARTIER SANTOS-DUMONT SKELETON WATCH WITH MICRO-ROTOR WHSA0030\详情图\WHSA0030-01.jpg,78,watch,,,
dummy_images\WATCH\1.CARTIER\微商相册\12.24\原图\11...CARTIER SANTOS-DUMONT SKELETON WATCH WITH MICRO-ROTOR WHSA0030\详情图\WHSA0030-02.jpg,78,watch,,,
dummy_images\WATCH\1.CARTIER\微商相册\12.24\原图\11...CARTIER SANTOS-DUMONT SKELETON WATCH WITH MICRO-ROTOR WHSA0030\详情图\WHSA0030-03.jpg,78,watch,,,
dummy_images\WATCH\1.CARTIER\微商相册\12.24\原图\11...CARTIER SANTOS-DUMONT SKELETON WATCH WITH MICRO-ROTOR WHSA0030\详情图\WHSA0030-04.jpg,78,watch,,,
dummy_images\WATCH\1.CARTIER\微商相册\12.24\原图\11...CARTIER SANTOS-DUMONT SKELETON WATCH WITH MICRO-ROTOR WHSA0030\详情图\WHSA0030-05.jpg,78,watch,,,
dummy_images\WATCH\1.CARTIER\微商相册\12.24\原图\11...CARTIER SANTOS-DUMONT SKELETON WATCH WITH MICRO-ROTOR WHSA0030\详情图\WHSA0030-06.jpg,78,watch,,,
dummy_images\WATCH\1.CARTIER\微商相册\12.24\原图\11...CARTIER SANTOS-DUMONT SKELETON WATCH WITH MICRO-ROTOR WHSA0030\详情图\WHSA0030-07.jpg,78,watch,,,
dummy_images\WATCH\1.CARTIER\微商相册\12.24\原图\11...CARTIER SANTOS-DUMONT SKELETON WATCH WITH MICRO-ROTOR WHSA0030\详情图\WHSA0030-08.jpg,78,watch,,,
dummy_images\WATCH\1.CARTIER\微商相册\12.24\原图\11...CARTIER SANTOS-DUMONT SKELETON WATCH WITH MICRO-ROTOR WHSA0030\详情图\WHSA0030-09.jpg,78,watch,,,
dummy_images\WATCH\1.CARTIER\微商相册\12.24\原图\13...CARTIER SANTOS-DUMONT SKELETON WATCH WITH MICRO-ROTOR WHSA0032\主图\WHSA0032.jpeg,79,watch,,,
dummy_images\WATCH\1.CARTIER\微商相册\12.24\原图\13...CARTIER SANTOS-DUMONT SKELETON WATCH WITH MICRO-ROTOR WHSA0032\附图\WHSA0032-1.jpeg,79,watch,,,
dummy_images\WATCH\1.CARTIER\微商相册\12.24\原图\13...CARTIER SANTOS-DUMONT SKELETON WATCH WITH MICRO-ROTOR WHSA0032\附图\WHSA0032-2.jpeg,79,watch,,,
dummy_images\WATCH\1.CARTIER\微商相册\12.24\原图\13...CARTIER SANTOS-DUMONT SKELETON WATCH WITH MICRO-ROTOR WHSA0032\附图\WHSA0032-3.jpeg,79,watch,,,
dummy_images\WATCH\1.CARTIER\微商相册\12.24\原图\13...CARTIER SANTOS-DUMONT SKELETON WATCH WITH MICRO-ROTOR WHSA0032\附图\WHSA0032-4.jpeg,79,watch,,,
dummy_images\WATCH\1.CARTIER\微商相册\12.24\原图\13...CARTIER SANTOS-DUMONT SKELETON WATCH WITH MICRO-ROTOR WHSA0032\详情图\WHSA0032-01.jpg,79,watch,,,
dummy_images\WATCH\1.CARTIER\微商相册\12.24\原图\13...CARTIER SANTOS-DUMONT SKELETON WATCH WITH MICRO-ROTOR WHSA0032\详情图\WHSA0032-2.jpg,79,watch,,,
dummy_images\WATCH\1.CARTIER\微商相册\12.24\原图\13...CARTIER SANTOS-DUMONT SKELETON WATCH WITH MICRO-ROTOR WHSA0032\详情图\WHSA0032-3.jpg,79,watch,,,
dummy_images\WATCH\1.CARTIER\微商相册\12.24\原图\13...CARTIER SANTOS-DUMONT SKELETON WATCH WITH MICRO-ROTOR WHSA0032\详情图\WHSA0032-4.jpg,79,watch,,,
dummy_images\WATCH\1.CARTIER\微商相册\12.24\原图\13...CARTIER SANTOS-DUMONT SKELETON WATCH WITH MICRO-ROTOR WHSA0032\详情图\WHSA0032-5.jpg,79,watch,,,
dummy_images\WATCH\1.CARTIER\微商相册\12.24\原图\13...CARTIER SANTOS-DUMONT SKELETON WATCH WITH MICRO-ROTOR WHSA0032\详情图\WHSA0032-6.jpg,79,watch,,,
dummy_images\WATCH\1.CARTIER\微商相册\12.24\原图\13...CARTIER SANTOS-DUMONT SKELETON WATCH WITH MICRO-ROTOR WHSA0032\详情图\WHSA0032-7.jpg,79,watch,,,
dummy_images\WATCH\1.CARTIER\微商相册\12.24\原图\13...CARTIER SANTOS-DUMONT SKELETON WATCH WITH MICRO-ROTOR WHSA0032\详情图\WHSA0032-8.jpg,79,watch,,,
dummy_images\WATCH\1.CARTIER\微商相册\12.24\原图\13...CARTIER SANTOS-DUMONT SKELETON WATCH WITH MICRO-ROTOR WHSA0032\详情图\WHSA0032-9.jpg,79,watch,,,
dummy_images\WATCH\1.CARTIER\微商相册\12.24\原图\14...CARTIER SANTOS DE WATCH WGSA0018\主图\WGSA0018.jpeg,80,watch,,,
dummy_images\WATCH\1.CARTIER\微商相册\12.24\原图\14...CARTIER SANTOS DE WATCH WGSA0018\附图\WGSA0018-1.jpeg,80,watch,,,
dummy_images\WATCH\1.CARTIER\微商相册\12.24\原图\14...CARTIER SANTOS DE WATCH WGSA0018\附图\WGSA0018-2.jpeg,80,watch,,,
dummy_images\WATCH\1.CARTIER\微商相册\12.24\原图\14...CARTIER SANTOS DE WATCH WGSA0018\附图\WGSA0018-3.jpeg,80,watch,,,
dummy_images\WATCH\1.CARTIER\微商相册\12.24\原图\14...CARTIER SANTOS DE WATCH WGSA0018\详情图\WGSA0018-01.jpg,80,watch,,,
dummy_images\WATCH\1.CARTIER\微商相册\12.24\原图\14...CARTIER SANTOS DE WATCH WGSA0018\详情图\WGSA0018-02.jpg,80,watch,,,
dummy_images\WATCH\1.CARTIER\微商相册\12.24\原图\14...CARTIER SANTOS DE WATCH WGSA0018\详情图\WGSA0018-03.jpg,80,watch,,,
dummy_images\WATCH\1.CARTIER\微商相册\12.24\原图\14...CARTIER SANTOS DE WATCH WGSA0018\详情图\WGSA0018-04.jpg,80,watch,,,
dummy_images\WATCH\1.CARTIER\微商相册\12.24\原图\14...CARTIER SANTOS DE WATCH WGSA0018\详情图\WGSA0018-05.jpg,80,watch,,,
dummy_images\WATCH\1.CARTIER\微商相册\12.24\原图\14...CARTIER SANTOS DE WATCH WGSA0018\详情图\WGSA0018-06.jpg,80,watch,,,
dummy_images\WATCH\1.CARTIER\微商相册\12.24\原图\14...CARTIER SANTOS DE WATCH WGSA0018\详情图\WGSA0018-07.jpg,80,watch,,,
dummy_images\WATCH\1.CARTIER\微商相册\12.24\原图\14...CARTIER SANTOS DE WATCH WGSA0018\详情图\WGSA0018-08.jpg,80,watch,,,
,81,watch,,dummy_images\WATCH\1.CARTIER\微商相册\12.24\已整理\25...CARTIER SANTOS DE WATCH WSSA0030\附图\WSSA0030-1.jpg,cvs\new_watermark.png
,81,watch,,dummy_images\WATCH\1.CARTIER\微商相册\12.24\已整理\25...CARTIER SANTOS DE WATCH WSSA0030\附图\WSSA0030-2.jpg,cvs\new_watermark.png
,81,watch,,dummy_images\WATCH\1.CARTIER\微商相册\12.24\已整理\25...CARTIER SANTOS DE WATCH WSSA0030\附图\WSSA0030-3.jpg,cvs\new_watermark.png
,81,watch,,dummy_images\WATCH\1.CARTIER\微商相册\12.24\已整理\25...CARTIER SANTOS DE WATCH WSSA0030\附图\WSSA0030-4.jpg,cvs\new_watermark.png
,81,watch,,dummy_images\WATCH\1.CARTIER\微商相册\12.24\已整理\25...CARTIER SANTOS DE WATCH WSSA0030\详情图\WSSA0030-01 (2).jpg,cvs\new_watermark.png
,81,watch,,dummy_images\WATCH\1.CARTIER\微商相册\12.24\已整理\25...CARTIER SANTOS DE WATCH WSSA0030\详情图\WSSA0030-02 (2).jpg,cvs\new_watermark.png
,81,watch,,dummy_images\WATCH\1.CARTIER\微商相册\12.24\已整理\25...CARTIER SANTOS DE WATCH WSSA0030\详情图\WSSA0030-03 (2).jpg,cvs\new_watermark.png
,81,watch,,dummy_images\WATCH\1.CARTIER\微商相册\12.24\已整理\25...CARTIER SANTOS DE WATCH WSSA0030\详情图\WSSA0030-04 (2).jpg,cvs\new_watermark.png
,81,watch,,dummy_images\WATCH\1.CARTIER\微商相册\12.24\已整理\25...CARTIER SANTOS DE WATCH WSSA0030\详情图\WSSA0030-05 (2).jpg,cvs\new_watermark.png
,81,watch,,dummy_images\WATCH\1.CARTIER\微商相册\12.24\已整理\25...CARTIER SANTOS DE WATCH WSSA0030\详情图\WSSA0030-06 (2).jpg,cvs\new_watermark.png
,81,watch,,dummy_images\WATCH\1.CARTIER\微商相册\12.24\已整理\25...CARTIER SANTOS DE WATCH WSSA0030\详情图\WSSA0030-07 (2).jpg,cvs\new_watermark.png
,81,watch,,dummy_images\WATCH\1.CARTIER\微商相册\12.24\已整理\25...CARTIER SANTOS DE WATCH WSSA0030\详情图\WSSA0030-08 (2).jpg,cvs\new_watermark.png
