image_path,product_id,wm_image_path,category,wm_local_mask
dummy_images\Shoes\NIKE\备份\20250826\NIKE CONCEPTS X NK SB DUNK LOW FD8776-800\主图\FD8776.jpg,1300,,,
dummy_images\Shoes\NIKE\备份\20250826\NIKE CONCEPTS X NK SB DUNK LOW FD8776-800\附图\FD8776 01.jpg,1300,dummy_images\Shoes\NIKE\已整理\20250826\NIKE CONCEPTS X NK SB DUNK LOW FD8776-800\附图\FD8776 01.jpg,,
dummy_images\Shoes\NIKE\备份\20250826\NIKE CONCEPTS X NK SB DUNK LOW FD8776-800\附图\FD8776 02.jpg,1300,dummy_images\Shoes\NIKE\已整理\20250826\NIKE CONCEPTS X NK SB DUNK LOW FD8776-800\附图\FD8776 02.jpg,,
dummy_images\Shoes\NIKE\备份\20250826\NIKE CONCEPTS X NK SB DUNK LOW FD8776-800\附图\FD8776 03.jpg,1300,dummy_images\Shoes\NIKE\已整理\20250826\NIKE CONCEPTS X NK SB DUNK LOW FD8776-800\附图\FD8776 03.jpg,,
dummy_images\Shoes\NIKE\备份\20250826\NIKE CONCEPTS X NK SB DUNK LOW FD8776-800\附图\FD8776 04.jpg,1300,dummy_images\Shoes\NIKE\已整理\20250826\NIKE CONCEPTS X NK SB DUNK LOW FD8776-800\附图\FD8776 04.jpg,,
dummy_images\Shoes\NIKE\备份\20250826\NIKE CONCEPTS X NK SB DUNK LOW FD8776-800\附图\FD8776 05.jpg,1300,dummy_images\Shoes\NIKE\已整理\20250826\NIKE CONCEPTS X NK SB DUNK LOW FD8776-800\附图\FD8776 05.jpg,,
dummy_images\Shoes\NIKE\备份\20250826\NIKE CONCEPTS X NK SB DUNK LOW FD8776-800\详情\FD8776-800 2.jpeg,1300,dummy_images\Shoes\NIKE\已整理\20250826\NIKE CONCEPTS X NK SB DUNK LOW FD8776-800\详情\FD8776-800 2.jpg,,
dummy_images\Shoes\NIKE\备份\20250826\NIKE CONCEPTS X NK SB DUNK LOW FD8776-800\详情\FD8776-800 3.jpeg,1300,dummy_images\Shoes\NIKE\已整理\20250826\NIKE CONCEPTS X NK SB DUNK LOW FD8776-800\详情\FD8776-800 3.jpg,,
dummy_images\Shoes\NIKE\备份\20250826\NIKE CONCEPTS X NK SB DUNK LOW FD8776-800\详情\FD8776-800 4.jpeg,1300,dummy_images\Shoes\NIKE\已整理\20250826\NIKE CONCEPTS X NK SB DUNK LOW FD8776-800\详情\FD8776-800 4.jpg,,
dummy_images\Shoes\NIKE\备份\20250826\NIKE CONCEPTS X NK SB DUNK LOW FD8776-800\详情\FD8776-800 5.jpeg,1300,dummy_images\Shoes\NIKE\已整理\20250826\NIKE CONCEPTS X NK SB DUNK LOW FD8776-800\详情\FD8776-800 5.jpg,,
dummy_images\Shoes\NIKE\备份\20250826\NIKE CONCEPTS X NK SB DUNK LOW FD8776-800\详情\FD8776-800 6.jpeg,1300,dummy_images\Shoes\NIKE\已整理\20250826\NIKE CONCEPTS X NK SB DUNK LOW FD8776-800\详情\FD8776-800 6.jpg,,
dummy_images\Shoes\NIKE\备份\20250826\NIKE CONCEPTS X NK SB DUNK LOW FD8776-800\详情\FD8776-800 7.jpeg,1300,dummy_images\Shoes\NIKE\已整理\20250826\NIKE CONCEPTS X NK SB DUNK LOW FD8776-800\详情\FD8776-800 7.jpg,,
dummy_images\Shoes\NIKE\备份\20250826\NIKE CONCEPTS X NK SB DUNK LOW FD8776-800\详情\FD8776-800 8.jpeg,1300,dummy_images\Shoes\NIKE\已整理\20250826\NIKE CONCEPTS X NK SB DUNK LOW FD8776-800\详情\FD8776-800 8.jpg,,
dummy_images\Shoes\NIKE\备份\20250826\NIKE CONCEPTS X NK SB DUNK LOW FD8776-800\详情\FD8776-800 9.jpeg,1300,dummy_images\Shoes\NIKE\已整理\20250826\NIKE CONCEPTS X NK SB DUNK LOW FD8776-800\详情\FD8776-800 9.jpg,,
dummy_images\Shoes\NIKE\备份\20250826\NIKE CRUSHED SKATE X NIKE SB DUNK LOW DH7782-001\主图\DH7782-001.jpeg,1301,,,
dummy_images\Shoes\NIKE\备份\20250826\NIKE CRUSHED SKATE X NIKE SB DUNK LOW DH7782-001\附图\DH7782 01.jpeg,1301,dummy_images\Shoes\NIKE\已整理\20250826\NIKE CRUSHED SKATE X NIKE SB DUNK LOW DH7782-001\附图\DH7782 01.jpg,,
dummy_images\Shoes\NIKE\备份\20250826\NIKE CRUSHED SKATE X NIKE SB DUNK LOW DH7782-001\附图\DH7782 02.jpeg,1301,dummy_images\Shoes\NIKE\已整理\20250826\NIKE CRUSHED SKATE X NIKE SB DUNK LOW DH7782-001\附图\DH7782 02.jpg,,
dummy_images\Shoes\NIKE\备份\20250826\NIKE CRUSHED SKATE X NIKE SB DUNK LOW DH7782-001\附图\DH7782 03.jpeg,1301,dummy_images\Shoes\NIKE\已整理\20250826\NIKE CRUSHED SKATE X NIKE SB DUNK LOW DH7782-001\附图\DH7782 03.jpg,,
dummy_images\Shoes\NIKE\备份\20250826\NIKE CRUSHED SKATE X NIKE SB DUNK LOW DH7782-001\附图\DH7782 04.jpeg,1301,dummy_images\Shoes\NIKE\已整理\20250826\NIKE CRUSHED SKATE X NIKE SB DUNK LOW DH7782-001\附图\DH7782 04.jpg,,
dummy_images\Shoes\NIKE\备份\20250826\NIKE CRUSHED SKATE X NIKE SB DUNK LOW DH7782-001\附图\DH7782 05.jpeg,1301,dummy_images\Shoes\NIKE\已整理\20250826\NIKE CRUSHED SKATE X NIKE SB DUNK LOW DH7782-001\附图\DH7782 05.jpg,,
dummy_images\Shoes\NIKE\备份\20250826\NIKE CRUSHED SKATE X NIKE SB DUNK LOW DH7782-001\附图\DH7782 06.jpeg,1301,dummy_images\Shoes\NIKE\已整理\20250826\NIKE CRUSHED SKATE X NIKE SB DUNK LOW DH7782-001\附图\DH7782 06.jpg,,
dummy_images\Shoes\NIKE\备份\20250826\NIKE CRUSHED SKATE X NIKE SB DUNK LOW DH7782-001\详情\DH7782 1.jpg,1301,dummy_images\Shoes\NIKE\已整理\20250826\NIKE CRUSHED SKATE X NIKE SB DUNK LOW DH7782-001\详情\DH7782 1.jpg,,
dummy_images\Shoes\NIKE\备份\20250826\NIKE CRUSHED SKATE X NIKE SB DUNK LOW DH7782-001\详情\DH7782 2.jpg,1301,dummy_images\Shoes\NIKE\已整理\20250826\NIKE CRUSHED SKATE X NIKE SB DUNK LOW DH7782-001\详情\DH7782 2.jpg,,
dummy_images\Shoes\NIKE\备份\20250826\NIKE CRUSHED SKATE X NIKE SB DUNK LOW DH7782-001\详情\DH7782 3.jpg,1301,dummy_images\Shoes\NIKE\已整理\20250826\NIKE CRUSHED SKATE X NIKE SB DUNK LOW DH7782-001\详情\DH7782 3.jpg,,
dummy_images\Shoes\NIKE\备份\20250826\NIKE CRUSHED SKATE X NIKE SB DUNK LOW DH7782-001\详情\DH7782 4.jpg,1301,dummy_images\Shoes\NIKE\已整理\20250826\NIKE CRUSHED SKATE X NIKE SB DUNK LOW DH7782-001\详情\DH7782 4.jpg,,
dummy_images\Shoes\NIKE\备份\20250826\NIKE CRUSHED SKATE X NIKE SB DUNK LOW DH7782-001\详情\DH7782 5.jpg,1301,dummy_images\Shoes\NIKE\已整理\20250826\NIKE CRUSHED SKATE X NIKE SB DUNK LOW DH7782-001\详情\DH7782 5.jpg,,
dummy_images\Shoes\NIKE\备份\20250826\NIKE DUNK HI RETRO DD1399-102\主图\DD1399 03.jpg,1302,,,
dummy_images\Shoes\NIKE\备份\20250826\NIKE DUNK HI RETRO DD1399-102\附图\DD1399 001.jpg,1302,dummy_images\Shoes\NIKE\已整理\20250826\NIKE DUNK HI RETRO DD1399-102\附图\DD1399 001.jpg,,
dummy_images\Shoes\NIKE\备份\20250826\NIKE DUNK HI RETRO DD1399-102\附图\DD1399 002.jpg,1302,dummy_images\Shoes\NIKE\已整理\20250826\NIKE DUNK HI RETRO DD1399-102\附图\DD1399 002.jpg,,
dummy_images\Shoes\NIKE\备份\20250826\NIKE DUNK HI RETRO DD1399-102\附图\DD1399 004.jpg,1302,dummy_images\Shoes\NIKE\已整理\20250826\NIKE DUNK HI RETRO DD1399-102\附图\DD1399 004.jpg,,
dummy_images\Shoes\NIKE\备份\20250826\NIKE DUNK HI RETRO DD1399-102\详情\DD1399 -1.jpg,1302,dummy_images\Shoes\NIKE\已整理\20250826\NIKE DUNK HI RETRO DD1399-102\详情\DD1399 -1.jpg,,
dummy_images\Shoes\NIKE\备份\20250826\NIKE DUNK HI RETRO DD1399-102\详情\DD1399 -2.jpg,1302,dummy_images\Shoes\NIKE\已整理\20250826\NIKE DUNK HI RETRO DD1399-102\详情\DD1399 -2.jpg,,
dummy_images\Shoes\NIKE\备份\20250826\NIKE DUNK HI RETRO DD1399-102\详情\DD1399 -3.jpg,1302,dummy_images\Shoes\NIKE\已整理\20250826\NIKE DUNK HI RETRO DD1399-102\详情\DD1399 -3.jpg,,
dummy_images\Shoes\NIKE\备份\20250826\NIKE DUNK HI RETRO DD1399-102\详情\DD1399 -4.jpg,1302,dummy_images\Shoes\NIKE\已整理\20250826\NIKE DUNK HI RETRO DD1399-102\详情\DD1399 -4.jpg,,
dummy_images\Shoes\NIKE\备份\20250826\NIKE DUNK HI RETRO DD1399-102\详情\DD1399 -5.jpg,1302,dummy_images\Shoes\NIKE\已整理\20250826\NIKE DUNK HI RETRO DD1399-102\详情\DD1399 -5.jpg,,
dummy_images\Shoes\NIKE\备份\20250826\NIKE DUNK HI RETRO DD1399-102\详情\DD1399 -6.jpg,1302,dummy_images\Shoes\NIKE\已整理\20250826\NIKE DUNK HI RETRO DD1399-102\详情\DD1399 -6.jpg,,
dummy_images\Shoes\NIKE\备份\20250826\NIKE DUNK HI RETRO DD1399-102\详情\DD1399 -7.jpg,1302,dummy_images\Shoes\NIKE\已整理\20250826\NIKE DUNK HI RETRO DD1399-102\详情\DD1399 -7.jpg,,
dummy_images\Shoes\NIKE\备份\20250826\NIKE DUNK HIGH 'UNIVERSITY RED' SKU DD1399-106\主图\DD1399-106.jpg,1303,,,
dummy_images\Shoes\NIKE\备份\20250826\NIKE DUNK HIGH 'UNIVERSITY RED' SKU DD1399-106\附图\DD1399 01.jpg,1303,dummy_images\Shoes\NIKE\已整理\20250826\NIKE DUNK HIGH 'UNIVERSITY RED' SKU DD1399-106\附图\DD1399 01.jpg,,
dummy_images\Shoes\NIKE\备份\20250826\NIKE DUNK HIGH 'UNIVERSITY RED' SKU DD1399-106\附图\DD1399 02.jpg,1303,dummy_images\Shoes\NIKE\已整理\20250826\NIKE DUNK HIGH 'UNIVERSITY RED' SKU DD1399-106\附图\DD1399 02.jpg,,
dummy_images\Shoes\NIKE\备份\20250826\NIKE DUNK HIGH 'UNIVERSITY RED' SKU DD1399-106\附图\DD1399 03.jpg,1303,dummy_images\Shoes\NIKE\已整理\20250826\NIKE DUNK HIGH 'UNIVERSITY RED' SKU DD1399-106\附图\DD1399 03.jpg,,
dummy_images\Shoes\NIKE\备份\20250826\NIKE DUNK HIGH 'UNIVERSITY RED' SKU DD1399-106\附图\DD1399 04.jpg,1303,dummy_images\Shoes\NIKE\已整理\20250826\NIKE DUNK HIGH 'UNIVERSITY RED' SKU DD1399-106\附图\DD1399 04.jpg,,
dummy_images\Shoes\NIKE\备份\20250826\NIKE DUNK HIGH 'UNIVERSITY RED' SKU DD1399-106\详情\DD1399 1.jpg,1303,dummy_images\Shoes\NIKE\已整理\20250826\NIKE DUNK HIGH 'UNIVERSITY RED' SKU DD1399-106\详情\DD1399 1.jpg,,
dummy_images\Shoes\NIKE\备份\20250826\NIKE DUNK HIGH 'UNIVERSITY RED' SKU DD1399-106\详情\DD1399 2.jpg,1303,dummy_images\Shoes\NIKE\已整理\20250826\NIKE DUNK HIGH 'UNIVERSITY RED' SKU DD1399-106\详情\DD1399 2.jpg,,
dummy_images\Shoes\NIKE\备份\20250826\NIKE DUNK HIGH 'UNIVERSITY RED' SKU DD1399-106\详情\DD1399 3.jpg,1303,dummy_images\Shoes\NIKE\已整理\20250826\NIKE DUNK HIGH 'UNIVERSITY RED' SKU DD1399-106\详情\DD1399 3.jpg,,
dummy_images\Shoes\NIKE\备份\20250826\NIKE DUNK HIGH 'UNIVERSITY RED' SKU DD1399-106\详情\DD1399 4.jpg,1303,dummy_images\Shoes\NIKE\已整理\20250826\NIKE DUNK HIGH 'UNIVERSITY RED' SKU DD1399-106\详情\DD1399 4.jpg,,
dummy_images\Shoes\NIKE\备份\20250826\NIKE DUNK HIGH 'UNIVERSITY RED' SKU DD1399-106\详情\DD1399 5.jpg,1303,dummy_images\Shoes\NIKE\已整理\20250826\NIKE DUNK HIGH 'UNIVERSITY RED' SKU DD1399-106\详情\DD1399 5.jpg,,
dummy_images\Shoes\NIKE\备份\20250826\NIKE DUNK HIGH 'UNIVERSITY RED' SKU DD1399-106\详情\DD1399 6.jpg,1303,dummy_images\Shoes\NIKE\已整理\20250826\NIKE DUNK HIGH 'UNIVERSITY RED' SKU DD1399-106\详情\DD1399 6.jpg,,
dummy_images\Shoes\NIKE\备份\20250826\NIKE DUNK HIGH 'UNIVERSITY RED' SKU DD1399-106\详情\DD1399 7.jpg,1303,dummy_images\Shoes\NIKE\已整理\20250826\NIKE DUNK HIGH 'UNIVERSITY RED' SKU DD1399-106\详情\DD1399 7.jpg,,
dummy_images\Shoes\NIKE\备份\20250826\NIKE DUNK HIGH 'UNIVERSITY RED' SKU DD1399-106\详情\DD1399 8.jpg,1303,dummy_images\Shoes\NIKE\已整理\20250826\NIKE DUNK HIGH 'UNIVERSITY RED' SKU DD1399-106\详情\DD1399 8.jpg,,
dummy_images\Shoes\NIKE\备份\20250826\NIKE DUNK HIGH UNIVERSITY CHENILLE SWOOSH DR8805-100\主图\DR8805-100.jpg,1304,,,
dummy_images\Shoes\NIKE\备份\20250826\NIKE DUNK HIGH UNIVERSITY CHENILLE SWOOSH DR8805-100\附图\DR8805-100 01.jpg,1304,dummy_images\Shoes\NIKE\已整理\20250826\NIKE DUNK HIGH UNIVERSITY CHENILLE SWOOSH DR8805-100\附图\DR8805-100 01.jpg,,
dummy_images\Shoes\NIKE\备份\20250826\NIKE DUNK HIGH UNIVERSITY CHENILLE SWOOSH DR8805-100\附图\DR8805-100 02.jpg,1304,dummy_images\Shoes\NIKE\已整理\20250826\NIKE DUNK HIGH UNIVERSITY CHENILLE SWOOSH DR8805-100\附图\DR8805-100 02.jpg,,
dummy_images\Shoes\NIKE\备份\20250826\NIKE DUNK HIGH UNIVERSITY CHENILLE SWOOSH DR8805-100\附图\DR8805-100 03.jpg,1304,dummy_images\Shoes\NIKE\已整理\20250826\NIKE DUNK HIGH UNIVERSITY CHENILLE SWOOSH DR8805-100\附图\DR8805-100 03.jpg,,
dummy_images\Shoes\NIKE\备份\20250826\NIKE DUNK HIGH UNIVERSITY CHENILLE SWOOSH DR8805-100\附图\DR8805-100 04.jpg,1304,dummy_images\Shoes\NIKE\已整理\20250826\NIKE DUNK HIGH UNIVERSITY CHENILLE SWOOSH DR8805-100\附图\DR8805-100 04.jpg,,
dummy_images\Shoes\NIKE\备份\20250826\NIKE DUNK HIGH UNIVERSITY CHENILLE SWOOSH DR8805-100\详情\DR8805-100 1.jpeg,1304,dummy_images\Shoes\NIKE\已整理\20250826\NIKE DUNK HIGH UNIVERSITY CHENILLE SWOOSH DR8805-100\详情\DR8805-100 1.jpg,,
dummy_images\Shoes\NIKE\备份\20250826\NIKE DUNK HIGH UNIVERSITY CHENILLE SWOOSH DR8805-100\详情\DR8805-100 2.jpeg,1304,dummy_images\Shoes\NIKE\已整理\20250826\NIKE DUNK HIGH UNIVERSITY CHENILLE SWOOSH DR8805-100\详情\DR8805-100 2.jpg,,
dummy_images\Shoes\NIKE\备份\20250826\NIKE DUNK HIGH UNIVERSITY CHENILLE SWOOSH DR8805-100\详情\DR8805-100 3.jpeg,1304,dummy_images\Shoes\NIKE\已整理\20250826\NIKE DUNK HIGH UNIVERSITY CHENILLE SWOOSH DR8805-100\详情\DR8805-100 3.jpg,,
dummy_images\Shoes\NIKE\备份\20250826\NIKE DUNK HIGH UNIVERSITY CHENILLE SWOOSH DR8805-100\详情\DR8805-100 4.jpeg,1304,dummy_images\Shoes\NIKE\已整理\20250826\NIKE DUNK HIGH UNIVERSITY CHENILLE SWOOSH DR8805-100\详情\DR8805-100 4.jpg,,
dummy_images\Shoes\NIKE\备份\20250826\NIKE DUNK HIGH UNIVERSITY CHENILLE SWOOSH DR8805-100\详情\DR8805-100 5.jpeg,1304,dummy_images\Shoes\NIKE\已整理\20250826\NIKE DUNK HIGH UNIVERSITY CHENILLE SWOOSH DR8805-100\详情\DR8805-100 5.jpg,,
dummy_images\Shoes\NIKE\备份\20250826\NIKE DUNK HIGH UNIVERSITY CHENILLE SWOOSH DR8805-100\详情\DR8805-100 6.jpeg,1304,dummy_images\Shoes\NIKE\已整理\20250826\NIKE DUNK HIGH UNIVERSITY CHENILLE SWOOSH DR8805-100\详情\DR8805-100 6.jpg,,
dummy_images\Shoes\NIKE\备份\20250826\NIKE DUNK HIGH UNIVERSITY CHENILLE SWOOSH DR8805-100\详情\DR8805-100 7.jpeg,1304,dummy_images\Shoes\NIKE\已整理\20250826\NIKE DUNK HIGH UNIVERSITY CHENILLE SWOOSH DR8805-100\详情\DR8805-100 7.jpg,,
dummy_images\Shoes\NIKE\备份\20250826\NIKE DUNK HIGH UNLV 850477-001\主图\850477-001.jpg,1305,,,
dummy_images\Shoes\NIKE\备份\20250826\NIKE DUNK HIGH UNLV 850477-001\附图\850477-001 01.jpg,1305,dummy_images\Shoes\NIKE\已整理\20250826\NIKE DUNK HIGH UNLV 850477-001\附图\850477-001 01.jpg,,
dummy_images\Shoes\NIKE\备份\20250826\NIKE DUNK HIGH UNLV 850477-001\附图\850477-001 02.jpg,1305,dummy_images\Shoes\NIKE\已整理\20250826\NIKE DUNK HIGH UNLV 850477-001\附图\850477-001 02.jpg,,
dummy_images\Shoes\NIKE\备份\20250826\NIKE DUNK HIGH UNLV 850477-001\附图\850477-001 03.jpg,1305,dummy_images\Shoes\NIKE\已整理\20250826\NIKE DUNK HIGH UNLV 850477-001\附图\850477-001 03.jpg,,
dummy_images\Shoes\NIKE\备份\20250826\NIKE DUNK HIGH UNLV 850477-001\详情\850477-001 1.jpg,1305,dummy_images\Shoes\NIKE\已整理\20250826\NIKE DUNK HIGH UNLV 850477-001\详情\850477-001 1.jpg,,
dummy_images\Shoes\NIKE\备份\20250826\NIKE DUNK HIGH UNLV 850477-001\详情\850477-001 2.jpg,1305,dummy_images\Shoes\NIKE\已整理\20250826\NIKE DUNK HIGH UNLV 850477-001\详情\850477-001 2.jpg,,
dummy_images\Shoes\NIKE\备份\20250826\NIKE DUNK HIGH UNLV 850477-001\详情\850477-001 3.jpg,1305,dummy_images\Shoes\NIKE\已整理\20250826\NIKE DUNK HIGH UNLV 850477-001\详情\850477-001 3.jpg,,
dummy_images\Shoes\NIKE\备份\20250826\NIKE DUNK HIGH UNLV 850477-001\详情\850477-001 4.jpg,1305,dummy_images\Shoes\NIKE\已整理\20250826\NIKE DUNK HIGH UNLV 850477-001\详情\850477-001 4.jpg,,
dummy_images\Shoes\NIKE\备份\20250826\NIKE DUNK HIGH UNLV 850477-001\详情\850477-001 5.jpg,1305,dummy_images\Shoes\NIKE\已整理\20250826\NIKE DUNK HIGH UNLV 850477-001\详情\850477-001 5.jpg,,
dummy_images\Shoes\NIKE\备份\20250826\NIKE DUNK HIGH UNLV 850477-001\详情\850477-001 6.jpg,1305,dummy_images\Shoes\NIKE\已整理\20250826\NIKE DUNK HIGH UNLV 850477-001\详情\850477-001 6.jpg,,
dummy_images\Shoes\NIKE\备份\20250826\NIKE DUNK HIGH UNLV 850477-001\详情\850477-001 7.jpg,1305,dummy_images\Shoes\NIKE\已整理\20250826\NIKE DUNK HIGH UNLV 850477-001\详情\850477-001 7.jpg,,
dummy_images\Shoes\NIKE\备份\20250826\NIKE DUNK LOW 'WOLF GREY AND PURE PLATINUM DX3722-001\主图\DX3722-001.jpg,1306,,,
dummy_images\Shoes\NIKE\备份\20250826\NIKE DUNK LOW 'WOLF GREY AND PURE PLATINUM DX3722-001\附图\DX3722 01.jpg,1306,dummy_images\Shoes\NIKE\已整理\20250826\NIKE DUNK LOW 'WOLF GREY AND PURE PLATINUM DX3722-001\附图\DX3722 01.jpg,,
dummy_images\Shoes\NIKE\备份\20250826\NIKE DUNK LOW 'WOLF GREY AND PURE PLATINUM DX3722-001\附图\DX3722 02.jpg,1306,dummy_images\Shoes\NIKE\已整理\20250826\NIKE DUNK LOW 'WOLF GREY AND PURE PLATINUM DX3722-001\附图\DX3722 02.jpg,,
dummy_images\Shoes\NIKE\备份\20250826\NIKE DUNK LOW 'WOLF GREY AND PURE PLATINUM DX3722-001\附图\DX3722 03.jpg,1306,dummy_images\Shoes\NIKE\已整理\20250826\NIKE DUNK LOW 'WOLF GREY AND PURE PLATINUM DX3722-001\附图\DX3722 03.jpg,,
dummy_images\Shoes\NIKE\备份\20250826\NIKE DUNK LOW 'WOLF GREY AND PURE PLATINUM DX3722-001\附图\DX3722 04.jpg,1306,dummy_images\Shoes\NIKE\已整理\20250826\NIKE DUNK LOW 'WOLF GREY AND PURE PLATINUM DX3722-001\附图\DX3722 04.jpg,,
dummy_images\Shoes\NIKE\备份\20250826\NIKE DUNK LOW 'WOLF GREY AND PURE PLATINUM DX3722-001\附图\DX3722 05.jpg,1306,dummy_images\Shoes\NIKE\已整理\20250826\NIKE DUNK LOW 'WOLF GREY AND PURE PLATINUM DX3722-001\附图\DX3722 05.jpg,,
dummy_images\Shoes\NIKE\备份\20250826\NIKE DUNK LOW 'WOLF GREY AND PURE PLATINUM DX3722-001\详情\DX3722 1.jpg,1306,dummy_images\Shoes\NIKE\已整理\20250826\NIKE DUNK LOW 'WOLF GREY AND PURE PLATINUM DX3722-001\详情\DX3722 1.jpg,,
dummy_images\Shoes\NIKE\备份\20250826\NIKE DUNK LOW 'WOLF GREY AND PURE PLATINUM DX3722-001\详情\DX3722 2.jpg,1306,dummy_images\Shoes\NIKE\已整理\20250826\NIKE DUNK LOW 'WOLF GREY AND PURE PLATINUM DX3722-001\详情\DX3722 2.jpg,,
dummy_images\Shoes\NIKE\备份\20250826\NIKE DUNK LOW 'WOLF GREY AND PURE PLATINUM DX3722-001\详情\DX3722 3.jpg,1306,dummy_images\Shoes\NIKE\已整理\20250826\NIKE DUNK LOW 'WOLF GREY AND PURE PLATINUM DX3722-001\详情\DX3722 3.jpg,,
dummy_images\Shoes\NIKE\备份\20250826\NIKE DUNK LOW 'WOLF GREY AND PURE PLATINUM DX3722-001\详情\DX3722 4.jpg,1306,dummy_images\Shoes\NIKE\已整理\20250826\NIKE DUNK LOW 'WOLF GREY AND PURE PLATINUM DX3722-001\详情\DX3722 4.jpg,,
dummy_images\Shoes\NIKE\备份\20250826\NIKE DUNK LOW 'WOLF GREY AND PURE PLATINUM DX3722-001\详情\DX3722 5.jpg,1306,dummy_images\Shoes\NIKE\已整理\20250826\NIKE DUNK LOW 'WOLF GREY AND PURE PLATINUM DX3722-001\详情\DX3722 5.jpg,,
dummy_images\Shoes\NIKE\备份\20250826\NIKE DUNK LOW 'WOLF GREY AND PURE PLATINUM DX3722-001\详情\DX3722 6.jpg,1306,dummy_images\Shoes\NIKE\已整理\20250826\NIKE DUNK LOW 'WOLF GREY AND PURE PLATINUM DX3722-001\详情\DX3722 6.jpg,,
dummy_images\Shoes\NIKE\备份\20250826\NIKE DUNK LOW 'WOLF GREY AND PURE PLATINUM DX3722-001\详情\DX3722 7.jpg,1306,dummy_images\Shoes\NIKE\已整理\20250826\NIKE DUNK LOW 'WOLF GREY AND PURE PLATINUM DX3722-001\详情\DX3722 7.jpg,,
dummy_images\Shoes\NIKE\备份\20250826\NIKE DUNK LOW 'WOLF GREY AND PURE PLATINUM DX3722-001\详情\DX3722 8.jpg,1306,dummy_images\Shoes\NIKE\已整理\20250826\NIKE DUNK LOW 'WOLF GREY AND PURE PLATINUM DX3722-001\详情\DX3722 8.jpg,,
dummy_images\Shoes\NIKE\备份\20250826\NIKE DUNK LOW BANANA DR5487-100\主图\DR5487-100.jpg,1307,,,
dummy_images\Shoes\NIKE\备份\20250826\NIKE DUNK LOW BANANA DR5487-100\附图\DR5487 01.jpg,1307,dummy_images\Shoes\NIKE\已整理\20250826\NIKE DUNK LOW BANANA DR5487-100\附图\DR5487 01.jpg,,
dummy_images\Shoes\NIKE\备份\20250826\NIKE DUNK LOW BANANA DR5487-100\附图\DR5487 02.jpg,1307,dummy_images\Shoes\NIKE\已整理\20250826\NIKE DUNK LOW BANANA DR5487-100\附图\DR5487 02.jpg,,
dummy_images\Shoes\NIKE\备份\20250826\NIKE DUNK LOW BANANA DR5487-100\附图\DR5487 03.jpg,1307,dummy_images\Shoes\NIKE\已整理\20250826\NIKE DUNK LOW BANANA DR5487-100\附图\DR5487 03.jpg,,
dummy_images\Shoes\NIKE\备份\20250826\NIKE DUNK LOW BANANA DR5487-100\附图\DR5487 04.jpg,1307,dummy_images\Shoes\NIKE\已整理\20250826\NIKE DUNK LOW BANANA DR5487-100\附图\DR5487 04.jpg,,
dummy_images\Shoes\NIKE\备份\20250826\NIKE DUNK LOW BANANA DR5487-100\详情\DR5487 1.jpeg,1307,dummy_images\Shoes\NIKE\已整理\20250826\NIKE DUNK LOW BANANA DR5487-100\详情\DR5487 1.jpg,,
dummy_images\Shoes\NIKE\备份\20250826\NIKE DUNK LOW BANANA DR5487-100\详情\DR5487 2.jpeg,1307,dummy_images\Shoes\NIKE\已整理\20250826\NIKE DUNK LOW BANANA DR5487-100\详情\DR5487 2.jpg,,
dummy_images\Shoes\NIKE\备份\20250826\NIKE DUNK LOW BANANA DR5487-100\详情\DR5487 3.jpeg,1307,dummy_images\Shoes\NIKE\已整理\20250826\NIKE DUNK LOW BANANA DR5487-100\详情\DR5487 3.jpg,,
dummy_images\Shoes\NIKE\备份\20250826\NIKE DUNK LOW BANANA DR5487-100\详情\DR5487 4.jpeg,1307,dummy_images\Shoes\NIKE\已整理\20250826\NIKE DUNK LOW BANANA DR5487-100\详情\DR5487 4.jpg,,
dummy_images\Shoes\NIKE\备份\20250826\NIKE DUNK LOW BANANA DR5487-100\详情\DR5487 5.jpeg,1307,dummy_images\Shoes\NIKE\已整理\20250826\NIKE DUNK LOW BANANA DR5487-100\详情\DR5487 5.jpg,,
dummy_images\Shoes\NIKE\备份\20250826\NIKE DUNK LOW BANANA DR5487-100\详情\DR5487 6.jpeg,1307,dummy_images\Shoes\NIKE\已整理\20250826\NIKE DUNK LOW BANANA DR5487-100\详情\DR5487 6.jpg,,
dummy_images\Shoes\NIKE\备份\20250826\NIKE DUNK LOW BANANA DR5487-100\详情\DR5487 7.jpeg,1307,dummy_images\Shoes\NIKE\已整理\20250826\NIKE DUNK LOW BANANA DR5487-100\详情\DR5487 7.jpg,,
dummy_images\Shoes\NIKE\备份\20250826\NIKE DUNK LOW BANANA DR5487-100\详情\DR5487 8.jpeg,1307,dummy_images\Shoes\NIKE\已整理\20250826\NIKE DUNK LOW BANANA DR5487-100\详情\DR5487 8.jpg,,
dummy_images\Shoes\NIKE\备份\20250826\NIKE DUNK LOW BANANA DR5487-100\详情\DR5487 9.jpeg,1307,dummy_images\Shoes\NIKE\已整理\20250826\NIKE DUNK LOW BANANA DR5487-100\详情\DR5487 9.jpg,,
dummy_images\Shoes\NIKE\备份\20250826\NIKE DUNK LOW CAU DR6189-001\主图\DR6189-001.jpg,1308,,,
dummy_images\Shoes\NIKE\备份\20250826\NIKE DUNK LOW CAU DR6189-001\附图\DR6189-001 01.jpg,1308,dummy_images\Shoes\NIKE\已整理\20250826\NIKE DUNK LOW CAU DR6189-001\附图\DR6189-001 01.jpg,,
dummy_images\Shoes\NIKE\备份\20250826\NIKE DUNK LOW CAU DR6189-001\附图\DR6189-001 02.jpg,1308,dummy_images\Shoes\NIKE\已整理\20250826\NIKE DUNK LOW CAU DR6189-001\附图\DR6189-001 02.jpg,,
dummy_images\Shoes\NIKE\备份\20250826\NIKE DUNK LOW CAU DR6189-001\附图\DR6189-001 03.jpg,1308,dummy_images\Shoes\NIKE\已整理\20250826\NIKE DUNK LOW CAU DR6189-001\附图\DR6189-001 03.jpg,,
dummy_images\Shoes\NIKE\备份\20250826\NIKE DUNK LOW CAU DR6189-001\附图\DR6189-001 04.jpg,1308,dummy_images\Shoes\NIKE\已整理\20250826\NIKE DUNK LOW CAU DR6189-001\附图\DR6189-001 04.jpg,,
dummy_images\Shoes\NIKE\备份\20250826\NIKE DUNK LOW CAU DR6189-001\详情\DR6189-001 1.jpg,1308,dummy_images\Shoes\NIKE\已整理\20250826\NIKE DUNK LOW CAU DR6189-001\详情\DR6189-001 1.jpg,,
dummy_images\Shoes\NIKE\备份\20250826\NIKE DUNK LOW CAU DR6189-001\详情\DR6189-001 2.jpg,1308,dummy_images\Shoes\NIKE\已整理\20250826\NIKE DUNK LOW CAU DR6189-001\详情\DR6189-001 2.jpg,,
dummy_images\Shoes\NIKE\备份\20250826\NIKE DUNK LOW CAU DR6189-001\详情\DR6189-001 3.jpg,1308,dummy_images\Shoes\NIKE\已整理\20250826\NIKE DUNK LOW CAU DR6189-001\详情\DR6189-001 3.jpg,,
dummy_images\Shoes\NIKE\备份\20250826\NIKE DUNK LOW CAU DR6189-001\详情\DR6189-001 4.jpg,1308,dummy_images\Shoes\NIKE\已整理\20250826\NIKE DUNK LOW CAU DR6189-001\详情\DR6189-001 4.jpg,,
dummy_images\Shoes\NIKE\备份\20250826\NIKE DUNK LOW CAU DR6189-001\详情\DR6189-001 5.jpg,1308,dummy_images\Shoes\NIKE\已整理\20250826\NIKE DUNK LOW CAU DR6189-001\详情\DR6189-001 5.jpg,,
dummy_images\Shoes\NIKE\备份\20250826\NIKE DUNK LOW CHENILLE SWOOSH DQ7683-100\主图\DQ7683-100.jpg,1309,,,
dummy_images\Shoes\NIKE\备份\20250826\NIKE DUNK LOW CHENILLE SWOOSH DQ7683-100\附图\DQ7683 01.jpg,1309,dummy_images\Shoes\NIKE\已整理\20250826\NIKE DUNK LOW CHENILLE SWOOSH DQ7683-100\附图\DQ7683 01.jpg,,
dummy_images\Shoes\NIKE\备份\20250826\NIKE DUNK LOW CHENILLE SWOOSH DQ7683-100\附图\DQ7683 02.jpg,1309,dummy_images\Shoes\NIKE\已整理\20250826\NIKE DUNK LOW CHENILLE SWOOSH DQ7683-100\附图\DQ7683 02.jpg,,
dummy_images\Shoes\NIKE\备份\20250826\NIKE DUNK LOW CHENILLE SWOOSH DQ7683-100\附图\DQ7683 03.jpg,1309,dummy_images\Shoes\NIKE\已整理\20250826\NIKE DUNK LOW CHENILLE SWOOSH DQ7683-100\附图\DQ7683 03.jpg,,
dummy_images\Shoes\NIKE\备份\20250826\NIKE DUNK LOW CHENILLE SWOOSH DQ7683-100\附图\DQ7683 04.jpg,1309,dummy_images\Shoes\NIKE\已整理\20250826\NIKE DUNK LOW CHENILLE SWOOSH DQ7683-100\附图\DQ7683 04.jpg,,
dummy_images\Shoes\NIKE\备份\20250826\NIKE DUNK LOW CHENILLE SWOOSH DQ7683-100\附图\DQ7683 05.jpg,1309,dummy_images\Shoes\NIKE\已整理\20250826\NIKE DUNK LOW CHENILLE SWOOSH DQ7683-100\附图\DQ7683 05.jpg,,
dummy_images\Shoes\NIKE\备份\20250826\NIKE DUNK LOW CHENILLE SWOOSH DQ7683-100\详情\DQ7683 1.jpg,1309,dummy_images\Shoes\NIKE\已整理\20250826\NIKE DUNK LOW CHENILLE SWOOSH DQ7683-100\详情\DQ7683 1.jpg,,
dummy_images\Shoes\NIKE\备份\20250826\NIKE DUNK LOW CHENILLE SWOOSH DQ7683-100\详情\DQ7683 2.jpg,1309,dummy_images\Shoes\NIKE\已整理\20250826\NIKE DUNK LOW CHENILLE SWOOSH DQ7683-100\详情\DQ7683 2.jpg,,
dummy_images\Shoes\NIKE\备份\20250826\NIKE DUNK LOW CHENILLE SWOOSH DQ7683-100\详情\DQ7683 3.jpg,1309,dummy_images\Shoes\NIKE\已整理\20250826\NIKE DUNK LOW CHENILLE SWOOSH DQ7683-100\详情\DQ7683 3.jpg,,
dummy_images\Shoes\NIKE\备份\20250826\NIKE DUNK LOW CHENILLE SWOOSH DQ7683-100\详情\DQ7683 4.jpg,1309,dummy_images\Shoes\NIKE\已整理\20250826\NIKE DUNK LOW CHENILLE SWOOSH DQ7683-100\详情\DQ7683 4.jpg,,
dummy_images\Shoes\NIKE\备份\20250826\NIKE DUNK LOW CHENILLE SWOOSH DQ7683-100\详情\DQ7683 5.jpg,1309,dummy_images\Shoes\NIKE\已整理\20250826\NIKE DUNK LOW CHENILLE SWOOSH DQ7683-100\详情\DQ7683 5.jpg,,
dummy_images\Shoes\NIKE\备份\20250826\NIKE DUNK LOW CHENILLE SWOOSH DQ7683-100\详情\DQ7683 6.jpg,1309,dummy_images\Shoes\NIKE\已整理\20250826\NIKE DUNK LOW CHENILLE SWOOSH DQ7683-100\详情\DQ7683 6.jpg,,
dummy_images\Shoes\NIKE\备份\20250826\NIKE DUNK LOW CHENILLE SWOOSH DQ7683-100\详情\DQ7683 7.jpg,1309,dummy_images\Shoes\NIKE\已整理\20250826\NIKE DUNK LOW CHENILLE SWOOSH DQ7683-100\详情\DQ7683 7.jpg,,
dummy_images\Shoes\NIKE\备份\20250826\NIKE DUNK LOW CHENILLE SWOOSH DQ7683-100\详情\DQ7683 8.jpg,1309,dummy_images\Shoes\NIKE\已整理\20250826\NIKE DUNK LOW CHENILLE SWOOSH DQ7683-100\详情\DQ7683 8.jpg,,
dummy_images\Shoes\NIKE\备份\20250826\NIKE DUNK LOW CZ9747-900\主图\CZ9747-900.jpeg,1310,,,
dummy_images\Shoes\NIKE\备份\20250826\NIKE DUNK LOW CZ9747-900\附图\CZ9747 01.jpeg,1310,dummy_images\Shoes\NIKE\已整理\20250826\NIKE DUNK LOW CZ9747-900\附图\CZ9747 01.jpg,,
dummy_images\Shoes\NIKE\备份\20250826\NIKE DUNK LOW CZ9747-900\附图\CZ9747 02.jpeg,1310,dummy_images\Shoes\NIKE\已整理\20250826\NIKE DUNK LOW CZ9747-900\附图\CZ9747 02.jpg,,
dummy_images\Shoes\NIKE\备份\20250826\NIKE DUNK LOW CZ9747-900\附图\CZ9747 03.jpeg,1310,dummy_images\Shoes\NIKE\已整理\20250826\NIKE DUNK LOW CZ9747-900\附图\CZ9747 03.jpg,,
dummy_images\Shoes\NIKE\备份\20250826\NIKE DUNK LOW CZ9747-900\附图\CZ9747 04.jpeg,1310,dummy_images\Shoes\NIKE\已整理\20250826\NIKE DUNK LOW CZ9747-900\附图\CZ9747 04.jpg,,
dummy_images\Shoes\NIKE\备份\20250826\NIKE DUNK LOW CZ9747-900\详情\CZ9747-900 1.jpeg,1310,dummy_images\Shoes\NIKE\已整理\20250826\NIKE DUNK LOW CZ9747-900\详情\CZ9747-900 1.jpg,,
dummy_images\Shoes\NIKE\备份\20250826\NIKE DUNK LOW CZ9747-900\详情\CZ9747-900 2.jpeg,1310,dummy_images\Shoes\NIKE\已整理\20250826\NIKE DUNK LOW CZ9747-900\详情\CZ9747-900 2.jpg,,
dummy_images\Shoes\NIKE\备份\20250826\NIKE DUNK LOW CZ9747-900\详情\CZ9747-900 3.jpeg,1310,dummy_images\Shoes\NIKE\已整理\20250826\NIKE DUNK LOW CZ9747-900\详情\CZ9747-900 3.jpg,,
dummy_images\Shoes\NIKE\备份\20250826\NIKE DUNK LOW CZ9747-900\详情\CZ9747-900 4.jpeg,1310,dummy_images\Shoes\NIKE\已整理\20250826\NIKE DUNK LOW CZ9747-900\详情\CZ9747-900 4.jpg,,
dummy_images\Shoes\NIKE\备份\20250826\NIKE DUNK LOW CZ9747-900\详情\CZ9747-900 5.jpeg,1310,dummy_images\Shoes\NIKE\已整理\20250826\NIKE DUNK LOW CZ9747-900\详情\CZ9747-900 5.jpg,,
dummy_images\Shoes\NIKE\备份\20250826\NIKE DUNK LOW CZ9747-900\详情\CZ9747-900 6.jpeg,1310,dummy_images\Shoes\NIKE\已整理\20250826\NIKE DUNK LOW CZ9747-900\详情\CZ9747-900 6.jpg,,
dummy_images\Shoes\NIKE\备份\20250826\NIKE DUNK LOW CZ9747-900\详情\CZ9747-900 7.jpeg,1310,dummy_images\Shoes\NIKE\已整理\20250826\NIKE DUNK LOW CZ9747-900\详情\CZ9747-900 7.jpg,,
dummy_images\Shoes\NIKE\备份\20250826\NIKE DUNK LOW CZ9747-900\详情\CZ9747-900 8.jpeg,1310,dummy_images\Shoes\NIKE\已整理\20250826\NIKE DUNK LOW CZ9747-900\详情\CZ9747-900 8.jpg,,
dummy_images\Shoes\NIKE\备份\20250826\NIKE DUNK LOW CZ9747-900\详情\CZ9747-900 9.jpeg,1310,dummy_images\Shoes\NIKE\已整理\20250826\NIKE DUNK LOW CZ9747-900\详情\CZ9747-900 9.jpg,,
dummy_images\Shoes\NIKE\备份\20250826\NIKE DUNK LOW DARK DRIFTWOOD DD1503-200\主图\DD1503-200.jpg,1311,,,
dummy_images\Shoes\NIKE\备份\20250826\NIKE DUNK LOW DARK DRIFTWOOD DD1503-200\附图\DD1503 01.jpg,1311,dummy_images\Shoes\NIKE\已整理\20250826\NIKE DUNK LOW DARK DRIFTWOOD DD1503-200\附图\DD1503 01.jpg,,
dummy_images\Shoes\NIKE\备份\20250826\NIKE DUNK LOW DARK DRIFTWOOD DD1503-200\附图\DD1503 02.jpg,1311,dummy_images\Shoes\NIKE\已整理\20250826\NIKE DUNK LOW DARK DRIFTWOOD DD1503-200\附图\DD1503 02.jpg,,
dummy_images\Shoes\NIKE\备份\20250826\NIKE DUNK LOW DARK DRIFTWOOD DD1503-200\附图\DD1503 03.jpg,1311,dummy_images\Shoes\NIKE\已整理\20250826\NIKE DUNK LOW DARK DRIFTWOOD DD1503-200\附图\DD1503 03.jpg,,
dummy_images\Shoes\NIKE\备份\20250826\NIKE DUNK LOW DARK DRIFTWOOD DD1503-200\附图\DD1503 04.jpg,1311,dummy_images\Shoes\NIKE\已整理\20250826\NIKE DUNK LOW DARK DRIFTWOOD DD1503-200\附图\DD1503 04.jpg,,
dummy_images\Shoes\NIKE\备份\20250826\NIKE DUNK LOW DARK DRIFTWOOD DD1503-200\附图\DD1503 05.jpg,1311,dummy_images\Shoes\NIKE\已整理\20250826\NIKE DUNK LOW DARK DRIFTWOOD DD1503-200\附图\DD1503 05.jpg,,
dummy_images\Shoes\NIKE\备份\20250826\NIKE DUNK LOW DARK DRIFTWOOD DD1503-200\详情\DD1503-200 1.jpg,1311,dummy_images\Shoes\NIKE\已整理\20250826\NIKE DUNK LOW DARK DRIFTWOOD DD1503-200\详情\DD1503-200 1.jpg,,
dummy_images\Shoes\NIKE\备份\20250826\NIKE DUNK LOW DARK DRIFTWOOD DD1503-200\详情\DD1503-200 2.jpg,1311,dummy_images\Shoes\NIKE\已整理\20250826\NIKE DUNK LOW DARK DRIFTWOOD DD1503-200\详情\DD1503-200 2.jpg,,
dummy_images\Shoes\NIKE\备份\20250826\NIKE DUNK LOW DARK DRIFTWOOD DD1503-200\详情\DD1503-200 3.jpg,1311,dummy_images\Shoes\NIKE\已整理\20250826\NIKE DUNK LOW DARK DRIFTWOOD DD1503-200\详情\DD1503-200 3.jpg,,
dummy_images\Shoes\NIKE\备份\20250826\NIKE DUNK LOW DARK DRIFTWOOD DD1503-200\详情\DD1503-200 4.jpg,1311,dummy_images\Shoes\NIKE\已整理\20250826\NIKE DUNK LOW DARK DRIFTWOOD DD1503-200\详情\DD1503-200 4.jpg,,
dummy_images\Shoes\NIKE\备份\20250826\NIKE DUNK LOW DARK DRIFTWOOD DD1503-200\详情\DD1503-200 5.jpg,1311,dummy_images\Shoes\NIKE\已整理\20250826\NIKE DUNK LOW DARK DRIFTWOOD DD1503-200\详情\DD1503-200 5.jpg,,
dummy_images\Shoes\NIKE\备份\20250826\NIKE DUNK LOW DARK DRIFTWOOD DD1503-200\详情\DD1503-200 6.jpg,1311,dummy_images\Shoes\NIKE\已整理\20250826\NIKE DUNK LOW DARK DRIFTWOOD DD1503-200\详情\DD1503-200 6.jpg,,
dummy_images\Shoes\NIKE\备份\20250826\NIKE DUNK LOW DARK DRIFTWOOD DD1503-200\详情\DD1503-200 7.jpg,1311,dummy_images\Shoes\NIKE\已整理\20250826\NIKE DUNK LOW DARK DRIFTWOOD DD1503-200\详情\DD1503-200 7.jpg,,
dummy_images\Shoes\NIKE\备份\20250826\NIKE DUNK LOW DD1503-102\主图\DD1503-102.jpg,1312,,,
dummy_images\Shoes\NIKE\备份\20250826\NIKE DUNK LOW DD1503-102\附图\DD1503 01.jpg,1312,dummy_images\Shoes\NIKE\已整理\20250826\NIKE DUNK LOW DD1503-102\附图\DD1503 01.jpg,,
dummy_images\Shoes\NIKE\备份\20250826\NIKE DUNK LOW DD1503-102\附图\DD1503 02.jpg,1312,dummy_images\Shoes\NIKE\已整理\20250826\NIKE DUNK LOW DD1503-102\附图\DD1503 02.jpg,,
dummy_images\Shoes\NIKE\备份\20250826\NIKE DUNK LOW DD1503-102\附图\DD1503 03.jpg,1312,dummy_images\Shoes\NIKE\已整理\20250826\NIKE DUNK LOW DD1503-102\附图\DD1503 03.jpg,,
dummy_images\Shoes\NIKE\备份\20250826\NIKE DUNK LOW DD1503-102\详情\DD1503 1.jpg,1312,dummy_images\Shoes\NIKE\已整理\20250826\NIKE DUNK LOW DD1503-102\详情\DD1503 1.jpg,,
dummy_images\Shoes\NIKE\备份\20250826\NIKE DUNK LOW DD1503-102\详情\DD1503 2.jpg,1312,dummy_images\Shoes\NIKE\已整理\20250826\NIKE DUNK LOW DD1503-102\详情\DD1503 2.jpg,,
dummy_images\Shoes\NIKE\备份\20250826\NIKE DUNK LOW DD1503-102\详情\DD1503 3.jpg,1312,dummy_images\Shoes\NIKE\已整理\20250826\NIKE DUNK LOW DD1503-102\详情\DD1503 3.jpg,,
dummy_images\Shoes\NIKE\备份\20250826\NIKE DUNK LOW DD1503-102\详情\DD1503 4.jpg,1312,dummy_images\Shoes\NIKE\已整理\20250826\NIKE DUNK LOW DD1503-102\详情\DD1503 4.jpg,,
dummy_images\Shoes\NIKE\备份\20250826\NIKE DUNK LOW DD1503-102\详情\DD1503 5.jpg,1312,dummy_images\Shoes\NIKE\已整理\20250826\NIKE DUNK LOW DD1503-102\详情\DD1503 5.jpg,,
dummy_images\Shoes\NIKE\备份\20250826\NIKE DUNK LOW DD1503-102\详情\DD1503 6.jpg,1312,dummy_images\Shoes\NIKE\已整理\20250826\NIKE DUNK LOW DD1503-102\详情\DD1503 6.jpg,,
dummy_images\Shoes\NIKE\备份\20250826\NIKE DUNK LOW DD1503-102\详情\DD1503 7.jpg,1312,dummy_images\Shoes\NIKE\已整理\20250826\NIKE DUNK LOW DD1503-102\详情\DD1503 7.jpg,,
dummy_images\Shoes\NIKE\备份\20250826\NIKE DUNK LOW DD1503-102\详情\DD1503 8.jpg,1312,dummy_images\Shoes\NIKE\已整理\20250826\NIKE DUNK LOW DD1503-102\详情\DD1503 8.jpg,,
dummy_images\Shoes\NIKE\备份\20250826\NIKE DUNK LOW DD1503-120\主图\DD1503-120.jpg,1313,,,
dummy_images\Shoes\NIKE\备份\20250826\NIKE DUNK LOW DD1503-120\附图\DD1503 01.jpg,1313,dummy_images\Shoes\NIKE\已整理\20250826\NIKE DUNK LOW DD1503-120\附图\DD1503 01.jpg,,
dummy_images\Shoes\NIKE\备份\20250826\NIKE DUNK LOW DD1503-120\附图\DD1503 02.jpg,1313,dummy_images\Shoes\NIKE\已整理\20250826\NIKE DUNK LOW DD1503-120\附图\DD1503 02.jpg,,
dummy_images\Shoes\NIKE\备份\20250826\NIKE DUNK LOW DD1503-120\附图\DD1503 03.jpg,1313,dummy_images\Shoes\NIKE\已整理\20250826\NIKE DUNK LOW DD1503-120\附图\DD1503 03.jpg,,
dummy_images\Shoes\NIKE\备份\20250826\NIKE DUNK LOW DD1503-120\附图\DD1503 04.jpg,1313,dummy_images\Shoes\NIKE\已整理\20250826\NIKE DUNK LOW DD1503-120\附图\DD1503 04.jpg,,
dummy_images\Shoes\NIKE\备份\20250826\NIKE DUNK LOW DD1503-120\附图\DD1503 05.jpg,1313,dummy_images\Shoes\NIKE\已整理\20250826\NIKE DUNK LOW DD1503-120\附图\DD1503 05.jpg,,
dummy_images\Shoes\NIKE\备份\20250826\NIKE DUNK LOW DD1503-120\详情\DD1503 1.jpg,1313,dummy_images\Shoes\NIKE\已整理\20250826\NIKE DUNK LOW DD1503-120\详情\DD1503 1.jpg,,
dummy_images\Shoes\NIKE\备份\20250826\NIKE DUNK LOW DD1503-120\详情\DD1503 2.jpg,1313,dummy_images\Shoes\NIKE\已整理\20250826\NIKE DUNK LOW DD1503-120\详情\DD1503 2.jpg,,
dummy_images\Shoes\NIKE\备份\20250826\NIKE DUNK LOW DD1503-120\详情\DD1503 3.jpg,1313,dummy_images\Shoes\NIKE\已整理\20250826\NIKE DUNK LOW DD1503-120\详情\DD1503 3.jpg,,
dummy_images\Shoes\NIKE\备份\20250826\NIKE DUNK LOW DD1503-120\详情\DD1503 4.jpg,1313,dummy_images\Shoes\NIKE\已整理\20250826\NIKE DUNK LOW DD1503-120\详情\DD1503 4.jpg,,
dummy_images\Shoes\NIKE\备份\20250826\NIKE DUNK LOW DD1503-120\详情\DD1503 5.jpg,1313,dummy_images\Shoes\NIKE\已整理\20250826\NIKE DUNK LOW DD1503-120\详情\DD1503 5.jpg,,
dummy_images\Shoes\NIKE\备份\20250826\NIKE DUNK LOW DD1503-120\详情\DD1503 6.jpg,1313,dummy_images\Shoes\NIKE\已整理\20250826\NIKE DUNK LOW DD1503-120\详情\DD1503 6.jpg,,
dummy_images\Shoes\NIKE\备份\20250826\NIKE DUNK LOW DD1503-120\详情\DD1503 7.jpg,1313,dummy_images\Shoes\NIKE\已整理\20250826\NIKE DUNK LOW DD1503-120\详情\DD1503 7.jpg,,
dummy_images\Shoes\NIKE\备份\20250826\NIKE DUNK LOW DD1503-120\详情\DD1503 8.jpg,1313,dummy_images\Shoes\NIKE\已整理\20250826\NIKE DUNK LOW DD1503-120\详情\DD1503 8.jpg,,
dummy_images\Shoes\NIKE\备份\20250826\NIKE DUNK LOW DD1931-101\主图\DD1931-101.png,1314,,,
dummy_images\Shoes\NIKE\备份\20250826\NIKE DUNK LOW DD1931-101\附图\DD1931-101 01.jpg,1314,dummy_images\Shoes\NIKE\已整理\20250826\NIKE DUNK LOW DD1931-101\附图\DD1931-101 01.jpg,,
dummy_images\Shoes\NIKE\备份\20250826\NIKE DUNK LOW DD1931-101\附图\DD1931-101 02.jpg,1314,dummy_images\Shoes\NIKE\已整理\20250826\NIKE DUNK LOW DD1931-101\附图\DD1931-101 02.jpg,,
dummy_images\Shoes\NIKE\备份\20250826\NIKE DUNK LOW DD1931-101\附图\DD1931-101 03.jpg,1314,dummy_images\Shoes\NIKE\已整理\20250826\NIKE DUNK LOW DD1931-101\附图\DD1931-101 03.jpg,,
dummy_images\Shoes\NIKE\备份\20250826\NIKE DUNK LOW DD1931-101\附图\DD1931-101 04.jpg,1314,dummy_images\Shoes\NIKE\已整理\20250826\NIKE DUNK LOW DD1931-101\附图\DD1931-101 04.jpg,,
dummy_images\Shoes\NIKE\备份\20250826\NIKE DUNK LOW DD1931-101\附图\DD1931-101 05.jpg,1314,dummy_images\Shoes\NIKE\已整理\20250826\NIKE DUNK LOW DD1931-101\附图\DD1931-101 05.jpg,,
dummy_images\Shoes\NIKE\备份\20250826\NIKE DUNK LOW DD1931-101\附图\DD1931-101 06.jpg,1314,dummy_images\Shoes\NIKE\已整理\20250826\NIKE DUNK LOW DD1931-101\附图\DD1931-101 06.jpg,,
dummy_images\Shoes\NIKE\备份\20250826\NIKE DUNK LOW DD1931-101\附图\DD1931-101 07.jpg,1314,dummy_images\Shoes\NIKE\已整理\20250826\NIKE DUNK LOW DD1931-101\附图\DD1931-101 07.jpg,,
dummy_images\Shoes\NIKE\备份\20250826\NIKE DUNK LOW DD1931-101\详情\10001.jpeg,1314,dummy_images\Shoes\NIKE\已整理\20250826\NIKE DUNK LOW DD1931-101\详情\10001.jpg,,
dummy_images\Shoes\NIKE\备份\20250826\NIKE DUNK LOW DJ6188-001\主图\DJ6188.jpg,1315,,,
dummy_images\Shoes\NIKE\备份\20250826\NIKE DUNK LOW DJ6188-001\附图\DJ6188 01.jpg,1315,dummy_images\Shoes\NIKE\已整理\20250826\NIKE DUNK LOW DJ6188-001\附图\DJ6188 01.jpg,,
dummy_images\Shoes\NIKE\备份\20250826\NIKE DUNK LOW DJ6188-001\附图\DJ6188 02.jpg,1315,dummy_images\Shoes\NIKE\已整理\20250826\NIKE DUNK LOW DJ6188-001\附图\DJ6188 02.jpg,,
dummy_images\Shoes\NIKE\备份\20250826\NIKE DUNK LOW DJ6188-001\附图\DJ6188 03.jpg,1315,dummy_images\Shoes\NIKE\已整理\20250826\NIKE DUNK LOW DJ6188-001\附图\DJ6188 03.jpg,,
dummy_images\Shoes\NIKE\备份\20250826\NIKE DUNK LOW DJ6188-001\附图\DJ6188 04.jpg,1315,dummy_images\Shoes\NIKE\已整理\20250826\NIKE DUNK LOW DJ6188-001\附图\DJ6188 04.jpg,,
dummy_images\Shoes\NIKE\备份\20250826\NIKE DUNK LOW DJ6188-001\附图\DJ6188 05.jpg,1315,dummy_images\Shoes\NIKE\已整理\20250826\NIKE DUNK LOW DJ6188-001\附图\DJ6188 05.jpg,,
dummy_images\Shoes\NIKE\备份\20250826\NIKE DUNK LOW DJ6188-001\附图\DJ6188 06.jpg,1315,dummy_images\Shoes\NIKE\已整理\20250826\NIKE DUNK LOW DJ6188-001\附图\DJ6188 06.jpg,,
dummy_images\Shoes\NIKE\备份\20250826\NIKE DUNK LOW DJ6188-001\详情\DJ6188 1.jpg,1315,dummy_images\Shoes\NIKE\已整理\20250826\NIKE DUNK LOW DJ6188-001\详情\DJ6188 1.jpg,,
dummy_images\Shoes\NIKE\备份\20250826\NIKE DUNK LOW DJ6188-001\详情\DJ6188 2.jpg,1315,dummy_images\Shoes\NIKE\已整理\20250826\NIKE DUNK LOW DJ6188-001\详情\DJ6188 2.jpg,,
dummy_images\Shoes\NIKE\备份\20250826\NIKE DUNK LOW DJ6188-001\详情\DJ6188 3.jpg,1315,dummy_images\Shoes\NIKE\已整理\20250826\NIKE DUNK LOW DJ6188-001\详情\DJ6188 3.jpg,,
dummy_images\Shoes\NIKE\备份\20250826\NIKE DUNK LOW DJ6188-001\详情\DJ6188 4.jpg,1315,dummy_images\Shoes\NIKE\已整理\20250826\NIKE DUNK LOW DJ6188-001\详情\DJ6188 4.jpg,,
dummy_images\Shoes\NIKE\备份\20250826\NIKE DUNK LOW DJ6188-001\详情\DJ6188 5.jpg,1315,dummy_images\Shoes\NIKE\已整理\20250826\NIKE DUNK LOW DJ6188-001\详情\DJ6188 5.jpg,,
dummy_images\Shoes\NIKE\备份\20250826\NIKE DUNK LOW DJ6188-001\详情\DJ6188 6.jpg,1315,dummy_images\Shoes\NIKE\已整理\20250826\NIKE DUNK LOW DJ6188-001\详情\DJ6188 6.jpg,,
dummy_images\Shoes\NIKE\备份\20250826\NIKE DUNK LOW DJ6188-100\主图\DJ6188-100.jpeg,1316,,,
dummy_images\Shoes\NIKE\备份\20250826\NIKE DUNK LOW DJ6188-100\附图\DJ6188 01.jpeg,1316,dummy_images\Shoes\NIKE\已整理\20250826\NIKE DUNK LOW DJ6188-100\附图\DJ6188 01.jpg,,
dummy_images\Shoes\NIKE\备份\20250826\NIKE DUNK LOW DJ6188-100\附图\DJ6188 02.jpeg,1316,dummy_images\Shoes\NIKE\已整理\20250826\NIKE DUNK LOW DJ6188-100\附图\DJ6188 02.jpg,,
dummy_images\Shoes\NIKE\备份\20250826\NIKE DUNK LOW DJ6188-100\附图\DJ6188 03.jpeg,1316,dummy_images\Shoes\NIKE\已整理\20250826\NIKE DUNK LOW DJ6188-100\附图\DJ6188 03.jpg,,
dummy_images\Shoes\NIKE\备份\20250826\NIKE DUNK LOW DJ6188-100\附图\DJ6188 04.jpeg,1316,dummy_images\Shoes\NIKE\已整理\20250826\NIKE DUNK LOW DJ6188-100\附图\DJ6188 04.jpg,,
dummy_images\Shoes\NIKE\备份\20250826\NIKE DUNK LOW DJ6188-100\详情\DJ6188-100 1.jpg,1316,dummy_images\Shoes\NIKE\已整理\20250826\NIKE DUNK LOW DJ6188-100\详情\DJ6188-100 1.jpg,,
dummy_images\Shoes\NIKE\备份\20250826\NIKE DUNK LOW DJ6188-100\详情\DJ6188-100 2.jpg,1316,dummy_images\Shoes\NIKE\已整理\20250826\NIKE DUNK LOW DJ6188-100\详情\DJ6188-100 2.jpg,,
dummy_images\Shoes\NIKE\备份\20250826\NIKE DUNK LOW DJ6188-100\详情\DJ6188-100 3.jpg,1316,dummy_images\Shoes\NIKE\已整理\20250826\NIKE DUNK LOW DJ6188-100\详情\DJ6188-100 3.jpg,,
dummy_images\Shoes\NIKE\备份\20250826\NIKE DUNK LOW DJ6188-100\详情\DJ6188-100 4.jpg,1316,dummy_images\Shoes\NIKE\已整理\20250826\NIKE DUNK LOW DJ6188-100\详情\DJ6188-100 4.jpg,,
dummy_images\Shoes\NIKE\备份\20250826\NIKE DUNK LOW DJ6188-100\详情\DJ6188-100 5.jpg,1316,dummy_images\Shoes\NIKE\已整理\20250826\NIKE DUNK LOW DJ6188-100\详情\DJ6188-100 5.jpg,,
dummy_images\Shoes\NIKE\备份\20250826\NIKE DUNK LOW DJ6188-100\详情\DJ6188-100 6.jpg,1316,dummy_images\Shoes\NIKE\已整理\20250826\NIKE DUNK LOW DJ6188-100\详情\DJ6188-100 6.jpg,,
dummy_images\Shoes\NIKE\备份\20250826\NIKE DUNK LOW DJ6188-100\详情\DJ6188-100 7.jpg,1316,dummy_images\Shoes\NIKE\已整理\20250826\NIKE DUNK LOW DJ6188-100\详情\DJ6188-100 7.jpg,,
dummy_images\Shoes\NIKE\备份\20250826\NIKE DUNK LOW DJ6188-100\详情\DJ6188-100 8.jpg,1316,dummy_images\Shoes\NIKE\已整理\20250826\NIKE DUNK LOW DJ6188-100\详情\DJ6188-100 8.jpg,,
dummy_images\Shoes\NIKE\备份\20250826\NIKE DUNK LOW DO9581-500\主图\DO9581-500.jpg,1317,,,
dummy_images\Shoes\NIKE\备份\20250826\NIKE DUNK LOW DO9581-500\附图\DO9581 01.jpg,1317,dummy_images\Shoes\NIKE\已整理\20250826\NIKE DUNK LOW DO9581-500\附图\DO9581 01.jpg,,
dummy_images\Shoes\NIKE\备份\20250826\NIKE DUNK LOW DO9581-500\附图\DO9581 02.jpg,1317,dummy_images\Shoes\NIKE\已整理\20250826\NIKE DUNK LOW DO9581-500\附图\DO9581 02.jpg,,
dummy_images\Shoes\NIKE\备份\20250826\NIKE DUNK LOW DO9581-500\附图\DO9581 03.jpg,1317,dummy_images\Shoes\NIKE\已整理\20250826\NIKE DUNK LOW DO9581-500\附图\DO9581 03.jpg,,
dummy_images\Shoes\NIKE\备份\20250826\NIKE DUNK LOW DO9581-500\附图\DO9581 04.jpg,1317,dummy_images\Shoes\NIKE\已整理\20250826\NIKE DUNK LOW DO9581-500\附图\DO9581 04.jpg,,
dummy_images\Shoes\NIKE\备份\20250826\NIKE DUNK LOW DO9581-500\附图\DO9581 05.jpg,1317,dummy_images\Shoes\NIKE\已整理\20250826\NIKE DUNK LOW DO9581-500\附图\DO9581 05.jpg,,
dummy_images\Shoes\NIKE\备份\20250826\NIKE DUNK LOW DO9581-500\详情\DO9581 2.jpg,1317,dummy_images\Shoes\NIKE\已整理\20250826\NIKE DUNK LOW DO9581-500\详情\DO9581 2.jpg,,
dummy_images\Shoes\NIKE\备份\20250826\NIKE DUNK LOW DO9581-500\详情\DO9581 3.jpg,1317,dummy_images\Shoes\NIKE\已整理\20250826\NIKE DUNK LOW DO9581-500\详情\DO9581 3.jpg,,
dummy_images\Shoes\NIKE\备份\20250826\NIKE DUNK LOW DO9581-500\详情\DO9581 4.jpg,1317,dummy_images\Shoes\NIKE\已整理\20250826\NIKE DUNK LOW DO9581-500\详情\DO9581 4.jpg,,
dummy_images\Shoes\NIKE\备份\20250826\NIKE DUNK LOW DO9581-500\详情\DO9581 5.jpg,1317,dummy_images\Shoes\NIKE\已整理\20250826\NIKE DUNK LOW DO9581-500\详情\DO9581 5.jpg,,
dummy_images\Shoes\NIKE\备份\20250826\NIKE DUNK LOW DO9581-500\详情\DO9581 6.jpg,1317,dummy_images\Shoes\NIKE\已整理\20250826\NIKE DUNK LOW DO9581-500\详情\DO9581 6.jpg,,
dummy_images\Shoes\NIKE\备份\20250826\NIKE DUNK LOW DO9581-500\详情\DO9581 7.jpg,1317,dummy_images\Shoes\NIKE\已整理\20250826\NIKE DUNK LOW DO9581-500\详情\DO9581 7.jpg,,
dummy_images\Shoes\NIKE\备份\20250826\NIKE DUNK LOW DO9581-500\详情\DO9581 8.jpg,1317,dummy_images\Shoes\NIKE\已整理\20250826\NIKE DUNK LOW DO9581-500\详情\DO9581 8.jpg,,
dummy_images\Shoes\NIKE\备份\20250826\NIKE DUNK LOW DO9581-500\详情\DO9581  1.jpg,1317,dummy_images\Shoes\NIKE\已整理\20250826\NIKE DUNK LOW DO9581-500\详情\DO9581  1.jpg,,
dummy_images\Shoes\NIKE\备份\20250826\NIKE DUNK LOW DR7305-100\主图\DR7305-100.jpg,1318,,,
dummy_images\Shoes\NIKE\备份\20250826\NIKE DUNK LOW DR7305-100\附图\DR7305-100 01.jpg,1318,dummy_images\Shoes\NIKE\已整理\20250826\NIKE DUNK LOW DR7305-100\附图\DR7305-100 01.jpg,,
dummy_images\Shoes\NIKE\备份\20250826\NIKE DUNK LOW DR7305-100\附图\DR7305-100 02.jpg,1318,dummy_images\Shoes\NIKE\已整理\20250826\NIKE DUNK LOW DR7305-100\附图\DR7305-100 02.jpg,,
dummy_images\Shoes\NIKE\备份\20250826\NIKE DUNK LOW DR7305-100\附图\DR7305-100 03.jpg,1318,dummy_images\Shoes\NIKE\已整理\20250826\NIKE DUNK LOW DR7305-100\附图\DR7305-100 03.jpg,,
dummy_images\Shoes\NIKE\备份\20250826\NIKE DUNK LOW DR7305-100\附图\DR7305-100 04.jpg,1318,dummy_images\Shoes\NIKE\已整理\20250826\NIKE DUNK LOW DR7305-100\附图\DR7305-100 04.jpg,,
dummy_images\Shoes\NIKE\备份\20250826\NIKE DUNK LOW DR7305-100\详情\DR7305-100.jpeg,1318,dummy_images\Shoes\NIKE\已整理\20250826\NIKE DUNK LOW DR7305-100\详情\DR7305-100.jpg,,
dummy_images\Shoes\NIKE\备份\20250826\NIKE DUNK LOW DR9654-100\主图\DR9654.jpg,1319,,,
dummy_images\Shoes\NIKE\备份\20250826\NIKE DUNK LOW DR9654-100\附图\DR9654 01.jpg,1319,dummy_images\Shoes\NIKE\已整理\20250826\NIKE DUNK LOW DR9654-100\附图\DR9654 01.jpg,,
dummy_images\Shoes\NIKE\备份\20250826\NIKE DUNK LOW DR9654-100\附图\DR9654 02.jpg,1319,dummy_images\Shoes\NIKE\已整理\20250826\NIKE DUNK LOW DR9654-100\附图\DR9654 02.jpg,,
dummy_images\Shoes\NIKE\备份\20250826\NIKE DUNK LOW DR9654-100\附图\DR9654 03.jpg,1319,dummy_images\Shoes\NIKE\已整理\20250826\NIKE DUNK LOW DR9654-100\附图\DR9654 03.jpg,,
dummy_images\Shoes\NIKE\备份\20250826\NIKE DUNK LOW DR9654-100\附图\DR9654 04.jpg,1319,dummy_images\Shoes\NIKE\已整理\20250826\NIKE DUNK LOW DR9654-100\附图\DR9654 04.jpg,,
dummy_images\Shoes\NIKE\备份\20250826\NIKE DUNK LOW DR9654-100\详情\DR9654-100 1.jpeg,1319,dummy_images\Shoes\NIKE\已整理\20250826\NIKE DUNK LOW DR9654-100\详情\DR9654-100 1.jpg,,
dummy_images\Shoes\NIKE\备份\20250826\NIKE DUNK LOW DR9654-100\详情\DR9654-100 2.jpeg,1319,dummy_images\Shoes\NIKE\已整理\20250826\NIKE DUNK LOW DR9654-100\详情\DR9654-100 2.jpg,,
dummy_images\Shoes\NIKE\备份\20250826\NIKE DUNK LOW DR9654-100\详情\DR9654-100 3.jpeg,1319,dummy_images\Shoes\NIKE\已整理\20250826\NIKE DUNK LOW DR9654-100\详情\DR9654-100 3.jpg,,
dummy_images\Shoes\NIKE\备份\20250826\NIKE DUNK LOW DR9654-100\详情\DR9654-100 4.jpeg,1319,dummy_images\Shoes\NIKE\已整理\20250826\NIKE DUNK LOW DR9654-100\详情\DR9654-100 4.jpg,,
dummy_images\Shoes\NIKE\备份\20250826\NIKE DUNK LOW DR9654-100\详情\DR9654-100 5.jpeg,1319,dummy_images\Shoes\NIKE\已整理\20250826\NIKE DUNK LOW DR9654-100\详情\DR9654-100 5.jpg,,
dummy_images\Shoes\NIKE\备份\20250826\NIKE DUNK LOW DR9654-100\详情\DR9654-100 6.jpeg,1319,dummy_images\Shoes\NIKE\已整理\20250826\NIKE DUNK LOW DR9654-100\详情\DR9654-100 6.jpg,,
dummy_images\Shoes\NIKE\备份\20250826\NIKE DUNK LOW DR9654-100\详情\DR9654-100 7.jpeg,1319,dummy_images\Shoes\NIKE\已整理\20250826\NIKE DUNK LOW DR9654-100\详情\DR9654-100 7.jpg,,
dummy_images\Shoes\NIKE\备份\20250826\NIKE DUNK LOW DR9654-100\详情\DR9654-100 8.jpeg,1319,dummy_images\Shoes\NIKE\已整理\20250826\NIKE DUNK LOW DR9654-100\详情\DR9654-100 8.jpg,,
dummy_images\Shoes\NIKE\备份\20250826\NIKE DUNK LOW DR9654-100\详情\DR9654-100 9.jpeg,1319,dummy_images\Shoes\NIKE\已整理\20250826\NIKE DUNK LOW DR9654-100\详情\DR9654-100 9.jpg,,
dummy_images\Shoes\NIKE\备份\20250826\NIKE DUNK LOW DR9654-100\详情\DR9654-100 10.jpeg,1319,dummy_images\Shoes\NIKE\已整理\20250826\NIKE DUNK LOW DR9654-100\详情\DR9654-100 10.jpg,,
dummy_images\Shoes\NIKE\备份\20250826\NIKE DUNK LOW ESS DD1503-109\主图\DD1503 04.jpg,1320,,,
dummy_images\Shoes\NIKE\备份\20250826\NIKE DUNK LOW ESS DD1503-109\附图\DD1503 01.jpg,1320,dummy_images\Shoes\NIKE\已整理\20250826\NIKE DUNK LOW ESS DD1503-109\附图\DD1503+01.jpg,,
dummy_images\Shoes\NIKE\备份\20250826\NIKE DUNK LOW ESS DD1503-109\附图\DD1503 02.jpg,1320,dummy_images\Shoes\NIKE\已整理\20250826\NIKE DUNK LOW ESS DD1503-109\附图\DD1503+02.jpg,,
dummy_images\Shoes\NIKE\备份\20250826\NIKE DUNK LOW ESS DD1503-109\附图\DD1503 03.jpg,1320,dummy_images\Shoes\NIKE\已整理\20250826\NIKE DUNK LOW ESS DD1503-109\附图\DD1503+03.jpg,,
dummy_images\Shoes\NIKE\备份\20250826\NIKE DUNK LOW ESS DD1503-109\附图\DD1503 05.jpg,1320,dummy_images\Shoes\NIKE\已整理\20250826\NIKE DUNK LOW ESS DD1503-109\附图\DD1503+05.jpg,,
dummy_images\Shoes\NIKE\备份\20250826\NIKE DUNK LOW ESS DD1503-109\详情\DD1503 1.jpeg,1320,dummy_images\Shoes\NIKE\已整理\20250826\NIKE DUNK LOW ESS DD1503-109\详情\DD1503 1.jpg,,
dummy_images\Shoes\NIKE\备份\20250826\NIKE DUNK LOW ESS DD1503-109\详情\DD1503 2.jpeg,1320,dummy_images\Shoes\NIKE\已整理\20250826\NIKE DUNK LOW ESS DD1503-109\详情\DD1503 2.jpg,,
dummy_images\Shoes\NIKE\备份\20250826\NIKE DUNK LOW ESS DD1503-109\详情\DD1503 3.jpeg,1320,dummy_images\Shoes\NIKE\已整理\20250826\NIKE DUNK LOW ESS DD1503-109\详情\DD1503 3.jpg,,
dummy_images\Shoes\NIKE\备份\20250826\NIKE DUNK LOW ESS DD1503-109\详情\DD1503 4.jpeg,1320,dummy_images\Shoes\NIKE\已整理\20250826\NIKE DUNK LOW ESS DD1503-109\详情\DD1503 4.jpg,,
dummy_images\Shoes\NIKE\备份\20250826\NIKE DUNK LOW ESS DD1503-109\详情\DD1503 5.jpeg,1320,dummy_images\Shoes\NIKE\已整理\20250826\NIKE DUNK LOW ESS DD1503-109\详情\DD1503 5.jpg,,
dummy_images\Shoes\NIKE\备份\20250826\NIKE DUNK LOW ESS DD1503-109\详情\DD1503 6.jpeg,1320,dummy_images\Shoes\NIKE\已整理\20250826\NIKE DUNK LOW ESS DD1503-109\详情\DD1503 6.jpg,,
dummy_images\Shoes\NIKE\备份\20250826\NIKE DUNK LOW ESS DD1503-109\详情\DD1503 7.jpeg,1320,dummy_images\Shoes\NIKE\已整理\20250826\NIKE DUNK LOW ESS DD1503-109\详情\DD1503 7.jpg,,
dummy_images\Shoes\NIKE\备份\20250826\NIKE DUNK LOW ESS DD1503-109\详情\DD1503 8.jpeg,1320,dummy_images\Shoes\NIKE\已整理\20250826\NIKE DUNK LOW ESS DD1503-109\详情\DD1503 8.jpg,,
dummy_images\Shoes\NIKE\备份\20250826\NIKE DUNK LOW ESS DD1503-109\详情\DD1503 9.jpeg,1320,dummy_images\Shoes\NIKE\已整理\20250826\NIKE DUNK LOW ESS DD1503-109\详情\DD1503 9.jpg,,
dummy_images\Shoes\NIKE\备份\20250826\NIKE DUNK LOW ESS DJ9955-101\主图\DJ9955-101.jpg,1321,,,
dummy_images\Shoes\NIKE\备份\20250826\NIKE DUNK LOW ESS DJ9955-101\附图\DJ9955 01.jpg,1321,dummy_images\Shoes\NIKE\已整理\20250826\NIKE DUNK LOW ESS DJ9955-101\附图\DJ9955 01.jpg,,
dummy_images\Shoes\NIKE\备份\20250826\NIKE DUNK LOW ESS DJ9955-101\附图\DJ9955 02.jpg,1321,dummy_images\Shoes\NIKE\已整理\20250826\NIKE DUNK LOW ESS DJ9955-101\附图\DJ9955 02.jpg,,
dummy_images\Shoes\NIKE\备份\20250826\NIKE DUNK LOW ESS DJ9955-101\附图\DJ9955 03.jpg,1321,dummy_images\Shoes\NIKE\已整理\20250826\NIKE DUNK LOW ESS DJ9955-101\附图\DJ9955 03.jpg,,
dummy_images\Shoes\NIKE\备份\20250826\NIKE DUNK LOW ESS DJ9955-101\附图\DJ9955 04.jpg,1321,dummy_images\Shoes\NIKE\已整理\20250826\NIKE DUNK LOW ESS DJ9955-101\附图\DJ9955 04.jpg,,
dummy_images\Shoes\NIKE\备份\20250826\NIKE DUNK LOW ESS DJ9955-101\详情\DJ9955 1.jpg,1321,dummy_images\Shoes\NIKE\已整理\20250826\NIKE DUNK LOW ESS DJ9955-101\详情\DJ9955 1.jpg,,
dummy_images\Shoes\NIKE\备份\20250826\NIKE DUNK LOW ESS DJ9955-101\详情\DJ9955 2.jpg,1321,dummy_images\Shoes\NIKE\已整理\20250826\NIKE DUNK LOW ESS DJ9955-101\详情\DJ9955 2.jpg,,
dummy_images\Shoes\NIKE\备份\20250826\NIKE DUNK LOW ESS DJ9955-101\详情\DJ9955 3.jpg,1321,dummy_images\Shoes\NIKE\已整理\20250826\NIKE DUNK LOW ESS DJ9955-101\详情\DJ9955 3.jpg,,
dummy_images\Shoes\NIKE\备份\20250826\NIKE DUNK LOW ESS DJ9955-101\详情\DJ9955 4.jpg,1321,dummy_images\Shoes\NIKE\已整理\20250826\NIKE DUNK LOW ESS DJ9955-101\详情\DJ9955 4.jpg,,
dummy_images\Shoes\NIKE\备份\20250826\NIKE DUNK LOW ESS DJ9955-101\详情\DJ9955 5.jpg,1321,dummy_images\Shoes\NIKE\已整理\20250826\NIKE DUNK LOW ESS DJ9955-101\详情\DJ9955 5.jpg,,
dummy_images\Shoes\NIKE\备份\20250826\NIKE DUNK LOW ESS DJ9955-101\详情\DJ9955 6.jpg,1321,dummy_images\Shoes\NIKE\已整理\20250826\NIKE DUNK LOW ESS DJ9955-101\详情\DJ9955 6.jpg,,
dummy_images\Shoes\NIKE\备份\20250826\NIKE DUNK LOW ESS DJ9955-101\详情\DJ9955 7.jpg,1321,dummy_images\Shoes\NIKE\已整理\20250826\NIKE DUNK LOW ESS DJ9955-101\详情\DJ9955 7.jpg,,
dummy_images\Shoes\NIKE\备份\20250826\NIKE DUNK LOW FB1843-141\主图\FB1843-141.jpg,1322,,,
dummy_images\Shoes\NIKE\备份\20250826\NIKE DUNK LOW FB1843-141\附图\FB1843-141 01.jpg,1322,dummy_images\Shoes\NIKE\已整理\20250826\NIKE DUNK LOW FB1843-141\附图\FB1843-141 01.jpg,,
dummy_images\Shoes\NIKE\备份\20250826\NIKE DUNK LOW FB1843-141\附图\FB1843-141 02.jpg,1322,dummy_images\Shoes\NIKE\已整理\20250826\NIKE DUNK LOW FB1843-141\附图\FB1843-141 02.jpg,,
dummy_images\Shoes\NIKE\备份\20250826\NIKE DUNK LOW FB1843-141\附图\FB1843-141 03.jpg,1322,dummy_images\Shoes\NIKE\已整理\20250826\NIKE DUNK LOW FB1843-141\附图\FB1843-141 03.jpg,,
dummy_images\Shoes\NIKE\备份\20250826\NIKE DUNK LOW FB1843-141\附图\FB1843-141 04.jpg,1322,dummy_images\Shoes\NIKE\已整理\20250826\NIKE DUNK LOW FB1843-141\附图\FB1843-141 04.jpg,,
dummy_images\Shoes\NIKE\备份\20250826\NIKE DUNK LOW FB1843-141\详情\FB1843-141 1.jpeg,1322,dummy_images\Shoes\NIKE\已整理\20250826\NIKE DUNK LOW FB1843-141\详情\FB1843-141 1.jpg,,
dummy_images\Shoes\NIKE\备份\20250826\NIKE DUNK LOW FB1843-141\详情\FB1843-141 2.jpeg,1322,dummy_images\Shoes\NIKE\已整理\20250826\NIKE DUNK LOW FB1843-141\详情\FB1843-141 2.jpg,,
dummy_images\Shoes\NIKE\备份\20250826\NIKE DUNK LOW FB1843-141\详情\FB1843-141 3.jpeg,1322,dummy_images\Shoes\NIKE\已整理\20250826\NIKE DUNK LOW FB1843-141\详情\FB1843-141 3.jpg,,
dummy_images\Shoes\NIKE\备份\20250826\NIKE DUNK LOW FB1843-141\详情\FB1843-141 4.jpeg,1322,dummy_images\Shoes\NIKE\已整理\20250826\NIKE DUNK LOW FB1843-141\详情\FB1843-141 4.jpg,,
dummy_images\Shoes\NIKE\备份\20250826\NIKE DUNK LOW FB1843-141\详情\FB1843-141 5.jpeg,1322,dummy_images\Shoes\NIKE\已整理\20250826\NIKE DUNK LOW FB1843-141\详情\FB1843-141 5.jpg,,
dummy_images\Shoes\NIKE\备份\20250826\NIKE DUNK LOW FB1843-141\详情\FB1843-141 6.jpeg,1322,dummy_images\Shoes\NIKE\已整理\20250826\NIKE DUNK LOW FB1843-141\详情\FB1843-141 6.jpg,,
dummy_images\Shoes\NIKE\备份\20250826\NIKE DUNK LOW FB1843-141\详情\FB1843-141 7.jpeg,1322,dummy_images\Shoes\NIKE\已整理\20250826\NIKE DUNK LOW FB1843-141\详情\FB1843-141 7.jpg,,
dummy_images\Shoes\NIKE\备份\20250826\NIKE DUNK LOW FB1843-141\详情\FB1843-141 8.jpeg,1322,dummy_images\Shoes\NIKE\已整理\20250826\NIKE DUNK LOW FB1843-141\详情\FB1843-141 8.jpg,,
dummy_images\Shoes\NIKE\备份\20250826\NIKE DUNK LOW FD9064-110\主图\FD9064-110.jpg,1323,,,
dummy_images\Shoes\NIKE\备份\20250826\NIKE DUNK LOW FD9064-110\附图\FD9064_01.jpg,1323,dummy_images\Shoes\NIKE\已整理\20250826\NIKE DUNK LOW FD9064-110\附图\FD9064_01.jpg,,
dummy_images\Shoes\NIKE\备份\20250826\NIKE DUNK LOW FD9064-110\附图\FD9064_03.jpg,1323,dummy_images\Shoes\NIKE\已整理\20250826\NIKE DUNK LOW FD9064-110\附图\FD9064_03.jpg,,
dummy_images\Shoes\NIKE\备份\20250826\NIKE DUNK LOW FD9064-110\附图\FD9064_04.jpg,1323,dummy_images\Shoes\NIKE\已整理\20250826\NIKE DUNK LOW FD9064-110\附图\FD9064_04.jpg,,
dummy_images\Shoes\NIKE\备份\20250826\NIKE DUNK LOW FD9064-110\详情\FD9064 _1.jpg,1323,dummy_images\Shoes\NIKE\已整理\20250826\NIKE DUNK LOW FD9064-110\详情\FD9064 _1.jpg,,
dummy_images\Shoes\NIKE\备份\20250826\NIKE DUNK LOW FD9064-110\详情\FD9064 _2.jpg,1323,dummy_images\Shoes\NIKE\已整理\20250826\NIKE DUNK LOW FD9064-110\详情\FD9064 _2.jpg,,
dummy_images\Shoes\NIKE\备份\20250826\NIKE DUNK LOW FD9064-110\详情\FD9064 _3.jpg,1323,dummy_images\Shoes\NIKE\已整理\20250826\NIKE DUNK LOW FD9064-110\详情\FD9064 _3.jpg,,
dummy_images\Shoes\NIKE\备份\20250826\NIKE DUNK LOW FD9064-110\详情\FD9064 _4.jpg,1323,dummy_images\Shoes\NIKE\已整理\20250826\NIKE DUNK LOW FD9064-110\详情\FD9064 _4.jpg,,
dummy_images\Shoes\NIKE\备份\20250826\NIKE DUNK LOW FD9064-110\详情\FD9064 _5.jpg,1323,dummy_images\Shoes\NIKE\已整理\20250826\NIKE DUNK LOW FD9064-110\详情\FD9064 _5.jpg,,
dummy_images\Shoes\NIKE\备份\20250826\NIKE DUNK LOW FD9064-110\详情\FD9064 _6.jpg,1323,dummy_images\Shoes\NIKE\已整理\20250826\NIKE DUNK LOW FD9064-110\详情\FD9064 _6.jpg,,
dummy_images\Shoes\NIKE\备份\20250826\NIKE DUNK LOW GOLD SWOOSH DX5930-001\主图\DX5930-001.jpg,1324,,,
dummy_images\Shoes\NIKE\备份\20250826\NIKE DUNK LOW GOLD SWOOSH DX5930-001\附图\DX5930-001 01.jpg,1324,dummy_images\Shoes\NIKE\已整理\20250826\NIKE DUNK LOW GOLD SWOOSH DX5930-001\附图\DX5930-001 01.jpg,,
dummy_images\Shoes\NIKE\备份\20250826\NIKE DUNK LOW GOLD SWOOSH DX5930-001\附图\DX5930-001 02.jpg,1324,dummy_images\Shoes\NIKE\已整理\20250826\NIKE DUNK LOW GOLD SWOOSH DX5930-001\附图\DX5930-001 02.jpg,,
dummy_images\Shoes\NIKE\备份\20250826\NIKE DUNK LOW GOLD SWOOSH DX5930-001\详情\DX5930-001 1.jpeg,1324,dummy_images\Shoes\NIKE\已整理\20250826\NIKE DUNK LOW GOLD SWOOSH DX5930-001\详情\DX5930-001 1.jpg,,
dummy_images\Shoes\NIKE\备份\20250826\NIKE DUNK LOW GOLD SWOOSH DX5930-001\详情\DX5930-001 2.jpeg,1324,dummy_images\Shoes\NIKE\已整理\20250826\NIKE DUNK LOW GOLD SWOOSH DX5930-001\详情\DX5930-001 2.jpg,,
dummy_images\Shoes\NIKE\备份\20250826\NIKE DUNK LOW GOLD SWOOSH DX5930-001\详情\DX5930-001 3.jpeg,1324,dummy_images\Shoes\NIKE\已整理\20250826\NIKE DUNK LOW GOLD SWOOSH DX5930-001\详情\DX5930-001 3.jpg,,
dummy_images\Shoes\NIKE\备份\20250826\NIKE DUNK LOW GOLD SWOOSH DX5930-001\详情\DX5930-001 4.jpeg,1324,dummy_images\Shoes\NIKE\已整理\20250826\NIKE DUNK LOW GOLD SWOOSH DX5930-001\详情\DX5930-001 4.jpg,,
dummy_images\Shoes\NIKE\备份\20250826\NIKE DUNK LOW GOLD SWOOSH DX5930-001\详情\DX5930-001 5.jpeg,1324,dummy_images\Shoes\NIKE\已整理\20250826\NIKE DUNK LOW GOLD SWOOSH DX5930-001\详情\DX5930-001 5.jpg,,
dummy_images\Shoes\NIKE\备份\20250826\NIKE DUNK LOW GOLD SWOOSH DX5930-001\详情\DX5930-001 6.jpeg,1324,dummy_images\Shoes\NIKE\已整理\20250826\NIKE DUNK LOW GOLD SWOOSH DX5930-001\详情\DX5930-001 6.jpg,,
dummy_images\Shoes\NIKE\备份\20250826\NIKE DUNK LOW GOLD SWOOSH DX5930-001\详情\DX5930-001 7.jpeg,1324,dummy_images\Shoes\NIKE\已整理\20250826\NIKE DUNK LOW GOLD SWOOSH DX5930-001\详情\DX5930-001 7.jpg,,
dummy_images\Shoes\NIKE\备份\20250826\NIKE DUNK LOW GOLD SWOOSH DX5930-001\详情\DX5930-001 8.jpeg,1324,dummy_images\Shoes\NIKE\已整理\20250826\NIKE DUNK LOW GOLD SWOOSH DX5930-001\详情\DX5930-001 8.jpg,,
dummy_images\Shoes\NIKE\备份\20250826\NIKE DUNK LOW GORGE GREEN FB7160-161\主图\FB7160-161.jpg,1325,,,
dummy_images\Shoes\NIKE\备份\20250826\NIKE DUNK LOW GORGE GREEN FB7160-161\附图\FB7160-161 01.jpg,1325,dummy_images\Shoes\NIKE\已整理\20250826\NIKE DUNK LOW GORGE GREEN FB7160-161\附图\FB7160-161 01.jpg,,
dummy_images\Shoes\NIKE\备份\20250826\NIKE DUNK LOW GORGE GREEN FB7160-161\附图\FB7160-161 02.jpg,1325,dummy_images\Shoes\NIKE\已整理\20250826\NIKE DUNK LOW GORGE GREEN FB7160-161\附图\FB7160-161 02.jpg,,
dummy_images\Shoes\NIKE\备份\20250826\NIKE DUNK LOW GORGE GREEN FB7160-161\附图\FB7160-161 03.jpg,1325,dummy_images\Shoes\NIKE\已整理\20250826\NIKE DUNK LOW GORGE GREEN FB7160-161\附图\FB7160-161 03.jpg,,
dummy_images\Shoes\NIKE\备份\20250826\NIKE DUNK LOW GORGE GREEN FB7160-161\附图\FB7160-161 04.jpg,1325,dummy_images\Shoes\NIKE\已整理\20250826\NIKE DUNK LOW GORGE GREEN FB7160-161\附图\FB7160-161 04.jpg,,
dummy_images\Shoes\NIKE\备份\20250826\NIKE DUNK LOW GORGE GREEN FB7160-161\详情\FB7160-161 1.jpg,1325,dummy_images\Shoes\NIKE\已整理\20250826\NIKE DUNK LOW GORGE GREEN FB7160-161\详情\FB7160-161 1.jpg,,
dummy_images\Shoes\NIKE\备份\20250826\NIKE DUNK LOW GORGE GREEN FB7160-161\详情\FB7160-161 2.jpg,1325,dummy_images\Shoes\NIKE\已整理\20250826\NIKE DUNK LOW GORGE GREEN FB7160-161\详情\FB7160-161 2.jpg,,
dummy_images\Shoes\NIKE\备份\20250826\NIKE DUNK LOW GORGE GREEN FB7160-161\详情\FB7160-161 3.jpg,1325,dummy_images\Shoes\NIKE\已整理\20250826\NIKE DUNK LOW GORGE GREEN FB7160-161\详情\FB7160-161 3.jpg,,
dummy_images\Shoes\NIKE\备份\20250826\NIKE DUNK LOW GORGE GREEN FB7160-161\详情\FB7160-161 4.jpg,1325,dummy_images\Shoes\NIKE\已整理\20250826\NIKE DUNK LOW GORGE GREEN FB7160-161\详情\FB7160-161 4.jpg,,
dummy_images\Shoes\NIKE\备份\20250826\NIKE DUNK LOW GORGE GREEN FB7160-161\详情\FB7160-161 5.jpg,1325,dummy_images\Shoes\NIKE\已整理\20250826\NIKE DUNK LOW GORGE GREEN FB7160-161\详情\FB7160-161 5.jpg,,
dummy_images\Shoes\NIKE\备份\20250826\NIKE DUNK LOW GORGE GREEN FB7160-161\详情\FB7160-161 6.jpg,1325,dummy_images\Shoes\NIKE\已整理\20250826\NIKE DUNK LOW GORGE GREEN FB7160-161\详情\FB7160-161 6.jpg,,
dummy_images\Shoes\NIKE\备份\20250826\NIKE DUNK LOW GORGE GREEN FB7160-161\详情\FB7160-161 7.jpg,1325,dummy_images\Shoes\NIKE\已整理\20250826\NIKE DUNK LOW GORGE GREEN FB7160-161\详情\FB7160-161 7.jpg,,
dummy_images\Shoes\NIKE\备份\20250826\NIKE DUNK LOW GORGE GREEN FB7160-161\详情\FB7160-161 8.jpg,1325,dummy_images\Shoes\NIKE\已整理\20250826\NIKE DUNK LOW GORGE GREEN FB7160-161\详情\FB7160-161 8.jpg,,
dummy_images\Shoes\NIKE\备份\20250826\NIKE DUNK LOW GREEN VELVET DZ5224-300\主图\DZ5224-300.png,1326,,,
dummy_images\Shoes\NIKE\备份\20250826\NIKE DUNK LOW GREEN VELVET DZ5224-300\附图\DZ5224-300 01.jpg,1326,dummy_images\Shoes\NIKE\已整理\20250826\NIKE DUNK LOW GREEN VELVET DZ5224-300\附图\01.jpg,,
dummy_images\Shoes\NIKE\备份\20250826\NIKE DUNK LOW GREEN VELVET DZ5224-300\附图\DZ5224-300 02.jpg,1326,dummy_images\Shoes\NIKE\已整理\20250826\NIKE DUNK LOW GREEN VELVET DZ5224-300\附图\02.jpg,,
dummy_images\Shoes\NIKE\备份\20250826\NIKE DUNK LOW GREEN VELVET DZ5224-300\附图\DZ5224-300 03.jpg,1326,dummy_images\Shoes\NIKE\已整理\20250826\NIKE DUNK LOW GREEN VELVET DZ5224-300\附图\03.jpg,,
dummy_images\Shoes\NIKE\备份\20250826\NIKE DUNK LOW GREEN VELVET DZ5224-300\附图\DZ5224-300 04.jpg,1326,dummy_images\Shoes\NIKE\已整理\20250826\NIKE DUNK LOW GREEN VELVET DZ5224-300\附图\04.jpg,,
dummy_images\Shoes\NIKE\备份\20250826\NIKE DUNK LOW GREEN VELVET DZ5224-300\附图\DZ5224-300 05.jpg,1326,dummy_images\Shoes\NIKE\已整理\20250826\NIKE DUNK LOW GREEN VELVET DZ5224-300\附图\05.jpg,,
dummy_images\Shoes\NIKE\备份\20250826\NIKE DUNK LOW GREEN VELVET DZ5224-300\详情\DZ5224-300 1.jpeg,1326,dummy_images\Shoes\NIKE\已整理\20250826\NIKE DUNK LOW GREEN VELVET DZ5224-300\详情\DZ5224-300 1.jpg,,
dummy_images\Shoes\NIKE\备份\20250826\NIKE DUNK LOW GREEN VELVET DZ5224-300\详情\DZ5224-300 2.jpeg,1326,dummy_images\Shoes\NIKE\已整理\20250826\NIKE DUNK LOW GREEN VELVET DZ5224-300\详情\DZ5224-300 2.jpg,,
dummy_images\Shoes\NIKE\备份\20250826\NIKE DUNK LOW GREEN VELVET DZ5224-300\详情\DZ5224-300 3.jpeg,1326,dummy_images\Shoes\NIKE\已整理\20250826\NIKE DUNK LOW GREEN VELVET DZ5224-300\详情\DZ5224-300 3.jpg,,
dummy_images\Shoes\NIKE\备份\20250826\NIKE DUNK LOW GREEN VELVET DZ5224-300\详情\DZ5224-300 4.jpeg,1326,dummy_images\Shoes\NIKE\已整理\20250826\NIKE DUNK LOW GREEN VELVET DZ5224-300\详情\DZ5224-300 4.jpg,,
dummy_images\Shoes\NIKE\备份\20250826\NIKE DUNK LOW GREEN VELVET DZ5224-300\详情\DZ5224-300 5.jpeg,1326,dummy_images\Shoes\NIKE\已整理\20250826\NIKE DUNK LOW GREEN VELVET DZ5224-300\详情\DZ5224-300 5.jpg,,
dummy_images\Shoes\NIKE\备份\20250826\NIKE DUNK LOW GREEN VELVET DZ5224-300\详情\DZ5224-300 6.jpeg,1326,dummy_images\Shoes\NIKE\已整理\20250826\NIKE DUNK LOW GREEN VELVET DZ5224-300\详情\DZ5224-300 6.jpg,,
dummy_images\Shoes\NIKE\备份\20250826\NIKE DUNK LOW GREEN VELVET DZ5224-300\详情\DZ5224-300 7.jpeg,1326,dummy_images\Shoes\NIKE\已整理\20250826\NIKE DUNK LOW GREEN VELVET DZ5224-300\详情\DZ5224-300 7.jpg,,
dummy_images\Shoes\NIKE\备份\20250826\NIKE DUNK LOW GREEN VELVET DZ5224-300\详情\DZ5224-300 8.jpeg,1326,dummy_images\Shoes\NIKE\已整理\20250826\NIKE DUNK LOW GREEN VELVET DZ5224-300\详情\DZ5224-300 8.jpg,,
dummy_images\Shoes\NIKE\备份\20250826\NIKE DUNK LOW ICE DO2326-001\主图\DO2326-001.jpg,1327,,,
dummy_images\Shoes\NIKE\备份\20250826\NIKE DUNK LOW ICE DO2326-001\附图\DO2326-001 01.jpg,1327,dummy_images\Shoes\NIKE\已整理\20250826\NIKE DUNK LOW ICE DO2326-001\附图\DO2326-001 01.jpg,,
dummy_images\Shoes\NIKE\备份\20250826\NIKE DUNK LOW ICE DO2326-001\附图\DO2326-001 02.jpg,1327,dummy_images\Shoes\NIKE\已整理\20250826\NIKE DUNK LOW ICE DO2326-001\附图\DO2326-001 02.jpg,,
dummy_images\Shoes\NIKE\备份\20250826\NIKE DUNK LOW ICE DO2326-001\附图\DO2326-001 03.jpg,1327,dummy_images\Shoes\NIKE\已整理\20250826\NIKE DUNK LOW ICE DO2326-001\附图\DO2326-001 03.jpg,,
dummy_images\Shoes\NIKE\备份\20250826\NIKE DUNK LOW ICE DO2326-001\附图\DO2326-001 04.jpg,1327,dummy_images\Shoes\NIKE\已整理\20250826\NIKE DUNK LOW ICE DO2326-001\附图\DO2326-001 04.jpg,,
dummy_images\Shoes\NIKE\备份\20250826\NIKE DUNK LOW ICE DO2326-001\详情\DO2326-001 1.jpeg,1327,dummy_images\Shoes\NIKE\已整理\20250826\NIKE DUNK LOW ICE DO2326-001\详情\DO2326-001 1.jpg,,
dummy_images\Shoes\NIKE\备份\20250826\NIKE DUNK LOW ICE DO2326-001\详情\DO2326-001 2.jpeg,1327,dummy_images\Shoes\NIKE\已整理\20250826\NIKE DUNK LOW ICE DO2326-001\详情\DO2326-001 2.jpg,,
dummy_images\Shoes\NIKE\备份\20250826\NIKE DUNK LOW ICE DO2326-001\详情\DO2326-001 3.jpeg,1327,dummy_images\Shoes\NIKE\已整理\20250826\NIKE DUNK LOW ICE DO2326-001\详情\DO2326-001 3.jpg,,
dummy_images\Shoes\NIKE\备份\20250826\NIKE DUNK LOW ICE DO2326-001\详情\DO2326-001 4.jpeg,1327,dummy_images\Shoes\NIKE\已整理\20250826\NIKE DUNK LOW ICE DO2326-001\详情\DO2326-001 4.jpg,,
dummy_images\Shoes\NIKE\备份\20250826\NIKE DUNK LOW ICE DO2326-001\详情\DO2326-001 5.jpeg,1327,dummy_images\Shoes\NIKE\已整理\20250826\NIKE DUNK LOW ICE DO2326-001\详情\DO2326-001 5.jpg,,
dummy_images\Shoes\NIKE\备份\20250826\NIKE DUNK LOW ICE DO2326-001\详情\DO2326-001 6.jpeg,1327,dummy_images\Shoes\NIKE\已整理\20250826\NIKE DUNK LOW ICE DO2326-001\详情\DO2326-001 6.jpg,,
dummy_images\Shoes\NIKE\备份\20250826\NIKE DUNK LOW ICE DO2326-001\详情\DO2326-001 7.jpeg,1327,dummy_images\Shoes\NIKE\已整理\20250826\NIKE DUNK LOW ICE DO2326-001\详情\DO2326-001 7.jpg,,
dummy_images\Shoes\NIKE\备份\20250826\NIKE DUNK LOW ICE DO2326-001\详情\DO2326-001 8.jpeg,1327,dummy_images\Shoes\NIKE\已整理\20250826\NIKE DUNK LOW ICE DO2326-001\详情\DO2326-001 8.jpg,,
dummy_images\Shoes\NIKE\备份\20250826\NIKE DUNK LOW LPL FD9064-011\主图\FD9064-011.jpg,1328,,,
dummy_images\Shoes\NIKE\备份\20250826\NIKE DUNK LOW LPL FD9064-011\附图\FD9064 01.jpg,1328,dummy_images\Shoes\NIKE\已整理\20250826\NIKE DUNK LOW LPL FD9064-011\附图\FD9064 01.jpg,,
dummy_images\Shoes\NIKE\备份\20250826\NIKE DUNK LOW LPL FD9064-011\附图\FD9064 02.jpg,1328,dummy_images\Shoes\NIKE\已整理\20250826\NIKE DUNK LOW LPL FD9064-011\附图\FD9064 02.jpg,,
dummy_images\Shoes\NIKE\备份\20250826\NIKE DUNK LOW LPL FD9064-011\附图\FD9064 03.jpg,1328,dummy_images\Shoes\NIKE\已整理\20250826\NIKE DUNK LOW LPL FD9064-011\附图\FD9064 03.jpg,,
dummy_images\Shoes\NIKE\备份\20250826\NIKE DUNK LOW LPL FD9064-011\附图\FD9064 04.jpg,1328,dummy_images\Shoes\NIKE\已整理\20250826\NIKE DUNK LOW LPL FD9064-011\附图\FD9064 04.jpg,,
dummy_images\Shoes\NIKE\备份\20250826\NIKE DUNK LOW LPL FD9064-011\附图\FD9064 05.jpg,1328,dummy_images\Shoes\NIKE\已整理\20250826\NIKE DUNK LOW LPL FD9064-011\附图\FD9064 05.jpg,,
dummy_images\Shoes\NIKE\备份\20250826\NIKE DUNK LOW LPL FD9064-011\详情\FD9064 1.jpg,1328,dummy_images\Shoes\NIKE\已整理\20250826\NIKE DUNK LOW LPL FD9064-011\详情\FD9064 1.jpg,,
dummy_images\Shoes\NIKE\备份\20250826\NIKE DUNK LOW LPL FD9064-011\详情\FD9064 2.jpg,1328,dummy_images\Shoes\NIKE\已整理\20250826\NIKE DUNK LOW LPL FD9064-011\详情\FD9064 2.jpg,,
dummy_images\Shoes\NIKE\备份\20250826\NIKE DUNK LOW LPL FD9064-011\详情\FD9064 3.jpg,1328,dummy_images\Shoes\NIKE\已整理\20250826\NIKE DUNK LOW LPL FD9064-011\详情\FD9064 3.jpg,,
dummy_images\Shoes\NIKE\备份\20250826\NIKE DUNK LOW LPL FD9064-011\详情\FD9064 4.jpg,1328,dummy_images\Shoes\NIKE\已整理\20250826\NIKE DUNK LOW LPL FD9064-011\详情\FD9064 4.jpg,,
dummy_images\Shoes\NIKE\备份\20250826\NIKE DUNK LOW LPL FD9064-011\详情\FD9064 5.jpg,1328,dummy_images\Shoes\NIKE\已整理\20250826\NIKE DUNK LOW LPL FD9064-011\详情\FD9064 5.jpg,,
dummy_images\Shoes\NIKE\备份\20250826\NIKE DUNK LOW LPL FD9064-011\详情\FD9064 6.jpg,1328,dummy_images\Shoes\NIKE\已整理\20250826\NIKE DUNK LOW LPL FD9064-011\详情\FD9064 6.jpg,,
dummy_images\Shoes\NIKE\备份\20250826\NIKE DUNK LOW LPL FD9064-011\详情\FD9064 7.jpg,1328,dummy_images\Shoes\NIKE\已整理\20250826\NIKE DUNK LOW LPL FD9064-011\详情\FD9064 7.jpg,,
dummy_images\Shoes\NIKE\备份\20250826\NIKE DUNK LOW MARS STONE DR9704-200\主图\DR9704-200.jpg,1329,,,
dummy_images\Shoes\NIKE\备份\20250826\NIKE DUNK LOW MARS STONE DR9704-200\附图\DR9704 01.jpg,1329,dummy_images\Shoes\NIKE\已整理\20250826\NIKE DUNK LOW MARS STONE DR9704-200\附图\DR9704 01.jpg,,
dummy_images\Shoes\NIKE\备份\20250826\NIKE DUNK LOW MARS STONE DR9704-200\附图\DR9704 02.jpg,1329,dummy_images\Shoes\NIKE\已整理\20250826\NIKE DUNK LOW MARS STONE DR9704-200\附图\DR9704 02.jpg,,
dummy_images\Shoes\NIKE\备份\20250826\NIKE DUNK LOW MARS STONE DR9704-200\附图\DR9704 03.jpg,1329,dummy_images\Shoes\NIKE\已整理\20250826\NIKE DUNK LOW MARS STONE DR9704-200\附图\DR9704 03.jpg,,
dummy_images\Shoes\NIKE\备份\20250826\NIKE DUNK LOW MARS STONE DR9704-200\附图\DR9704 04.jpg,1329,dummy_images\Shoes\NIKE\已整理\20250826\NIKE DUNK LOW MARS STONE DR9704-200\附图\DR9704 04.jpg,,
dummy_images\Shoes\NIKE\备份\20250826\NIKE DUNK LOW MARS STONE DR9704-200\详情\DR9704 1.jpg,1329,dummy_images\Shoes\NIKE\已整理\20250826\NIKE DUNK LOW MARS STONE DR9704-200\详情\DR9704 1.jpg,,
dummy_images\Shoes\NIKE\备份\20250826\NIKE DUNK LOW MARS STONE DR9704-200\详情\DR9704 2.jpg,1329,dummy_images\Shoes\NIKE\已整理\20250826\NIKE DUNK LOW MARS STONE DR9704-200\详情\DR9704 2.jpg,,
dummy_images\Shoes\NIKE\备份\20250826\NIKE DUNK LOW MARS STONE DR9704-200\详情\DR9704 3.jpg,1329,dummy_images\Shoes\NIKE\已整理\20250826\NIKE DUNK LOW MARS STONE DR9704-200\详情\DR9704 3.jpg,,
dummy_images\Shoes\NIKE\备份\20250826\NIKE DUNK LOW MARS STONE DR9704-200\详情\DR9704 4.jpg,1329,dummy_images\Shoes\NIKE\已整理\20250826\NIKE DUNK LOW MARS STONE DR9704-200\详情\DR9704 4.jpg,,
dummy_images\Shoes\NIKE\备份\20250826\NIKE DUNK LOW MARS STONE DR9704-200\详情\DR9704 5.jpg,1329,dummy_images\Shoes\NIKE\已整理\20250826\NIKE DUNK LOW MARS STONE DR9704-200\详情\DR9704 5.jpg,,
dummy_images\Shoes\NIKE\备份\20250826\NIKE DUNK LOW MARS STONE DR9704-200\详情\DR9704 6.jpg,1329,dummy_images\Shoes\NIKE\已整理\20250826\NIKE DUNK LOW MARS STONE DR9704-200\详情\DR9704 6.jpg,,
dummy_images\Shoes\NIKE\备份\20250826\NIKE DUNK LOW MARS STONE DR9704-200\详情\DR9704 7.jpg,1329,dummy_images\Shoes\NIKE\已整理\20250826\NIKE DUNK LOW MARS STONE DR9704-200\详情\DR9704 7.jpg,,
dummy_images\Shoes\NIKE\备份\20250826\NIKE DUNK LOW METALLIC SILVER DX3197-095\主图\DX3197-095.jpg,1330,,,
dummy_images\Shoes\NIKE\备份\20250826\NIKE DUNK LOW METALLIC SILVER DX3197-095\附图\DX3197-095 01.jpg,1330,dummy_images\Shoes\NIKE\已整理\20250826\NIKE DUNK LOW METALLIC SILVER DX3197-095\附图\DX3197-095 01.jpg,,
dummy_images\Shoes\NIKE\备份\20250826\NIKE DUNK LOW METALLIC SILVER DX3197-095\附图\DX3197-095 02.jpg,1330,dummy_images\Shoes\NIKE\已整理\20250826\NIKE DUNK LOW METALLIC SILVER DX3197-095\附图\DX3197-095 02.jpg,,
dummy_images\Shoes\NIKE\备份\20250826\NIKE DUNK LOW METALLIC SILVER DX3197-095\附图\DX3197-095 03.jpg,1330,dummy_images\Shoes\NIKE\已整理\20250826\NIKE DUNK LOW METALLIC SILVER DX3197-095\附图\DX3197-095 03.jpg,,
dummy_images\Shoes\NIKE\备份\20250826\NIKE DUNK LOW METALLIC SILVER DX3197-095\附图\DX3197-095 04.jpg,1330,dummy_images\Shoes\NIKE\已整理\20250826\NIKE DUNK LOW METALLIC SILVER DX3197-095\附图\DX3197-095 04.jpg,,
dummy_images\Shoes\NIKE\备份\20250826\NIKE DUNK LOW METALLIC SILVER DX3197-095\详情\DX3197-095 1.jpeg,1330,dummy_images\Shoes\NIKE\已整理\20250826\NIKE DUNK LOW METALLIC SILVER DX3197-095\详情\DX3197-095 1.jpeg,,
dummy_images\Shoes\NIKE\备份\20250826\NIKE DUNK LOW MIAMI HURRICANES IS UNVEILED DD1391-300\主图\DD1391-300.jpg,1331,,,
dummy_images\Shoes\NIKE\备份\20250826\NIKE DUNK LOW MIAMI HURRICANES IS UNVEILED DD1391-300\附图\DD1391-300 01.jpg,1331,dummy_images\Shoes\NIKE\已整理\20250826\NIKE DUNK LOW MIAMI HURRICANES IS UNVEILED DD1391-300\附图\DD1391-300 01.jpg,,
dummy_images\Shoes\NIKE\备份\20250826\NIKE DUNK LOW MIAMI HURRICANES IS UNVEILED DD1391-300\附图\DD1391-300 02.jpg,1331,dummy_images\Shoes\NIKE\已整理\20250826\NIKE DUNK LOW MIAMI HURRICANES IS UNVEILED DD1391-300\附图\DD1391-300 02.jpg,,
dummy_images\Shoes\NIKE\备份\20250826\NIKE DUNK LOW MIAMI HURRICANES IS UNVEILED DD1391-300\附图\DD1391-300 03.jpg,1331,dummy_images\Shoes\NIKE\已整理\20250826\NIKE DUNK LOW MIAMI HURRICANES IS UNVEILED DD1391-300\附图\DD1391-300 03.jpg,,
dummy_images\Shoes\NIKE\备份\20250826\NIKE DUNK LOW MIAMI HURRICANES IS UNVEILED DD1391-300\详情\DD1391-300 1.jpg,1331,dummy_images\Shoes\NIKE\已整理\20250826\NIKE DUNK LOW MIAMI HURRICANES IS UNVEILED DD1391-300\详情\DD1391-300 1.jpg,,
dummy_images\Shoes\NIKE\备份\20250826\NIKE DUNK LOW MIAMI HURRICANES IS UNVEILED DD1391-300\详情\DD1391-300 2.jpg,1331,dummy_images\Shoes\NIKE\已整理\20250826\NIKE DUNK LOW MIAMI HURRICANES IS UNVEILED DD1391-300\详情\DD1391-300 2.jpg,,
dummy_images\Shoes\NIKE\备份\20250826\NIKE DUNK LOW MIAMI HURRICANES IS UNVEILED DD1391-300\详情\DD1391-300 3.jpg,1331,dummy_images\Shoes\NIKE\已整理\20250826\NIKE DUNK LOW MIAMI HURRICANES IS UNVEILED DD1391-300\详情\DD1391-300 3.jpg,,
dummy_images\Shoes\NIKE\备份\20250826\NIKE DUNK LOW MIAMI HURRICANES IS UNVEILED DD1391-300\详情\DD1391-300 4.jpg,1331,dummy_images\Shoes\NIKE\已整理\20250826\NIKE DUNK LOW MIAMI HURRICANES IS UNVEILED DD1391-300\详情\DD1391-300 4.jpg,,
dummy_images\Shoes\NIKE\备份\20250826\NIKE DUNK LOW MIAMI HURRICANES IS UNVEILED DD1391-300\详情\DD1391-300 5.jpg,1331,dummy_images\Shoes\NIKE\已整理\20250826\NIKE DUNK LOW MIAMI HURRICANES IS UNVEILED DD1391-300\详情\DD1391-300 5.jpg,,
dummy_images\Shoes\NIKE\备份\20250826\NIKE DUNK LOW MIAMI HURRICANES IS UNVEILED DD1391-300\详情\DD1391-300 6.jpg,1331,dummy_images\Shoes\NIKE\已整理\20250826\NIKE DUNK LOW MIAMI HURRICANES IS UNVEILED DD1391-300\详情\DD1391-300 6.jpg,,
dummy_images\Shoes\NIKE\备份\20250826\NIKE DUNK LOW MIAMI HURRICANES IS UNVEILED DD1391-300\详情\DD1391-300 7.jpg,1331,dummy_images\Shoes\NIKE\已整理\20250826\NIKE DUNK LOW MIAMI HURRICANES IS UNVEILED DD1391-300\详情\DD1391-300 7.jpg,,
dummy_images\Shoes\NIKE\备份\20250826\NIKE DUNK LOW NEXT NATURE STYLE CODE DN1431-001\主图\10001.png,1332,,,
dummy_images\Shoes\NIKE\备份\20250826\NIKE DUNK LOW NEXT NATURE STYLE CODE DN1431-001\附图\DN1431 01.jpg,1332,dummy_images\Shoes\NIKE\已整理\20250826\NIKE DUNK LOW NEXT NATURE STYLE CODE DN1431-001\附图\DN1431 01.jpg,,
dummy_images\Shoes\NIKE\备份\20250826\NIKE DUNK LOW NEXT NATURE STYLE CODE DN1431-001\附图\DN1431 02.jpg,1332,dummy_images\Shoes\NIKE\已整理\20250826\NIKE DUNK LOW NEXT NATURE STYLE CODE DN1431-001\附图\DN1431 02.jpg,,
dummy_images\Shoes\NIKE\备份\20250826\NIKE DUNK LOW NEXT NATURE STYLE CODE DN1431-001\附图\DN1431 03.jpg,1332,dummy_images\Shoes\NIKE\已整理\20250826\NIKE DUNK LOW NEXT NATURE STYLE CODE DN1431-001\附图\DN1431 03.jpg,,
dummy_images\Shoes\NIKE\备份\20250826\NIKE DUNK LOW NEXT NATURE STYLE CODE DN1431-001\详情\DN1431 1.jpg,1332,dummy_images\Shoes\NIKE\已整理\20250826\NIKE DUNK LOW NEXT NATURE STYLE CODE DN1431-001\详情\DN1431 1.jpg,,
dummy_images\Shoes\NIKE\备份\20250826\NIKE DUNK LOW NEXT NATURE STYLE CODE DN1431-001\详情\DN1431 2.jpg,1332,dummy_images\Shoes\NIKE\已整理\20250826\NIKE DUNK LOW NEXT NATURE STYLE CODE DN1431-001\详情\DN1431 2.jpg,,
dummy_images\Shoes\NIKE\备份\20250826\NIKE DUNK LOW NEXT NATURE STYLE CODE DN1431-001\详情\DN1431 3.jpg,1332,dummy_images\Shoes\NIKE\已整理\20250826\NIKE DUNK LOW NEXT NATURE STYLE CODE DN1431-001\详情\DN1431 3.jpg,,
dummy_images\Shoes\NIKE\备份\20250826\NIKE DUNK LOW NEXT NATURE STYLE CODE DN1431-001\详情\DN1431 4.jpg,1332,dummy_images\Shoes\NIKE\已整理\20250826\NIKE DUNK LOW NEXT NATURE STYLE CODE DN1431-001\详情\DN1431 4.jpg,,
dummy_images\Shoes\NIKE\备份\20250826\NIKE DUNK LOW NEXT NATURE STYLE CODE DN1431-001\详情\DN1431 5.jpg,1332,dummy_images\Shoes\NIKE\已整理\20250826\NIKE DUNK LOW NEXT NATURE STYLE CODE DN1431-001\详情\DN1431 5.jpg,,
dummy_images\Shoes\NIKE\备份\20250826\NIKE DUNK LOW NEXT NATURE STYLE CODE DN1431-001\详情\DN1431 6.jpg,1332,dummy_images\Shoes\NIKE\已整理\20250826\NIKE DUNK LOW NEXT NATURE STYLE CODE DN1431-001\详情\DN1431 6.jpg,,
dummy_images\Shoes\NIKE\备份\20250826\NIKE DUNK LOW PINKGREY DM8329-600\主图\DM8329-600.jpg,1333,,,
dummy_images\Shoes\NIKE\备份\20250826\NIKE DUNK LOW PINKGREY DM8329-600\附图\DM8329 01.jpg,1333,dummy_images\Shoes\NIKE\已整理\20250826\NIKE DUNK LOW PINKGREY DM8329-600\附图\DM8329 01.jpg,,
dummy_images\Shoes\NIKE\备份\20250826\NIKE DUNK LOW PINKGREY DM8329-600\附图\DM8329 02.jpg,1333,dummy_images\Shoes\NIKE\已整理\20250826\NIKE DUNK LOW PINKGREY DM8329-600\附图\DM8329 02.jpg,,
dummy_images\Shoes\NIKE\备份\20250826\NIKE DUNK LOW PINKGREY DM8329-600\附图\DM8329 03.jpg,1333,dummy_images\Shoes\NIKE\已整理\20250826\NIKE DUNK LOW PINKGREY DM8329-600\附图\DM8329 03.jpg,,
dummy_images\Shoes\NIKE\备份\20250826\NIKE DUNK LOW PINKGREY DM8329-600\附图\DM8329 04.jpg,1333,dummy_images\Shoes\NIKE\已整理\20250826\NIKE DUNK LOW PINKGREY DM8329-600\附图\DM8329 04.jpg,,
dummy_images\Shoes\NIKE\备份\20250826\NIKE DUNK LOW PINKGREY DM8329-600\附图\DM8329 05.jpg,1333,dummy_images\Shoes\NIKE\已整理\20250826\NIKE DUNK LOW PINKGREY DM8329-600\附图\DM8329 05.jpg,,
dummy_images\Shoes\NIKE\备份\20250826\NIKE DUNK LOW PINKGREY DM8329-600\详情\DM8329 1.jpg,1333,dummy_images\Shoes\NIKE\已整理\20250826\NIKE DUNK LOW PINKGREY DM8329-600\详情\DM8329 1.jpg,,
dummy_images\Shoes\NIKE\备份\20250826\NIKE DUNK LOW PINKGREY DM8329-600\详情\DM8329 2.jpg,1333,dummy_images\Shoes\NIKE\已整理\20250826\NIKE DUNK LOW PINKGREY DM8329-600\详情\DM8329 2.jpg,,
dummy_images\Shoes\NIKE\备份\20250826\NIKE DUNK LOW PINKGREY DM8329-600\详情\DM8329 3.jpg,1333,dummy_images\Shoes\NIKE\已整理\20250826\NIKE DUNK LOW PINKGREY DM8329-600\详情\DM8329 3.jpg,,
dummy_images\Shoes\NIKE\备份\20250826\NIKE DUNK LOW PINKGREY DM8329-600\详情\DM8329 4.jpg,1333,dummy_images\Shoes\NIKE\已整理\20250826\NIKE DUNK LOW PINKGREY DM8329-600\详情\DM8329 4.jpg,,
dummy_images\Shoes\NIKE\备份\20250826\NIKE DUNK LOW PINKGREY DM8329-600\详情\DM8329 5.jpg,1333,dummy_images\Shoes\NIKE\已整理\20250826\NIKE DUNK LOW PINKGREY DM8329-600\详情\DM8329 5.jpg,,
dummy_images\Shoes\NIKE\备份\20250826\NIKE DUNK LOW RETRO DM0121-400\主图\DM0121-400.jpg,1334,,,
dummy_images\Shoes\NIKE\备份\20250826\NIKE DUNK LOW RETRO DM0121-400\附图\DM0121 01.jpg,1334,dummy_images\Shoes\NIKE\已整理\20250826\NIKE DUNK LOW RETRO DM0121-400\附图\1.jpg,,
dummy_images\Shoes\NIKE\备份\20250826\NIKE DUNK LOW RETRO DM0121-400\附图\DM0121 02.jpg,1334,dummy_images\Shoes\NIKE\已整理\20250826\NIKE DUNK LOW RETRO DM0121-400\附图\2.jpg,,
dummy_images\Shoes\NIKE\备份\20250826\NIKE DUNK LOW RETRO DM0121-400\附图\DM0121 03.jpg,1334,dummy_images\Shoes\NIKE\已整理\20250826\NIKE DUNK LOW RETRO DM0121-400\附图\3.jpg,,
dummy_images\Shoes\NIKE\备份\20250826\NIKE DUNK LOW RETRO DM0121-400\附图\DM0121 04.jpg,1334,dummy_images\Shoes\NIKE\已整理\20250826\NIKE DUNK LOW RETRO DM0121-400\附图\4.jpg,,
dummy_images\Shoes\NIKE\备份\20250826\NIKE DUNK LOW RETRO DM0121-400\详情\DM0121 1.jpg,1334,dummy_images\Shoes\NIKE\已整理\20250826\NIKE DUNK LOW RETRO DM0121-400\详情\DV0827 1.jpg,,
dummy_images\Shoes\NIKE\备份\20250826\NIKE DUNK LOW RETRO DM0121-400\详情\DM0121 2.jpg,1334,dummy_images\Shoes\NIKE\已整理\20250826\NIKE DUNK LOW RETRO DM0121-400\详情\DV0827 2.jpg,,
dummy_images\Shoes\NIKE\备份\20250826\NIKE DUNK LOW RETRO DM0121-400\详情\DM0121 3.jpg,1334,dummy_images\Shoes\NIKE\已整理\20250826\NIKE DUNK LOW RETRO DM0121-400\详情\DV0827 3.jpg,,
dummy_images\Shoes\NIKE\备份\20250826\NIKE DUNK LOW RETRO DM0121-400\详情\DM0121 4.jpg,1334,dummy_images\Shoes\NIKE\已整理\20250826\NIKE DUNK LOW RETRO DM0121-400\详情\DV0827 4.jpg,,
dummy_images\Shoes\NIKE\备份\20250826\NIKE DUNK LOW RETRO DM0121-400\详情\DM0121 5.jpg,1334,dummy_images\Shoes\NIKE\已整理\20250826\NIKE DUNK LOW RETRO DM0121-400\详情\DV0827 5.jpg,,
dummy_images\Shoes\NIKE\备份\20250826\NIKE DUNK LOW RETRO DM0121-400\详情\DM0121 6.jpg,1334,dummy_images\Shoes\NIKE\已整理\20250826\NIKE DUNK LOW RETRO DM0121-400\详情\DV0827 6.jpg,,
dummy_images\Shoes\NIKE\备份\20250826\NIKE DUNK LOW RETRO DM0121-400\详情\DM0121 7.jpg,1334,dummy_images\Shoes\NIKE\已整理\20250826\NIKE DUNK LOW RETRO DM0121-400\详情\DV0827 7.jpg,,
dummy_images\Shoes\NIKE\备份\20250826\NIKE DUNK LOW RETRO RACER BLUE DD1391-401\主图\DD1391.jpg,1335,,,
dummy_images\Shoes\NIKE\备份\20250826\NIKE DUNK LOW RETRO RACER BLUE DD1391-401\附图\DD1391 01.jpg,1335,dummy_images\Shoes\NIKE\已整理\20250826\NIKE DUNK LOW RETRO RACER BLUE DD1391-401\附图\DD1391 001.jpg,,
dummy_images\Shoes\NIKE\备份\20250826\NIKE DUNK LOW RETRO RACER BLUE DD1391-401\附图\DD1391 02.jpg,1335,dummy_images\Shoes\NIKE\已整理\20250826\NIKE DUNK LOW RETRO RACER BLUE DD1391-401\附图\DD1391 002.jpg,,
dummy_images\Shoes\NIKE\备份\20250826\NIKE DUNK LOW RETRO RACER BLUE DD1391-401\附图\DD1391 03.jpg,1335,dummy_images\Shoes\NIKE\已整理\20250826\NIKE DUNK LOW RETRO RACER BLUE DD1391-401\附图\DD1391 003.jpg,,
dummy_images\Shoes\NIKE\备份\20250826\NIKE DUNK LOW RETRO RACER BLUE DD1391-401\附图\DD1391 04.jpg,1335,dummy_images\Shoes\NIKE\已整理\20250826\NIKE DUNK LOW RETRO RACER BLUE DD1391-401\附图\DD1391 004.jpg,,
dummy_images\Shoes\NIKE\备份\20250826\NIKE DUNK LOW RETRO RACER BLUE DD1391-401\详情\DD1391-401 1.jpeg,1335,dummy_images\Shoes\NIKE\已整理\20250826\NIKE DUNK LOW RETRO RACER BLUE DD1391-401\详情\DD1391-401 1.jpg,,
dummy_images\Shoes\NIKE\备份\20250826\NIKE DUNK LOW RETRO RACER BLUE DD1391-401\详情\DD1391-401 2.jpeg,1335,dummy_images\Shoes\NIKE\已整理\20250826\NIKE DUNK LOW RETRO RACER BLUE DD1391-401\详情\DD1391-401 2.jpg,,
dummy_images\Shoes\NIKE\备份\20250826\NIKE DUNK LOW RETRO RACER BLUE DD1391-401\详情\DD1391-401 3.jpeg,1335,dummy_images\Shoes\NIKE\已整理\20250826\NIKE DUNK LOW RETRO RACER BLUE DD1391-401\详情\DD1391-401 3.jpg,,
dummy_images\Shoes\NIKE\备份\20250826\NIKE DUNK LOW RETRO RACER BLUE DD1391-401\详情\DD1391-401 4.jpeg,1335,dummy_images\Shoes\NIKE\已整理\20250826\NIKE DUNK LOW RETRO RACER BLUE DD1391-401\详情\DD1391-401 4.jpg,,
dummy_images\Shoes\NIKE\备份\20250826\NIKE DUNK LOW RETRO RACER BLUE DD1391-401\详情\DD1391-401 5.jpeg,1335,dummy_images\Shoes\NIKE\已整理\20250826\NIKE DUNK LOW RETRO RACER BLUE DD1391-401\详情\DD1391-401 5.jpg,,
dummy_images\Shoes\NIKE\备份\20250826\NIKE DUNK LOW RETRO RACER BLUE DD1391-401\详情\DD1391-401 6.jpeg,1335,dummy_images\Shoes\NIKE\已整理\20250826\NIKE DUNK LOW RETRO RACER BLUE DD1391-401\详情\DD1391-401 6.jpg,,
dummy_images\Shoes\NIKE\备份\20250826\NIKE DUNK LOW RETRO RACER BLUE DD1391-401\详情\DD1391-401 7.jpeg,1335,dummy_images\Shoes\NIKE\已整理\20250826\NIKE DUNK LOW RETRO RACER BLUE DD1391-401\详情\DD1391-401 7.jpg,,
dummy_images\Shoes\NIKE\备份\20250826\NIKE DUNK LOW RETRO RACER BLUE DD1391-401\详情\DD1391-401 8.jpeg,1335,dummy_images\Shoes\NIKE\已整理\20250826\NIKE DUNK LOW RETRO RACER BLUE DD1391-401\详情\DD1391-401 8.jpg,,
dummy_images\Shoes\NIKE\备份\20250826\NIKE DUNK LOW RETRO RACER BLUE DD1391-401\详情\DD1391-401 9.jpeg,1335,dummy_images\Shoes\NIKE\已整理\20250826\NIKE DUNK LOW RETRO RACER BLUE DD1391-401\详情\DD1391-401 9.jpg,,
dummy_images\Shoes\NIKE\备份\20250826\NIKE DUNK LOW RETRO UNIVERSITY BLUE DR6187-001\主图\DR6187-001.jpg,1336,,,
dummy_images\Shoes\NIKE\备份\20250826\NIKE DUNK LOW RETRO UNIVERSITY BLUE DR6187-001\附图\DR6187 01.jpg,1336,dummy_images\Shoes\NIKE\已整理\20250826\NIKE DUNK LOW RETRO UNIVERSITY BLUE DR6187-001\附图\DR6187 01.jpg,,
dummy_images\Shoes\NIKE\备份\20250826\NIKE DUNK LOW RETRO UNIVERSITY BLUE DR6187-001\附图\DR6187 02.jpg,1336,dummy_images\Shoes\NIKE\已整理\20250826\NIKE DUNK LOW RETRO UNIVERSITY BLUE DR6187-001\附图\DR6187 02.jpg,,
dummy_images\Shoes\NIKE\备份\20250826\NIKE DUNK LOW RETRO UNIVERSITY BLUE DR6187-001\附图\DR6187 03.jpg,1336,dummy_images\Shoes\NIKE\已整理\20250826\NIKE DUNK LOW RETRO UNIVERSITY BLUE DR6187-001\附图\DR6187 03.jpg,,
dummy_images\Shoes\NIKE\备份\20250826\NIKE DUNK LOW RETRO UNIVERSITY BLUE DR6187-001\附图\DR6187 04.jpg,1336,dummy_images\Shoes\NIKE\已整理\20250826\NIKE DUNK LOW RETRO UNIVERSITY BLUE DR6187-001\附图\DR6187 04.jpg,,
dummy_images\Shoes\NIKE\备份\20250826\NIKE DUNK LOW RETRO UNIVERSITY BLUE DR6187-001\详情\DR6187 1.jpeg,1336,dummy_images\Shoes\NIKE\已整理\20250826\NIKE DUNK LOW RETRO UNIVERSITY BLUE DR6187-001\详情\DR6187 1.jpg,,
dummy_images\Shoes\NIKE\备份\20250826\NIKE DUNK LOW RETRO UNIVERSITY BLUE DR6187-001\详情\DR6187 2.jpeg,1336,dummy_images\Shoes\NIKE\已整理\20250826\NIKE DUNK LOW RETRO UNIVERSITY BLUE DR6187-001\详情\DR6187 2.jpg,,
dummy_images\Shoes\NIKE\备份\20250826\NIKE DUNK LOW RETRO UNIVERSITY BLUE DR6187-001\详情\DR6187 3.jpeg,1336,dummy_images\Shoes\NIKE\已整理\20250826\NIKE DUNK LOW RETRO UNIVERSITY BLUE DR6187-001\详情\DR6187 3.jpg,,
dummy_images\Shoes\NIKE\备份\20250826\NIKE DUNK LOW RETRO UNIVERSITY BLUE DR6187-001\详情\DR6187 4.jpeg,1336,dummy_images\Shoes\NIKE\已整理\20250826\NIKE DUNK LOW RETRO UNIVERSITY BLUE DR6187-001\详情\DR6187 4.jpg,,
dummy_images\Shoes\NIKE\备份\20250826\NIKE DUNK LOW RETRO UNIVERSITY BLUE DR6187-001\详情\DR6187 5.jpeg,1336,dummy_images\Shoes\NIKE\已整理\20250826\NIKE DUNK LOW RETRO UNIVERSITY BLUE DR6187-001\详情\DR6187 5.jpg,,
dummy_images\Shoes\NIKE\备份\20250826\NIKE DUNK LOW RETRO UNIVERSITY BLUE DR6187-001\详情\DR6187 6.jpeg,1336,dummy_images\Shoes\NIKE\已整理\20250826\NIKE DUNK LOW RETRO UNIVERSITY BLUE DR6187-001\详情\DR6187 6.jpg,,
dummy_images\Shoes\NIKE\备份\20250826\NIKE DUNK LOW RETRO UNIVERSITY BLUE DR6187-001\详情\DR6187 7.jpeg,1336,dummy_images\Shoes\NIKE\已整理\20250826\NIKE DUNK LOW RETRO UNIVERSITY BLUE DR6187-001\详情\DR6187 7.jpg,,
dummy_images\Shoes\NIKE\备份\20250826\NIKE DUNK LOW RETRO UNIVERSITY BLUE DR6187-001\详情\DR6187 8.jpeg,1336,dummy_images\Shoes\NIKE\已整理\20250826\NIKE DUNK LOW RETRO UNIVERSITY BLUE DR6187-001\详情\DR6187 8.jpg,,
dummy_images\Shoes\NIKE\备份\20250826\NIKE DUNK LOW RETRO UNIVERSITY BLUE DR6187-001\详情\DR6187 9.jpeg,1336,dummy_images\Shoes\NIKE\已整理\20250826\NIKE DUNK LOW RETRO UNIVERSITY BLUE DR6187-001\详情\DR6187 9.jpg,,
dummy_images\Shoes\NIKE\备份\20250826\NIKE DUNK LOW SE PATCHWORK DN3866-100\主图\DN3866-100.jpg,1337,,,
dummy_images\Shoes\NIKE\备份\20250826\NIKE DUNK LOW SE PATCHWORK DN3866-100\附图\DN3866 01.jpg,1337,dummy_images\Shoes\NIKE\已整理\20250826\NIKE DUNK LOW SE PATCHWORK DN3866-100\附图\DN3866 01.jpg,,
dummy_images\Shoes\NIKE\备份\20250826\NIKE DUNK LOW SE PATCHWORK DN3866-100\附图\DN3866 02.jpg,1337,dummy_images\Shoes\NIKE\已整理\20250826\NIKE DUNK LOW SE PATCHWORK DN3866-100\附图\DN3866 02.jpg,,
dummy_images\Shoes\NIKE\备份\20250826\NIKE DUNK LOW SE PATCHWORK DN3866-100\附图\DN3866 03.jpg,1337,dummy_images\Shoes\NIKE\已整理\20250826\NIKE DUNK LOW SE PATCHWORK DN3866-100\附图\DN3866 03.jpg,,
dummy_images\Shoes\NIKE\备份\20250826\NIKE DUNK LOW SE PATCHWORK DN3866-100\附图\DN3866 04.jpg,1337,dummy_images\Shoes\NIKE\已整理\20250826\NIKE DUNK LOW SE PATCHWORK DN3866-100\附图\DN3866 04.jpg,,
dummy_images\Shoes\NIKE\备份\20250826\NIKE DUNK LOW SE PATCHWORK DN3866-100\详情\DN3866 1.jpeg,1337,dummy_images\Shoes\NIKE\已整理\20250826\NIKE DUNK LOW SE PATCHWORK DN3866-100\详情\DN3866 1.jpg,,
dummy_images\Shoes\NIKE\备份\20250826\NIKE DUNK LOW SE PATCHWORK DN3866-100\详情\DN3866 2.jpeg,1337,dummy_images\Shoes\NIKE\已整理\20250826\NIKE DUNK LOW SE PATCHWORK DN3866-100\详情\DN3866 2.jpg,,
dummy_images\Shoes\NIKE\备份\20250826\NIKE DUNK LOW SE PATCHWORK DN3866-100\详情\DN3866 3.jpeg,1337,dummy_images\Shoes\NIKE\已整理\20250826\NIKE DUNK LOW SE PATCHWORK DN3866-100\详情\DN3866 3.jpg,,
dummy_images\Shoes\NIKE\备份\20250826\NIKE DUNK LOW SE PATCHWORK DN3866-100\详情\DN3866 4.jpeg,1337,dummy_images\Shoes\NIKE\已整理\20250826\NIKE DUNK LOW SE PATCHWORK DN3866-100\详情\DN3866 4.jpg,,
dummy_images\Shoes\NIKE\备份\20250826\NIKE DUNK LOW SE PATCHWORK DN3866-100\详情\DN3866 5.jpeg,1337,dummy_images\Shoes\NIKE\已整理\20250826\NIKE DUNK LOW SE PATCHWORK DN3866-100\详情\DN3866 5.jpg,,
dummy_images\Shoes\NIKE\备份\20250826\NIKE DUNK LOW SE PATCHWORK DN3866-100\详情\DN3866 6.jpeg,1337,dummy_images\Shoes\NIKE\已整理\20250826\NIKE DUNK LOW SE PATCHWORK DN3866-100\详情\DN3866 6.jpg,,
dummy_images\Shoes\NIKE\备份\20250826\NIKE DUNK LOW SE PATCHWORK DN3866-100\详情\DN3866 7.jpeg,1337,dummy_images\Shoes\NIKE\已整理\20250826\NIKE DUNK LOW SE PATCHWORK DN3866-100\详情\DN3866 7.jpg,,
dummy_images\Shoes\NIKE\备份\20250826\NIKE DUNK LOW SE PATCHWORK DN3866-100\详情\DN3866 8.jpeg,1337,dummy_images\Shoes\NIKE\已整理\20250826\NIKE DUNK LOW SE PATCHWORK DN3866-100\详情\DN3866 8.jpg,,
dummy_images\Shoes\NIKE\备份\20250826\NIKE DUNK LOW SE PATCHWORK DN3866-100\详情\DN3866 9.jpeg,1337,dummy_images\Shoes\NIKE\已整理\20250826\NIKE DUNK LOW SE PATCHWORK DN3866-100\详情\DN3866 9.jpg,,
dummy_images\Shoes\NIKE\备份\20250826\NIKE DUNK LOW SE “85” DO9457-101\主图\DO9457-101.png,1338,,,
dummy_images\Shoes\NIKE\备份\20250826\NIKE DUNK LOW SE “85” DO9457-101\附图\DO9457 01.jpg,1338,dummy_images\Shoes\NIKE\已整理\20250826\NIKE DUNK LOW SE “85” DO9457-101\附图\DO9457 01.jpg,,
dummy_images\Shoes\NIKE\备份\20250826\NIKE DUNK LOW SE “85” DO9457-101\附图\DO9457 02.jpg,1338,dummy_images\Shoes\NIKE\已整理\20250826\NIKE DUNK LOW SE “85” DO9457-101\附图\DO9457 02.jpg,,
dummy_images\Shoes\NIKE\备份\20250826\NIKE DUNK LOW SE “85” DO9457-101\附图\DO9457 03.jpg,1338,dummy_images\Shoes\NIKE\已整理\20250826\NIKE DUNK LOW SE “85” DO9457-101\附图\DO9457 03.jpg,,
dummy_images\Shoes\NIKE\备份\20250826\NIKE DUNK LOW SE “85” DO9457-101\附图\DO9457 04.jpg,1338,dummy_images\Shoes\NIKE\已整理\20250826\NIKE DUNK LOW SE “85” DO9457-101\附图\DO9457 04.jpg,,
dummy_images\Shoes\NIKE\备份\20250826\NIKE DUNK LOW SE “85” DO9457-101\附图\DO9457 05.jpg,1338,dummy_images\Shoes\NIKE\已整理\20250826\NIKE DUNK LOW SE “85” DO9457-101\附图\DO9457 05.jpg,,
dummy_images\Shoes\NIKE\备份\20250826\NIKE DUNK LOW SE “85” DO9457-101\详情\DO9457 1.jpeg,1338,dummy_images\Shoes\NIKE\已整理\20250826\NIKE DUNK LOW SE “85” DO9457-101\详情\DO9457 1.jpg,,
dummy_images\Shoes\NIKE\备份\20250826\NIKE DUNK LOW SE “85” DO9457-101\详情\DO9457 2.jpeg,1338,dummy_images\Shoes\NIKE\已整理\20250826\NIKE DUNK LOW SE “85” DO9457-101\详情\DO9457 2.jpg,,
dummy_images\Shoes\NIKE\备份\20250826\NIKE DUNK LOW SE “85” DO9457-101\详情\DO9457 3.jpeg,1338,dummy_images\Shoes\NIKE\已整理\20250826\NIKE DUNK LOW SE “85” DO9457-101\详情\DO9457 3.jpg,,
dummy_images\Shoes\NIKE\备份\20250826\NIKE DUNK LOW SE “85” DO9457-101\详情\DO9457 4.jpeg,1338,dummy_images\Shoes\NIKE\已整理\20250826\NIKE DUNK LOW SE “85” DO9457-101\详情\DO9457 4.jpg,,
dummy_images\Shoes\NIKE\备份\20250826\NIKE DUNK LOW SE “85” DO9457-101\详情\DO9457 5.jpeg,1338,dummy_images\Shoes\NIKE\已整理\20250826\NIKE DUNK LOW SE “85” DO9457-101\详情\DO9457 5.jpg,,
dummy_images\Shoes\NIKE\备份\20250826\NIKE DUNK LOW SE “85” DO9457-101\详情\DO9457 6.jpeg,1338,dummy_images\Shoes\NIKE\已整理\20250826\NIKE DUNK LOW SE “85” DO9457-101\详情\DO9457 6.jpg,,
dummy_images\Shoes\NIKE\备份\20250826\NIKE DUNK LOW SE “85” DO9457-101\详情\DO9457 7.jpeg,1338,dummy_images\Shoes\NIKE\已整理\20250826\NIKE DUNK LOW SE “85” DO9457-101\详情\DO9457 7.jpg,,
dummy_images\Shoes\NIKE\备份\20250826\NIKE DUNK LOW SE “85” DO9457-101\详情\DO9457 8.jpeg,1338,dummy_images\Shoes\NIKE\已整理\20250826\NIKE DUNK LOW SE “85” DO9457-101\详情\DO9457 8.jpg,,
dummy_images\Shoes\NIKE\备份\20250826\NIKE DUNK LOW SE “85”DO9457-100\主图\DO9457.png,1339,,,
dummy_images\Shoes\NIKE\备份\20250826\NIKE DUNK LOW SE “85”DO9457-100\附图\DO9457 01.jpg,1339,dummy_images\Shoes\NIKE\已整理\20250826\NIKE DUNK LOW SE “85”DO9457-100\附图\DO9457 01.jpg,,
dummy_images\Shoes\NIKE\备份\20250826\NIKE DUNK LOW SE “85”DO9457-100\附图\DO9457 02.jpg,1339,dummy_images\Shoes\NIKE\已整理\20250826\NIKE DUNK LOW SE “85”DO9457-100\附图\DO9457 02.jpg,,
dummy_images\Shoes\NIKE\备份\20250826\NIKE DUNK LOW SE “85”DO9457-100\附图\DO9457 04.jpg,1339,dummy_images\Shoes\NIKE\已整理\20250826\NIKE DUNK LOW SE “85”DO9457-100\附图\DO9457 04.jpg,,
dummy_images\Shoes\NIKE\备份\20250826\NIKE DUNK LOW SE “85”DO9457-100\附图\DO9457 05.jpg,1339,dummy_images\Shoes\NIKE\已整理\20250826\NIKE DUNK LOW SE “85”DO9457-100\附图\DO9457 05.jpg,,
dummy_images\Shoes\NIKE\备份\20250826\NIKE DUNK LOW SE “85”DO9457-100\详情\DO9457 1.jpeg,1339,dummy_images\Shoes\NIKE\已整理\20250826\NIKE DUNK LOW SE “85”DO9457-100\详情\DO9457 1.jpg,,
dummy_images\Shoes\NIKE\备份\20250826\NIKE DUNK LOW SE “85”DO9457-100\详情\DO9457 2.jpeg,1339,dummy_images\Shoes\NIKE\已整理\20250826\NIKE DUNK LOW SE “85”DO9457-100\详情\DO9457 2.jpg,,
dummy_images\Shoes\NIKE\备份\20250826\NIKE DUNK LOW SE “85”DO9457-100\详情\DO9457 3.jpeg,1339,dummy_images\Shoes\NIKE\已整理\20250826\NIKE DUNK LOW SE “85”DO9457-100\详情\DO9457 3.jpg,,
dummy_images\Shoes\NIKE\备份\20250826\NIKE DUNK LOW SE “85”DO9457-100\详情\DO9457 4.jpeg,1339,dummy_images\Shoes\NIKE\已整理\20250826\NIKE DUNK LOW SE “85”DO9457-100\详情\DO9457 4.jpg,,
dummy_images\Shoes\NIKE\备份\20250826\NIKE DUNK LOW SE “85”DO9457-100\详情\DO9457 5.jpeg,1339,dummy_images\Shoes\NIKE\已整理\20250826\NIKE DUNK LOW SE “85”DO9457-100\详情\DO9457 5.jpg,,
dummy_images\Shoes\NIKE\备份\20250826\NIKE DUNK LOW SE “85”DO9457-100\详情\DO9457 6.jpeg,1339,dummy_images\Shoes\NIKE\已整理\20250826\NIKE DUNK LOW SE “85”DO9457-100\详情\DO9457 6.jpg,,
dummy_images\Shoes\NIKE\备份\20250826\NIKE DUNK LOW SE “85”DO9457-100\详情\DO9457 7.jpeg,1339,dummy_images\Shoes\NIKE\已整理\20250826\NIKE DUNK LOW SE “85”DO9457-100\详情\DO9457 7.jpg,,
dummy_images\Shoes\NIKE\备份\20250826\NIKE DUNK LOW SE “85”DO9457-100\详情\DO9457 8.jpeg,1339,dummy_images\Shoes\NIKE\已整理\20250826\NIKE DUNK LOW SE “85”DO9457-100\详情\DO9457 8.jpg,,
dummy_images\Shoes\NIKE\备份\20250826\NIKE DUNK LOW SE “85”DO9457-100\详情\DO9457 9.jpeg,1339,dummy_images\Shoes\NIKE\已整理\20250826\NIKE DUNK LOW SE “85”DO9457-100\详情\DO9457 9.jpg,,
dummy_images\Shoes\NIKE\备份\20250826\NIKE DUNK LOW SP ORANGE BLAZE CU1726-101\主图\CU1726-101.jpg,1340,,,
dummy_images\Shoes\NIKE\备份\20250826\NIKE DUNK LOW SP ORANGE BLAZE CU1726-101\附图\CU1726 01.jpg,1340,dummy_images\Shoes\NIKE\已整理\20250826\NIKE DUNK LOW SP ORANGE BLAZE CU1726-101\附图\CU1726 01.jpg,,
dummy_images\Shoes\NIKE\备份\20250826\NIKE DUNK LOW SP ORANGE BLAZE CU1726-101\附图\CU1726 02.jpg,1340,dummy_images\Shoes\NIKE\已整理\20250826\NIKE DUNK LOW SP ORANGE BLAZE CU1726-101\附图\CU1726 02.jpg,,
dummy_images\Shoes\NIKE\备份\20250826\NIKE DUNK LOW SP ORANGE BLAZE CU1726-101\附图\CU1726 03.jpg,1340,dummy_images\Shoes\NIKE\已整理\20250826\NIKE DUNK LOW SP ORANGE BLAZE CU1726-101\附图\CU1726 03.jpg,,
dummy_images\Shoes\NIKE\备份\20250826\NIKE DUNK LOW SP ORANGE BLAZE CU1726-101\详情\CU1726 1.jpg,1340,dummy_images\Shoes\NIKE\已整理\20250826\NIKE DUNK LOW SP ORANGE BLAZE CU1726-101\详情\CU1726 1.jpg,,
dummy_images\Shoes\NIKE\备份\20250826\NIKE DUNK LOW SP ORANGE BLAZE CU1726-101\详情\CU1726 2.jpg,1340,dummy_images\Shoes\NIKE\已整理\20250826\NIKE DUNK LOW SP ORANGE BLAZE CU1726-101\详情\CU1726 2.jpg,,
dummy_images\Shoes\NIKE\备份\20250826\NIKE DUNK LOW SP ORANGE BLAZE CU1726-101\详情\CU1726 3.jpg,1340,dummy_images\Shoes\NIKE\已整理\20250826\NIKE DUNK LOW SP ORANGE BLAZE CU1726-101\详情\CU1726 3.jpg,,
dummy_images\Shoes\NIKE\备份\20250826\NIKE DUNK LOW SP ORANGE BLAZE CU1726-101\详情\CU1726 4.jpg,1340,dummy_images\Shoes\NIKE\已整理\20250826\NIKE DUNK LOW SP ORANGE BLAZE CU1726-101\详情\CU1726 4.jpg,,
dummy_images\Shoes\NIKE\备份\20250826\NIKE DUNK LOW SP ORANGE BLAZE CU1726-101\详情\CU1726 5.jpg,1340,dummy_images\Shoes\NIKE\已整理\20250826\NIKE DUNK LOW SP ORANGE BLAZE CU1726-101\详情\CU1726 5.jpg,,
dummy_images\Shoes\NIKE\备份\20250826\NIKE DUNK LOW SP ORANGE BLAZE CU1726-101\详情\CU1726 6.jpg,1340,dummy_images\Shoes\NIKE\已整理\20250826\NIKE DUNK LOW SP ORANGE BLAZE CU1726-101\详情\CU1726 6.jpg,,
dummy_images\Shoes\NIKE\备份\20250826\NIKE DUNK LOW SP ORANGE BLAZE CU1726-101\详情\CU1726 7.jpg,1340,dummy_images\Shoes\NIKE\已整理\20250826\NIKE DUNK LOW SP ORANGE BLAZE CU1726-101\详情\CU1726 7.jpg,,
dummy_images\Shoes\NIKE\备份\20250826\NIKE DUNK LOW SP ORANGE BLAZE CU1726-101\详情\CU1726 8.jpg,1340,dummy_images\Shoes\NIKE\已整理\20250826\NIKE DUNK LOW SP ORANGE BLAZE CU1726-101\详情\CU1726 8.jpg,,
dummy_images\Shoes\NIKE\备份\20250826\NIKE DUNK LOW TAN SUEDE DZ4513-200\主图\DZ4513-200.jpeg,1341,,,
dummy_images\Shoes\NIKE\备份\20250826\NIKE DUNK LOW TAN SUEDE DZ4513-200\附图\DZ4513-200 01.jpeg,1341,dummy_images\Shoes\NIKE\已整理\20250826\NIKE DUNK LOW TAN SUEDE DZ4513-200\附图\DZ4513-200 01.jpg,,
dummy_images\Shoes\NIKE\备份\20250826\NIKE DUNK LOW TAN SUEDE DZ4513-200\附图\DZ4513-200 02.jpeg,1341,dummy_images\Shoes\NIKE\已整理\20250826\NIKE DUNK LOW TAN SUEDE DZ4513-200\附图\DZ4513-200 02.jpg,,
dummy_images\Shoes\NIKE\备份\20250826\NIKE DUNK LOW TAN SUEDE DZ4513-200\附图\DZ4513-200 03.jpeg,1341,dummy_images\Shoes\NIKE\已整理\20250826\NIKE DUNK LOW TAN SUEDE DZ4513-200\附图\DZ4513-200 03.jpg,,
dummy_images\Shoes\NIKE\备份\20250826\NIKE DUNK LOW TAN SUEDE DZ4513-200\详情\DZ4513-200 1.jpeg,1341,dummy_images\Shoes\NIKE\已整理\20250826\NIKE DUNK LOW TAN SUEDE DZ4513-200\详情\DZ4513-200 1.jpg,,
dummy_images\Shoes\NIKE\备份\20250826\NIKE DUNK LOW TAN SUEDE DZ4513-200\详情\DZ4513-200 2.jpeg,1341,dummy_images\Shoes\NIKE\已整理\20250826\NIKE DUNK LOW TAN SUEDE DZ4513-200\详情\DZ4513-200 2.jpg,,
dummy_images\Shoes\NIKE\备份\20250826\NIKE DUNK LOW TAN SUEDE DZ4513-200\详情\DZ4513-200 3.jpeg,1341,dummy_images\Shoes\NIKE\已整理\20250826\NIKE DUNK LOW TAN SUEDE DZ4513-200\详情\DZ4513-200 3.jpg,,
dummy_images\Shoes\NIKE\备份\20250826\NIKE DUNK LOW TAN SUEDE DZ4513-200\详情\DZ4513-200 4.jpeg,1341,dummy_images\Shoes\NIKE\已整理\20250826\NIKE DUNK LOW TAN SUEDE DZ4513-200\详情\DZ4513-200 4.jpg,,
dummy_images\Shoes\NIKE\备份\20250826\NIKE DUNK LOW TAN SUEDE DZ4513-200\详情\DZ4513-200 5.jpeg,1341,dummy_images\Shoes\NIKE\已整理\20250826\NIKE DUNK LOW TAN SUEDE DZ4513-200\详情\DZ4513-200 5.jpg,,
dummy_images\Shoes\NIKE\备份\20250826\NIKE DUNK LOW TAN SUEDE DZ4513-200\详情\DZ4513-200 6.jpeg,1341,dummy_images\Shoes\NIKE\已整理\20250826\NIKE DUNK LOW TAN SUEDE DZ4513-200\详情\DZ4513-200 6.jpg,,
dummy_images\Shoes\NIKE\备份\20250826\NIKE DUNK LOW TAN SUEDE DZ4513-200\详情\DZ4513-200 7.jpeg,1341,dummy_images\Shoes\NIKE\已整理\20250826\NIKE DUNK LOW TAN SUEDE DZ4513-200\详情\DZ4513-200 7.jpg,,
dummy_images\Shoes\NIKE\备份\20250826\NIKE DUNK LOW TAN SUEDE DZ4513-200\详情\DZ4513-200 8.jpeg,1341,dummy_images\Shoes\NIKE\已整理\20250826\NIKE DUNK LOW TAN SUEDE DZ4513-200\详情\DZ4513-200 8.jpg,,
dummy_images\Shoes\NIKE\备份\20250826\NIKE DUNK LOW TRIPLE WHITE DD1503-109\主图\DD1503-109.jpeg,1342,,,
dummy_images\Shoes\NIKE\备份\20250826\NIKE DUNK LOW TRIPLE WHITE DD1503-109\附图\DD1503-01.jpg,1342,dummy_images\Shoes\NIKE\已整理\20250826\NIKE DUNK LOW TRIPLE WHITE DD1503-109\附图\DD1503-01.jpg,,
dummy_images\Shoes\NIKE\备份\20250826\NIKE DUNK LOW TRIPLE WHITE DD1503-109\附图\DD1503-02.jpg,1342,dummy_images\Shoes\NIKE\已整理\20250826\NIKE DUNK LOW TRIPLE WHITE DD1503-109\附图\DD1503-02.jpg,,
dummy_images\Shoes\NIKE\备份\20250826\NIKE DUNK LOW TRIPLE WHITE DD1503-109\附图\DD1503-03.jpg,1342,dummy_images\Shoes\NIKE\已整理\20250826\NIKE DUNK LOW TRIPLE WHITE DD1503-109\附图\DD1503-03.jpg,,
dummy_images\Shoes\NIKE\备份\20250826\NIKE DUNK LOW TRIPLE WHITE DD1503-109\附图\DD1503-04.jpg,1342,dummy_images\Shoes\NIKE\已整理\20250826\NIKE DUNK LOW TRIPLE WHITE DD1503-109\附图\DD1503-04.jpg,,
dummy_images\Shoes\NIKE\备份\20250826\NIKE DUNK LOW TRIPLE WHITE DD1503-109\附图\DD1503-05.jpg,1342,dummy_images\Shoes\NIKE\已整理\20250826\NIKE DUNK LOW TRIPLE WHITE DD1503-109\附图\DD1503-05.jpg,,
dummy_images\Shoes\NIKE\备份\20250826\NIKE DUNK LOW TRIPLE WHITE DD1503-109\详情\DD1503-1.jpeg,1342,dummy_images\Shoes\NIKE\已整理\20250826\NIKE DUNK LOW TRIPLE WHITE DD1503-109\详情\DD1503-1.jpg,,
dummy_images\Shoes\NIKE\备份\20250826\NIKE DUNK LOW TRIPLE WHITE DD1503-109\详情\DD1503-2.jpeg,1342,dummy_images\Shoes\NIKE\已整理\20250826\NIKE DUNK LOW TRIPLE WHITE DD1503-109\详情\DD1503-2.jpg,,
dummy_images\Shoes\NIKE\备份\20250826\NIKE DUNK LOW TRIPLE WHITE DD1503-109\详情\DD1503-3.jpeg,1342,dummy_images\Shoes\NIKE\已整理\20250826\NIKE DUNK LOW TRIPLE WHITE DD1503-109\详情\DD1503-3.jpg,,
dummy_images\Shoes\NIKE\备份\20250826\NIKE DUNK LOW TRIPLE WHITE DD1503-109\详情\DD1503-4.jpeg,1342,dummy_images\Shoes\NIKE\已整理\20250826\NIKE DUNK LOW TRIPLE WHITE DD1503-109\详情\DD1503-4.jpg,,
dummy_images\Shoes\NIKE\备份\20250826\NIKE DUNK LOW TRIPLE WHITE DD1503-109\详情\DD1503-5.jpeg,1342,dummy_images\Shoes\NIKE\已整理\20250826\NIKE DUNK LOW TRIPLE WHITE DD1503-109\详情\DD1503-5.jpg,,
dummy_images\Shoes\NIKE\备份\20250826\NIKE DUNK LOW TRIPLE WHITE DD1503-109\详情\DD1503-6.jpeg,1342,dummy_images\Shoes\NIKE\已整理\20250826\NIKE DUNK LOW TRIPLE WHITE DD1503-109\详情\DD1503-6.jpg,,
dummy_images\Shoes\NIKE\备份\20250826\NIKE DUNK LOW TRIPLE WHITE DD1503-109\详情\DD1503-7.jpeg,1342,dummy_images\Shoes\NIKE\已整理\20250826\NIKE DUNK LOW TRIPLE WHITE DD1503-109\详情\DD1503-7.jpg,,
dummy_images\Shoes\NIKE\备份\20250826\NIKE DUNK LOW TRIPLE WHITE DD1503-109\详情\DD1503-8.jpeg,1342,dummy_images\Shoes\NIKE\已整理\20250826\NIKE DUNK LOW TRIPLE WHITE DD1503-109\详情\DD1503-8.jpg,,
dummy_images\Shoes\NIKE\备份\20250826\NIKE DUNK LOW TSU DR6190-100\主图\DR6190-100.jpeg,1343,,,
dummy_images\Shoes\NIKE\备份\20250826\NIKE DUNK LOW TSU DR6190-100\附图\DR6190-100 01.jpeg,1343,dummy_images\Shoes\NIKE\已整理\20250826\NIKE DUNK LOW TSU DR6190-100\附图\DR6190-100 01.jpg,,
dummy_images\Shoes\NIKE\备份\20250826\NIKE DUNK LOW TSU DR6190-100\附图\DR6190-100 02.jpeg,1343,dummy_images\Shoes\NIKE\已整理\20250826\NIKE DUNK LOW TSU DR6190-100\附图\DR6190-100 02.jpg,,
dummy_images\Shoes\NIKE\备份\20250826\NIKE DUNK LOW TSU DR6190-100\附图\DR6190-100 03.jpeg,1343,dummy_images\Shoes\NIKE\已整理\20250826\NIKE DUNK LOW TSU DR6190-100\附图\DR6190-100 03.jpg,,
dummy_images\Shoes\NIKE\备份\20250826\NIKE DUNK LOW TSU DR6190-100\详情\DR6190-100 1.jpeg,1343,dummy_images\Shoes\NIKE\已整理\20250826\NIKE DUNK LOW TSU DR6190-100\详情\DR6190-100 1.jpg,,
dummy_images\Shoes\NIKE\备份\20250826\NIKE DUNK LOW TSU DR6190-100\详情\DR6190-100 2.jpeg,1343,dummy_images\Shoes\NIKE\已整理\20250826\NIKE DUNK LOW TSU DR6190-100\详情\DR6190-100 2.jpg,,
dummy_images\Shoes\NIKE\备份\20250826\NIKE DUNK LOW TSU DR6190-100\详情\DR6190-100 3.jpeg,1343,dummy_images\Shoes\NIKE\已整理\20250826\NIKE DUNK LOW TSU DR6190-100\详情\DR6190-100 3.jpg,,
dummy_images\Shoes\NIKE\备份\20250826\NIKE DUNK LOW TSU DR6190-100\详情\DR6190-100 4.jpeg,1343,dummy_images\Shoes\NIKE\已整理\20250826\NIKE DUNK LOW TSU DR6190-100\详情\DR6190-100 4.jpg,,
dummy_images\Shoes\NIKE\备份\20250826\NIKE DUNK LOW TSU DR6190-100\详情\DR6190-100 5.jpeg,1343,dummy_images\Shoes\NIKE\已整理\20250826\NIKE DUNK LOW TSU DR6190-100\详情\DR6190-100 5.jpg,,
dummy_images\Shoes\NIKE\备份\20250826\NIKE DUNK LOW TSU DR6190-100\详情\DR6190-100 6.jpeg,1343,dummy_images\Shoes\NIKE\已整理\20250826\NIKE DUNK LOW TSU DR6190-100\详情\DR6190-100 6.jpg,,
dummy_images\Shoes\NIKE\备份\20250826\NIKE DUNK LOW TSU DR6190-100\详情\DR6190-100 7.jpeg,1343,dummy_images\Shoes\NIKE\已整理\20250826\NIKE DUNK LOW TSU DR6190-100\详情\DR6190-100 7.jpg,,
dummy_images\Shoes\NIKE\备份\20250826\NIKE DUNK LOW TSU DR6190-100\详情\DR6190-100 8.jpeg,1343,dummy_images\Shoes\NIKE\已整理\20250826\NIKE DUNK LOW TSU DR6190-100\详情\DR6190-100 8.jpg,,
dummy_images\Shoes\NIKE\备份\20250826\NIKE DUNK LOW WHITEBLUE FB1841-110\主图\FB1841-110.jpg,1344,,,
dummy_images\Shoes\NIKE\备份\20250826\NIKE DUNK LOW WHITEBLUE FB1841-110\附图\FB1841-110 0_看图王.jpg,1344,dummy_images\Shoes\NIKE\已整理\20250826\NIKE DUNK LOW WHITEBLUE FB1841-110\附图\FB1841-110 0_看图王.jpg,,
dummy_images\Shoes\NIKE\备份\20250826\NIKE DUNK LOW WHITEBLUE FB1841-110\附图\FB1841-110 01_看图王.jpg,1344,dummy_images\Shoes\NIKE\已整理\20250826\NIKE DUNK LOW WHITEBLUE FB1841-110\附图\FB1841-110 01_看图王.jpg,,
dummy_images\Shoes\NIKE\备份\20250826\NIKE DUNK LOW WHITEBLUE FB1841-110\附图\FB1841-110 02_看图王.jpg,1344,dummy_images\Shoes\NIKE\已整理\20250826\NIKE DUNK LOW WHITEBLUE FB1841-110\附图\FB1841-110 02_看图王.jpg,,
dummy_images\Shoes\NIKE\备份\20250826\NIKE DUNK LOW WHITEBLUE FB1841-110\详情\FB1841-110 1.jpeg,1344,dummy_images\Shoes\NIKE\已整理\20250826\NIKE DUNK LOW WHITEBLUE FB1841-110\详情\FB1841-110 1.jpg,,
dummy_images\Shoes\NIKE\备份\20250826\NIKE DUNK LOW WHITEBLUE FB1841-110\详情\FB1841-110 2.jpeg,1344,dummy_images\Shoes\NIKE\已整理\20250826\NIKE DUNK LOW WHITEBLUE FB1841-110\详情\FB1841-110 2.jpg,,
dummy_images\Shoes\NIKE\备份\20250826\NIKE DUNK LOW WHITEBLUE FB1841-110\详情\FB1841-110 3.jpeg,1344,dummy_images\Shoes\NIKE\已整理\20250826\NIKE DUNK LOW WHITEBLUE FB1841-110\详情\FB1841-110 3.jpg,,
dummy_images\Shoes\NIKE\备份\20250826\NIKE DUNK LOW WHITEBLUE FB1841-110\详情\FB1841-110 4.jpeg,1344,dummy_images\Shoes\NIKE\已整理\20250826\NIKE DUNK LOW WHITEBLUE FB1841-110\详情\FB1841-110 4.jpg,,
dummy_images\Shoes\NIKE\备份\20250826\NIKE DUNK LOW WHITEBLUE FB1841-110\详情\FB1841-110 5.jpeg,1344,dummy_images\Shoes\NIKE\已整理\20250826\NIKE DUNK LOW WHITEBLUE FB1841-110\详情\FB1841-110 5.jpg,,
dummy_images\Shoes\NIKE\备份\20250826\NIKE DUNK LOW WHITEBLUE FB1841-110\详情\FB1841-110 6.jpeg,1344,dummy_images\Shoes\NIKE\已整理\20250826\NIKE DUNK LOW WHITEBLUE FB1841-110\详情\FB1841-110 6.jpg,,
dummy_images\Shoes\NIKE\备份\20250826\NIKE DUNK LOW WHITEBLUE FB1841-110\详情\FB1841-110 7.jpeg,1344,dummy_images\Shoes\NIKE\已整理\20250826\NIKE DUNK LOW WHITEBLUE FB1841-110\详情\FB1841-110 7.jpg,,
dummy_images\Shoes\NIKE\备份\20250826\NIKE DUNK LOW WHITEBLUE FB1841-110\详情\FB1841-110 8.jpeg,1344,dummy_images\Shoes\NIKE\已整理\20250826\NIKE DUNK LOW WHITEBLUE FB1841-110\详情\FB1841-110 8.jpg,,
dummy_images\Shoes\NIKE\备份\20250826\NIKE DUNK LOW WMNS MAGMA ORANGE DX2953-800\主图\DX2953-800.jpg,1345,,,
dummy_images\Shoes\NIKE\备份\20250826\NIKE DUNK LOW WMNS MAGMA ORANGE DX2953-800\附图\DX2953 01.jpg,1345,dummy_images\Shoes\NIKE\已整理\20250826\NIKE DUNK LOW WMNS MAGMA ORANGE DX2953-800\附图\DX2953 01.jpg,,
dummy_images\Shoes\NIKE\备份\20250826\NIKE DUNK LOW WMNS MAGMA ORANGE DX2953-800\附图\DX2953 02.jpg,1345,dummy_images\Shoes\NIKE\已整理\20250826\NIKE DUNK LOW WMNS MAGMA ORANGE DX2953-800\附图\DX2953 02.jpg,,
dummy_images\Shoes\NIKE\备份\20250826\NIKE DUNK LOW WMNS MAGMA ORANGE DX2953-800\附图\DX2953 03.jpg,1345,dummy_images\Shoes\NIKE\已整理\20250826\NIKE DUNK LOW WMNS MAGMA ORANGE DX2953-800\附图\DX2953 03.jpg,,
dummy_images\Shoes\NIKE\备份\20250826\NIKE DUNK SB BQ6817-200\主图\BQ6817-200.jpg,1346,,,
dummy_images\Shoes\NIKE\备份\20250826\NIKE DUNK SB BQ6817-200\附图\BQ6817 01.jpg,1346,dummy_images\Shoes\NIKE\已整理\20250826\NIKE DUNK SB BQ6817-200\附图\BQ6817 01.jpg,,
dummy_images\Shoes\NIKE\备份\20250826\NIKE DUNK SB BQ6817-200\附图\BQ6817 02.jpg,1346,dummy_images\Shoes\NIKE\已整理\20250826\NIKE DUNK SB BQ6817-200\附图\BQ6817 02.jpg,,
dummy_images\Shoes\NIKE\备份\20250826\NIKE DUNK SB BQ6817-200\附图\BQ6817 03.jpg,1346,dummy_images\Shoes\NIKE\已整理\20250826\NIKE DUNK SB BQ6817-200\附图\BQ6817 03.jpg,,
dummy_images\Shoes\NIKE\备份\20250826\NIKE DUNK SB BQ6817-200\详情\BQ6817 1.jpg,1346,dummy_images\Shoes\NIKE\已整理\20250826\NIKE DUNK SB BQ6817-200\详情\BQ6817 1.jpg,,
dummy_images\Shoes\NIKE\备份\20250826\NIKE DUNK SB BQ6817-200\详情\BQ6817 2.jpg,1346,dummy_images\Shoes\NIKE\已整理\20250826\NIKE DUNK SB BQ6817-200\详情\BQ6817 2.jpg,,
dummy_images\Shoes\NIKE\备份\20250826\NIKE DUNK SB BQ6817-200\详情\BQ6817 3.jpg,1346,dummy_images\Shoes\NIKE\已整理\20250826\NIKE DUNK SB BQ6817-200\详情\BQ6817 3.jpg,,
dummy_images\Shoes\NIKE\备份\20250826\NIKE DUNK SB BQ6817-200\详情\BQ6817 4.jpg,1346,dummy_images\Shoes\NIKE\已整理\20250826\NIKE DUNK SB BQ6817-200\详情\BQ6817 4.jpg,,
dummy_images\Shoes\NIKE\备份\20250826\NIKE DUNK SB BQ6817-200\详情\BQ6817 5.jpg,1346,dummy_images\Shoes\NIKE\已整理\20250826\NIKE DUNK SB BQ6817-200\详情\BQ6817 5.jpg,,
dummy_images\Shoes\NIKE\备份\20250826\NIKE DUNK SB BQ6817-200\详情\BQ6817 6.jpg,1346,dummy_images\Shoes\NIKE\已整理\20250826\NIKE DUNK SB BQ6817-200\详情\BQ6817 6.jpg,,
dummy_images\Shoes\NIKE\备份\20250826\NIKE DUNK SB LOW BLUE LOBSTER 313170-342\主图\313170-342.jpg,1347,,,
dummy_images\Shoes\NIKE\备份\20250826\NIKE DUNK SB LOW BLUE LOBSTER 313170-342\附图\313170 01.jpg,1347,dummy_images\Shoes\NIKE\已整理\20250826\NIKE DUNK SB LOW BLUE LOBSTER 313170-342\附图\313170 01.jpg,,
dummy_images\Shoes\NIKE\备份\20250826\NIKE DUNK SB LOW BLUE LOBSTER 313170-342\附图\313170 02.jpg,1347,dummy_images\Shoes\NIKE\已整理\20250826\NIKE DUNK SB LOW BLUE LOBSTER 313170-342\附图\313170 02.jpg,,
dummy_images\Shoes\NIKE\备份\20250826\NIKE DUNK SB LOW BLUE LOBSTER 313170-342\附图\313170 03.jpg,1347,dummy_images\Shoes\NIKE\已整理\20250826\NIKE DUNK SB LOW BLUE LOBSTER 313170-342\附图\313170 03.jpg,,
dummy_images\Shoes\NIKE\备份\20250826\NIKE DUNK SB LOW BLUE LOBSTER 313170-342\附图\313170 04.jpg,1347,dummy_images\Shoes\NIKE\已整理\20250826\NIKE DUNK SB LOW BLUE LOBSTER 313170-342\附图\313170 04.jpg,,
dummy_images\Shoes\NIKE\备份\20250826\NIKE DUNK SB LOW BLUE LOBSTER 313170-342\详情\313170 1.jpg,1347,dummy_images\Shoes\NIKE\已整理\20250826\NIKE DUNK SB LOW BLUE LOBSTER 313170-342\详情\313170 1.jpg,,
dummy_images\Shoes\NIKE\备份\20250826\NIKE DUNK SB LOW BLUE LOBSTER 313170-342\详情\313170 2.jpg,1347,dummy_images\Shoes\NIKE\已整理\20250826\NIKE DUNK SB LOW BLUE LOBSTER 313170-342\详情\313170 2.jpg,,
dummy_images\Shoes\NIKE\备份\20250826\NIKE DUNK SB LOW BLUE LOBSTER 313170-342\详情\313170 3.jpg,1347,dummy_images\Shoes\NIKE\已整理\20250826\NIKE DUNK SB LOW BLUE LOBSTER 313170-342\详情\313170 3.jpg,,
dummy_images\Shoes\NIKE\备份\20250826\NIKE DUNK SB LOW BLUE LOBSTER 313170-342\详情\313170 4.jpg,1347,dummy_images\Shoes\NIKE\已整理\20250826\NIKE DUNK SB LOW BLUE LOBSTER 313170-342\详情\313170 4.jpg,,
dummy_images\Shoes\NIKE\备份\20250826\NIKE DUNK SB LOW BLUE LOBSTER 313170-342\详情\313170 5.jpg,1347,dummy_images\Shoes\NIKE\已整理\20250826\NIKE DUNK SB LOW BLUE LOBSTER 313170-342\详情\313170 5.jpg,,
dummy_images\Shoes\NIKE\备份\20250826\NIKE DUNK SB LOW BLUE LOBSTER 313170-342\详情\313170 6.jpg,1347,dummy_images\Shoes\NIKE\已整理\20250826\NIKE DUNK SB LOW BLUE LOBSTER 313170-342\详情\313170 6.jpg,,
dummy_images\Shoes\NIKE\备份\20250826\NIKE DUNK SB LOW BLUE LOBSTER 313170-342\详情\313170 7.jpg,1347,dummy_images\Shoes\NIKE\已整理\20250826\NIKE DUNK SB LOW BLUE LOBSTER 313170-342\详情\313170 7.jpg,,
dummy_images\Shoes\NIKE\备份\20250826\NIKE DUNK SB LOW BLUE LOBSTER 313170-342\详情\313170 8.jpg,1347,dummy_images\Shoes\NIKE\已整理\20250826\NIKE DUNK SB LOW BLUE LOBSTER 313170-342\详情\313170 8.jpg,,
dummy_images\Shoes\NIKE\备份\20250826\NIKE DUNK SB LOW BLUE LOBSTER BV1310-555\主图\BV1310-555.jpg,1348,,,
dummy_images\Shoes\NIKE\备份\20250826\NIKE DUNK SB LOW BLUE LOBSTER BV1310-555\附图\BV1310-555-01.jpg,1348,dummy_images\Shoes\NIKE\已整理\20250826\NIKE DUNK SB LOW BLUE LOBSTER BV1310-555\附图\BV1310-555-01.jpg,,
dummy_images\Shoes\NIKE\备份\20250826\NIKE DUNK SB LOW BLUE LOBSTER BV1310-555\附图\BV1310-555-02.jpg,1348,dummy_images\Shoes\NIKE\已整理\20250826\NIKE DUNK SB LOW BLUE LOBSTER BV1310-555\附图\BV1310-555-02.jpg,,
dummy_images\Shoes\NIKE\备份\20250826\NIKE DUNK SB LOW BLUE LOBSTER BV1310-555\附图\BV1310-555-03.jpg,1348,dummy_images\Shoes\NIKE\已整理\20250826\NIKE DUNK SB LOW BLUE LOBSTER BV1310-555\附图\BV1310-555-03.jpg,,
dummy_images\Shoes\NIKE\备份\20250826\NIKE DUNK SB LOW BLUE LOBSTER BV1310-555\附图\BV1310-555-04.jpg,1348,dummy_images\Shoes\NIKE\已整理\20250826\NIKE DUNK SB LOW BLUE LOBSTER BV1310-555\附图\BV1310-555-04.jpg,,
dummy_images\Shoes\NIKE\备份\20250826\NIKE DUNK SB LOW BLUE LOBSTER BV1310-555\附图\BV1310-555-05.jpg,1348,dummy_images\Shoes\NIKE\已整理\20250826\NIKE DUNK SB LOW BLUE LOBSTER BV1310-555\附图\BV1310-555-05.jpg,,
dummy_images\Shoes\NIKE\备份\20250826\NIKE DUNK SB LOW BLUE LOBSTER BV1310-555\详情\BV1310-555-1.jpg,1348,dummy_images\Shoes\NIKE\已整理\20250826\NIKE DUNK SB LOW BLUE LOBSTER BV1310-555\详情\BV1310-555 1.jpg,,
dummy_images\Shoes\NIKE\备份\20250826\NIKE DUNK SB LOW BLUE LOBSTER BV1310-555\详情\BV1310-555-2.jpg,1348,dummy_images\Shoes\NIKE\已整理\20250826\NIKE DUNK SB LOW BLUE LOBSTER BV1310-555\详情\BV1310-555 2.jpg,,
dummy_images\Shoes\NIKE\备份\20250826\NIKE DUNK SB LOW BLUE LOBSTER BV1310-555\详情\BV1310-555-3.jpg,1348,dummy_images\Shoes\NIKE\已整理\20250826\NIKE DUNK SB LOW BLUE LOBSTER BV1310-555\详情\BV1310-555 3.jpg,,
dummy_images\Shoes\NIKE\备份\20250826\NIKE DUNK SB LOW BLUE LOBSTER BV1310-555\详情\BV1310-555-4.jpg,1348,dummy_images\Shoes\NIKE\已整理\20250826\NIKE DUNK SB LOW BLUE LOBSTER BV1310-555\详情\BV1310-555 4.jpg,,
dummy_images\Shoes\NIKE\备份\20250826\NIKE DUNK SB LOW BLUE LOBSTER BV1310-555\详情\BV1310-555-5.jpg,1348,dummy_images\Shoes\NIKE\已整理\20250826\NIKE DUNK SB LOW BLUE LOBSTER BV1310-555\详情\BV1310-555 5.jpg,,
dummy_images\Shoes\NIKE\备份\20250826\NIKE DUNK SB LOW BLUE LOBSTER BV1310-555\详情\BV1310-555-6.jpg,1348,dummy_images\Shoes\NIKE\已整理\20250826\NIKE DUNK SB LOW BLUE LOBSTER BV1310-555\详情\BV1310-555 6.jpg,,
dummy_images\Shoes\NIKE\备份\20250826\NIKE DUNK SB LOW DM0807-300\附图\9530f6a3-feaf-4f8a-997a-6cbe1f3dedd7_.jpg,1349,dummy_images\Shoes\NIKE\已整理\20250826\NIKE DUNK SB LOW DM0807-300\附图\9530f6a3-feaf-4f8a-997a-6cbe1f3dedd7_.jpg,,
dummy_images\Shoes\NIKE\备份\20250826\NIKE DUNK SB LOW DM0807-300\附图\d2f5ff5d-6cef-48c3-87cb-c968b3ce6d53_.jpg,1349,dummy_images\Shoes\NIKE\已整理\20250826\NIKE DUNK SB LOW DM0807-300\附图\d2f5ff5d-6cef-48c3-87cb-c968b3ce6d53_.jpg,,
dummy_images\Shoes\NIKE\备份\20250826\NIKE DUNK SB LOW DM0807-300\附图\f08431c9-2a78-49e4-a205-770e67d00fd0_.jpg,1349,dummy_images\Shoes\NIKE\已整理\20250826\NIKE DUNK SB LOW DM0807-300\附图\f08431c9-2a78-49e4-a205-770e67d00fd0_.jpg,,
dummy_images\Shoes\NIKE\备份\20250826\NIKE DUNK SB LOW DM0807-300\详情\DM0807-300 2.jpeg,1349,dummy_images\Shoes\NIKE\已整理\20250826\NIKE DUNK SB LOW DM0807-300\详情\DM0807-300 2.jpg,,
dummy_images\Shoes\NIKE\备份\20250826\NIKE DUNK SB LOW DM0807-300\详情\DM0807-300 3.jpeg,1349,dummy_images\Shoes\NIKE\已整理\20250826\NIKE DUNK SB LOW DM0807-300\详情\DM0807-300 3.jpg,,
dummy_images\Shoes\NIKE\备份\20250826\NIKE DUNK SB LOW DM0807-300\详情\DM0807-300 4.jpeg,1349,dummy_images\Shoes\NIKE\已整理\20250826\NIKE DUNK SB LOW DM0807-300\详情\DM0807-300 4.jpg,,
dummy_images\Shoes\NIKE\备份\20250826\NIKE DUNK SB LOW DM0807-300\详情\DM0807-300 5.jpeg,1349,dummy_images\Shoes\NIKE\已整理\20250826\NIKE DUNK SB LOW DM0807-300\详情\DM0807-300 5.jpg,,
dummy_images\Shoes\NIKE\备份\20250826\NIKE DUNK SB LOW DM0807-300\详情\DM0807-300 6.jpeg,1349,dummy_images\Shoes\NIKE\已整理\20250826\NIKE DUNK SB LOW DM0807-300\详情\DM0807-300 6.jpg,,
dummy_images\Shoes\NIKE\备份\20250826\NIKE DUNK SB LOW DM0807-300\详情\DM0807-300 7.jpeg,1349,dummy_images\Shoes\NIKE\已整理\20250826\NIKE DUNK SB LOW DM0807-300\详情\DM0807-300 7.jpg,,
dummy_images\Shoes\NIKE\备份\20250826\NIKE DUNK SB LOW DM0807-300\详情\DM0807-300 8.jpeg,1349,dummy_images\Shoes\NIKE\已整理\20250826\NIKE DUNK SB LOW DM0807-300\详情\DM0807-300 8.jpg,,
dummy_images\Shoes\NIKE\备份\20250826\NIKE DUNK SB LOW DM0807-300\详情\DM0807-300 9.jpeg,1349,dummy_images\Shoes\NIKE\已整理\20250826\NIKE DUNK SB LOW DM0807-300\详情\DM0807-300 9.jpg,,
dummy_images\Shoes\NIKE\备份\20250826\NIKE DUNK SB LOW DM0807-300\详情\DM0807-300 10.jpeg,1349,dummy_images\Shoes\NIKE\已整理\20250826\NIKE DUNK SB LOW DM0807-300\详情\DM0807-300 10.jpg,,
dummy_images\Shoes\NIKE\备份\20250826\NIKE DUNK WHY SO SAD X NIKE SB DUNK LOW DX5549-400\主图\DX5549-400.png,1350,,,
dummy_images\Shoes\NIKE\备份\20250826\NIKE DUNK WHY SO SAD X NIKE SB DUNK LOW DX5549-400\附图\DX5549 01.jpg,1350,dummy_images\Shoes\NIKE\已整理\20250826\NIKE DUNK WHY SO SAD X NIKE SB DUNK LOW DX5549-400\附图\DX5549 01.jpg,,
dummy_images\Shoes\NIKE\备份\20250826\NIKE DUNK WHY SO SAD X NIKE SB DUNK LOW DX5549-400\附图\DX5549 02.jpg,1350,dummy_images\Shoes\NIKE\已整理\20250826\NIKE DUNK WHY SO SAD X NIKE SB DUNK LOW DX5549-400\附图\DX5549 02.jpg,,
dummy_images\Shoes\NIKE\备份\20250826\NIKE DUNK WHY SO SAD X NIKE SB DUNK LOW DX5549-400\附图\DX5549 03.jpg,1350,dummy_images\Shoes\NIKE\已整理\20250826\NIKE DUNK WHY SO SAD X NIKE SB DUNK LOW DX5549-400\附图\DX5549 03.jpg,,
dummy_images\Shoes\NIKE\备份\20250826\NIKE DUNK WHY SO SAD X NIKE SB DUNK LOW DX5549-400\附图\DX5549 04.jpg,1350,dummy_images\Shoes\NIKE\已整理\20250826\NIKE DUNK WHY SO SAD X NIKE SB DUNK LOW DX5549-400\附图\DX5549 04.jpg,,
dummy_images\Shoes\NIKE\备份\20250826\NIKE DUNK WHY SO SAD X NIKE SB DUNK LOW DX5549-400\附图\DX5549 05.jpg,1350,dummy_images\Shoes\NIKE\已整理\20250826\NIKE DUNK WHY SO SAD X NIKE SB DUNK LOW DX5549-400\附图\DX5549 05.jpg,,
dummy_images\Shoes\NIKE\备份\20250826\NIKE DUNK WHY SO SAD X NIKE SB DUNK LOW DX5549-400\详情\DX5549 1.jpg,1350,dummy_images\Shoes\NIKE\已整理\20250826\NIKE DUNK WHY SO SAD X NIKE SB DUNK LOW DX5549-400\详情\DX5549 1.jpg,,
dummy_images\Shoes\NIKE\备份\20250826\NIKE DUNK WHY SO SAD X NIKE SB DUNK LOW DX5549-400\详情\DX5549 2.jpg,1350,dummy_images\Shoes\NIKE\已整理\20250826\NIKE DUNK WHY SO SAD X NIKE SB DUNK LOW DX5549-400\详情\DX5549 2.jpg,,
dummy_images\Shoes\NIKE\备份\20250826\NIKE DUNK WHY SO SAD X NIKE SB DUNK LOW DX5549-400\详情\DX5549 3.jpg,1350,dummy_images\Shoes\NIKE\已整理\20250826\NIKE DUNK WHY SO SAD X NIKE SB DUNK LOW DX5549-400\详情\DX5549 3.jpg,,
dummy_images\Shoes\NIKE\备份\20250826\NIKE DUNK WHY SO SAD X NIKE SB DUNK LOW DX5549-400\详情\DX5549 4.jpg,1350,dummy_images\Shoes\NIKE\已整理\20250826\NIKE DUNK WHY SO SAD X NIKE SB DUNK LOW DX5549-400\详情\DX5549 4.jpg,,
dummy_images\Shoes\NIKE\备份\20250826\NIKE DUNK WHY SO SAD X NIKE SB DUNK LOW DX5549-400\详情\DX5549 5.jpg,1350,dummy_images\Shoes\NIKE\已整理\20250826\NIKE DUNK WHY SO SAD X NIKE SB DUNK LOW DX5549-400\详情\DX5549 5.jpg,,
dummy_images\Shoes\NIKE\备份\20250826\NIKE DUNK WHY SO SAD X NIKE SB DUNK LOW DX5549-400\详情\DX5549 6.jpg,1350,dummy_images\Shoes\NIKE\已整理\20250826\NIKE DUNK WHY SO SAD X NIKE SB DUNK LOW DX5549-400\详情\DX5549 6.jpg,,
dummy_images\Shoes\NIKE\备份\20250826\NIKE EBAY X NIKE SB DUNK LOW SANDY BODECKER FD8777-100\主图\FD8777-100.png,1351,,,
dummy_images\Shoes\NIKE\备份\20250826\NIKE EBAY X NIKE SB DUNK LOW SANDY BODECKER FD8777-100\附图\FD8777-100 01_看图王.jpg,1351,dummy_images\Shoes\NIKE\已整理\20250826\NIKE EBAY X NIKE SB DUNK LOW SANDY BODECKER FD8777-100\附图\FD8777-100 01_看图王.jpg,,
dummy_images\Shoes\NIKE\备份\20250826\NIKE EBAY X NIKE SB DUNK LOW SANDY BODECKER FD8777-100\附图\FD8777-100 02_看图王.jpg,1351,dummy_images\Shoes\NIKE\已整理\20250826\NIKE EBAY X NIKE SB DUNK LOW SANDY BODECKER FD8777-100\附图\FD8777-100 02_看图王.jpg,,
dummy_images\Shoes\NIKE\备份\20250826\NIKE EBAY X NIKE SB DUNK LOW SANDY BODECKER FD8777-100\附图\FD8777-100 03_看图王.jpg,1351,dummy_images\Shoes\NIKE\已整理\20250826\NIKE EBAY X NIKE SB DUNK LOW SANDY BODECKER FD8777-100\附图\FD8777-100 03_看图王.jpg,,
dummy_images\Shoes\NIKE\备份\20250826\NIKE EBAY X NIKE SB DUNK LOW SANDY BODECKER FD8777-100\附图\FD8777-100 04_看图王.jpg,1351,dummy_images\Shoes\NIKE\已整理\20250826\NIKE EBAY X NIKE SB DUNK LOW SANDY BODECKER FD8777-100\附图\FD8777-100 04_看图王.jpg,,
dummy_images\Shoes\NIKE\备份\20250826\NIKE EBAY X NIKE SB DUNK LOW SANDY BODECKER FD8777-100\附图\FD8777-100 05_看图王.jpg,1351,dummy_images\Shoes\NIKE\已整理\20250826\NIKE EBAY X NIKE SB DUNK LOW SANDY BODECKER FD8777-100\附图\FD8777-100 05_看图王.jpg,,
dummy_images\Shoes\NIKE\备份\20250826\NIKE EBAY X NIKE SB DUNK LOW SANDY BODECKER FD8777-100\详情\FD8777-100 1.jpg,1351,dummy_images\Shoes\NIKE\已整理\20250826\NIKE EBAY X NIKE SB DUNK LOW SANDY BODECKER FD8777-100\详情\FD8777-100 1.jpg,,
dummy_images\Shoes\NIKE\备份\20250826\NIKE EBAY X NIKE SB DUNK LOW SANDY BODECKER FD8777-100\详情\FD8777-100 2.jpg,1351,dummy_images\Shoes\NIKE\已整理\20250826\NIKE EBAY X NIKE SB DUNK LOW SANDY BODECKER FD8777-100\详情\FD8777-100 2.jpg,,
dummy_images\Shoes\NIKE\备份\20250826\NIKE EBAY X NIKE SB DUNK LOW SANDY BODECKER FD8777-100\详情\FD8777-100 3.jpg,1351,dummy_images\Shoes\NIKE\已整理\20250826\NIKE EBAY X NIKE SB DUNK LOW SANDY BODECKER FD8777-100\详情\FD8777-100 3.jpg,,
dummy_images\Shoes\NIKE\备份\20250826\NIKE EBAY X NIKE SB DUNK LOW SANDY BODECKER FD8777-100\详情\FD8777-100 4.jpg,1351,dummy_images\Shoes\NIKE\已整理\20250826\NIKE EBAY X NIKE SB DUNK LOW SANDY BODECKER FD8777-100\详情\FD8777-100 4.jpg,,
dummy_images\Shoes\NIKE\备份\20250826\NIKE EBAY X NIKE SB DUNK LOW SANDY BODECKER FD8777-100\详情\FD8777-100 5.jpg,1351,dummy_images\Shoes\NIKE\已整理\20250826\NIKE EBAY X NIKE SB DUNK LOW SANDY BODECKER FD8777-100\详情\FD8777-100 5.jpg,,
dummy_images\Shoes\NIKE\备份\20250826\NIKE EBAY X NIKE SB DUNK LOW SANDY BODECKER FD8777-100\详情\FD8777-100 6.jpg,1351,dummy_images\Shoes\NIKE\已整理\20250826\NIKE EBAY X NIKE SB DUNK LOW SANDY BODECKER FD8777-100\详情\FD8777-100 6.jpg,,
dummy_images\Shoes\NIKE\备份\20250826\NIKE FRO SKATE X NIKE SB DUNK HIGH ALL LOVE NO HATE DH7778-100\主图\DH7778-100.png,1352,,,
dummy_images\Shoes\NIKE\备份\20250826\NIKE FRO SKATE X NIKE SB DUNK HIGH ALL LOVE NO HATE DH7778-100\附图\DH7778-100 01_看图王.jpg,1352,dummy_images\Shoes\NIKE\已整理\20250826\NIKE FRO SKATE X NIKE SB DUNK HIGH ALL LOVE NO HATE DH7778-100\附图\DH7778-100 01_看图王.jpg,,
dummy_images\Shoes\NIKE\备份\20250826\NIKE FRO SKATE X NIKE SB DUNK HIGH ALL LOVE NO HATE DH7778-100\附图\DH7778-100 02_看图王.jpg,1352,dummy_images\Shoes\NIKE\已整理\20250826\NIKE FRO SKATE X NIKE SB DUNK HIGH ALL LOVE NO HATE DH7778-100\附图\DH7778-100 02_看图王.jpg,,
dummy_images\Shoes\NIKE\备份\20250826\NIKE FRO SKATE X NIKE SB DUNK HIGH ALL LOVE NO HATE DH7778-100\附图\DH7778-100 03_看图王.jpg,1352,dummy_images\Shoes\NIKE\已整理\20250826\NIKE FRO SKATE X NIKE SB DUNK HIGH ALL LOVE NO HATE DH7778-100\附图\DH7778-100 03_看图王.jpg,,
dummy_images\Shoes\NIKE\备份\20250826\NIKE FRO SKATE X NIKE SB DUNK HIGH ALL LOVE NO HATE DH7778-100\详情\DH7778-100 1.jpeg,1352,dummy_images\Shoes\NIKE\已整理\20250826\NIKE FRO SKATE X NIKE SB DUNK HIGH ALL LOVE NO HATE DH7778-100\详情\DH7778-100 1.jpg,,
dummy_images\Shoes\NIKE\备份\20250826\NIKE FRO SKATE X NIKE SB DUNK HIGH ALL LOVE NO HATE DH7778-100\详情\DH7778-100 2.jpeg,1352,dummy_images\Shoes\NIKE\已整理\20250826\NIKE FRO SKATE X NIKE SB DUNK HIGH ALL LOVE NO HATE DH7778-100\详情\DH7778-100 2.jpg,,
dummy_images\Shoes\NIKE\备份\20250826\NIKE FRO SKATE X NIKE SB DUNK HIGH ALL LOVE NO HATE DH7778-100\详情\DH7778-100 3.jpeg,1352,dummy_images\Shoes\NIKE\已整理\20250826\NIKE FRO SKATE X NIKE SB DUNK HIGH ALL LOVE NO HATE DH7778-100\详情\DH7778-100 3.jpg,,
dummy_images\Shoes\NIKE\备份\20250826\NIKE FRO SKATE X NIKE SB DUNK HIGH ALL LOVE NO HATE DH7778-100\详情\DH7778-100 4.jpeg,1352,dummy_images\Shoes\NIKE\已整理\20250826\NIKE FRO SKATE X NIKE SB DUNK HIGH ALL LOVE NO HATE DH7778-100\详情\DH7778-100 4.jpg,,
dummy_images\Shoes\NIKE\备份\20250826\NIKE FRO SKATE X NIKE SB DUNK HIGH ALL LOVE NO HATE DH7778-100\详情\DH7778-100 5.jpeg,1352,dummy_images\Shoes\NIKE\已整理\20250826\NIKE FRO SKATE X NIKE SB DUNK HIGH ALL LOVE NO HATE DH7778-100\详情\DH7778-100 5.jpg,,
dummy_images\Shoes\NIKE\备份\20250826\NIKE HUF X NIKE SB DUNK LOW SAN FRANCISCO FD8775-001\主图\FD8775-001.jpg,1353,,,
dummy_images\Shoes\NIKE\备份\20250826\NIKE HUF X NIKE SB DUNK LOW SAN FRANCISCO FD8775-001\附图\FD8775 01.jpg,1353,dummy_images\Shoes\NIKE\已整理\20250826\NIKE HUF X NIKE SB DUNK LOW SAN FRANCISCO FD8775-001\附图\FD8775 01.jpg,,
dummy_images\Shoes\NIKE\备份\20250826\NIKE HUF X NIKE SB DUNK LOW SAN FRANCISCO FD8775-001\附图\FD8775 02.jpg,1353,dummy_images\Shoes\NIKE\已整理\20250826\NIKE HUF X NIKE SB DUNK LOW SAN FRANCISCO FD8775-001\附图\FD8775 02.jpg,,
dummy_images\Shoes\NIKE\备份\20250826\NIKE HUF X NIKE SB DUNK LOW SAN FRANCISCO FD8775-001\附图\FD8775 03.jpg,1353,dummy_images\Shoes\NIKE\已整理\20250826\NIKE HUF X NIKE SB DUNK LOW SAN FRANCISCO FD8775-001\附图\FD8775 03.jpg,,
dummy_images\Shoes\NIKE\备份\20250826\NIKE HUF X NIKE SB DUNK LOW SAN FRANCISCO FD8775-001\附图\FD8775 04.jpg,1353,dummy_images\Shoes\NIKE\已整理\20250826\NIKE HUF X NIKE SB DUNK LOW SAN FRANCISCO FD8775-001\附图\FD8775 04.jpg,,
dummy_images\Shoes\NIKE\备份\20250826\NIKE HUF X NIKE SB DUNK LOW SAN FRANCISCO FD8775-001\详情\FD8775 1.jpg,1353,dummy_images\Shoes\NIKE\已整理\20250826\NIKE HUF X NIKE SB DUNK LOW SAN FRANCISCO FD8775-001\详情\FD8775 1.jpg,,
dummy_images\Shoes\NIKE\备份\20250826\NIKE HUF X NIKE SB DUNK LOW SAN FRANCISCO FD8775-001\详情\FD8775 2.jpg,1353,dummy_images\Shoes\NIKE\已整理\20250826\NIKE HUF X NIKE SB DUNK LOW SAN FRANCISCO FD8775-001\详情\FD8775 2.jpg,,
dummy_images\Shoes\NIKE\备份\20250826\NIKE HUF X NIKE SB DUNK LOW SAN FRANCISCO FD8775-001\详情\FD8775 3.jpg,1353,dummy_images\Shoes\NIKE\已整理\20250826\NIKE HUF X NIKE SB DUNK LOW SAN FRANCISCO FD8775-001\详情\FD8775 3.jpg,,
dummy_images\Shoes\NIKE\备份\20250826\NIKE HUF X NIKE SB DUNK LOW SAN FRANCISCO FD8775-001\详情\FD8775 4.jpg,1353,dummy_images\Shoes\NIKE\已整理\20250826\NIKE HUF X NIKE SB DUNK LOW SAN FRANCISCO FD8775-001\详情\FD8775 4.jpg,,
dummy_images\Shoes\NIKE\备份\20250826\NIKE NIKE DUNK LOW CAU DR6189-001\主图\DR6189-001.jpg,1354,,,
dummy_images\Shoes\NIKE\备份\20250826\NIKE NIKE DUNK LOW CAU DR6189-001\附图\DR6189-001 01.jpg,1354,,,
dummy_images\Shoes\NIKE\备份\20250826\NIKE NIKE DUNK LOW CAU DR6189-001\附图\DR6189-001 02.jpg,1354,,,
dummy_images\Shoes\NIKE\备份\20250826\NIKE NIKE DUNK LOW CAU DR6189-001\附图\DR6189-001 003.jpg,1354,,,
dummy_images\Shoes\NIKE\备份\20250826\NIKE NIKE DUNK LOW CAU DR6189-001\附图\DR6189-001 004.jpg,1354,dummy_images\Shoes\NIKE\已整理\20250826\NIKE NIKE DUNK LOW CAU DR6189-001\附图\DR6189-001 004.jpg,,
dummy_images\Shoes\NIKE\备份\20250826\NIKE NIKE DUNK LOW CAU DR6189-001\附图\DR6189-001 005.jpg,1354,dummy_images\Shoes\NIKE\已整理\20250826\NIKE NIKE DUNK LOW CAU DR6189-001\附图\DR6189-001 005.jpg,,
dummy_images\Shoes\NIKE\备份\20250826\NIKE NIKE DUNK LOW CAU DR6189-001\详情\DR6189-001-1.jpg,1354,dummy_images\Shoes\NIKE\已整理\20250826\NIKE NIKE DUNK LOW CAU DR6189-001\详情\DR6189-001-1.jpg,,
dummy_images\Shoes\NIKE\备份\20250826\NIKE NIKE DUNK LOW CAU DR6189-001\详情\DR6189-001-2.jpg,1354,dummy_images\Shoes\NIKE\已整理\20250826\NIKE NIKE DUNK LOW CAU DR6189-001\详情\DR6189-001-2.jpg,,
dummy_images\Shoes\NIKE\备份\20250826\NIKE NIKE DUNK LOW CAU DR6189-001\详情\DR6189-001-3.jpg,1354,dummy_images\Shoes\NIKE\已整理\20250826\NIKE NIKE DUNK LOW CAU DR6189-001\详情\DR6189-001-3.jpg,,
dummy_images\Shoes\NIKE\备份\20250826\NIKE NIKE DUNK LOW CAU DR6189-001\详情\DR6189-001-4.jpg,1354,dummy_images\Shoes\NIKE\已整理\20250826\NIKE NIKE DUNK LOW CAU DR6189-001\详情\DR6189-001-4.jpg,,
dummy_images\Shoes\NIKE\备份\20250826\NIKE NIKE DUNK LOW CAU DR6189-001\详情\DR6189-001-5.jpg,1354,dummy_images\Shoes\NIKE\已整理\20250826\NIKE NIKE DUNK LOW CAU DR6189-001\详情\DR6189-001-5.jpg,,
dummy_images\Shoes\NIKE\备份\20250826\NIKE NIKE DUNK LOW CAU DR6189-001\详情\DR6189-001-6.jpg,1354,dummy_images\Shoes\NIKE\已整理\20250826\NIKE NIKE DUNK LOW CAU DR6189-001\详情\DR6189-001-6.jpg,,
dummy_images\Shoes\NIKE\备份\20250826\NIKE NIKE DUNK LOW PLAID DV0827-100\主图\DV0827-100.jpg,1355,,,
dummy_images\Shoes\NIKE\备份\20250826\NIKE NIKE DUNK LOW PLAID DV0827-100\附图\10001.jpg,1355,dummy_images\Shoes\NIKE\已整理\20250826\NIKE NIKE DUNK LOW PLAID DV0827-100\附图\1.jpg,,
dummy_images\Shoes\NIKE\备份\20250826\NIKE NIKE DUNK LOW PLAID DV0827-100\附图\10003.jpg,1355,dummy_images\Shoes\NIKE\已整理\20250826\NIKE NIKE DUNK LOW PLAID DV0827-100\附图\2.jpg,,
dummy_images\Shoes\NIKE\备份\20250826\NIKE NIKE DUNK LOW PLAID DV0827-100\附图\10005.jpg,1355,dummy_images\Shoes\NIKE\已整理\20250826\NIKE NIKE DUNK LOW PLAID DV0827-100\附图\未标题-2.jpg,,
dummy_images\Shoes\NIKE\备份\20250826\NIKE NIKE DUNK LOW PLAID DV0827-100\详情\DV0827 1.jpeg,1355,dummy_images\Shoes\NIKE\已整理\20250826\NIKE NIKE DUNK LOW PLAID DV0827-100\详情\DV0827 1.jpg,,
dummy_images\Shoes\NIKE\备份\20250826\NIKE NIKE DUNK LOW PLAID DV0827-100\详情\DV0827 2.jpeg,1355,dummy_images\Shoes\NIKE\已整理\20250826\NIKE NIKE DUNK LOW PLAID DV0827-100\详情\DV0827 2.jpg,,
dummy_images\Shoes\NIKE\备份\20250826\NIKE NIKE DUNK LOW PLAID DV0827-100\详情\DV0827 3.jpeg,1355,dummy_images\Shoes\NIKE\已整理\20250826\NIKE NIKE DUNK LOW PLAID DV0827-100\详情\DV0827 3.jpg,,
dummy_images\Shoes\NIKE\备份\20250826\NIKE NIKE DUNK LOW PLAID DV0827-100\详情\DV0827 4.jpeg,1355,dummy_images\Shoes\NIKE\已整理\20250826\NIKE NIKE DUNK LOW PLAID DV0827-100\详情\DV0827 4.jpg,,
dummy_images\Shoes\NIKE\备份\20250826\NIKE NIKE DUNK LOW PLAID DV0827-100\详情\DV0827 5.jpeg,1355,dummy_images\Shoes\NIKE\已整理\20250826\NIKE NIKE DUNK LOW PLAID DV0827-100\详情\DV0827 5.jpg,,
dummy_images\Shoes\NIKE\备份\20250826\NIKE SB DUNK HIGH BLUE CAMO DD3359-001\主图\DD3359.jpg,1356,,,
dummy_images\Shoes\NIKE\备份\20250826\NIKE SB DUNK HIGH BLUE CAMO DD3359-001\附图\DD3359 01.jpg,1356,dummy_images\Shoes\NIKE\已整理\20250826\NIKE SB DUNK HIGH BLUE CAMO DD3359-001\附图\DD3359 01.jpg,,
dummy_images\Shoes\NIKE\备份\20250826\NIKE SB DUNK HIGH BLUE CAMO DD3359-001\附图\DD3359 02.jpg,1356,dummy_images\Shoes\NIKE\已整理\20250826\NIKE SB DUNK HIGH BLUE CAMO DD3359-001\附图\DD3359 02.jpg,,
dummy_images\Shoes\NIKE\备份\20250826\NIKE SB DUNK HIGH BLUE CAMO DD3359-001\附图\DD3359 03.jpg,1356,dummy_images\Shoes\NIKE\已整理\20250826\NIKE SB DUNK HIGH BLUE CAMO DD3359-001\附图\DD3359 03.jpg,,
dummy_images\Shoes\NIKE\备份\20250826\NIKE SB DUNK HIGH BLUE CAMO DD3359-001\附图\DD3359 04.jpg,1356,dummy_images\Shoes\NIKE\已整理\20250826\NIKE SB DUNK HIGH BLUE CAMO DD3359-001\附图\DD3359 04.jpg,,
dummy_images\Shoes\NIKE\备份\20250826\NIKE SB DUNK HIGH BLUE CAMO DD3359-001\详情\DD3359 1.jpeg,1356,dummy_images\Shoes\NIKE\已整理\20250826\NIKE SB DUNK HIGH BLUE CAMO DD3359-001\详情\DD3359 1.jpg,,
dummy_images\Shoes\NIKE\备份\20250826\NIKE SB DUNK HIGH BLUE CAMO DD3359-001\详情\DD3359 2.jpeg,1356,dummy_images\Shoes\NIKE\已整理\20250826\NIKE SB DUNK HIGH BLUE CAMO DD3359-001\详情\DD3359 2.jpg,,
dummy_images\Shoes\NIKE\备份\20250826\NIKE SB DUNK HIGH BLUE CAMO DD3359-001\详情\DD3359 3.jpeg,1356,dummy_images\Shoes\NIKE\已整理\20250826\NIKE SB DUNK HIGH BLUE CAMO DD3359-001\详情\DD3359 3.jpg,,
dummy_images\Shoes\NIKE\备份\20250826\NIKE SB DUNK HIGH BLUE CAMO DD3359-001\详情\DD3359 4.jpeg,1356,dummy_images\Shoes\NIKE\已整理\20250826\NIKE SB DUNK HIGH BLUE CAMO DD3359-001\详情\DD3359 4.jpg,,
dummy_images\Shoes\NIKE\备份\20250826\NIKE SB DUNK HIGH BLUE CAMO DD3359-001\详情\DD3359 5.jpeg,1356,dummy_images\Shoes\NIKE\已整理\20250826\NIKE SB DUNK HIGH BLUE CAMO DD3359-001\详情\DD3359 5.jpg,,
dummy_images\Shoes\NIKE\备份\20250826\NIKE SB DUNK HIGH BLUE CAMO DD3359-001\详情\DD3359 6.jpeg,1356,dummy_images\Shoes\NIKE\已整理\20250826\NIKE SB DUNK HIGH BLUE CAMO DD3359-001\详情\DD3359 6.jpg,,
dummy_images\Shoes\NIKE\备份\20250826\NIKE SB DUNK HIGH BLUE CAMO DD3359-001\详情\DD3359 7.jpeg,1356,dummy_images\Shoes\NIKE\已整理\20250826\NIKE SB DUNK HIGH BLUE CAMO DD3359-001\详情\DD3359 7.jpg,,
dummy_images\Shoes\NIKE\备份\20250826\NIKE SB DUNK HIGH BLUE CAMO DD3359-001\详情\DD3359 8.jpeg,1356,dummy_images\Shoes\NIKE\已整理\20250826\NIKE SB DUNK HIGH BLUE CAMO DD3359-001\详情\DD3359 8.jpg,,
dummy_images\Shoes\NIKE\备份\20250826\NIKE SB DUNK HIGH BLUE CAMO DD3359-001\详情\DD3359 9.jpeg,1356,dummy_images\Shoes\NIKE\已整理\20250826\NIKE SB DUNK HIGH BLUE CAMO DD3359-001\详情\DD3359 9.jpg,,
dummy_images\Shoes\NIKE\备份\20250826\NIKE SB DUNK HIGH CZ8149-700\主图\10001.jpg,1357,,,
dummy_images\Shoes\NIKE\备份\20250826\NIKE SB DUNK HIGH CZ8149-700\附图\10002.jpg,1357,dummy_images\Shoes\NIKE\已整理\20250826\NIKE SB DUNK HIGH CZ8149-700\附图\10002.jpg,,
dummy_images\Shoes\NIKE\备份\20250826\NIKE SB DUNK HIGH CZ8149-700\附图\10003.jpg,1357,dummy_images\Shoes\NIKE\已整理\20250826\NIKE SB DUNK HIGH CZ8149-700\附图\10003.jpg,,
dummy_images\Shoes\NIKE\备份\20250826\NIKE SB DUNK HIGH CZ8149-700\附图\10005.jpg,1357,dummy_images\Shoes\NIKE\已整理\20250826\NIKE SB DUNK HIGH CZ8149-700\附图\10005.jpg,,
dummy_images\Shoes\NIKE\备份\20250826\NIKE SB DUNK HIGH CZ8149-700\详情\CZ8149-700 1.jpg,1357,dummy_images\Shoes\NIKE\已整理\20250826\NIKE SB DUNK HIGH CZ8149-700\详情\CZ8149-700 1.jpg,,
dummy_images\Shoes\NIKE\备份\20250826\NIKE SB DUNK HIGH CZ8149-700\详情\CZ8149-700 2.jpg,1357,dummy_images\Shoes\NIKE\已整理\20250826\NIKE SB DUNK HIGH CZ8149-700\详情\CZ8149-700 2.jpg,,
dummy_images\Shoes\NIKE\备份\20250826\NIKE SB DUNK HIGH CZ8149-700\详情\CZ8149-700 3.jpg,1357,dummy_images\Shoes\NIKE\已整理\20250826\NIKE SB DUNK HIGH CZ8149-700\详情\CZ8149-700 3.jpg,,
dummy_images\Shoes\NIKE\备份\20250826\NIKE SB DUNK HIGH CZ8149-700\详情\CZ8149-700 4.jpg,1357,dummy_images\Shoes\NIKE\已整理\20250826\NIKE SB DUNK HIGH CZ8149-700\详情\CZ8149-700 4.jpg,,
dummy_images\Shoes\NIKE\备份\20250826\NIKE SB DUNK HIGH CZ8149-700\详情\CZ8149-700 5.jpg,1357,dummy_images\Shoes\NIKE\已整理\20250826\NIKE SB DUNK HIGH CZ8149-700\详情\CZ8149-700 5.jpg,,
dummy_images\Shoes\NIKE\备份\20250826\NIKE SB DUNK LOW BE TRUE DX5933-900\主图\DX5933-900.jpg,1358,,,
dummy_images\Shoes\NIKE\备份\20250826\NIKE SB DUNK LOW BE TRUE DX5933-900\附图\DX5933-900 01.jpg,1358,dummy_images\Shoes\NIKE\已整理\20250826\NIKE SB DUNK LOW BE TRUE DX5933-900\附图\DX5933-900 01.jpg,,
dummy_images\Shoes\NIKE\备份\20250826\NIKE SB DUNK LOW BE TRUE DX5933-900\附图\DX5933-900 02.jpg,1358,dummy_images\Shoes\NIKE\已整理\20250826\NIKE SB DUNK LOW BE TRUE DX5933-900\附图\DX5933-900 02.jpg,,
dummy_images\Shoes\NIKE\备份\20250826\NIKE SB DUNK LOW BE TRUE DX5933-900\详情\DX5933-900 1.jpeg,1358,dummy_images\Shoes\NIKE\已整理\20250826\NIKE SB DUNK LOW BE TRUE DX5933-900\详情\DX5933-900 1.jpg,,
dummy_images\Shoes\NIKE\备份\20250826\NIKE SB DUNK LOW BE TRUE DX5933-900\详情\DX5933-900 2.jpeg,1358,dummy_images\Shoes\NIKE\已整理\20250826\NIKE SB DUNK LOW BE TRUE DX5933-900\详情\DX5933-900 2.jpg,,
dummy_images\Shoes\NIKE\备份\20250826\NIKE SB DUNK LOW BE TRUE DX5933-900\详情\DX5933-900 3.jpeg,1358,dummy_images\Shoes\NIKE\已整理\20250826\NIKE SB DUNK LOW BE TRUE DX5933-900\详情\DX5933-900 3.jpg,,
dummy_images\Shoes\NIKE\备份\20250826\NIKE SB DUNK LOW BE TRUE DX5933-900\详情\DX5933-900 4.jpeg,1358,dummy_images\Shoes\NIKE\已整理\20250826\NIKE SB DUNK LOW BE TRUE DX5933-900\详情\DX5933-900 4.jpg,,
dummy_images\Shoes\NIKE\备份\20250826\NIKE SB DUNK LOW BE TRUE DX5933-900\详情\DX5933-900 5.jpeg,1358,dummy_images\Shoes\NIKE\已整理\20250826\NIKE SB DUNK LOW BE TRUE DX5933-900\详情\DX5933-900 5.jpg,,
dummy_images\Shoes\NIKE\备份\20250826\NIKE SB DUNK LOW BE TRUE DX5933-900\详情\DX5933-900 6.jpeg,1358,dummy_images\Shoes\NIKE\已整理\20250826\NIKE SB DUNK LOW BE TRUE DX5933-900\详情\DX5933-900 6.jpg,,
dummy_images\Shoes\NIKE\备份\20250826\NIKE SB DUNK LOW BE TRUE DX5933-900\详情\DX5933-900 7.jpeg,1358,dummy_images\Shoes\NIKE\已整理\20250826\NIKE SB DUNK LOW BE TRUE DX5933-900\详情\DX5933-900 7.jpg,,
dummy_images\Shoes\NIKE\备份\20250826\NIKE SB DUNK LOW BE TRUE DX5933-900\详情\DX5933-900 8.jpeg,1358,dummy_images\Shoes\NIKE\已整理\20250826\NIKE SB DUNK LOW BE TRUE DX5933-900\详情\DX5933-900 8.jpg,,
dummy_images\Shoes\NIKE\备份\20250826\NIKE SB DUNK LOW DARK DRIFTWOOD FD8775-100\主图\FD8775-100.png,1359,,,
dummy_images\Shoes\NIKE\备份\20250826\NIKE SB DUNK LOW DARK DRIFTWOOD FD8775-100\附图\FD8775 01.jpg,1359,dummy_images\Shoes\NIKE\已整理\20250826\NIKE SB DUNK LOW DARK DRIFTWOOD FD8775-100\附图\FD8775 01.jpg,,
dummy_images\Shoes\NIKE\备份\20250826\NIKE SB DUNK LOW DARK DRIFTWOOD FD8775-100\附图\FD8775 02.jpg,1359,dummy_images\Shoes\NIKE\已整理\20250826\NIKE SB DUNK LOW DARK DRIFTWOOD FD8775-100\附图\FD8775 02.jpg,,
dummy_images\Shoes\NIKE\备份\20250826\NIKE SB DUNK LOW DARK DRIFTWOOD FD8775-100\附图\FD8775 03.jpg,1359,dummy_images\Shoes\NIKE\已整理\20250826\NIKE SB DUNK LOW DARK DRIFTWOOD FD8775-100\附图\FD8775 03.jpg,,
dummy_images\Shoes\NIKE\备份\20250826\NIKE SB DUNK LOW DARK DRIFTWOOD FD8775-100\附图\FD8775 04.jpg,1359,dummy_images\Shoes\NIKE\已整理\20250826\NIKE SB DUNK LOW DARK DRIFTWOOD FD8775-100\附图\FD8775 04.jpg,,
dummy_images\Shoes\NIKE\备份\20250826\NIKE SB DUNK LOW DARK DRIFTWOOD FD8775-100\详情\FD8775 1.jpeg,1359,dummy_images\Shoes\NIKE\已整理\20250826\NIKE SB DUNK LOW DARK DRIFTWOOD FD8775-100\详情\FD8775 1.jpg,,
dummy_images\Shoes\NIKE\备份\20250826\NIKE SB DUNK LOW DARK DRIFTWOOD FD8775-100\详情\FD8775 2.jpeg,1359,dummy_images\Shoes\NIKE\已整理\20250826\NIKE SB DUNK LOW DARK DRIFTWOOD FD8775-100\详情\FD8775 2.jpg,,
dummy_images\Shoes\NIKE\备份\20250826\NIKE SB DUNK LOW DARK DRIFTWOOD FD8775-100\详情\FD8775 3.jpeg,1359,dummy_images\Shoes\NIKE\已整理\20250826\NIKE SB DUNK LOW DARK DRIFTWOOD FD8775-100\详情\FD8775 3.jpg,,
dummy_images\Shoes\NIKE\备份\20250826\NIKE SB DUNK LOW DARK DRIFTWOOD FD8775-100\详情\FD8775 4.jpeg,1359,dummy_images\Shoes\NIKE\已整理\20250826\NIKE SB DUNK LOW DARK DRIFTWOOD FD8775-100\详情\FD8775 4.jpg,,
dummy_images\Shoes\NIKE\备份\20250826\NIKE SB DUNK LOW DARK DRIFTWOOD FD8775-100\详情\FD8775 5.jpeg,1359,dummy_images\Shoes\NIKE\已整理\20250826\NIKE SB DUNK LOW DARK DRIFTWOOD FD8775-100\详情\FD8775 5.jpg,,
dummy_images\Shoes\NIKE\备份\20250826\NIKE SB DUNK LOW DARK DRIFTWOOD FD8775-100\详情\FD8775 6.jpeg,1359,dummy_images\Shoes\NIKE\已整理\20250826\NIKE SB DUNK LOW DARK DRIFTWOOD FD8775-100\详情\FD8775 6.jpg,,
dummy_images\Shoes\NIKE\备份\20250826\NIKE SB DUNK LOW DARK DRIFTWOOD FD8775-100\详情\FD8775 7.jpeg,1359,dummy_images\Shoes\NIKE\已整理\20250826\NIKE SB DUNK LOW DARK DRIFTWOOD FD8775-100\详情\FD8775 7.jpg,,
dummy_images\Shoes\NIKE\备份\20250826\NIKE SB DUNK LOW DARK DRIFTWOOD FD8775-100\详情\FD8775 8.jpeg,1359,dummy_images\Shoes\NIKE\已整理\20250826\NIKE SB DUNK LOW DARK DRIFTWOOD FD8775-100\详情\FD8775 8.jpg,,
dummy_images\Shoes\NIKE\备份\20250826\NIKE SB DUNK LOW DARK DRIFTWOOD FD8775-100\详情\FD8775 9.jpeg,1359,dummy_images\Shoes\NIKE\已整理\20250826\NIKE SB DUNK LOW DARK DRIFTWOOD FD8775-100\详情\FD8775 9.jpg,,
dummy_images\Shoes\NIKE\备份\20250826\NIKE SB DUNK LOW DARK DRIFTWOOD FD8775-100\详情\FD8775 10.jpeg,1359,dummy_images\Shoes\NIKE\已整理\20250826\NIKE SB DUNK LOW DARK DRIFTWOOD FD8775-100\详情\FD8775 10.jpg,,
dummy_images\Shoes\NIKE\备份\20250826\NIKE SB DUNK LOW DARK DRIFTWOOD FD8775-100\详情\FD8775 11.jpeg,1359,dummy_images\Shoes\NIKE\已整理\20250826\NIKE SB DUNK LOW DARK DRIFTWOOD FD8775-100\详情\FD8775 11.jpg,,
dummy_images\Shoes\NIKE\备份\20250826\NIKE SB DUNK LOW FAMU DR6188-800\主图\DR6188-800_看图王.jpg,1360,,,
dummy_images\Shoes\NIKE\备份\20250826\NIKE SB DUNK LOW FAMU DR6188-800\附图\DR6188 01.jpg,1360,dummy_images\Shoes\NIKE\已整理\20250826\NIKE SB DUNK LOW FAMU DR6188-800\附图\DR6188 01.jpg,,
dummy_images\Shoes\NIKE\备份\20250826\NIKE SB DUNK LOW FAMU DR6188-800\附图\DR6188 02.jpg,1360,dummy_images\Shoes\NIKE\已整理\20250826\NIKE SB DUNK LOW FAMU DR6188-800\附图\DR6188 02.jpg,,
dummy_images\Shoes\NIKE\备份\20250826\NIKE SB DUNK LOW FAMU DR6188-800\附图\DR6188 03.jpg,1360,dummy_images\Shoes\NIKE\已整理\20250826\NIKE SB DUNK LOW FAMU DR6188-800\附图\DR6188 03.jpg,,
dummy_images\Shoes\NIKE\备份\20250826\NIKE SB DUNK LOW FAMU DR6188-800\附图\DR6188 04.jpg,1360,dummy_images\Shoes\NIKE\已整理\20250826\NIKE SB DUNK LOW FAMU DR6188-800\附图\DR6188 04.jpg,,
dummy_images\Shoes\NIKE\备份\20250826\NIKE SB DUNK LOW FAMU DR6188-800\附图\DR6188 05.jpg,1360,dummy_images\Shoes\NIKE\已整理\20250826\NIKE SB DUNK LOW FAMU DR6188-800\附图\DR6188 05.jpg,,
dummy_images\Shoes\NIKE\备份\20250826\NIKE SB DUNK LOW FAMU DR6188-800\详情\DR6188 1.jpg,1360,dummy_images\Shoes\NIKE\已整理\20250826\NIKE SB DUNK LOW FAMU DR6188-800\详情\DR6188 1.jpg,,
dummy_images\Shoes\NIKE\备份\20250826\NIKE SB DUNK LOW FAMU DR6188-800\详情\DR6188 2.jpg,1360,dummy_images\Shoes\NIKE\已整理\20250826\NIKE SB DUNK LOW FAMU DR6188-800\详情\DR6188 2.jpg,,
dummy_images\Shoes\NIKE\备份\20250826\NIKE SB DUNK LOW FAMU DR6188-800\详情\DR6188 3.jpg,1360,dummy_images\Shoes\NIKE\已整理\20250826\NIKE SB DUNK LOW FAMU DR6188-800\详情\DR6188 3.jpg,,
dummy_images\Shoes\NIKE\备份\20250826\NIKE SB DUNK LOW FAMU DR6188-800\详情\DR6188 4.jpg,1360,dummy_images\Shoes\NIKE\已整理\20250826\NIKE SB DUNK LOW FAMU DR6188-800\详情\DR6188 4.jpg,,
dummy_images\Shoes\NIKE\备份\20250826\NIKE SB DUNK LOW FAMU DR6188-800\详情\DR6188 5.jpg,1360,dummy_images\Shoes\NIKE\已整理\20250826\NIKE SB DUNK LOW FAMU DR6188-800\详情\DR6188 5.jpg,,
dummy_images\Shoes\NIKE\备份\20250826\NIKE SB DUNK LOW FAMU DR6188-800\详情\DR6188 6.jpg,1360,dummy_images\Shoes\NIKE\已整理\20250826\NIKE SB DUNK LOW FAMU DR6188-800\详情\DR6188 6.jpg,,
dummy_images\Shoes\NIKE\备份\20250826\NIKE SB DUNK LOW FAMU DR6188-800\详情\DR6188 7.jpg,1360,dummy_images\Shoes\NIKE\已整理\20250826\NIKE SB DUNK LOW FAMU DR6188-800\详情\DR6188 7.jpg,,
dummy_images\Shoes\NIKE\备份\20250826\NIKE SB DUNK LOW GRAFFITI DM0108-400\主图\10002.png,1361,,,
dummy_images\Shoes\NIKE\备份\20250826\NIKE SB DUNK LOW GRAFFITI DM0108-400\附图\DM0108 01.png,1361,dummy_images\Shoes\NIKE\已整理\20250826\NIKE SB DUNK LOW GRAFFITI DM0108-400\附图\DM0108 01.jpg,,
dummy_images\Shoes\NIKE\备份\20250826\NIKE SB DUNK LOW GRAFFITI DM0108-400\附图\DM0108 02.png,1361,dummy_images\Shoes\NIKE\已整理\20250826\NIKE SB DUNK LOW GRAFFITI DM0108-400\附图\DM0108 02.jpg,,
dummy_images\Shoes\NIKE\备份\20250826\NIKE SB DUNK LOW GRAFFITI DM0108-400\附图\DM0108 03.png,1361,dummy_images\Shoes\NIKE\已整理\20250826\NIKE SB DUNK LOW GRAFFITI DM0108-400\附图\DM0108 03.jpg,,
dummy_images\Shoes\NIKE\备份\20250826\NIKE SB DUNK LOW GRAFFITI DM0108-400\附图\DM0108 04.png,1361,dummy_images\Shoes\NIKE\已整理\20250826\NIKE SB DUNK LOW GRAFFITI DM0108-400\附图\DM0108 04.jpg,,
dummy_images\Shoes\NIKE\备份\20250826\NIKE SB DUNK LOW GRAFFITI DM0108-400\详情\DM0108 1.jpeg,1361,dummy_images\Shoes\NIKE\已整理\20250826\NIKE SB DUNK LOW GRAFFITI DM0108-400\详情\DM0108 1.jpg,,
dummy_images\Shoes\NIKE\备份\20250826\NIKE SB DUNK LOW GRAFFITI DM0108-400\详情\DM0108 2.jpeg,1361,dummy_images\Shoes\NIKE\已整理\20250826\NIKE SB DUNK LOW GRAFFITI DM0108-400\详情\DM0108 2.jpg,,
dummy_images\Shoes\NIKE\备份\20250826\NIKE SB DUNK LOW GRAFFITI DM0108-400\详情\DM0108 3.jpeg,1361,dummy_images\Shoes\NIKE\已整理\20250826\NIKE SB DUNK LOW GRAFFITI DM0108-400\详情\DM0108 3.jpg,,
dummy_images\Shoes\NIKE\备份\20250826\NIKE SB DUNK LOW GRAFFITI DM0108-400\详情\DM0108 4.jpeg,1361,dummy_images\Shoes\NIKE\已整理\20250826\NIKE SB DUNK LOW GRAFFITI DM0108-400\详情\DM0108 4.jpg,,
dummy_images\Shoes\NIKE\备份\20250826\NIKE SB DUNK LOW GRAFFITI DM0108-400\详情\DM0108 5.jpeg,1361,dummy_images\Shoes\NIKE\已整理\20250826\NIKE SB DUNK LOW GRAFFITI DM0108-400\详情\DM0108 5.jpg,,
dummy_images\Shoes\NIKE\备份\20250826\NIKE SB DUNK LOW GRAFFITI DM0108-400\详情\DM0108 6.jpeg,1361,dummy_images\Shoes\NIKE\已整理\20250826\NIKE SB DUNK LOW GRAFFITI DM0108-400\详情\DM0108 6.jpg,,
dummy_images\Shoes\NIKE\备份\20250826\NIKE SB DUNK LOW GRAFFITI DM0108-400\详情\DM0108 7.jpeg,1361,dummy_images\Shoes\NIKE\已整理\20250826\NIKE SB DUNK LOW GRAFFITI DM0108-400\详情\DM0108 7.jpg,,
dummy_images\Shoes\NIKE\备份\20250826\NIKE SB DUNK LOW GS SPLIT DX6063-131\主图\DX6063-131.jpg,1362,,,
dummy_images\Shoes\NIKE\备份\20250826\NIKE SB DUNK LOW GS SPLIT DX6063-131\附图\DX6063 01.jpg,1362,dummy_images\Shoes\NIKE\已整理\20250826\NIKE SB DUNK LOW GS SPLIT DX6063-131\附图\DX6063 01.jpg,,
dummy_images\Shoes\NIKE\备份\20250826\NIKE SB DUNK LOW GS SPLIT DX6063-131\附图\DX6063 02.jpg,1362,dummy_images\Shoes\NIKE\已整理\20250826\NIKE SB DUNK LOW GS SPLIT DX6063-131\附图\DX6063 02.jpg,,
dummy_images\Shoes\NIKE\备份\20250826\NIKE SB DUNK LOW GS SPLIT DX6063-131\附图\DX6063 03.jpg,1362,dummy_images\Shoes\NIKE\已整理\20250826\NIKE SB DUNK LOW GS SPLIT DX6063-131\附图\DX6063 03.jpg,,
dummy_images\Shoes\NIKE\备份\20250826\NIKE SB DUNK LOW GS SPLIT DX6063-131\附图\DX6063 04.jpg,1362,dummy_images\Shoes\NIKE\已整理\20250826\NIKE SB DUNK LOW GS SPLIT DX6063-131\附图\DX6063 04.jpg,,
dummy_images\Shoes\NIKE\备份\20250826\NIKE SB DUNK LOW GS SPLIT DX6063-131\详情\DX6063 1.jpeg,1362,dummy_images\Shoes\NIKE\已整理\20250826\NIKE SB DUNK LOW GS SPLIT DX6063-131\详情\DX6063 1.jpg,,
dummy_images\Shoes\NIKE\备份\20250826\NIKE SB DUNK LOW GS SPLIT DX6063-131\详情\DX6063 2.jpeg,1362,dummy_images\Shoes\NIKE\已整理\20250826\NIKE SB DUNK LOW GS SPLIT DX6063-131\详情\DX6063 2.jpg,,
dummy_images\Shoes\NIKE\备份\20250826\NIKE SB DUNK LOW GS SPLIT DX6063-131\详情\DX6063 3.jpeg,1362,dummy_images\Shoes\NIKE\已整理\20250826\NIKE SB DUNK LOW GS SPLIT DX6063-131\详情\DX6063 3.jpg,,
dummy_images\Shoes\NIKE\备份\20250826\NIKE SB DUNK LOW GS SPLIT DX6063-131\详情\DX6063 4.jpeg,1362,dummy_images\Shoes\NIKE\已整理\20250826\NIKE SB DUNK LOW GS SPLIT DX6063-131\详情\DX6063 4.jpg,,
dummy_images\Shoes\NIKE\备份\20250826\NIKE SB DUNK LOW GS SPLIT DX6063-131\详情\DX6063 5.jpeg,1362,dummy_images\Shoes\NIKE\已整理\20250826\NIKE SB DUNK LOW GS SPLIT DX6063-131\详情\DX6063 5.jpg,,
dummy_images\Shoes\NIKE\备份\20250826\NIKE SB DUNK LOW GS SPLIT DX6063-131\详情\DX6063 6.jpeg,1362,dummy_images\Shoes\NIKE\已整理\20250826\NIKE SB DUNK LOW GS SPLIT DX6063-131\详情\DX6063 6.jpg,,
dummy_images\Shoes\NIKE\备份\20250826\NIKE SB DUNK LOW GS SPLIT DX6063-131\详情\DX6063 7.jpeg,1362,dummy_images\Shoes\NIKE\已整理\20250826\NIKE SB DUNK LOW GS SPLIT DX6063-131\详情\DX6063 7.jpg,,
dummy_images\Shoes\NIKE\备份\20250826\NIKE SB DUNK LOW GS SPLIT DX6063-131\详情\DX6063 8.jpeg,1362,dummy_images\Shoes\NIKE\已整理\20250826\NIKE SB DUNK LOW GS SPLIT DX6063-131\详情\DX6063 8.jpg,,
dummy_images\Shoes\NIKE\备份\20250826\NIKE SB DUNK LOW GS SPLIT DX6063-131\详情\DX6063 9.jpeg,1362,dummy_images\Shoes\NIKE\已整理\20250826\NIKE SB DUNK LOW GS SPLIT DX6063-131\详情\DX6063 9.jpg,,
dummy_images\Shoes\NIKE\备份\20250826\NIKE SB DUNK LOW IRON GREY DQ7681-001\主图\https___hypebeast.com_image_2022_10_nike-dunk-low-halloween-dq7681-001-release-info-001_看图王.jpg,1363,,,
dummy_images\Shoes\NIKE\备份\20250826\NIKE SB DUNK LOW IRON GREY DQ7681-001\附图\https___hypebeast.com_image_2022_10_nike-dunk-low-halloween-DQ7681-001-release-info-01_看图王.jpg,1363,dummy_images\Shoes\NIKE\已整理\20250826\NIKE SB DUNK LOW IRON GREY DQ7681-001\附图\https___hypebeast.com_image_2022_10_nike-dunk-low-halloween-DQ7681-001-release-info-01_看图王.jpg,,
dummy_images\Shoes\NIKE\备份\20250826\NIKE SB DUNK LOW IRON GREY DQ7681-001\附图\https___hypebeast.com_image_2022_10_nike-dunk-low-halloween-dq7681-001-release-info-03_看图王.jpg,1363,dummy_images\Shoes\NIKE\已整理\20250826\NIKE SB DUNK LOW IRON GREY DQ7681-001\附图\https___hypebeast.com_image_2022_10_nike-dunk-low-halloween-dq7681-001-release-info-03_看图王.jpg,,
dummy_images\Shoes\NIKE\备份\20250826\NIKE SB DUNK LOW IRON GREY DQ7681-001\附图\https___hypebeast.com_image_2022_10_nike-dunk-low-halloween-dq7681-001-release-info-04_看图王.jpg,1363,dummy_images\Shoes\NIKE\已整理\20250826\NIKE SB DUNK LOW IRON GREY DQ7681-001\附图\https___hypebeast.com_image_2022_10_nike-dunk-low-halloween-dq7681-001-release-info-04_看图王.jpg,,
dummy_images\Shoes\NIKE\备份\20250826\NIKE SB DUNK LOW IRON GREY DQ7681-001\附图\https___hypebeast.com_image_2022_10_nike-dunk-low-halloween-dq7681-001-release-info-05_看图王.jpg,1363,dummy_images\Shoes\NIKE\已整理\20250826\NIKE SB DUNK LOW IRON GREY DQ7681-001\附图\https___hypebeast.com_image_2022_10_nike-dunk-low-halloween-dq7681-001-release-info-05_看图王.jpg,,
dummy_images\Shoes\NIKE\备份\20250826\NIKE SB DUNK LOW IRON GREY DQ7681-001\附图\https___hypebeast.com_image_2022_10_nike-dunk-low-halloween-dq7681-001-release-info-06_看图王.jpg,1363,dummy_images\Shoes\NIKE\已整理\20250826\NIKE SB DUNK LOW IRON GREY DQ7681-001\附图\https___hypebeast.com_image_2022_10_nike-dunk-low-halloween-dq7681-001-release-info-06_看图王.jpg,,
dummy_images\Shoes\NIKE\备份\20250826\NIKE SB DUNK LOW IRON GREY DQ7681-001\详情\DQ7681 1.jpeg,1363,dummy_images\Shoes\NIKE\已整理\20250826\NIKE SB DUNK LOW IRON GREY DQ7681-001\详情\DQ7681 1.jpg,,
dummy_images\Shoes\NIKE\备份\20250826\NIKE SB DUNK LOW IRON GREY DQ7681-001\详情\DQ7681 2.jpeg,1363,dummy_images\Shoes\NIKE\已整理\20250826\NIKE SB DUNK LOW IRON GREY DQ7681-001\详情\DQ7681 2.jpg,,
dummy_images\Shoes\NIKE\备份\20250826\NIKE SB DUNK LOW IRON GREY DQ7681-001\详情\DQ7681 3.jpeg,1363,dummy_images\Shoes\NIKE\已整理\20250826\NIKE SB DUNK LOW IRON GREY DQ7681-001\详情\DQ7681 3.jpg,,
dummy_images\Shoes\NIKE\备份\20250826\NIKE SB DUNK LOW IRON GREY DQ7681-001\详情\DQ7681 4.jpeg,1363,dummy_images\Shoes\NIKE\已整理\20250826\NIKE SB DUNK LOW IRON GREY DQ7681-001\详情\DQ7681 4.jpg,,
dummy_images\Shoes\NIKE\备份\20250826\NIKE SB DUNK LOW IRON GREY DQ7681-001\详情\DQ7681 5.jpeg,1363,dummy_images\Shoes\NIKE\已整理\20250826\NIKE SB DUNK LOW IRON GREY DQ7681-001\详情\DQ7681 5.jpg,,
dummy_images\Shoes\NIKE\备份\20250826\NIKE SB DUNK LOW IRON GREY DQ7681-001\详情\DQ7681 6.jpeg,1363,dummy_images\Shoes\NIKE\已整理\20250826\NIKE SB DUNK LOW IRON GREY DQ7681-001\详情\DQ7681 6.jpg,,
dummy_images\Shoes\NIKE\备份\20250826\NIKE SB DUNK LOW IRON GREY DQ7681-001\详情\DQ7681 7.jpeg,1363,dummy_images\Shoes\NIKE\已整理\20250826\NIKE SB DUNK LOW IRON GREY DQ7681-001\详情\DQ7681 7.jpg,,
dummy_images\Shoes\NIKE\备份\20250826\NIKE SB DUNK LOW IRON GREY DQ7681-001\详情\DQ7681 8.jpeg,1363,dummy_images\Shoes\NIKE\已整理\20250826\NIKE SB DUNK LOW IRON GREY DQ7681-001\详情\DQ7681 8.jpg,,
dummy_images\Shoes\NIKE\备份\20250826\NIKE SB DUNK LOW IRON GREY DQ7681-001\详情\DQ7681 9.jpeg,1363,dummy_images\Shoes\NIKE\已整理\20250826\NIKE SB DUNK LOW IRON GREY DQ7681-001\详情\DQ7681 9.jpg,,
dummy_images\Shoes\NIKE\备份\20250826\NIKE SB DUNK LOW J-PACK SHADOW BQ6817-007\主图\BQ6817-007.jpg,1364,,,
dummy_images\Shoes\NIKE\备份\20250826\NIKE SB DUNK LOW J-PACK SHADOW BQ6817-007\附图\BQ6817-007 01.jpg,1364,dummy_images\Shoes\NIKE\已整理\20250826\NIKE SB DUNK LOW J-PACK SHADOW BQ6817-007\附图\BQ6817-007 01.jpg,,
dummy_images\Shoes\NIKE\备份\20250826\NIKE SB DUNK LOW J-PACK SHADOW BQ6817-007\附图\BQ6817-007 02.jpg,1364,dummy_images\Shoes\NIKE\已整理\20250826\NIKE SB DUNK LOW J-PACK SHADOW BQ6817-007\附图\BQ6817-007 02.jpg,,
dummy_images\Shoes\NIKE\备份\20250826\NIKE SB DUNK LOW J-PACK SHADOW BQ6817-007\附图\BQ6817-007 03.jpg,1364,dummy_images\Shoes\NIKE\已整理\20250826\NIKE SB DUNK LOW J-PACK SHADOW BQ6817-007\附图\BQ6817-007 03.jpg,,
dummy_images\Shoes\NIKE\备份\20250826\NIKE SB DUNK LOW J-PACK SHADOW BQ6817-007\附图\BQ6817-007 04.jpg,1364,dummy_images\Shoes\NIKE\已整理\20250826\NIKE SB DUNK LOW J-PACK SHADOW BQ6817-007\附图\BQ6817-007 04.jpg,,
dummy_images\Shoes\NIKE\备份\20250826\NIKE SB DUNK LOW J-PACK SHADOW BQ6817-007\详情\BQ6817-007 1.jpeg,1364,dummy_images\Shoes\NIKE\已整理\20250826\NIKE SB DUNK LOW J-PACK SHADOW BQ6817-007\详情\BQ6817-007 1.jpg,,
dummy_images\Shoes\NIKE\备份\20250826\NIKE SB DUNK LOW J-PACK SHADOW BQ6817-007\详情\BQ6817-007 2.jpeg,1364,dummy_images\Shoes\NIKE\已整理\20250826\NIKE SB DUNK LOW J-PACK SHADOW BQ6817-007\详情\BQ6817-007 2.jpg,,
dummy_images\Shoes\NIKE\备份\20250826\NIKE SB DUNK LOW J-PACK SHADOW BQ6817-007\详情\BQ6817-007 3.jpeg,1364,dummy_images\Shoes\NIKE\已整理\20250826\NIKE SB DUNK LOW J-PACK SHADOW BQ6817-007\详情\BQ6817-007 3.jpg,,
dummy_images\Shoes\NIKE\备份\20250826\NIKE SB DUNK LOW J-PACK SHADOW BQ6817-007\详情\BQ6817-007 4.jpeg,1364,dummy_images\Shoes\NIKE\已整理\20250826\NIKE SB DUNK LOW J-PACK SHADOW BQ6817-007\详情\BQ6817-007 4.jpg,,
dummy_images\Shoes\NIKE\备份\20250826\NIKE SB DUNK LOW J-PACK SHADOW BQ6817-007\详情\BQ6817-007 5.jpeg,1364,dummy_images\Shoes\NIKE\已整理\20250826\NIKE SB DUNK LOW J-PACK SHADOW BQ6817-007\详情\BQ6817-007 5.jpg,,
dummy_images\Shoes\NIKE\备份\20250826\NIKE SB DUNK LOW J-PACK SHADOW BQ6817-007\详情\BQ6817-007 6.jpeg,1364,dummy_images\Shoes\NIKE\已整理\20250826\NIKE SB DUNK LOW J-PACK SHADOW BQ6817-007\详情\BQ6817-007 6.jpg,,
dummy_images\Shoes\NIKE\备份\20250826\NIKE SB DUNK LOW J-PACK SHADOW BQ6817-007\详情\BQ6817-007 7.jpeg,1364,dummy_images\Shoes\NIKE\已整理\20250826\NIKE SB DUNK LOW J-PACK SHADOW BQ6817-007\详情\BQ6817-007 7.jpg,,
dummy_images\Shoes\NIKE\备份\20250826\NIKE SB DUNK LOW J-PACK SHADOW BQ6817-007\详情\BQ6817-007 8.jpeg,1364,dummy_images\Shoes\NIKE\已整理\20250826\NIKE SB DUNK LOW J-PACK SHADOW BQ6817-007\详情\BQ6817-007 8.jpg,,
dummy_images\Shoes\NIKE\备份\20250826\NIKE SB DUNK LOW J-PACK SHADOW BQ6817-007\详情\BQ6817-007 9.jpeg,1364,dummy_images\Shoes\NIKE\已整理\20250826\NIKE SB DUNK LOW J-PACK SHADOW BQ6817-007\详情\BQ6817-007 9.jpg,,
dummy_images\Shoes\NIKE\备份\20250826\NIKE SB DUNK LOW KHAKI FB4960-210\主图\FB4960-210.jpeg,1365,,,
dummy_images\Shoes\NIKE\备份\20250826\NIKE SB DUNK LOW KHAKI FB4960-210\附图\FB4960 01.jpeg,1365,dummy_images\Shoes\NIKE\已整理\20250826\NIKE SB DUNK LOW KHAKI FB4960-210\附图\FB4960 01.jpg,,
dummy_images\Shoes\NIKE\备份\20250826\NIKE SB DUNK LOW KHAKI FB4960-210\附图\FB4960-210 02.jpeg,1365,dummy_images\Shoes\NIKE\已整理\20250826\NIKE SB DUNK LOW KHAKI FB4960-210\附图\FB4960-210 02.jpg,,
dummy_images\Shoes\NIKE\备份\20250826\NIKE SB DUNK LOW KHAKI FB4960-210\附图\FB4960-210 03.jpeg,1365,dummy_images\Shoes\NIKE\已整理\20250826\NIKE SB DUNK LOW KHAKI FB4960-210\附图\FB4960-210 03.jpg,,
dummy_images\Shoes\NIKE\备份\20250826\NIKE SB DUNK LOW KHAKI FB4960-210\附图\FB4960-210 04.jpeg,1365,dummy_images\Shoes\NIKE\已整理\20250826\NIKE SB DUNK LOW KHAKI FB4960-210\附图\FB4960-210 04.jpg,,
dummy_images\Shoes\NIKE\备份\20250826\NIKE SB DUNK LOW KHAKI FB4960-210\详情\FB4960 1.jpeg,1365,dummy_images\Shoes\NIKE\已整理\20250826\NIKE SB DUNK LOW KHAKI FB4960-210\详情\FB4960 1.jpg,,
dummy_images\Shoes\NIKE\备份\20250826\NIKE SB DUNK LOW KHAKI FB4960-210\详情\FB4960 2.jpeg,1365,dummy_images\Shoes\NIKE\已整理\20250826\NIKE SB DUNK LOW KHAKI FB4960-210\详情\FB4960 2.jpg,,
dummy_images\Shoes\NIKE\备份\20250826\NIKE SB DUNK LOW KHAKI FB4960-210\详情\FB4960 3.jpeg,1365,dummy_images\Shoes\NIKE\已整理\20250826\NIKE SB DUNK LOW KHAKI FB4960-210\详情\FB4960 3.jpg,,
dummy_images\Shoes\NIKE\备份\20250826\NIKE SB DUNK LOW KHAKI FB4960-210\详情\FB4960 4.jpeg,1365,dummy_images\Shoes\NIKE\已整理\20250826\NIKE SB DUNK LOW KHAKI FB4960-210\详情\FB4960 4.jpg,,
dummy_images\Shoes\NIKE\备份\20250826\NIKE SB DUNK LOW KHAKI FB4960-210\详情\FB4960 5.jpeg,1365,dummy_images\Shoes\NIKE\已整理\20250826\NIKE SB DUNK LOW KHAKI FB4960-210\详情\FB4960 5.jpg,,
dummy_images\Shoes\NIKE\备份\20250826\NIKE SB DUNK LOW KHAKI FB4960-210\详情\FB4960 6.jpeg,1365,dummy_images\Shoes\NIKE\已整理\20250826\NIKE SB DUNK LOW KHAKI FB4960-210\详情\FB4960 6.jpg,,
dummy_images\Shoes\NIKE\备份\20250826\NIKE SB DUNK LOW KHAKI FB4960-210\详情\FB4960 7.jpeg,1365,dummy_images\Shoes\NIKE\已整理\20250826\NIKE SB DUNK LOW KHAKI FB4960-210\详情\FB4960 7.jpg,,
dummy_images\Shoes\NIKE\备份\20250826\NIKE SB DUNK LOW KHAKI FB4960-210\详情\FB4960 8.jpeg,1365,dummy_images\Shoes\NIKE\已整理\20250826\NIKE SB DUNK LOW KHAKI FB4960-210\详情\FB4960 8.jpg,,
dummy_images\Shoes\NIKE\备份\20250826\NIKE SB DUNK LOW KHAKI FB4960-210\详情\FB4960 9.jpeg,1365,dummy_images\Shoes\NIKE\已整理\20250826\NIKE SB DUNK LOW KHAKI FB4960-210\详情\FB4960 9.jpg,,
dummy_images\Shoes\NIKE\备份\20250826\NIKE SB DUNK LOW LOS ANGELES DODGERS DO9395-400\主图\DO9395-400.jpg,1366,,,
dummy_images\Shoes\NIKE\备份\20250826\NIKE SB DUNK LOW LOS ANGELES DODGERS DO9395-400\附图\DO9395-400 01.jpg,1366,dummy_images\Shoes\NIKE\已整理\20250826\NIKE SB DUNK LOW LOS ANGELES DODGERS DO9395-400\附图\DO9395-400 01.jpg,,
dummy_images\Shoes\NIKE\备份\20250826\NIKE SB DUNK LOW LOS ANGELES DODGERS DO9395-400\附图\DO9395-400 02.jpg,1366,dummy_images\Shoes\NIKE\已整理\20250826\NIKE SB DUNK LOW LOS ANGELES DODGERS DO9395-400\附图\DO9395-400 02.jpg,,
dummy_images\Shoes\NIKE\备份\20250826\NIKE SB DUNK LOW LOS ANGELES DODGERS DO9395-400\附图\DO9395-400 03.jpg,1366,dummy_images\Shoes\NIKE\已整理\20250826\NIKE SB DUNK LOW LOS ANGELES DODGERS DO9395-400\附图\DO9395-400 03.jpg,,
dummy_images\Shoes\NIKE\备份\20250826\NIKE SB DUNK LOW LOS ANGELES DODGERS DO9395-400\详情\DO9395-400 1.jpg,1366,dummy_images\Shoes\NIKE\已整理\20250826\NIKE SB DUNK LOW LOS ANGELES DODGERS DO9395-400\详情\DO9395-400 1.jpg,,
dummy_images\Shoes\NIKE\备份\20250826\NIKE SB DUNK LOW LOS ANGELES DODGERS DO9395-400\详情\DO9395-400 2.jpg,1366,dummy_images\Shoes\NIKE\已整理\20250826\NIKE SB DUNK LOW LOS ANGELES DODGERS DO9395-400\详情\DO9395-400 2.jpg,,
dummy_images\Shoes\NIKE\备份\20250826\NIKE SB DUNK LOW LOS ANGELES DODGERS DO9395-400\详情\DO9395-400 3.jpg,1366,dummy_images\Shoes\NIKE\已整理\20250826\NIKE SB DUNK LOW LOS ANGELES DODGERS DO9395-400\详情\DO9395-400 3.jpg,,
dummy_images\Shoes\NIKE\备份\20250826\NIKE SB DUNK LOW LOS ANGELES DODGERS DO9395-400\详情\DO9395-400 4.jpg,1366,dummy_images\Shoes\NIKE\已整理\20250826\NIKE SB DUNK LOW LOS ANGELES DODGERS DO9395-400\详情\DO9395-400 4.jpg,,
dummy_images\Shoes\NIKE\备份\20250826\NIKE SB DUNK LOW LOS ANGELES DODGERS DO9395-400\详情\DO9395-400 5.jpg,1366,dummy_images\Shoes\NIKE\已整理\20250826\NIKE SB DUNK LOW LOS ANGELES DODGERS DO9395-400\详情\DO9395-400 5.jpg,,
dummy_images\Shoes\NIKE\备份\20250826\NIKE SB DUNK LOW LOS ANGELES DODGERS DO9395-400\详情\DO9395-400 6.jpg,1366,dummy_images\Shoes\NIKE\已整理\20250826\NIKE SB DUNK LOW LOS ANGELES DODGERS DO9395-400\详情\DO9395-400 6.jpg,,
dummy_images\Shoes\NIKE\备份\20250826\NIKE SB DUNK LOW LOS ANGELES DODGERS DO9395-400\详情\DO9395-400 7.jpg,1366,dummy_images\Shoes\NIKE\已整理\20250826\NIKE SB DUNK LOW LOS ANGELES DODGERS DO9395-400\详情\DO9395-400 7.jpg,,
dummy_images\Shoes\NIKE\备份\20250826\NIKE SB DUNK LOW ORANGE PAISLEY DH4401 103\主图\DH4401.jpeg,1367,,,
dummy_images\Shoes\NIKE\备份\20250826\NIKE SB DUNK LOW ORANGE PAISLEY DH4401 103\附图\DH4401 01.jpeg,1367,dummy_images\Shoes\NIKE\已整理\20250826\NIKE SB DUNK LOW ORANGE PAISLEY DH4401 103\附图\DH4401 01.jpg,,
dummy_images\Shoes\NIKE\备份\20250826\NIKE SB DUNK LOW ORANGE PAISLEY DH4401 103\附图\DH4401 02.jpeg,1367,dummy_images\Shoes\NIKE\已整理\20250826\NIKE SB DUNK LOW ORANGE PAISLEY DH4401 103\附图\DH4401 02.jpg,,
dummy_images\Shoes\NIKE\备份\20250826\NIKE SB DUNK LOW ORANGE PAISLEY DH4401 103\附图\DH4401 03.jpeg,1367,dummy_images\Shoes\NIKE\已整理\20250826\NIKE SB DUNK LOW ORANGE PAISLEY DH4401 103\附图\DH4401 03.jpg,,
dummy_images\Shoes\NIKE\备份\20250826\NIKE SB DUNK LOW ORANGE PAISLEY DH4401 103\附图\DH4401 04.jpeg,1367,dummy_images\Shoes\NIKE\已整理\20250826\NIKE SB DUNK LOW ORANGE PAISLEY DH4401 103\附图\DH4401 04.jpg,,
dummy_images\Shoes\NIKE\备份\20250826\NIKE SB DUNK LOW ORANGE PAISLEY DH4401 103\详情\DH4401 103 1.jpeg,1367,dummy_images\Shoes\NIKE\已整理\20250826\NIKE SB DUNK LOW ORANGE PAISLEY DH4401 103\详情\DH4401 103 1.jpg,,
dummy_images\Shoes\NIKE\备份\20250826\NIKE SB DUNK LOW ORANGE PAISLEY DH4401 103\详情\DH4401 103 2.jpeg,1367,dummy_images\Shoes\NIKE\已整理\20250826\NIKE SB DUNK LOW ORANGE PAISLEY DH4401 103\详情\DH4401 103 2.jpg,,
dummy_images\Shoes\NIKE\备份\20250826\NIKE SB DUNK LOW ORANGE PAISLEY DH4401 103\详情\DH4401 103 3.jpeg,1367,dummy_images\Shoes\NIKE\已整理\20250826\NIKE SB DUNK LOW ORANGE PAISLEY DH4401 103\详情\DH4401 103 3.jpg,,
dummy_images\Shoes\NIKE\备份\20250826\NIKE SB DUNK LOW ORANGE PAISLEY DH4401 103\详情\DH4401 103 4.jpeg,1367,dummy_images\Shoes\NIKE\已整理\20250826\NIKE SB DUNK LOW ORANGE PAISLEY DH4401 103\详情\DH4401 103 4.jpg,,
dummy_images\Shoes\NIKE\备份\20250826\NIKE SB DUNK LOW ORANGE PAISLEY DH4401 103\详情\DH4401 103 5.jpeg,1367,dummy_images\Shoes\NIKE\已整理\20250826\NIKE SB DUNK LOW ORANGE PAISLEY DH4401 103\详情\DH4401 103 5.jpg,,
dummy_images\Shoes\NIKE\备份\20250826\NIKE SB DUNK LOW ORANGE PAISLEY DH4401 103\详情\DH4401 103 6.jpeg,1367,dummy_images\Shoes\NIKE\已整理\20250826\NIKE SB DUNK LOW ORANGE PAISLEY DH4401 103\详情\DH4401 103 6.jpg,,
dummy_images\Shoes\NIKE\备份\20250826\NIKE SB DUNK LOW ORANGE PAISLEY DH4401 103\详情\DH4401 103 7.jpeg,1367,dummy_images\Shoes\NIKE\已整理\20250826\NIKE SB DUNK LOW ORANGE PAISLEY DH4401 103\详情\DH4401 103 7.jpg,,
dummy_images\Shoes\NIKE\备份\20250826\NIKE SB DUNK LOW ORANGE PAISLEY DH4401 103\详情\DH4401 103 8.jpeg,1367,dummy_images\Shoes\NIKE\已整理\20250826\NIKE SB DUNK LOW ORANGE PAISLEY DH4401 103\详情\DH4401 103 8.jpg,,
dummy_images\Shoes\NIKE\备份\20250826\NIKE SB DUNK LOW ORANGE PAISLEY DH4401 103\详情\DH4401 103 9.jpeg,1367,dummy_images\Shoes\NIKE\已整理\20250826\NIKE SB DUNK LOW ORANGE PAISLEY DH4401 103\详情\DH4401 103 9.jpg,,
dummy_images\Shoes\NIKE\备份\20250826\NIKE SB DUNK LOW PRO DH7782-001\主图\DH7782-001.jpg,1368,,,
dummy_images\Shoes\NIKE\备份\20250826\NIKE SB DUNK LOW PRO DH7782-001\附图\DH7782 01.jpg,1368,dummy_images\Shoes\NIKE\已整理\20250826\NIKE SB DUNK LOW PRO DH7782-001\附图\DH7782 01.jpg,,
dummy_images\Shoes\NIKE\备份\20250826\NIKE SB DUNK LOW PRO DH7782-001\附图\DH7782 02.jpg,1368,dummy_images\Shoes\NIKE\已整理\20250826\NIKE SB DUNK LOW PRO DH7782-001\附图\DH7782 02.jpg,,
dummy_images\Shoes\NIKE\备份\20250826\NIKE SB DUNK LOW PRO DH7782-001\附图\DH7782 03.jpg,1368,dummy_images\Shoes\NIKE\已整理\20250826\NIKE SB DUNK LOW PRO DH7782-001\附图\DH7782 03.jpg,,
dummy_images\Shoes\NIKE\备份\20250826\NIKE SB DUNK LOW PRO DH7782-001\附图\DH7782 04.jpg,1368,dummy_images\Shoes\NIKE\已整理\20250826\NIKE SB DUNK LOW PRO DH7782-001\附图\DH7782 04.jpg,,
dummy_images\Shoes\NIKE\备份\20250826\NIKE SB DUNK LOW PRO DH7782-001\详情\DH7782 1.jpg,1368,dummy_images\Shoes\NIKE\已整理\20250826\NIKE SB DUNK LOW PRO DH7782-001\详情\DH7782 1.jpg,,
dummy_images\Shoes\NIKE\备份\20250826\NIKE SB DUNK LOW PRO DH7782-001\详情\DH7782 2.jpg,1368,dummy_images\Shoes\NIKE\已整理\20250826\NIKE SB DUNK LOW PRO DH7782-001\详情\DH7782 2.jpg,,
dummy_images\Shoes\NIKE\备份\20250826\NIKE SB DUNK LOW PRO DH7782-001\详情\DH7782 3.jpg,1368,dummy_images\Shoes\NIKE\已整理\20250826\NIKE SB DUNK LOW PRO DH7782-001\详情\DH7782 3.jpg,,
dummy_images\Shoes\NIKE\备份\20250826\NIKE SB DUNK LOW PRO DH7782-001\详情\DH7782 4.jpg,1368,dummy_images\Shoes\NIKE\已整理\20250826\NIKE SB DUNK LOW PRO DH7782-001\详情\DH7782 4.jpg,,
dummy_images\Shoes\NIKE\备份\20250826\NIKE SB DUNK LOW PRO DH7782-001\详情\DH7782 5.jpg,1368,dummy_images\Shoes\NIKE\已整理\20250826\NIKE SB DUNK LOW PRO DH7782-001\详情\DH7782 5.jpg,,
dummy_images\Shoes\NIKE\备份\20250826\NIKE SB DUNK LOW PRO DH7782-001\详情\DH7782 6.jpg,1368,dummy_images\Shoes\NIKE\已整理\20250826\NIKE SB DUNK LOW PRO DH7782-001\详情\DH7782 6.jpg,,
dummy_images\Shoes\NIKE\备份\20250826\NIKE SB DUNK LOW PRO DH7782-001\详情\DH7782 7.jpg,1368,dummy_images\Shoes\NIKE\已整理\20250826\NIKE SB DUNK LOW PRO DH7782-001\详情\DH7782 7.jpg,,
dummy_images\Shoes\NIKE\备份\20250826\NIKE SB DUNK LOW PRO DH7782-001\详情\DH7782 8.jpg,1368,dummy_images\Shoes\NIKE\已整理\20250826\NIKE SB DUNK LOW PRO DH7782-001\详情\DH7782 8.jpg,,
dummy_images\Shoes\NIKE\备份\20250826\NIKE SB DUNK LOW PRO QS CJ5378 300\主图\CJ5378 300.jpg,1369,,,
dummy_images\Shoes\NIKE\备份\20250826\NIKE SB DUNK LOW PRO QS CJ5378 300\附图\CJ5378 01.jpg,1369,dummy_images\Shoes\NIKE\已整理\20250826\NIKE SB DUNK LOW PRO QS CJ5378 300\附图\CJ5378 01.jpg,,
dummy_images\Shoes\NIKE\备份\20250826\NIKE SB DUNK LOW PRO QS CJ5378 300\附图\CJ5378 02.jpg,1369,dummy_images\Shoes\NIKE\已整理\20250826\NIKE SB DUNK LOW PRO QS CJ5378 300\附图\CJ5378 02.jpg,,
dummy_images\Shoes\NIKE\备份\20250826\NIKE SB DUNK LOW PRO QS CJ5378 300\附图\CJ5378 03.jpg,1369,dummy_images\Shoes\NIKE\已整理\20250826\NIKE SB DUNK LOW PRO QS CJ5378 300\附图\CJ5378 03.jpg,,
dummy_images\Shoes\NIKE\备份\20250826\NIKE SB DUNK LOW PRO QS CJ5378 300\附图\CJ5378 04.jpg,1369,dummy_images\Shoes\NIKE\已整理\20250826\NIKE SB DUNK LOW PRO QS CJ5378 300\附图\CJ5378 04.jpg,,
dummy_images\Shoes\NIKE\备份\20250826\NIKE SB DUNK LOW RED LOBSTER?313170-661\主图\313170-661.jpeg,1370,,,
dummy_images\Shoes\NIKE\备份\20250826\NIKE SB DUNK LOW RED LOBSTER?313170-661\附图\313170 01.jpeg,1370,dummy_images\Shoes\NIKE\已整理\20250826\NIKE SB DUNK LOW RED LOBSTER?313170-661\附图\313170-01.jpg,,
dummy_images\Shoes\NIKE\备份\20250826\NIKE SB DUNK LOW RED LOBSTER?313170-661\附图\313170 02.jpeg,1370,dummy_images\Shoes\NIKE\已整理\20250826\NIKE SB DUNK LOW RED LOBSTER?313170-661\附图\313170-02.jpg,,
dummy_images\Shoes\NIKE\备份\20250826\NIKE SB DUNK LOW RED LOBSTER?313170-661\附图\313170 03.jpeg,1370,dummy_images\Shoes\NIKE\已整理\20250826\NIKE SB DUNK LOW RED LOBSTER?313170-661\附图\313170-03.jpg,,
dummy_images\Shoes\NIKE\备份\20250826\NIKE SB DUNK LOW RED LOBSTER?313170-661\附图\313170 04.jpeg,1370,dummy_images\Shoes\NIKE\已整理\20250826\NIKE SB DUNK LOW RED LOBSTER?313170-661\附图\313170-04.jpg,,
dummy_images\Shoes\NIKE\备份\20250826\NIKE SB DUNK LOW RED LOBSTER?313170-661\详情\313170 +1.jpg,1370,dummy_images\Shoes\NIKE\已整理\20250826\NIKE SB DUNK LOW RED LOBSTER?313170-661\详情\313170 +1.jpg,,
dummy_images\Shoes\NIKE\备份\20250826\NIKE SB DUNK LOW RED LOBSTER?313170-661\详情\313170 +2.jpg,1370,dummy_images\Shoes\NIKE\已整理\20250826\NIKE SB DUNK LOW RED LOBSTER?313170-661\详情\313170 +2.jpg,,
dummy_images\Shoes\NIKE\备份\20250826\NIKE SB DUNK LOW RED LOBSTER?313170-661\详情\313170 +3.jpg,1370,dummy_images\Shoes\NIKE\已整理\20250826\NIKE SB DUNK LOW RED LOBSTER?313170-661\详情\313170 +3.jpg,,
dummy_images\Shoes\NIKE\备份\20250826\NIKE SB DUNK LOW RED LOBSTER?313170-661\详情\313170 +4.jpg,1370,dummy_images\Shoes\NIKE\已整理\20250826\NIKE SB DUNK LOW RED LOBSTER?313170-661\详情\313170 +4.jpg,,
dummy_images\Shoes\NIKE\备份\20250826\NIKE SB DUNK LOW RED LOBSTER?313170-661\详情\313170 +5.jpg,1370,dummy_images\Shoes\NIKE\已整理\20250826\NIKE SB DUNK LOW RED LOBSTER?313170-661\详情\313170 +5.jpg,,
dummy_images\Shoes\NIKE\备份\20250826\NIKE SKATE LIKE A GIRL X NIKE SB DUNK LOW DX4589-600\主图\DX4589.jpg,1371,,,
dummy_images\Shoes\NIKE\备份\20250826\NIKE SKATE LIKE A GIRL X NIKE SB DUNK LOW DX4589-600\附图\DX4589 01.jpg,1371,dummy_images\Shoes\NIKE\已整理\20250826\NIKE SKATE LIKE A GIRL X NIKE SB DUNK LOW DX4589-600\附图\DX4589 01.jpg,,
dummy_images\Shoes\NIKE\备份\20250826\NIKE SKATE LIKE A GIRL X NIKE SB DUNK LOW DX4589-600\附图\DX4589 02.jpg,1371,dummy_images\Shoes\NIKE\已整理\20250826\NIKE SKATE LIKE A GIRL X NIKE SB DUNK LOW DX4589-600\附图\DX4589 02.jpg,,
dummy_images\Shoes\NIKE\备份\20250826\NIKE SKATE LIKE A GIRL X NIKE SB DUNK LOW DX4589-600\附图\DX4589 03.jpg,1371,dummy_images\Shoes\NIKE\已整理\20250826\NIKE SKATE LIKE A GIRL X NIKE SB DUNK LOW DX4589-600\附图\DX4589 03.jpg,,
dummy_images\Shoes\NIKE\备份\20250826\NIKE SKATE LIKE A GIRL X NIKE SB DUNK LOW DX4589-600\附图\DX4589 04.jpg,1371,dummy_images\Shoes\NIKE\已整理\20250826\NIKE SKATE LIKE A GIRL X NIKE SB DUNK LOW DX4589-600\附图\DX4589 04.jpg,,
dummy_images\Shoes\NIKE\备份\20250826\NIKE SKATE LIKE A GIRL X NIKE SB DUNK LOW DX4589-600\附图\DX4589 05.jpg,1371,dummy_images\Shoes\NIKE\已整理\20250826\NIKE SKATE LIKE A GIRL X NIKE SB DUNK LOW DX4589-600\附图\DX4589 05.jpg,,
dummy_images\Shoes\NIKE\备份\20250826\NIKE SKATE LIKE A GIRL X NIKE SB DUNK LOW DX4589-600\详情\DX4589 1.jpeg,1371,dummy_images\Shoes\NIKE\已整理\20250826\NIKE SKATE LIKE A GIRL X NIKE SB DUNK LOW DX4589-600\详情\DX4589 1.jpg,,
dummy_images\Shoes\NIKE\备份\20250826\NIKE SKATE LIKE A GIRL X NIKE SB DUNK LOW DX4589-600\详情\DX4589 2.jpeg,1371,dummy_images\Shoes\NIKE\已整理\20250826\NIKE SKATE LIKE A GIRL X NIKE SB DUNK LOW DX4589-600\详情\DX4589 2.jpg,,
dummy_images\Shoes\NIKE\备份\20250826\NIKE SKATE LIKE A GIRL X NIKE SB DUNK LOW DX4589-600\详情\DX4589 3.jpeg,1371,dummy_images\Shoes\NIKE\已整理\20250826\NIKE SKATE LIKE A GIRL X NIKE SB DUNK LOW DX4589-600\详情\DX4589 3.jpg,,
dummy_images\Shoes\NIKE\备份\20250826\NIKE SKATE LIKE A GIRL X NIKE SB DUNK LOW DX4589-600\详情\DX4589 4.jpeg,1371,dummy_images\Shoes\NIKE\已整理\20250826\NIKE SKATE LIKE A GIRL X NIKE SB DUNK LOW DX4589-600\详情\DX4589 4.jpg,,
dummy_images\Shoes\NIKE\备份\20250826\NIKE SKATE LIKE A GIRL X NIKE SB DUNK LOW DX4589-600\详情\DX4589 5.jpeg,1371,dummy_images\Shoes\NIKE\已整理\20250826\NIKE SKATE LIKE A GIRL X NIKE SB DUNK LOW DX4589-600\详情\DX4589 5.jpg,,
dummy_images\Shoes\NIKE\备份\20250826\NIKE SKATE LIKE A GIRL X NIKE SB DUNK LOW DX4589-600\详情\DX4589 6.jpeg,1371,dummy_images\Shoes\NIKE\已整理\20250826\NIKE SKATE LIKE A GIRL X NIKE SB DUNK LOW DX4589-600\详情\DX4589 6.jpg,,
dummy_images\Shoes\NIKE\备份\20250826\NIKE SKATE LIKE A GIRL X NIKE SB DUNK LOW DX4589-600\详情\DX4589 7.jpeg,1371,dummy_images\Shoes\NIKE\已整理\20250826\NIKE SKATE LIKE A GIRL X NIKE SB DUNK LOW DX4589-600\详情\DX4589 7.jpg,,
dummy_images\Shoes\NIKE\备份\20250826\NIKE STAPLE X NIKE SB DUNK LOW 883232-008\主图\883232-008.jpg,1372,,,
dummy_images\Shoes\NIKE\备份\20250826\NIKE STAPLE X NIKE SB DUNK LOW 883232-008\附图\883232-008 0.jpg,1372,dummy_images\Shoes\NIKE\已整理\20250826\NIKE STAPLE X NIKE SB DUNK LOW 883232-008\附图\883232-008 0.jpg,,
dummy_images\Shoes\NIKE\备份\20250826\NIKE STAPLE X NIKE SB DUNK LOW 883232-008\附图\883232-008 01.jpg,1372,dummy_images\Shoes\NIKE\已整理\20250826\NIKE STAPLE X NIKE SB DUNK LOW 883232-008\附图\883232-008 01.jpg,,
dummy_images\Shoes\NIKE\备份\20250826\NIKE STAPLE X NIKE SB DUNK LOW 883232-008\附图\883232-008 02.jpg,1372,dummy_images\Shoes\NIKE\已整理\20250826\NIKE STAPLE X NIKE SB DUNK LOW 883232-008\附图\883232-008 02.jpg,,
dummy_images\Shoes\NIKE\备份\20250826\NIKE STAPLE X NIKE SB DUNK LOW 883232-008\详情\883232-008 1.jpeg,1372,dummy_images\Shoes\NIKE\已整理\20250826\NIKE STAPLE X NIKE SB DUNK LOW 883232-008\详情\883232-008 1.jpg,,
dummy_images\Shoes\NIKE\备份\20250826\NIKE STAPLE X NIKE SB DUNK LOW 883232-008\详情\883232-008 2.jpeg,1372,dummy_images\Shoes\NIKE\已整理\20250826\NIKE STAPLE X NIKE SB DUNK LOW 883232-008\详情\883232-008 2.jpg,,
dummy_images\Shoes\NIKE\备份\20250826\NIKE STAPLE X NIKE SB DUNK LOW 883232-008\详情\883232-008 3.jpeg,1372,dummy_images\Shoes\NIKE\已整理\20250826\NIKE STAPLE X NIKE SB DUNK LOW 883232-008\详情\883232-008 3.jpg,,
dummy_images\Shoes\NIKE\备份\20250826\NIKE STAPLE X NIKE SB DUNK LOW 883232-008\详情\883232-008 4.jpeg,1372,dummy_images\Shoes\NIKE\已整理\20250826\NIKE STAPLE X NIKE SB DUNK LOW 883232-008\详情\883232-008 4.jpg,,
dummy_images\Shoes\NIKE\备份\20250826\NIKE SB DUNK LOW PRO BQ6817-202\主图\BQ6817-202.jpg,1373,,,
dummy_images\Shoes\NIKE\备份\20250826\NIKE SB DUNK LOW PRO BQ6817-202\附图\BQ6817-202 03.jpg,1373,dummy_images\Shoes\NIKE\已整理\20250826\NIKE SB DUNK LOW PRO BQ6817-202\附图\BQ6817-202 03.jpg,,
dummy_images\Shoes\NIKE\备份\20250826\NIKE SB DUNK LOW PRO BQ6817-202\附图\BQ6817-202 01.jpg,1373,dummy_images\Shoes\NIKE\已整理\20250826\NIKE SB DUNK LOW PRO BQ6817-202\附图\BQ6817-202 01.jpg,,
dummy_images\Shoes\NIKE\备份\20250826\NIKE SB DUNK LOW PRO BQ6817-202\附图\BQ6817-202 02.jpg,1373,dummy_images\Shoes\NIKE\已整理\20250826\NIKE SB DUNK LOW PRO BQ6817-202\附图\BQ6817-202 02.jpg,,
dummy_images\Shoes\NIKE\备份\20250826\NIKE SB DUNK LOW PRO BQ6817-202\附图\BQ6817-202 03.jpg,1373,dummy_images\Shoes\NIKE\已整理\20250826\NIKE SB DUNK LOW PRO BQ6817-202\附图\BQ6817-202 03.jpg,,
dummy_images\Shoes\NIKE\备份\20250826\NIKE SB DUNK LOW PRO BQ6817-202\详情\BQ6817-202 1.jpeg,1373,dummy_images\Shoes\NIKE\已整理\20250826\NIKE SB DUNK LOW PRO BQ6817-202\详情\BQ6817-202 1.jpg,,
dummy_images\Shoes\NIKE\备份\20250826\NIKE SB DUNK LOW PRO BQ6817-202\详情\BQ6817-202 2.jpeg,1373,dummy_images\Shoes\NIKE\已整理\20250826\NIKE SB DUNK LOW PRO BQ6817-202\详情\BQ6817-202 2.jpg,,
dummy_images\Shoes\NIKE\备份\20250826\NIKE SB DUNK LOW PRO BQ6817-202\详情\BQ6817-202 3.jpeg,1373,dummy_images\Shoes\NIKE\已整理\20250826\NIKE SB DUNK LOW PRO BQ6817-202\详情\BQ6817-202 3.jpg,,
dummy_images\Shoes\NIKE\备份\20250826\NIKE SB DUNK LOW PRO BQ6817-202\详情\BQ6817-202 4.jpeg,1373,dummy_images\Shoes\NIKE\已整理\20250826\NIKE SB DUNK LOW PRO BQ6817-202\详情\BQ6817-202 4.jpg,,
dummy_images\Shoes\NIKE\备份\20250826\NIKE SB DUNK LOW PRO BQ6817-202\详情\BQ6817-202 5.jpeg,1373,dummy_images\Shoes\NIKE\已整理\20250826\NIKE SB DUNK LOW PRO BQ6817-202\详情\BQ6817-202 5.jpg,,
dummy_images\Shoes\NIKE\备份\20250826\NIKE SB DUNK LOW PRO BQ6817-202\详情\BQ6817-202 6.jpeg,1373,dummy_images\Shoes\NIKE\已整理\20250826\NIKE SB DUNK LOW PRO BQ6817-202\详情\BQ6817-202 6.jpg,,
dummy_images\Shoes\NIKE\备份\20250826\NIKE SB DUNK LOW PRO BQ6817-202\详情\BQ6817-202 7.jpeg,1373,dummy_images\Shoes\NIKE\已整理\20250826\NIKE SB DUNK LOW PRO BQ6817-202\详情\BQ6817-202 7.jpg,,
dummy_images\Shoes\NIKE\备份\20250826\NIKE SB DUNK LOW “AE86”?DD1391-107\主图\DD1391-107.jpg,1374,,,
dummy_images\Shoes\NIKE\备份\20250826\NIKE SB DUNK LOW “AE86”?DD1391-107\附图\DD1391 01.jpg,1374,dummy_images\Shoes\NIKE\已整理\20250826\NIKE SB DUNK LOW “AE86”?DD1391-107\附图\DD1391 01.jpg,,
dummy_images\Shoes\NIKE\备份\20250826\NIKE SB DUNK LOW “AE86”?DD1391-107\附图\DD1391 01.jpg,1374,dummy_images\Shoes\NIKE\已整理\20250826\NIKE SB DUNK LOW “AE86”?DD1391-107\附图\DD1391 01.jpg,,
dummy_images\Shoes\NIKE\备份\20250826\NIKE SB DUNK LOW “AE86”?DD1391-107\详情\DD1391 1.jpg,1374,dummy_images\Shoes\NIKE\已整理\20250826\NIKE SB DUNK LOW “AE86”?DD1391-107\详情\DD1391 1.jpg,,
dummy_images\Shoes\NIKE\备份\20250826\NIKE SB DUNK LOW “AE86”?DD1391-107\详情\DD1391 2.jpg,1374,dummy_images\Shoes\NIKE\已整理\20250826\NIKE SB DUNK LOW “AE86”?DD1391-107\详情\DD1391 2.jpg,,
dummy_images\Shoes\NIKE\备份\20250826\NIKE SB DUNK LOW “AE86”?DD1391-107\详情\DD1391 3.jpg,1374,dummy_images\Shoes\NIKE\已整理\20250826\NIKE SB DUNK LOW “AE86”?DD1391-107\详情\DD1391 3.jpg,,
dummy_images\Shoes\NIKE\备份\20250826\NIKE SB DUNK LOW “AE86”?DD1391-107\详情\DD1391 4.jpg,1374,dummy_images\Shoes\NIKE\已整理\20250826\NIKE SB DUNK LOW “AE86”?DD1391-107\详情\DD1391 4.jpg,,
dummy_images\Shoes\NIKE\备份\20250826\NIKE SB DUNK LOW “AE86”?DD1391-107\详情\DD1391 5.jpg,1374,dummy_images\Shoes\NIKE\已整理\20250826\NIKE SB DUNK LOW “AE86”?DD1391-107\详情\DD1391 5.jpg,,
dummy_images\Shoes\NIKE\备份\20250826\NIKE SB DUNK LOW “AE86”?DD1391-107\详情\DD1391 6.jpg,1374,dummy_images\Shoes\NIKE\已整理\20250826\NIKE SB DUNK LOW “AE86”?DD1391-107\详情\DD1391 6.jpg,,
dummy_images\Shoes\NIKE\备份\20250826\NIKE SB DUNK LOW “AE86”?DD1391-107\详情\DD1391 7.jpg,1374,dummy_images\Shoes\NIKE\已整理\20250826\NIKE SB DUNK LOW “AE86”?DD1391-107\详情\DD1391 7.jpg,,
dummy_images\Shoes\NIKE\备份\20250826\NIKE SB DUNK LOW “AE86”?DD1391-107\详情\DD1391 8.jpg,1374,dummy_images\Shoes\NIKE\已整理\20250826\NIKE SB DUNK LOW “AE86”?DD1391-107\详情\DD1391 8.jpg,,
dummy_images\Shoes\NIKE\备份\20250826\NIKE SB ZOOM DUNK LOW DM0108-001\主图\10002.jpeg,1375,,,
dummy_images\Shoes\NIKE\备份\20250826\NIKE SB ZOOM DUNK LOW DM0108-001\附图\DM0108.jpeg,1375,dummy_images\Shoes\NIKE\已整理\20250826\NIKE SB ZOOM DUNK LOW DM0108-001\附图\DM0108.jpeg,,
dummy_images\Shoes\NIKE\备份\20250826\NIKE SB ZOOM DUNK LOW DM0108-001\附图\DM0108.jpeg,1375,dummy_images\Shoes\NIKE\已整理\20250826\NIKE SB ZOOM DUNK LOW DM0108-001\附图\DM0108.jpeg,,
dummy_images\Shoes\NIKE\备份\20250826\NIKE SB ZOOM DUNK LOW DM0108-001\详情\DM0108-001 1.jpeg,1375,dummy_images\Shoes\NIKE\已整理\20250826\NIKE SB ZOOM DUNK LOW DM0108-001\详情\DM0108-001 1.jpg,,
dummy_images\Shoes\NIKE\备份\20250826\NIKE SB ZOOM DUNK LOW DM0108-001\详情\DM0108-001 2.jpeg,1375,dummy_images\Shoes\NIKE\已整理\20250826\NIKE SB ZOOM DUNK LOW DM0108-001\详情\DM0108-001 2.jpg,,
dummy_images\Shoes\NIKE\备份\20250826\NIKE SB ZOOM DUNK LOW DM0108-001\详情\DM0108-001 3.jpeg,1375,dummy_images\Shoes\NIKE\已整理\20250826\NIKE SB ZOOM DUNK LOW DM0108-001\详情\DM0108-001 3.jpg,,
dummy_images\Shoes\NIKE\备份\20250826\NIKE SB ZOOM DUNK LOW DM0108-001\详情\DM0108-001 4.jpeg,1375,dummy_images\Shoes\NIKE\已整理\20250826\NIKE SB ZOOM DUNK LOW DM0108-001\详情\DM0108-001 4.jpg,,
dummy_images\Shoes\NIKE\备份\20250826\NIKE SB ZOOM DUNK LOW DM0108-001\详情\DM0108-001 5.jpeg,1375,dummy_images\Shoes\NIKE\已整理\20250826\NIKE SB ZOOM DUNK LOW DM0108-001\详情\DM0108-001 5.jpg,,
dummy_images\Shoes\NIKE\备份\20250826\NIKE SB ZOOM DUNK LOW DM0108-001\详情\DM0108-001 6.jpeg,1375,dummy_images\Shoes\NIKE\已整理\20250826\NIKE SB ZOOM DUNK LOW DM0108-001\详情\DM0108-001 6.jpg,,
dummy_images\Shoes\NIKE\备份\20250826\NIKE SB ZOOM DUNK LOW DM0108-001\详情\DM0108-001 7.jpeg,1375,dummy_images\Shoes\NIKE\已整理\20250826\NIKE SB ZOOM DUNK LOW DM0108-001\详情\DM0108-001 7.jpg,,
dummy_images\Shoes\NIKE\备份\20250826\NIKE SB ZOOM DUNK LOW DM0108-001\详情\DM0108-001 8.jpeg,1375,dummy_images\Shoes\NIKE\已整理\20250826\NIKE SB ZOOM DUNK LOW DM0108-001\详情\DM0108-001 8.jpg,,
dummy_images\Shoes\NIKE\备份\20250826\NIKE SB ZOOM DUNK LOW DM0108-001\详情\DM0108-001 9.jpeg,1375,dummy_images\Shoes\NIKE\已整理\20250826\NIKE SB ZOOM DUNK LOW DM0108-001\详情\DM0108-001 9.jpg,,
