image_path,product_id,wm_image_path,category,wm_local_mask
dummy_images\CARTIER\翻新\备份\20250624\4736-CARTIER JUSTE UN CLOU RING B4231400\主图\画板 3.jpg,600,,,
dummy_images\CARTIER\翻新\备份\20250624\4736-CARTIER JUSTE UN CLOU RING B4231400\附图\4736-1.jpg,600,dummy_images\CARTIER\翻新\已整理\20250624\4736-CARTIER JUSTE UN CLOU RING B4231400\附图\4736 1.jpg,,
dummy_images\CARTIER\翻新\备份\20250624\4736-CARTIER JUSTE UN CLOU RING B4231400\附图\4736-2.jpg,600,dummy_images\CARTIER\翻新\已整理\20250624\4736-CARTIER JUSTE UN CLOU RING B4231400\附图\4736 2.jpg,,
dummy_images\CARTIER\翻新\备份\20250624\4736-CARTIER JUSTE UN CLOU RING B4231400\附图\4736-3.jpg,600,dummy_images\CARTIER\翻新\已整理\20250624\4736-CARTIER JUSTE UN CLOU RING B4231400\附图\4736 3.jpg,,
dummy_images\CARTIER\翻新\备份\20250624\4736-CARTIER JUSTE UN CLOU RING B4231400\附图\4736-4.jpg,600,dummy_images\CARTIER\翻新\已整理\20250624\4736-CARTIER JUSTE UN CLOU RING B4231400\附图\4736 4.jpg,,
dummy_images\CARTIER\翻新\备份\20250624\4736-CARTIER JUSTE UN CLOU RING B4231400\附图\4736-5.jpg,600,dummy_images\CARTIER\翻新\已整理\20250624\4736-CARTIER JUSTE UN CLOU RING B4231400\附图\4736 5.jpg,,
dummy_images\CARTIER\翻新\备份\20250624\4736-CARTIER JUSTE UN CLOU RING B4231400\附图\4736-6.jpg,600,dummy_images\CARTIER\翻新\已整理\20250624\4736-CARTIER JUSTE UN CLOU RING B4231400\附图\4736 6.jpg,,
dummy_images\CARTIER\翻新\备份\20250624\4736-CARTIER JUSTE UN CLOU RING B4231400\详情图\4736 1.jpg,600,dummy_images\CARTIER\翻新\已整理\20250624\4736-CARTIER JUSTE UN CLOU RING B4231400\详情图\4736 1.jpg,,
dummy_images\CARTIER\翻新\备份\20250624\4736-CARTIER JUSTE UN CLOU RING B4231400\详情图\4736 2.jpg,600,dummy_images\CARTIER\翻新\已整理\20250624\4736-CARTIER JUSTE UN CLOU RING B4231400\详情图\4736 2.jpg,,
dummy_images\CARTIER\翻新\备份\20250624\4736-CARTIER JUSTE UN CLOU RING B4231400\详情图\4736 3.jpg,600,dummy_images\CARTIER\翻新\已整理\20250624\4736-CARTIER JUSTE UN CLOU RING B4231400\详情图\4736 3.jpg,,
dummy_images\CARTIER\翻新\备份\20250624\4736-CARTIER JUSTE UN CLOU RING B4231400\详情图\4736 4.jpg,600,dummy_images\CARTIER\翻新\已整理\20250624\4736-CARTIER JUSTE UN CLOU RING B4231400\详情图\4736 4.jpg,,
dummy_images\CARTIER\翻新\备份\20250624\4742-CARTIER ETINCELLE DE CARTIER RING B4230300无\主图\画板 4.jpg,601,,,
dummy_images\CARTIER\翻新\备份\20250624\4742-CARTIER ETINCELLE DE CARTIER RING B4230300无\附图\4742-1.jpg,601,dummy_images\CARTIER\翻新\已整理\20250624\4742-CARTIER ETINCELLE DE CARTIER RING B4230300无\附图\4742 1.jpg,,
dummy_images\CARTIER\翻新\备份\20250624\4742-CARTIER ETINCELLE DE CARTIER RING B4230300无\附图\4742-2.jpg,601,dummy_images\CARTIER\翻新\已整理\20250624\4742-CARTIER ETINCELLE DE CARTIER RING B4230300无\附图\4742 2.jpg,,
dummy_images\CARTIER\翻新\备份\20250624\4742-CARTIER ETINCELLE DE CARTIER RING B4230300无\附图\4742-3.jpg,601,dummy_images\CARTIER\翻新\已整理\20250624\4742-CARTIER ETINCELLE DE CARTIER RING B4230300无\附图\4742 3.jpg,,
dummy_images\CARTIER\翻新\备份\20250624\4742-CARTIER ETINCELLE DE CARTIER RING B4230300无\附图\4742-4.jpg,601,dummy_images\CARTIER\翻新\已整理\20250624\4742-CARTIER ETINCELLE DE CARTIER RING B4230300无\附图\4742 4.jpg,,
dummy_images\CARTIER\翻新\备份\20250624\4742-CARTIER ETINCELLE DE CARTIER RING B4230300无\附图\4742-5.jpg,601,dummy_images\CARTIER\翻新\已整理\20250624\4742-CARTIER ETINCELLE DE CARTIER RING B4230300无\附图\4742 5.jpg,,
dummy_images\CARTIER\翻新\备份\20250624\4742-CARTIER ETINCELLE DE CARTIER RING B4230300无\附图\4742-6.jpg,601,dummy_images\CARTIER\翻新\已整理\20250624\4742-CARTIER ETINCELLE DE CARTIER RING B4230300无\附图\4742 6.jpg,,
dummy_images\CARTIER\翻新\备份\20250624\4746-CARTIER ETINCELLE DE CARTIER RING B4230200无\主图\画板 7.jpg,602,,,
dummy_images\CARTIER\翻新\备份\20250624\4746-CARTIER ETINCELLE DE CARTIER RING B4230200无\附图\4746-1.jpg,602,dummy_images\CARTIER\翻新\已整理\20250624\4746-CARTIER ETINCELLE DE CARTIER RING B4230200无\附图\4746 1.jpg,,
dummy_images\CARTIER\翻新\备份\20250624\4746-CARTIER ETINCELLE DE CARTIER RING B4230200无\附图\4746-2.jpg,602,dummy_images\CARTIER\翻新\已整理\20250624\4746-CARTIER ETINCELLE DE CARTIER RING B4230200无\附图\4746 2.jpg,,
dummy_images\CARTIER\翻新\备份\20250624\4746-CARTIER ETINCELLE DE CARTIER RING B4230200无\附图\4746-3.jpg,602,dummy_images\CARTIER\翻新\已整理\20250624\4746-CARTIER ETINCELLE DE CARTIER RING B4230200无\附图\4746 3.jpg,,
dummy_images\CARTIER\翻新\备份\20250624\4746-CARTIER ETINCELLE DE CARTIER RING B4230200无\附图\4746-4.jpg,602,dummy_images\CARTIER\翻新\已整理\20250624\4746-CARTIER ETINCELLE DE CARTIER RING B4230200无\附图\4746 4.jpg,,
dummy_images\CARTIER\翻新\备份\20250624\4746-CARTIER ETINCELLE DE CARTIER RING B4230200无\附图\4746-5.jpg,602,dummy_images\CARTIER\翻新\已整理\20250624\4746-CARTIER ETINCELLE DE CARTIER RING B4230200无\附图\4746 5.jpg,,
dummy_images\CARTIER\翻新\备份\20250624\4756-CARTIER 1895 WEDDING RING B4058300\主图\画板 11.jpg,603,,,
dummy_images\CARTIER\翻新\备份\20250624\4756-CARTIER 1895 WEDDING RING B4058300\附图\4756-1.jpg,603,dummy_images\CARTIER\翻新\已整理\20250624\4756-CARTIER 1895 WEDDING RING B4058300\附图\4756 1.jpg,,
dummy_images\CARTIER\翻新\备份\20250624\4756-CARTIER 1895 WEDDING RING B4058300\附图\4756-2.jpg,603,dummy_images\CARTIER\翻新\已整理\20250624\4756-CARTIER 1895 WEDDING RING B4058300\附图\4756 2.jpg,,
dummy_images\CARTIER\翻新\备份\20250624\4756-CARTIER 1895 WEDDING RING B4058300\附图\4756-3.jpg,603,dummy_images\CARTIER\翻新\已整理\20250624\4756-CARTIER 1895 WEDDING RING B4058300\附图\4756 3.jpg,,
dummy_images\CARTIER\翻新\备份\20250624\4756-CARTIER 1895 WEDDING RING B4058300\附图\4756-4.jpg,603,dummy_images\CARTIER\翻新\已整理\20250624\4756-CARTIER 1895 WEDDING RING B4058300\附图\4756 4.jpg,,
dummy_images\CARTIER\翻新\备份\20250624\4756-CARTIER 1895 WEDDING RING B4058300\附图\4756-5.jpg,603,dummy_images\CARTIER\翻新\已整理\20250624\4756-CARTIER 1895 WEDDING RING B4058300\附图\4756 5.jpg,,
dummy_images\CARTIER\翻新\备份\20250624\4756-CARTIER 1895 WEDDING RING B4058300\详情图\4756 1.jpg,603,dummy_images\CARTIER\翻新\已整理\20250624\4756-CARTIER 1895 WEDDING RING B4058300\详情图\4756 1.jpg,,
dummy_images\CARTIER\翻新\备份\20250624\4756-CARTIER 1895 WEDDING RING B4058300\详情图\4756 2.jpg,603,dummy_images\CARTIER\翻新\已整理\20250624\4756-CARTIER 1895 WEDDING RING B4058300\详情图\4756 2.jpg,,
dummy_images\CARTIER\翻新\备份\20250624\4756-CARTIER 1895 WEDDING RING B4058300\详情图\4756 3.jpg,603,dummy_images\CARTIER\翻新\已整理\20250624\4756-CARTIER 1895 WEDDING RING B4058300\详情图\4756 3.jpg,,
dummy_images\CARTIER\翻新\备份\20250624\4756-CARTIER 1895 WEDDING RING B4058300\详情图\4756 5.jpg,603,dummy_images\CARTIER\翻新\已整理\20250624\4756-CARTIER 1895 WEDDING RING B4058300\详情图\4756 5.jpg,,
dummy_images\CARTIER\翻新\备份\20250624\4756-CARTIER 1895 WEDDING RING B4058300\详情图\4756 6.jpg,603,dummy_images\CARTIER\翻新\已整理\20250624\4756-CARTIER 1895 WEDDING RING B4058300\详情图\4756 6.jpg,,
dummy_images\CARTIER\翻新\备份\20250624\4756-CARTIER 1895 WEDDING RING B4058300\详情图\4756 7.jpg,603,dummy_images\CARTIER\翻新\已整理\20250624\4756-CARTIER 1895 WEDDING RING B4058300\详情图\4756 7.jpg,,
dummy_images\CARTIER\翻新\备份\20250624\4758-CARTIER JUSTE UN CLOU RING B4211000\主图\画板 13.jpg,604,,,
dummy_images\CARTIER\翻新\备份\20250624\4758-CARTIER JUSTE UN CLOU RING B4211000\附图\4758-1.jpg,604,dummy_images\CARTIER\翻新\已整理\20250624\4758-CARTIER JUSTE UN CLOU RING B4211000\附图\4758 1.jpg,,
dummy_images\CARTIER\翻新\备份\20250624\4758-CARTIER JUSTE UN CLOU RING B4211000\附图\4758-2.jpg,604,dummy_images\CARTIER\翻新\已整理\20250624\4758-CARTIER JUSTE UN CLOU RING B4211000\附图\4758 2.jpg,,
dummy_images\CARTIER\翻新\备份\20250624\4758-CARTIER JUSTE UN CLOU RING B4211000\附图\4758-3.jpg,604,dummy_images\CARTIER\翻新\已整理\20250624\4758-CARTIER JUSTE UN CLOU RING B4211000\附图\4758 3.jpg,,
dummy_images\CARTIER\翻新\备份\20250624\4758-CARTIER JUSTE UN CLOU RING B4211000\附图\4758-4.jpg,604,dummy_images\CARTIER\翻新\已整理\20250624\4758-CARTIER JUSTE UN CLOU RING B4211000\附图\4758 4.jpg,,
dummy_images\CARTIER\翻新\备份\20250624\4758-CARTIER JUSTE UN CLOU RING B4211000\附图\4758-5.jpg,604,dummy_images\CARTIER\翻新\已整理\20250624\4758-CARTIER JUSTE UN CLOU RING B4211000\附图\4758 5.jpg,,
dummy_images\CARTIER\翻新\备份\20250624\4758-CARTIER JUSTE UN CLOU RING B4211000\详情图\4758 1.jpg,604,dummy_images\CARTIER\翻新\已整理\20250624\4758-CARTIER JUSTE UN CLOU RING B4211000\详情图\4758 1.jpg,,
dummy_images\CARTIER\翻新\备份\20250624\4758-CARTIER JUSTE UN CLOU RING B4211000\详情图\4758 2.jpg,604,dummy_images\CARTIER\翻新\已整理\20250624\4758-CARTIER JUSTE UN CLOU RING B4211000\详情图\4758 2.jpg,,
dummy_images\CARTIER\翻新\备份\20250624\4758-CARTIER JUSTE UN CLOU RING B4211000\详情图\4758 3.jpg,604,dummy_images\CARTIER\翻新\已整理\20250624\4758-CARTIER JUSTE UN CLOU RING B4211000\详情图\4758 3.jpg,,
dummy_images\CARTIER\翻新\备份\20250624\4758-CARTIER JUSTE UN CLOU RING B4211000\详情图\4758 4.jpg,604,dummy_images\CARTIER\翻新\已整理\20250624\4758-CARTIER JUSTE UN CLOU RING B4211000\详情图\4758 4.jpg,,
dummy_images\CARTIER\翻新\备份\20250624\4758-CARTIER JUSTE UN CLOU RING B4211000\详情图\4758 5.jpg,604,dummy_images\CARTIER\翻新\已整理\20250624\4758-CARTIER JUSTE UN CLOU RING B4211000\详情图\4758 5.jpg,,
dummy_images\CARTIER\翻新\备份\20250624\4759-CARTIER BRODERIE DE CARTIER WEDDING BAND B4225400无\主图\画板 14.jpg,605,,,
dummy_images\CARTIER\翻新\备份\20250624\4759-CARTIER BRODERIE DE CARTIER WEDDING BAND B4225400无\附图\4759-1.jpg,605,dummy_images\CARTIER\翻新\已整理\20250624\4759-CARTIER BRODERIE DE CARTIER WEDDING BAND B4225400无\附图\4759 1.jpg,,
dummy_images\CARTIER\翻新\备份\20250624\4759-CARTIER BRODERIE DE CARTIER WEDDING BAND B4225400无\附图\4759-2.jpg,605,dummy_images\CARTIER\翻新\已整理\20250624\4759-CARTIER BRODERIE DE CARTIER WEDDING BAND B4225400无\附图\4759 2.jpg,,
dummy_images\CARTIER\翻新\备份\20250624\4759-CARTIER BRODERIE DE CARTIER WEDDING BAND B4225400无\附图\4759-3.jpg,605,dummy_images\CARTIER\翻新\已整理\20250624\4759-CARTIER BRODERIE DE CARTIER WEDDING BAND B4225400无\附图\4759 3.jpg,,
dummy_images\CARTIER\翻新\备份\20250624\4759-CARTIER BRODERIE DE CARTIER WEDDING BAND B4225400无\附图\4759-4.jpg,605,dummy_images\CARTIER\翻新\已整理\20250624\4759-CARTIER BRODERIE DE CARTIER WEDDING BAND B4225400无\附图\4759 4.jpg,,
dummy_images\CARTIER\翻新\备份\20250624\4759-CARTIER BRODERIE DE CARTIER WEDDING BAND B4225400无\附图\4759-5.jpg,605,dummy_images\CARTIER\翻新\已整理\20250624\4759-CARTIER BRODERIE DE CARTIER WEDDING BAND B4225400无\附图\4759 5.jpg,,
dummy_images\CARTIER\翻新\备份\20250624\4763-CARTIER JUSTE UN CLOU RING B4231600\附图\4763-1.jpg,606,dummy_images\CARTIER\翻新\已整理\20250624\4763-CARTIER JUSTE UN CLOU RING B4231600\附图\4763 1.jpg,,
dummy_images\CARTIER\翻新\备份\20250624\4763-CARTIER JUSTE UN CLOU RING B4231600\附图\4763-2.jpg,606,dummy_images\CARTIER\翻新\已整理\20250624\4763-CARTIER JUSTE UN CLOU RING B4231600\附图\4763 2.jpg,,
dummy_images\CARTIER\翻新\备份\20250624\4763-CARTIER JUSTE UN CLOU RING B4231600\附图\4763-3.jpg,606,dummy_images\CARTIER\翻新\已整理\20250624\4763-CARTIER JUSTE UN CLOU RING B4231600\附图\4763 3.jpg,,
dummy_images\CARTIER\翻新\备份\20250624\4763-CARTIER JUSTE UN CLOU RING B4231600\附图\4763-4.jpg,606,dummy_images\CARTIER\翻新\已整理\20250624\4763-CARTIER JUSTE UN CLOU RING B4231600\附图\4763 4.jpg,,
dummy_images\CARTIER\翻新\备份\20250624\4763-CARTIER JUSTE UN CLOU RING B4231600\附图\4763-5.jpg,606,dummy_images\CARTIER\翻新\已整理\20250624\4763-CARTIER JUSTE UN CLOU RING B4231600\附图\4763 5.jpg,,
dummy_images\CARTIER\翻新\备份\20250624\4763-CARTIER JUSTE UN CLOU RING B4231600\附图\_content_dam_rcq_car_23_43_17_4_2343174.jpg,606,,,
dummy_images\CARTIER\翻新\备份\20250624\4763-CARTIER JUSTE UN CLOU RING B4231600\详情图\4763 1.jpg,606,dummy_images\CARTIER\翻新\已整理\20250624\4763-CARTIER JUSTE UN CLOU RING B4231600\4763\4763 1.jpg,,
dummy_images\CARTIER\翻新\备份\20250624\4763-CARTIER JUSTE UN CLOU RING B4231600\详情图\4763 2.jpg,606,dummy_images\CARTIER\翻新\已整理\20250624\4763-CARTIER JUSTE UN CLOU RING B4231600\4763\4763 2.jpg,,
dummy_images\CARTIER\翻新\备份\20250624\4763-CARTIER JUSTE UN CLOU RING B4231600\详情图\4763 3.jpg,606,dummy_images\CARTIER\翻新\已整理\20250624\4763-CARTIER JUSTE UN CLOU RING B4231600\4763\4763 3.jpg,,
dummy_images\CARTIER\翻新\备份\20250624\4763-CARTIER JUSTE UN CLOU RING B4231600\详情图\4763 4.jpg,606,dummy_images\CARTIER\翻新\已整理\20250624\4763-CARTIER JUSTE UN CLOU RING B4231600\4763\4763 4.jpg,,
"dummy_images\CARTIER\翻新\备份\20250624\4780 CARTIER BALLERINE WEDDING RING, WIDTH 2.1 MM B4071900w无\附图\4780 1.jpg",607,"dummy_images\CARTIER\翻新\已整理\20250624\4780 CARTIER BALLERINE WEDDING RING, WIDTH 2.1 MM B4071900无\附图\4780 1.jpg",,
"dummy_images\CARTIER\翻新\备份\20250624\4780 CARTIER BALLERINE WEDDING RING, WIDTH 2.1 MM B4071900w无\附图\4780 2.jpg",607,"dummy_images\CARTIER\翻新\已整理\20250624\4780 CARTIER BALLERINE WEDDING RING, WIDTH 2.1 MM B4071900无\附图\4780 2.jpg",,
"dummy_images\CARTIER\翻新\备份\20250624\4780 CARTIER BALLERINE WEDDING RING, WIDTH 2.1 MM B4071900w无\附图\4780 3.jpg",607,"dummy_images\CARTIER\翻新\已整理\20250624\4780 CARTIER BALLERINE WEDDING RING, WIDTH 2.1 MM B4071900无\附图\4780 3.jpg",,
"dummy_images\CARTIER\翻新\备份\20250624\4780 CARTIER BALLERINE WEDDING RING, WIDTH 2.1 MM B4071900w无\附图\4780 4.jpg",607,"dummy_images\CARTIER\翻新\已整理\20250624\4780 CARTIER BALLERINE WEDDING RING, WIDTH 2.1 MM B4071900无\附图\4780 4.jpg",,
"dummy_images\CARTIER\翻新\备份\20250624\4781 CARTIER JUSTE UN CLOU RING, CLASSIC MODEL B4092500\附图\4781 1.jpg",608,"dummy_images\CARTIER\翻新\已整理\20250624\4781 CARTIER JUSTE UN CLOU RING, CLASSIC MODEL B4092500\附图\4781 1.jpg",,
"dummy_images\CARTIER\翻新\备份\20250624\4781 CARTIER JUSTE UN CLOU RING, CLASSIC MODEL B4092500\附图\4781 2.jpg",608,"dummy_images\CARTIER\翻新\已整理\20250624\4781 CARTIER JUSTE UN CLOU RING, CLASSIC MODEL B4092500\附图\4781 2.jpg",,
"dummy_images\CARTIER\翻新\备份\20250624\4781 CARTIER JUSTE UN CLOU RING, CLASSIC MODEL B4092500\附图\4781 3.jpg",608,"dummy_images\CARTIER\翻新\已整理\20250624\4781 CARTIER JUSTE UN CLOU RING, CLASSIC MODEL B4092500\附图\4781 3.jpg",,
"dummy_images\CARTIER\翻新\备份\20250624\4781 CARTIER JUSTE UN CLOU RING, CLASSIC MODEL B4092500\附图\4781 4.jpg",608,"dummy_images\CARTIER\翻新\已整理\20250624\4781 CARTIER JUSTE UN CLOU RING, CLASSIC MODEL B4092500\附图\4781 4.jpg",,
"dummy_images\CARTIER\翻新\备份\20250624\4781 CARTIER JUSTE UN CLOU RING, CLASSIC MODEL B4092500\附图\4781 5.jpg",608,"dummy_images\CARTIER\翻新\已整理\20250624\4781 CARTIER JUSTE UN CLOU RING, CLASSIC MODEL B4092500\附图\4781 5.jpg",,
"dummy_images\CARTIER\翻新\备份\20250624\4781 CARTIER JUSTE UN CLOU RING, CLASSIC MODEL B4092500\详情图\47811.jpg",608,,,
"dummy_images\CARTIER\翻新\备份\20250624\4781 CARTIER JUSTE UN CLOU RING, CLASSIC MODEL B4092500\详情图\47812.jpg",608,,,
"dummy_images\CARTIER\翻新\备份\20250624\4781 CARTIER JUSTE UN CLOU RING, CLASSIC MODEL B4092500\详情图\47813.jpg",608,,,
"dummy_images\CARTIER\翻新\备份\20250624\4781 CARTIER JUSTE UN CLOU RING, CLASSIC MODEL B4092500\详情图\47814.jpg",608,,,
"dummy_images\CARTIER\翻新\备份\20250624\4781 CARTIER JUSTE UN CLOU RING, CLASSIC MODEL B4092500\详情图\47815.jpg",608,,,
"dummy_images\CARTIER\翻新\备份\20250624\4781 CARTIER JUSTE UN CLOU RING, CLASSIC MODEL B4092500\详情图\47816.jpg",608,,,
"dummy_images\CARTIER\翻新\备份\20250624\4782 CARTIER C DE CARTIER WEDDING RING, WIDTH 3 MM, 2 DIAMONDS B4077800\附图\4782 1.jpg",609,"dummy_images\CARTIER\翻新\备份\20250624\4782 CARTIER C DE CARTIER WEDDING RING, WIDTH 3 MM, 2 DIAMONDS B4077800无\附图\4782 1.jpg",,
"dummy_images\CARTIER\翻新\备份\20250624\4782 CARTIER C DE CARTIER WEDDING RING, WIDTH 3 MM, 2 DIAMONDS B4077800\附图\4782 2.jpg",609,"dummy_images\CARTIER\翻新\备份\20250624\4782 CARTIER C DE CARTIER WEDDING RING, WIDTH 3 MM, 2 DIAMONDS B4077800无\附图\4782 2.jpg",,
"dummy_images\CARTIER\翻新\备份\20250624\4782 CARTIER C DE CARTIER WEDDING RING, WIDTH 3 MM, 2 DIAMONDS B4077800\附图\4782 3.jpg",609,"dummy_images\CARTIER\翻新\备份\20250624\4782 CARTIER C DE CARTIER WEDDING RING, WIDTH 3 MM, 2 DIAMONDS B4077800无\附图\4782 3.jpg",,
"dummy_images\CARTIER\翻新\备份\20250624\4782 CARTIER C DE CARTIER WEDDING RING, WIDTH 3 MM, 2 DIAMONDS B4077800\附图\4782 4.jpg",609,"dummy_images\CARTIER\翻新\备份\20250624\4782 CARTIER C DE CARTIER WEDDING RING, WIDTH 3 MM, 2 DIAMONDS B4077800无\附图\4782 4.jpg",,
"dummy_images\CARTIER\翻新\备份\20250624\4794 CARTIER JUSTE UN CLOU RING, DOUBLE, SEMI-PAVED B4211900\附图\4794 1.jpg",610,"dummy_images\CARTIER\翻新\已整理\20250624\4794 CARTIER JUSTE UN CLOU RING, DOUBLE, SEMI-PAVED B4211900无\附图\4794 1.jpg",,
"dummy_images\CARTIER\翻新\备份\20250624\4794 CARTIER JUSTE UN CLOU RING, DOUBLE, SEMI-PAVED B4211900\附图\4794 2.jpg",610,"dummy_images\CARTIER\翻新\已整理\20250624\4794 CARTIER JUSTE UN CLOU RING, DOUBLE, SEMI-PAVED B4211900无\附图\4794 2.jpg",,
"dummy_images\CARTIER\翻新\备份\20250624\4794 CARTIER JUSTE UN CLOU RING, DOUBLE, SEMI-PAVED B4211900\附图\4794 3.jpg",610,"dummy_images\CARTIER\翻新\已整理\20250624\4794 CARTIER JUSTE UN CLOU RING, DOUBLE, SEMI-PAVED B4211900无\附图\4794 3.jpg",,
"dummy_images\CARTIER\翻新\备份\20250624\4794 CARTIER JUSTE UN CLOU RING, DOUBLE, SEMI-PAVED B4211900\附图\4794 4.jpg",610,"dummy_images\CARTIER\翻新\已整理\20250624\4794 CARTIER JUSTE UN CLOU RING, DOUBLE, SEMI-PAVED B4211900无\附图\4794 4.jpg",,
"dummy_images\CARTIER\翻新\备份\20250624\4794 CARTIER JUSTE UN CLOU RING, DOUBLE, SEMI-PAVED B4211900\附图\4794 5.jpg",610,"dummy_images\CARTIER\翻新\已整理\20250624\4794 CARTIER JUSTE UN CLOU RING, DOUBLE, SEMI-PAVED B4211900无\附图\4794 5.jpg",,
dummy_images\CARTIER\翻新\备份\20250624\4797 CARTIER BALLERINE WEDDING RING B4077700\附图\4797 1.jpg,611,dummy_images\CARTIER\翻新\已整理\20250624\4797 CARTIER BALLERINE WEDDING RING B4077700无\附图\4797 1.jpg,,
dummy_images\CARTIER\翻新\备份\20250624\4797 CARTIER BALLERINE WEDDING RING B4077700\附图\4797 2.jpg,611,dummy_images\CARTIER\翻新\已整理\20250624\4797 CARTIER BALLERINE WEDDING RING B4077700无\附图\4797 2.jpg,,
dummy_images\CARTIER\翻新\备份\20250624\4797 CARTIER BALLERINE WEDDING RING B4077700\附图\4797 3.jpg,611,dummy_images\CARTIER\翻新\已整理\20250624\4797 CARTIER BALLERINE WEDDING RING B4077700无\附图\4797 3.jpg,,
dummy_images\CARTIER\翻新\备份\20250624\4797 CARTIER BALLERINE WEDDING RING B4077700\附图\4797 4.jpg,611,dummy_images\CARTIER\翻新\已整理\20250624\4797 CARTIER BALLERINE WEDDING RING B4077700无\附图\4797 4.jpg,,
dummy_images\CARTIER\翻新\备份\20250624\4797 CARTIER BALLERINE WEDDING RING B4077700\附图\4797 5.jpg,611,dummy_images\CARTIER\翻新\已整理\20250624\4797 CARTIER BALLERINE WEDDING RING B4077700无\附图\4797 5.jpg,,
dummy_images\CARTIER\翻新\备份\20250624\4797 CARTIER BALLERINE WEDDING RING B4077700\详情图\47971.jpg,611,,,
dummy_images\CARTIER\翻新\备份\20250624\4797 CARTIER BALLERINE WEDDING RING B4077700\详情图\47972.jpg,611,,,
dummy_images\CARTIER\翻新\备份\20250624\4797 CARTIER BALLERINE WEDDING RING B4077700\详情图\47973.jpg,611,,,
dummy_images\CARTIER\翻新\备份\20250624\4797 CARTIER BALLERINE WEDDING RING B4077700\详情图\47974.jpg,611,,,
"dummy_images\CARTIER\翻新\备份\20250624\4805 CARTIER PANTHèRE DE CARTIER RING, SMALL MODEL, SEMI-PAVED N4765800\附图\4805 1.jpg",612,"dummy_images\CARTIER\翻新\已整理\20250624\4805 CARTIER PANTHèRE DE CARTIER RING, SMALL MODEL, SEMI-PAVED N4765800\附图\4805 1.jpg",,
"dummy_images\CARTIER\翻新\备份\20250624\4805 CARTIER PANTHèRE DE CARTIER RING, SMALL MODEL, SEMI-PAVED N4765800\附图\4805 2.jpg",612,"dummy_images\CARTIER\翻新\已整理\20250624\4805 CARTIER PANTHèRE DE CARTIER RING, SMALL MODEL, SEMI-PAVED N4765800\附图\4805 2.jpg",,
"dummy_images\CARTIER\翻新\备份\20250624\4805 CARTIER PANTHèRE DE CARTIER RING, SMALL MODEL, SEMI-PAVED N4765800\附图\4805 3.jpg",612,"dummy_images\CARTIER\翻新\已整理\20250624\4805 CARTIER PANTHèRE DE CARTIER RING, SMALL MODEL, SEMI-PAVED N4765800\附图\4805 3.jpg",,
"dummy_images\CARTIER\翻新\备份\20250624\4805 CARTIER PANTHèRE DE CARTIER RING, SMALL MODEL, SEMI-PAVED N4765800\附图\4805 4.jpg",612,"dummy_images\CARTIER\翻新\已整理\20250624\4805 CARTIER PANTHèRE DE CARTIER RING, SMALL MODEL, SEMI-PAVED N4765800\附图\4805 4.jpg",,
"dummy_images\CARTIER\翻新\备份\20250624\4805 CARTIER PANTHèRE DE CARTIER RING, SMALL MODEL, SEMI-PAVED N4765800\附图\4805 5.jpg",612,"dummy_images\CARTIER\翻新\已整理\20250624\4805 CARTIER PANTHèRE DE CARTIER RING, SMALL MODEL, SEMI-PAVED N4765800\附图\4805 5.jpg",,
"dummy_images\CARTIER\翻新\备份\20250624\4805 CARTIER PANTHèRE DE CARTIER RING, SMALL MODEL, SEMI-PAVED N4765800\详情图\47971.jpg",612,"dummy_images\CARTIER\翻新\备份\20250624\4805 CARTIER PANTHèRE DE CARTIER RING, SMALL MODEL, SEMI-PAVED N4765800\4797\47971.jpg",,
"dummy_images\CARTIER\翻新\备份\20250624\4805 CARTIER PANTHèRE DE CARTIER RING, SMALL MODEL, SEMI-PAVED N4765800\详情图\47972.jpg",612,"dummy_images\CARTIER\翻新\备份\20250624\4805 CARTIER PANTHèRE DE CARTIER RING, SMALL MODEL, SEMI-PAVED N4765800\4797\47972.jpg",,
"dummy_images\CARTIER\翻新\备份\20250624\4805 CARTIER PANTHèRE DE CARTIER RING, SMALL MODEL, SEMI-PAVED N4765800\详情图\47973.jpg",612,"dummy_images\CARTIER\翻新\备份\20250624\4805 CARTIER PANTHèRE DE CARTIER RING, SMALL MODEL, SEMI-PAVED N4765800\4797\47973.jpg",,
"dummy_images\CARTIER\翻新\备份\20250624\4805 CARTIER PANTHèRE DE CARTIER RING, SMALL MODEL, SEMI-PAVED N4765800\详情图\47974.jpg",612,"dummy_images\CARTIER\翻新\备份\20250624\4805 CARTIER PANTHèRE DE CARTIER RING, SMALL MODEL, SEMI-PAVED N4765800\4797\47974.jpg",,
"dummy_images\CARTIER\翻新\备份\20250625\4815 CARTIER PANTHèRE DE CARTIER RING, SMALL MODEL, SEMI-PAVED N4765900\主图\画板 3.jpg",613,,,
"dummy_images\CARTIER\翻新\备份\20250625\4815 CARTIER PANTHèRE DE CARTIER RING, SMALL MODEL, SEMI-PAVED N4765900\附图\4815 1.jpg",613,"dummy_images\CARTIER\翻新\已整理\20250625\4815 CARTIER PANTHèRE DE CARTIER RING, SMALL MODEL, SEMI-PAVED N4765900\附图\4815 1.jpg",,
"dummy_images\CARTIER\翻新\备份\20250625\4815 CARTIER PANTHèRE DE CARTIER RING, SMALL MODEL, SEMI-PAVED N4765900\附图\4815 2.jpg",613,"dummy_images\CARTIER\翻新\已整理\20250625\4815 CARTIER PANTHèRE DE CARTIER RING, SMALL MODEL, SEMI-PAVED N4765900\附图\4815 2.jpg",,
"dummy_images\CARTIER\翻新\备份\20250625\4815 CARTIER PANTHèRE DE CARTIER RING, SMALL MODEL, SEMI-PAVED N4765900\附图\4815 3.jpg",613,"dummy_images\CARTIER\翻新\已整理\20250625\4815 CARTIER PANTHèRE DE CARTIER RING, SMALL MODEL, SEMI-PAVED N4765900\附图\4815 3.jpg",,
"dummy_images\CARTIER\翻新\备份\20250625\4815 CARTIER PANTHèRE DE CARTIER RING, SMALL MODEL, SEMI-PAVED N4765900\附图\4815 4.jpg",613,"dummy_images\CARTIER\翻新\已整理\20250625\4815 CARTIER PANTHèRE DE CARTIER RING, SMALL MODEL, SEMI-PAVED N4765900\附图\4815 4.jpg",,
"dummy_images\CARTIER\翻新\备份\20250625\4815 CARTIER PANTHèRE DE CARTIER RING, SMALL MODEL, SEMI-PAVED N4765900\附图\4815 5.jpg",613,"dummy_images\CARTIER\翻新\已整理\20250625\4815 CARTIER PANTHèRE DE CARTIER RING, SMALL MODEL, SEMI-PAVED N4765900\附图\4815 5.jpg",,
"dummy_images\CARTIER\翻新\备份\20250625\4815 CARTIER PANTHèRE DE CARTIER RING, SMALL MODEL, SEMI-PAVED N4765900\详情图\48152.jpg",613,"dummy_images\CARTIER\翻新\已整理\20250625\4815 CARTIER PANTHèRE DE CARTIER RING, SMALL MODEL, SEMI-PAVED N4765900\详情图\48152.jpg",,
"dummy_images\CARTIER\翻新\备份\20250625\4815 CARTIER PANTHèRE DE CARTIER RING, SMALL MODEL, SEMI-PAVED N4765900\详情图\48153.jpg",613,"dummy_images\CARTIER\翻新\已整理\20250625\4815 CARTIER PANTHèRE DE CARTIER RING, SMALL MODEL, SEMI-PAVED N4765900\详情图\48153.jpg",,
"dummy_images\CARTIER\翻新\备份\20250625\4815 CARTIER PANTHèRE DE CARTIER RING, SMALL MODEL, SEMI-PAVED N4765900\详情图\48154.jpg",613,"dummy_images\CARTIER\翻新\已整理\20250625\4815 CARTIER PANTHèRE DE CARTIER RING, SMALL MODEL, SEMI-PAVED N4765900\详情图\48154.jpg",,
"dummy_images\CARTIER\翻新\备份\20250625\4815 CARTIER PANTHèRE DE CARTIER RING, SMALL MODEL, SEMI-PAVED N4765900\详情图\48155.jpg",613,"dummy_images\CARTIER\翻新\已整理\20250625\4815 CARTIER PANTHèRE DE CARTIER RING, SMALL MODEL, SEMI-PAVED N4765900\详情图\48155.jpg",,
"dummy_images\CARTIER\翻新\备份\20250625\4830 CARTIER éTINCELLE DE CARTIER RING, SMALL MODEL?B4216800无\主图\画板 5.jpg",614,,,
"dummy_images\CARTIER\翻新\备份\20250625\4830 CARTIER éTINCELLE DE CARTIER RING, SMALL MODEL?B4216800无\附图\4830 1.jpg",614,"dummy_images\CARTIER\翻新\已整理\20250625\4830 CARTIER éTINCELLE DE CARTIER RING, SMALL MODEL?B4216800无\附图\4830 1.jpg",,
"dummy_images\CARTIER\翻新\备份\20250625\4830 CARTIER éTINCELLE DE CARTIER RING, SMALL MODEL?B4216800无\附图\4830 2.jpg",614,"dummy_images\CARTIER\翻新\已整理\20250625\4830 CARTIER éTINCELLE DE CARTIER RING, SMALL MODEL?B4216800无\附图\4830 2.jpg",,
"dummy_images\CARTIER\翻新\备份\20250625\4830 CARTIER éTINCELLE DE CARTIER RING, SMALL MODEL?B4216800无\附图\4830 3.jpg",614,"dummy_images\CARTIER\翻新\已整理\20250625\4830 CARTIER éTINCELLE DE CARTIER RING, SMALL MODEL?B4216800无\附图\4830 3.jpg",,
"dummy_images\CARTIER\翻新\备份\20250625\4830 CARTIER éTINCELLE DE CARTIER RING, SMALL MODEL?B4216800无\附图\4830 4.jpg",614,"dummy_images\CARTIER\翻新\已整理\20250625\4830 CARTIER éTINCELLE DE CARTIER RING, SMALL MODEL?B4216800无\附图\4830 4.jpg",,
"dummy_images\CARTIER\翻新\备份\20250625\4830 CARTIER éTINCELLE DE CARTIER RING, SMALL MODEL?B4216800无\附图\4830 5.jpg",614,"dummy_images\CARTIER\翻新\已整理\20250625\4830 CARTIER éTINCELLE DE CARTIER RING, SMALL MODEL?B4216800无\附图\4830 5.jpg",,
"dummy_images\CARTIER\翻新\备份\20250625\4830 CARTIER éTINCELLE DE CARTIER RING, SMALL MODEL?B4216800无\附图\4830 6.jpg",614,"dummy_images\CARTIER\翻新\已整理\20250625\4830 CARTIER éTINCELLE DE CARTIER RING, SMALL MODEL?B4216800无\附图\4830 6.jpg",,
"dummy_images\CARTIER\翻新\备份\20250625\4833 CARTIER JUSTE UN CLOU RING, DOUBLE, SEMI-PAVED?B4210900\主图\画板 6.jpg",615,,,
"dummy_images\CARTIER\翻新\备份\20250625\4833 CARTIER JUSTE UN CLOU RING, DOUBLE, SEMI-PAVED?B4210900\附图\4833 1.jpg",615,"dummy_images\CARTIER\翻新\已整理\20250625\4833 CARTIER JUSTE UN CLOU RING, DOUBLE, SEMI-PAVED?B4210900\附图\4833 1.jpg",,
"dummy_images\CARTIER\翻新\备份\20250625\4833 CARTIER JUSTE UN CLOU RING, DOUBLE, SEMI-PAVED?B4210900\附图\4833 2.jpg",615,"dummy_images\CARTIER\翻新\已整理\20250625\4833 CARTIER JUSTE UN CLOU RING, DOUBLE, SEMI-PAVED?B4210900\附图\4833 2.jpg",,
"dummy_images\CARTIER\翻新\备份\20250625\4833 CARTIER JUSTE UN CLOU RING, DOUBLE, SEMI-PAVED?B4210900\附图\4833 3.jpg",615,"dummy_images\CARTIER\翻新\已整理\20250625\4833 CARTIER JUSTE UN CLOU RING, DOUBLE, SEMI-PAVED?B4210900\附图\4833 3.jpg",,
"dummy_images\CARTIER\翻新\备份\20250625\4833 CARTIER JUSTE UN CLOU RING, DOUBLE, SEMI-PAVED?B4210900\附图\4833 4.jpg",615,"dummy_images\CARTIER\翻新\已整理\20250625\4833 CARTIER JUSTE UN CLOU RING, DOUBLE, SEMI-PAVED?B4210900\附图\4833 4.jpg",,
"dummy_images\CARTIER\翻新\备份\20250625\4833 CARTIER JUSTE UN CLOU RING, DOUBLE, SEMI-PAVED?B4210900\附图\4833 5.jpg",615,"dummy_images\CARTIER\翻新\已整理\20250625\4833 CARTIER JUSTE UN CLOU RING, DOUBLE, SEMI-PAVED?B4210900\附图\4833 5.jpg",,
"dummy_images\CARTIER\翻新\备份\20250625\4833 CARTIER JUSTE UN CLOU RING, DOUBLE, SEMI-PAVED?B4210900\详情图\48331.jpg",615,"dummy_images\CARTIER\翻新\已整理\20250625\4833 CARTIER JUSTE UN CLOU RING, DOUBLE, SEMI-PAVED?B4210900\详情图\48331.jpg",,
"dummy_images\CARTIER\翻新\备份\20250625\4833 CARTIER JUSTE UN CLOU RING, DOUBLE, SEMI-PAVED?B4210900\详情图\48332.jpg",615,"dummy_images\CARTIER\翻新\已整理\20250625\4833 CARTIER JUSTE UN CLOU RING, DOUBLE, SEMI-PAVED?B4210900\详情图\48332.jpg",,
"dummy_images\CARTIER\翻新\备份\20250625\4833 CARTIER JUSTE UN CLOU RING, DOUBLE, SEMI-PAVED?B4210900\详情图\48333.jpg",615,"dummy_images\CARTIER\翻新\已整理\20250625\4833 CARTIER JUSTE UN CLOU RING, DOUBLE, SEMI-PAVED?B4210900\详情图\48333.jpg",,
"dummy_images\CARTIER\翻新\备份\20250625\4839 CARTIER PANTHèRE DE CARTIER RING, SMALL MODEL, PAVED N4765500\主图\画板 7.jpg",616,,,
"dummy_images\CARTIER\翻新\备份\20250625\4839 CARTIER PANTHèRE DE CARTIER RING, SMALL MODEL, PAVED N4765500\附图\4839 1.jpg",616,"dummy_images\CARTIER\翻新\已整理\20250625\4839 CARTIER PANTHèRE DE CARTIER RING, SMALL MODEL, PAVED N4765500\附图\4839 1.jpg",,
"dummy_images\CARTIER\翻新\备份\20250625\4839 CARTIER PANTHèRE DE CARTIER RING, SMALL MODEL, PAVED N4765500\附图\4839 2.jpg",616,"dummy_images\CARTIER\翻新\已整理\20250625\4839 CARTIER PANTHèRE DE CARTIER RING, SMALL MODEL, PAVED N4765500\附图\4839 2.jpg",,
"dummy_images\CARTIER\翻新\备份\20250625\4839 CARTIER PANTHèRE DE CARTIER RING, SMALL MODEL, PAVED N4765500\附图\4839 3.jpg",616,"dummy_images\CARTIER\翻新\已整理\20250625\4839 CARTIER PANTHèRE DE CARTIER RING, SMALL MODEL, PAVED N4765500\附图\4839 3.jpg",,
"dummy_images\CARTIER\翻新\备份\20250625\4839 CARTIER PANTHèRE DE CARTIER RING, SMALL MODEL, PAVED N4765500\附图\4839 4.jpg",616,"dummy_images\CARTIER\翻新\已整理\20250625\4839 CARTIER PANTHèRE DE CARTIER RING, SMALL MODEL, PAVED N4765500\附图\4839 4.jpg",,
"dummy_images\CARTIER\翻新\备份\20250625\4839 CARTIER PANTHèRE DE CARTIER RING, SMALL MODEL, PAVED N4765500\附图\4839 5.jpg",616,"dummy_images\CARTIER\翻新\已整理\20250625\4839 CARTIER PANTHèRE DE CARTIER RING, SMALL MODEL, PAVED N4765500\附图\4839 5.jpg",,
"dummy_images\CARTIER\翻新\备份\20250625\4839 CARTIER PANTHèRE DE CARTIER RING, SMALL MODEL, PAVED N4765500\详情图\48391.jpg",616,"dummy_images\CARTIER\翻新\已整理\20250625\4839 CARTIER PANTHèRE DE CARTIER RING, SMALL MODEL, PAVED N4765500\详情图\48391.jpg",,
"dummy_images\CARTIER\翻新\备份\20250625\4839 CARTIER PANTHèRE DE CARTIER RING, SMALL MODEL, PAVED N4765500\详情图\48392.jpg",616,"dummy_images\CARTIER\翻新\已整理\20250625\4839 CARTIER PANTHèRE DE CARTIER RING, SMALL MODEL, PAVED N4765500\详情图\48392.jpg",,
"dummy_images\CARTIER\翻新\备份\20250625\4839 CARTIER PANTHèRE DE CARTIER RING, SMALL MODEL, PAVED N4765500\详情图\48393.jpg",616,"dummy_images\CARTIER\翻新\已整理\20250625\4839 CARTIER PANTHèRE DE CARTIER RING, SMALL MODEL, PAVED N4765500\详情图\48393.jpg",,
"dummy_images\CARTIER\翻新\备份\20250625\4839 CARTIER PANTHèRE DE CARTIER RING, SMALL MODEL, PAVED N4765500\详情图\48394.jpg",616,"dummy_images\CARTIER\翻新\已整理\20250625\4839 CARTIER PANTHèRE DE CARTIER RING, SMALL MODEL, PAVED N4765500\详情图\48394.jpg",,
"dummy_images\CARTIER\翻新\备份\20250625\4839 CARTIER PANTHèRE DE CARTIER RING, SMALL MODEL, PAVED N4765500\详情图\48395.jpg",616,"dummy_images\CARTIER\翻新\已整理\20250625\4839 CARTIER PANTHèRE DE CARTIER RING, SMALL MODEL, PAVED N4765500\详情图\48395.jpg",,
"dummy_images\CARTIER\翻新\备份\20250625\4839 CARTIER PANTHèRE DE CARTIER RING, SMALL MODEL, PAVED N4765500\详情图\48396.jpg",616,"dummy_images\CARTIER\翻新\已整理\20250625\4839 CARTIER PANTHèRE DE CARTIER RING, SMALL MODEL, PAVED N4765500\详情图\48396.jpg",,
"dummy_images\CARTIER\翻新\备份\20250625\4847 CARTIER BRODERIE DE CARTIER WEDDING BAND, DIAMONDS?B4225600无\主图\画板 13.jpg",617,,,
"dummy_images\CARTIER\翻新\备份\20250625\4847 CARTIER BRODERIE DE CARTIER WEDDING BAND, DIAMONDS?B4225600无\附图\4847 1.jpg",617,"dummy_images\CARTIER\翻新\已整理\20250625\4847 CARTIER BRODERIE DE CARTIER WEDDING BAND, DIAMONDS?B4225600无\附图\4847 1.jpg",,
"dummy_images\CARTIER\翻新\备份\20250625\4847 CARTIER BRODERIE DE CARTIER WEDDING BAND, DIAMONDS?B4225600无\附图\4847 2.jpg",617,"dummy_images\CARTIER\翻新\已整理\20250625\4847 CARTIER BRODERIE DE CARTIER WEDDING BAND, DIAMONDS?B4225600无\附图\4847 2.jpg",,
"dummy_images\CARTIER\翻新\备份\20250625\4847 CARTIER BRODERIE DE CARTIER WEDDING BAND, DIAMONDS?B4225600无\附图\4847 3.jpg",617,"dummy_images\CARTIER\翻新\已整理\20250625\4847 CARTIER BRODERIE DE CARTIER WEDDING BAND, DIAMONDS?B4225600无\附图\4847 3.jpg",,
"dummy_images\CARTIER\翻新\备份\20250625\4848 CARTIER ETINCELLE DE CARTIER RING, SEMI-PAVED?N4753200无\主图\画板 14.jpg",618,,,
"dummy_images\CARTIER\翻新\备份\20250625\4848 CARTIER ETINCELLE DE CARTIER RING, SEMI-PAVED?N4753200无\附图\4848 1.jpg",618,"dummy_images\CARTIER\翻新\已整理\20250625\4848 CARTIER ETINCELLE DE CARTIER RING, SEMI-PAVED?N4753200无\附图\4848 1.jpg",,
"dummy_images\CARTIER\翻新\备份\20250625\4848 CARTIER ETINCELLE DE CARTIER RING, SEMI-PAVED?N4753200无\附图\4848 2.jpg",618,"dummy_images\CARTIER\翻新\已整理\20250625\4848 CARTIER ETINCELLE DE CARTIER RING, SEMI-PAVED?N4753200无\附图\4848 2.jpg",,
"dummy_images\CARTIER\翻新\备份\20250625\4848 CARTIER ETINCELLE DE CARTIER RING, SEMI-PAVED?N4753200无\附图\4848 3.jpg",618,"dummy_images\CARTIER\翻新\已整理\20250625\4848 CARTIER ETINCELLE DE CARTIER RING, SEMI-PAVED?N4753200无\附图\4848 3.jpg",,
"dummy_images\CARTIER\翻新\备份\20250625\4848 CARTIER ETINCELLE DE CARTIER RING, SEMI-PAVED?N4753200无\附图\4848 4.jpg",618,"dummy_images\CARTIER\翻新\已整理\20250625\4848 CARTIER ETINCELLE DE CARTIER RING, SEMI-PAVED?N4753200无\附图\4848 4.jpg",,
"dummy_images\CARTIER\翻新\备份\20250625\4848 CARTIER ETINCELLE DE CARTIER RING, SEMI-PAVED?N4753200无\附图\4848 5.jpg",618,"dummy_images\CARTIER\翻新\已整理\20250625\4848 CARTIER ETINCELLE DE CARTIER RING, SEMI-PAVED?N4753200无\附图\4848 5.jpg",,
"dummy_images\CARTIER\翻新\备份\20250625\4849 CARTIER PANTHèRE DE CARTIER RING, SMALL MODEL, SEMI-PAVED?N4765700无\主图\画板 15.jpg",619,,,
"dummy_images\CARTIER\翻新\备份\20250625\4849 CARTIER PANTHèRE DE CARTIER RING, SMALL MODEL, SEMI-PAVED?N4765700无\附图\4849 1.jpg",619,"dummy_images\CARTIER\翻新\已整理\20250625\4849 CARTIER PANTHèRE DE CARTIER RING, SMALL MODEL, SEMI-PAVED?N4765700无\附图\4849 1.jpg",,
"dummy_images\CARTIER\翻新\备份\20250625\4849 CARTIER PANTHèRE DE CARTIER RING, SMALL MODEL, SEMI-PAVED?N4765700无\附图\4849 2.jpg",619,"dummy_images\CARTIER\翻新\已整理\20250625\4849 CARTIER PANTHèRE DE CARTIER RING, SMALL MODEL, SEMI-PAVED?N4765700无\附图\4849 2.jpg",,
"dummy_images\CARTIER\翻新\备份\20250625\4849 CARTIER PANTHèRE DE CARTIER RING, SMALL MODEL, SEMI-PAVED?N4765700无\附图\4849 3.jpg",619,"dummy_images\CARTIER\翻新\已整理\20250625\4849 CARTIER PANTHèRE DE CARTIER RING, SMALL MODEL, SEMI-PAVED?N4765700无\附图\4849 3.jpg",,
"dummy_images\CARTIER\翻新\备份\20250625\4849 CARTIER PANTHèRE DE CARTIER RING, SMALL MODEL, SEMI-PAVED?N4765700无\附图\4849 4.jpg",619,"dummy_images\CARTIER\翻新\已整理\20250625\4849 CARTIER PANTHèRE DE CARTIER RING, SMALL MODEL, SEMI-PAVED?N4765700无\附图\4849 4.jpg",,
"dummy_images\CARTIER\翻新\备份\20250625\4849 CARTIER PANTHèRE DE CARTIER RING, SMALL MODEL, SEMI-PAVED?N4765700无\附图\4849 5.jpg",619,"dummy_images\CARTIER\翻新\已整理\20250625\4849 CARTIER PANTHèRE DE CARTIER RING, SMALL MODEL, SEMI-PAVED?N4765700无\附图\4849 5.jpg",,
dummy_images\CARTIER\翻新\备份\20250625\4866 CARTIER ETINCELLE DE CARTIER RING N4243000\主图\画板 22.jpg,620,,,
dummy_images\CARTIER\翻新\备份\20250625\4866 CARTIER ETINCELLE DE CARTIER RING N4243000\附图\4866 1.jpg,620,dummy_images\CARTIER\翻新\已整理\20250625\4866 CARTIER ETINCELLE DE CARTIER RING N4243000\附图\4866 1.jpg,,
dummy_images\CARTIER\翻新\备份\20250625\4866 CARTIER ETINCELLE DE CARTIER RING N4243000\附图\4866 2.jpg,620,dummy_images\CARTIER\翻新\已整理\20250625\4866 CARTIER ETINCELLE DE CARTIER RING N4243000\附图\4866 2.jpg,,
dummy_images\CARTIER\翻新\备份\20250625\4866 CARTIER ETINCELLE DE CARTIER RING N4243000\附图\4866 3.jpg,620,dummy_images\CARTIER\翻新\已整理\20250625\4866 CARTIER ETINCELLE DE CARTIER RING N4243000\附图\4866 3.jpg,,
dummy_images\CARTIER\翻新\备份\20250625\4866 CARTIER ETINCELLE DE CARTIER RING N4243000\附图\4866 4.jpg,620,dummy_images\CARTIER\翻新\已整理\20250625\4866 CARTIER ETINCELLE DE CARTIER RING N4243000\附图\4866 4.jpg,,
dummy_images\CARTIER\翻新\备份\20250625\4866 CARTIER ETINCELLE DE CARTIER RING N4243000\附图\4866 5.jpg,620,dummy_images\CARTIER\翻新\已整理\20250625\4866 CARTIER ETINCELLE DE CARTIER RING N4243000\附图\4866 5.jpg,,
dummy_images\CARTIER\翻新\备份\20250625\4866 CARTIER ETINCELLE DE CARTIER RING N4243000\详情图\48661.jpg,620,dummy_images\CARTIER\翻新\已整理\20250625\4866 CARTIER ETINCELLE DE CARTIER RING N4243000\详情图\48661.jpg,,
dummy_images\CARTIER\翻新\备份\20250625\4866 CARTIER ETINCELLE DE CARTIER RING N4243000\详情图\48662.jpg,620,dummy_images\CARTIER\翻新\已整理\20250625\4866 CARTIER ETINCELLE DE CARTIER RING N4243000\详情图\48662.jpg,,
dummy_images\CARTIER\翻新\备份\20250625\4866 CARTIER ETINCELLE DE CARTIER RING N4243000\详情图\48663.jpg,620,dummy_images\CARTIER\翻新\已整理\20250625\4866 CARTIER ETINCELLE DE CARTIER RING N4243000\详情图\48663.jpg,,
dummy_images\CARTIER\翻新\备份\20250625\4866 CARTIER ETINCELLE DE CARTIER RING N4243000\详情图\48664.jpg,620,dummy_images\CARTIER\翻新\已整理\20250625\4866 CARTIER ETINCELLE DE CARTIER RING N4243000\详情图\48664.jpg,,
dummy_images\CARTIER\翻新\备份\20250625\4866 CARTIER ETINCELLE DE CARTIER RING N4243000\详情图\48665.jpg,620,dummy_images\CARTIER\翻新\已整理\20250625\4866 CARTIER ETINCELLE DE CARTIER RING N4243000\详情图\48665.jpg,,
dummy_images\CARTIER\翻新\备份\20250625\4878 CARTIER C DE CARTIER WEDDING RING B4232200无\主图\画板 25.jpg,621,,,
dummy_images\CARTIER\翻新\备份\20250625\4878 CARTIER C DE CARTIER WEDDING RING B4232200无\附图\4878 1.jpg,621,dummy_images\CARTIER\翻新\已整理\20250625\4878 CARTIER C DE CARTIER WEDDING RING B4232200无\附图\4878 1.jpg,,
dummy_images\CARTIER\翻新\备份\20250625\4878 CARTIER C DE CARTIER WEDDING RING B4232200无\附图\4878 2.jpg,621,dummy_images\CARTIER\翻新\已整理\20250625\4878 CARTIER C DE CARTIER WEDDING RING B4232200无\附图\4878 2.jpg,,
dummy_images\CARTIER\翻新\备份\20250625\4878 CARTIER C DE CARTIER WEDDING RING B4232200无\附图\4878 3.jpg,621,dummy_images\CARTIER\翻新\已整理\20250625\4878 CARTIER C DE CARTIER WEDDING RING B4232200无\附图\4878 3.jpg,,
dummy_images\CARTIER\翻新\备份\20250625\4878 CARTIER C DE CARTIER WEDDING RING B4232200无\附图\4878 4.jpg,621,dummy_images\CARTIER\翻新\已整理\20250625\4878 CARTIER C DE CARTIER WEDDING RING B4232200无\附图\4878 4.jpg,,
dummy_images\CARTIER\翻新\备份\20250625\4878 CARTIER C DE CARTIER WEDDING RING B4232200无\附图\4878 5.jpg,621,dummy_images\CARTIER\翻新\已整理\20250625\4878 CARTIER C DE CARTIER WEDDING RING B4232200无\附图\4878 5.jpg,,
"dummy_images\CARTIER\翻新\备份\20250625\4923 CARTIER D'AMOUR NECKLACE, SMALL MODEL B7215700\主图\画板 32.jpg",622,,,
"dummy_images\CARTIER\翻新\备份\20250625\4923 CARTIER D'AMOUR NECKLACE, SMALL MODEL B7215700\附图\4923 1.jpg",622,"dummy_images\CARTIER\翻新\已整理\20250625\4923 CARTIER D'AMOUR NECKLACE, SMALL MODEL B7215700\附图\4923 1.jpg",,
"dummy_images\CARTIER\翻新\备份\20250625\4923 CARTIER D'AMOUR NECKLACE, SMALL MODEL B7215700\附图\4923 2.jpg",622,"dummy_images\CARTIER\翻新\已整理\20250625\4923 CARTIER D'AMOUR NECKLACE, SMALL MODEL B7215700\附图\4923 2.jpg",,
"dummy_images\CARTIER\翻新\备份\20250625\4923 CARTIER D'AMOUR NECKLACE, SMALL MODEL B7215700\附图\4923 3.jpg",622,"dummy_images\CARTIER\翻新\已整理\20250625\4923 CARTIER D'AMOUR NECKLACE, SMALL MODEL B7215700\附图\4923 3.jpg",,
"dummy_images\CARTIER\翻新\备份\20250625\4923 CARTIER D'AMOUR NECKLACE, SMALL MODEL B7215700\附图\4923 4.jpg",622,"dummy_images\CARTIER\翻新\已整理\20250625\4923 CARTIER D'AMOUR NECKLACE, SMALL MODEL B7215700\附图\4923 4.jpg",,
"dummy_images\CARTIER\翻新\备份\20250625\4923 CARTIER D'AMOUR NECKLACE, SMALL MODEL B7215700\附图\4923 5.jpg",622,"dummy_images\CARTIER\翻新\已整理\20250625\4923 CARTIER D'AMOUR NECKLACE, SMALL MODEL B7215700\附图\4923 5.jpg",,
"dummy_images\CARTIER\翻新\备份\20250625\4923 CARTIER D'AMOUR NECKLACE, SMALL MODEL B7215700\详情图\49231.jpg",622,"dummy_images\CARTIER\翻新\已整理\20250625\4923 CARTIER D'AMOUR NECKLACE, SMALL MODEL B7215700\详情图\49231.jpg",,
"dummy_images\CARTIER\翻新\备份\20250625\4923 CARTIER D'AMOUR NECKLACE, SMALL MODEL B7215700\详情图\49232.jpg",622,"dummy_images\CARTIER\翻新\已整理\20250625\4923 CARTIER D'AMOUR NECKLACE, SMALL MODEL B7215700\详情图\49232.jpg",,
"dummy_images\CARTIER\翻新\备份\20250625\4923 CARTIER D'AMOUR NECKLACE, SMALL MODEL B7215700\详情图\49233.jpg",622,"dummy_images\CARTIER\翻新\已整理\20250625\4923 CARTIER D'AMOUR NECKLACE, SMALL MODEL B7215700\详情图\49233.jpg",,
"dummy_images\CARTIER\翻新\备份\20250625\4923 CARTIER D'AMOUR NECKLACE, SMALL MODEL B7215700\详情图\49234.jpg",622,"dummy_images\CARTIER\翻新\已整理\20250625\4923 CARTIER D'AMOUR NECKLACE, SMALL MODEL B7215700\详情图\49234.jpg",,
"dummy_images\CARTIER\翻新\备份\20250625\4925 CARTIER D'AMOUR NECKLACE, SMALL MODEL B7215900\主图\画板 34.jpg",623,,,
"dummy_images\CARTIER\翻新\备份\20250625\4925 CARTIER D'AMOUR NECKLACE, SMALL MODEL B7215900\附图\4925 1.jpg",623,"dummy_images\CARTIER\翻新\已整理\20250625\4925 CARTIER D'AMOUR NECKLACE, SMALL MODEL B7215900\附图\4925 1.jpg",,
"dummy_images\CARTIER\翻新\备份\20250625\4925 CARTIER D'AMOUR NECKLACE, SMALL MODEL B7215900\附图\4925 2.jpg",623,"dummy_images\CARTIER\翻新\已整理\20250625\4925 CARTIER D'AMOUR NECKLACE, SMALL MODEL B7215900\附图\4925 2.jpg",,
"dummy_images\CARTIER\翻新\备份\20250625\4925 CARTIER D'AMOUR NECKLACE, SMALL MODEL B7215900\附图\4925 3.jpg",623,"dummy_images\CARTIER\翻新\已整理\20250625\4925 CARTIER D'AMOUR NECKLACE, SMALL MODEL B7215900\附图\4925 3.jpg",,
"dummy_images\CARTIER\翻新\备份\20250625\4925 CARTIER D'AMOUR NECKLACE, SMALL MODEL B7215900\附图\4925 4.jpg",623,"dummy_images\CARTIER\翻新\已整理\20250625\4925 CARTIER D'AMOUR NECKLACE, SMALL MODEL B7215900\附图\4925 4.jpg",,
"dummy_images\CARTIER\翻新\备份\20250625\4925 CARTIER D'AMOUR NECKLACE, SMALL MODEL B7215900\附图\4925 5.jpg",623,"dummy_images\CARTIER\翻新\已整理\20250625\4925 CARTIER D'AMOUR NECKLACE, SMALL MODEL B7215900\附图\4925 5.jpg",,
"dummy_images\CARTIER\翻新\备份\20250625\4925 CARTIER D'AMOUR NECKLACE, SMALL MODEL B7215900\详情图\49251.jpg",623,"dummy_images\CARTIER\翻新\已整理\20250625\4925 CARTIER D'AMOUR NECKLACE, SMALL MODEL B7215900\详情图\49251.jpg",,
"dummy_images\CARTIER\翻新\备份\20250625\4925 CARTIER D'AMOUR NECKLACE, SMALL MODEL B7215900\详情图\49252.jpg",623,"dummy_images\CARTIER\翻新\已整理\20250625\4925 CARTIER D'AMOUR NECKLACE, SMALL MODEL B7215900\详情图\49252.jpg",,
"dummy_images\CARTIER\翻新\备份\20250625\4925 CARTIER D'AMOUR NECKLACE, SMALL MODEL B7215900\详情图\49253.jpg",623,"dummy_images\CARTIER\翻新\已整理\20250625\4925 CARTIER D'AMOUR NECKLACE, SMALL MODEL B7215900\详情图\49253.jpg",,
"dummy_images\CARTIER\翻新\备份\20250625\4925 CARTIER D'AMOUR NECKLACE, SMALL MODEL B7215900\详情图\49254.jpg",623,"dummy_images\CARTIER\翻新\已整理\20250625\4925 CARTIER D'AMOUR NECKLACE, SMALL MODEL B7215900\详情图\49254.jpg",,
"dummy_images\CARTIER\翻新\备份\20250625\4925 CARTIER D'AMOUR NECKLACE, SMALL MODEL B7215900\详情图\49255.jpg",623,"dummy_images\CARTIER\翻新\已整理\20250625\4925 CARTIER D'AMOUR NECKLACE, SMALL MODEL B7215900\详情图\49255.jpg",,
"dummy_images\CARTIER\翻新\备份\20250625\4925 CARTIER D'AMOUR NECKLACE, SMALL MODEL B7215900\详情图\49256.jpg",623,"dummy_images\CARTIER\翻新\已整理\20250625\4925 CARTIER D'AMOUR NECKLACE, SMALL MODEL B7215900\详情图\49256.jpg",,
dummy_images\CARTIER\翻新\备份\20250625\4931 CARTIER TRINITY NECKLACE B7223500\主图\画板 62.jpg,624,,,
dummy_images\CARTIER\翻新\备份\20250625\4931 CARTIER TRINITY NECKLACE B7223500\附图\4931 1.jpg,624,dummy_images\CARTIER\翻新\已整理\20250625\4931 CARTIER TRINITY NECKLACE B7223500\附图\4931 1.jpg,,
dummy_images\CARTIER\翻新\备份\20250625\4931 CARTIER TRINITY NECKLACE B7223500\附图\4931 2.jpg,624,dummy_images\CARTIER\翻新\已整理\20250625\4931 CARTIER TRINITY NECKLACE B7223500\附图\4931 2.jpg,,
dummy_images\CARTIER\翻新\备份\20250625\4931 CARTIER TRINITY NECKLACE B7223500\附图\4931 3.jpg,624,dummy_images\CARTIER\翻新\已整理\20250625\4931 CARTIER TRINITY NECKLACE B7223500\附图\4931 3.jpg,,
dummy_images\CARTIER\翻新\备份\20250625\4931 CARTIER TRINITY NECKLACE B7223500\附图\4931 4.jpg,624,dummy_images\CARTIER\翻新\已整理\20250625\4931 CARTIER TRINITY NECKLACE B7223500\附图\4931 4.jpg,,
dummy_images\CARTIER\翻新\备份\20250625\4931 CARTIER TRINITY NECKLACE B7223500\附图\4931 5.jpg,624,dummy_images\CARTIER\翻新\已整理\20250625\4931 CARTIER TRINITY NECKLACE B7223500\附图\4931 5.jpg,,
dummy_images\CARTIER\翻新\备份\20250625\4931 CARTIER TRINITY NECKLACE B7223500\详情图\49311.jpg,624,dummy_images\CARTIER\翻新\已整理\20250625\4931 CARTIER TRINITY NECKLACE B7223500\详情图\49311.jpg,,
dummy_images\CARTIER\翻新\备份\20250625\4931 CARTIER TRINITY NECKLACE B7223500\详情图\49312.jpg,624,dummy_images\CARTIER\翻新\已整理\20250625\4931 CARTIER TRINITY NECKLACE B7223500\详情图\49312.jpg,,
dummy_images\CARTIER\翻新\备份\20250625\4931 CARTIER TRINITY NECKLACE B7223500\详情图\49313.jpg,624,dummy_images\CARTIER\翻新\已整理\20250625\4931 CARTIER TRINITY NECKLACE B7223500\详情图\49313.jpg,,
dummy_images\CARTIER\翻新\备份\20250625\4931 CARTIER TRINITY NECKLACE B7223500\详情图\49314.jpg,624,dummy_images\CARTIER\翻新\已整理\20250625\4931 CARTIER TRINITY NECKLACE B7223500\详情图\49314.jpg,,
dummy_images\CARTIER\翻新\备份\20250625\4931 CARTIER TRINITY NECKLACE B7223500\详情图\49315.jpg,624,dummy_images\CARTIER\翻新\已整理\20250625\4931 CARTIER TRINITY NECKLACE B7223500\详情图\49315.jpg,,
dummy_images\CARTIER\翻新\备份\20250625\4931 CARTIER TRINITY NECKLACE B7223500\详情图\49316.jpg,624,dummy_images\CARTIER\翻新\已整理\20250625\4931 CARTIER TRINITY NECKLACE B7223500\详情图\49316.jpg,,
"dummy_images\CARTIER\翻新\备份\20250626\4938 CARTIER D'AMOUR NECKLACE, LARGE MODEL B7215600无\主图\画板 4.jpg",625,,,
"dummy_images\CARTIER\翻新\备份\20250626\4938 CARTIER D'AMOUR NECKLACE, LARGE MODEL B7215600无\附图\4938 1.jpg",625,"dummy_images\CARTIER\翻新\已整理\20250626\4938 CARTIER D'AMOUR NECKLACE, LARGE MODEL B7215600无\附图\4938 1.jpg",,
"dummy_images\CARTIER\翻新\备份\20250626\4938 CARTIER D'AMOUR NECKLACE, LARGE MODEL B7215600无\附图\4938 2.jpg",625,"dummy_images\CARTIER\翻新\已整理\20250626\4938 CARTIER D'AMOUR NECKLACE, LARGE MODEL B7215600无\附图\4938 2.jpg",,
"dummy_images\CARTIER\翻新\备份\20250626\4938 CARTIER D'AMOUR NECKLACE, LARGE MODEL B7215600无\附图\4938 3.jpg",625,"dummy_images\CARTIER\翻新\已整理\20250626\4938 CARTIER D'AMOUR NECKLACE, LARGE MODEL B7215600无\附图\4938 3.jpg",,
"dummy_images\CARTIER\翻新\备份\20250626\4938 CARTIER D'AMOUR NECKLACE, LARGE MODEL B7215600无\附图\4938 4.jpg",625,"dummy_images\CARTIER\翻新\已整理\20250626\4938 CARTIER D'AMOUR NECKLACE, LARGE MODEL B7215600无\附图\4938 4.jpg",,
"dummy_images\CARTIER\翻新\备份\20250626\4938 CARTIER D'AMOUR NECKLACE, LARGE MODEL B7215600无\附图\4938 5.jpg",625,"dummy_images\CARTIER\翻新\已整理\20250626\4938 CARTIER D'AMOUR NECKLACE, LARGE MODEL B7215600无\附图\4938 5.jpg",,
"dummy_images\CARTIER\翻新\备份\20250626\4939 CARTIER D'AMOUR NECKLACE, LARGE MODEL B7215500无\主图\画板 5.jpg",626,,,
"dummy_images\CARTIER\翻新\备份\20250626\4939 CARTIER D'AMOUR NECKLACE, LARGE MODEL B7215500无\附图\4939 1.jpg",626,"dummy_images\CARTIER\翻新\已整理\20250626\4939 CARTIER D'AMOUR NECKLACE, LARGE MODEL B7215500无\附图\4939 1.jpg",,
"dummy_images\CARTIER\翻新\备份\20250626\4939 CARTIER D'AMOUR NECKLACE, LARGE MODEL B7215500无\附图\4939 2.jpg",626,"dummy_images\CARTIER\翻新\已整理\20250626\4939 CARTIER D'AMOUR NECKLACE, LARGE MODEL B7215500无\附图\4939 2.jpg",,
"dummy_images\CARTIER\翻新\备份\20250626\4939 CARTIER D'AMOUR NECKLACE, LARGE MODEL B7215500无\附图\4939 3.jpg",626,"dummy_images\CARTIER\翻新\已整理\20250626\4939 CARTIER D'AMOUR NECKLACE, LARGE MODEL B7215500无\附图\4939 3.jpg",,
"dummy_images\CARTIER\翻新\备份\20250626\4939 CARTIER D'AMOUR NECKLACE, LARGE MODEL B7215500无\附图\4939 4.jpg",626,"dummy_images\CARTIER\翻新\已整理\20250626\4939 CARTIER D'AMOUR NECKLACE, LARGE MODEL B7215500无\附图\4939 4.jpg",,
"dummy_images\CARTIER\翻新\备份\20250626\4939 CARTIER D'AMOUR NECKLACE, LARGE MODEL B7215500无\附图\4939 5.jpg",626,"dummy_images\CARTIER\翻新\已整理\20250626\4939 CARTIER D'AMOUR NECKLACE, LARGE MODEL B7215500无\附图\4939 5.jpg",,
"dummy_images\CARTIER\翻新\备份\20250626\4940 CARTIER LOVE NECKLACE, 2 DIAMONDS B7224509\主图\画板 6.jpg",627,,,
"dummy_images\CARTIER\翻新\备份\20250626\4940 CARTIER LOVE NECKLACE, 2 DIAMONDS B7224509\附图\4940 1.jpg",627,"dummy_images\CARTIER\翻新\已整理\20250626\4940 CARTIER LOVE NECKLACE, 2 DIAMONDS B7224509\附图\4940 1.jpg",,
"dummy_images\CARTIER\翻新\备份\20250626\4940 CARTIER LOVE NECKLACE, 2 DIAMONDS B7224509\附图\4940 2.jpg",627,"dummy_images\CARTIER\翻新\已整理\20250626\4940 CARTIER LOVE NECKLACE, 2 DIAMONDS B7224509\附图\4940 2.jpg",,
"dummy_images\CARTIER\翻新\备份\20250626\4940 CARTIER LOVE NECKLACE, 2 DIAMONDS B7224509\附图\4940 3.jpg",627,"dummy_images\CARTIER\翻新\已整理\20250626\4940 CARTIER LOVE NECKLACE, 2 DIAMONDS B7224509\附图\4940 3.jpg",,
"dummy_images\CARTIER\翻新\备份\20250626\4940 CARTIER LOVE NECKLACE, 2 DIAMONDS B7224509\附图\4940 4.jpg",627,"dummy_images\CARTIER\翻新\已整理\20250626\4940 CARTIER LOVE NECKLACE, 2 DIAMONDS B7224509\附图\4940 4.jpg",,
"dummy_images\CARTIER\翻新\备份\20250626\4940 CARTIER LOVE NECKLACE, 2 DIAMONDS B7224509\附图\4940 6.jpg",627,"dummy_images\CARTIER\翻新\已整理\20250626\4940 CARTIER LOVE NECKLACE, 2 DIAMONDS B7224509\附图\4940 6.jpg",,
"dummy_images\CARTIER\翻新\备份\20250626\4940 CARTIER LOVE NECKLACE, 2 DIAMONDS B7224509\详情图\4940 1.jpg",627,"dummy_images\CARTIER\翻新\已整理\20250626\4940 CARTIER LOVE NECKLACE, 2 DIAMONDS B7224509\详情图\4940 1.jpg",,
"dummy_images\CARTIER\翻新\备份\20250626\4940 CARTIER LOVE NECKLACE, 2 DIAMONDS B7224509\详情图\4940 2.jpg",627,"dummy_images\CARTIER\翻新\已整理\20250626\4940 CARTIER LOVE NECKLACE, 2 DIAMONDS B7224509\详情图\4940 2.jpg",,
"dummy_images\CARTIER\翻新\备份\20250626\4940 CARTIER LOVE NECKLACE, 2 DIAMONDS B7224509\详情图\4940 3.jpg",627,"dummy_images\CARTIER\翻新\已整理\20250626\4940 CARTIER LOVE NECKLACE, 2 DIAMONDS B7224509\详情图\4940 3.jpg",,
"dummy_images\CARTIER\翻新\备份\20250626\4940 CARTIER LOVE NECKLACE, 2 DIAMONDS B7224509\详情图\4940 4.jpg",627,"dummy_images\CARTIER\翻新\已整理\20250626\4940 CARTIER LOVE NECKLACE, 2 DIAMONDS B7224509\详情图\4940 4.jpg",,
dummy_images\CARTIER\翻新\备份\20250626\4950 CARTIER TRINITY NECKLACE B7224900\主图\画板 11.jpg,628,,,
dummy_images\CARTIER\翻新\备份\20250626\4950 CARTIER TRINITY NECKLACE B7224900\附图\4950 1.jpg,628,dummy_images\CARTIER\翻新\已整理\20250626\4950 CARTIER TRINITY NECKLACE B7224900无\附图\4950 1.jpg,,
dummy_images\CARTIER\翻新\备份\20250626\4950 CARTIER TRINITY NECKLACE B7224900\附图\4950 2.jpg,628,dummy_images\CARTIER\翻新\已整理\20250626\4950 CARTIER TRINITY NECKLACE B7224900无\附图\4950 2.jpg,,
dummy_images\CARTIER\翻新\备份\20250626\4950 CARTIER TRINITY NECKLACE B7224900\附图\4950 3.jpg,628,dummy_images\CARTIER\翻新\已整理\20250626\4950 CARTIER TRINITY NECKLACE B7224900无\附图\4950 3.jpg,,
dummy_images\CARTIER\翻新\备份\20250626\4950 CARTIER TRINITY NECKLACE B7224900\附图\4950 4.jpg,628,dummy_images\CARTIER\翻新\已整理\20250626\4950 CARTIER TRINITY NECKLACE B7224900无\附图\4950 4.jpg,,
dummy_images\CARTIER\翻新\备份\20250626\4950 CARTIER TRINITY NECKLACE B7224900\附图\4950 5.jpg,628,dummy_images\CARTIER\翻新\已整理\20250626\4950 CARTIER TRINITY NECKLACE B7224900无\附图\4950 5.jpg,,
dummy_images\CARTIER\翻新\备份\20250626\4950 CARTIER TRINITY NECKLACE B7224900\详情图\49501.jpg,628,dummy_images\CARTIER\翻新\已整理\20250626\4950 CARTIER TRINITY NECKLACE B7224900无\详情图\49501.jpg,,
dummy_images\CARTIER\翻新\备份\20250626\4950 CARTIER TRINITY NECKLACE B7224900\详情图\49502.jpg,628,dummy_images\CARTIER\翻新\已整理\20250626\4950 CARTIER TRINITY NECKLACE B7224900无\详情图\49502.jpg,,
dummy_images\CARTIER\翻新\备份\20250626\4950 CARTIER TRINITY NECKLACE B7224900\详情图\49503.jpg,628,dummy_images\CARTIER\翻新\已整理\20250626\4950 CARTIER TRINITY NECKLACE B7224900无\详情图\49503.jpg,,
dummy_images\CARTIER\翻新\备份\20250626\4950 CARTIER TRINITY NECKLACE B7224900\详情图\49504.jpg,628,dummy_images\CARTIER\翻新\已整理\20250626\4950 CARTIER TRINITY NECKLACE B7224900无\详情图\49504.jpg,,
dummy_images\CARTIER\翻新\备份\20250626\4950 CARTIER TRINITY NECKLACE B7224900\详情图\49505.jpg,628,dummy_images\CARTIER\翻新\已整理\20250626\4950 CARTIER TRINITY NECKLACE B7224900无\详情图\49505.jpg,,
dummy_images\CARTIER\翻新\备份\20250626\4951 CARTIER CARESSE D'ORCHIDéES PAR CARTIER NECKLACE B7224900\主图\画板 12.jpg,629,,,
dummy_images\CARTIER\翻新\备份\20250626\4951 CARTIER CARESSE D'ORCHIDéES PAR CARTIER NECKLACE B7224900\附图\4951 1.jpg,629,dummy_images\CARTIER\翻新\已整理\20250626\4951 CARTIER CARESSE D'ORCHIDéES PAR CARTIER NECKLACE B7015500\附图\4951 1.jpg,,
dummy_images\CARTIER\翻新\备份\20250626\4951 CARTIER CARESSE D'ORCHIDéES PAR CARTIER NECKLACE B7224900\附图\4951 2.jpg,629,dummy_images\CARTIER\翻新\已整理\20250626\4951 CARTIER CARESSE D'ORCHIDéES PAR CARTIER NECKLACE B7015500\附图\4951 2.jpg,,
dummy_images\CARTIER\翻新\备份\20250626\4951 CARTIER CARESSE D'ORCHIDéES PAR CARTIER NECKLACE B7224900\附图\4951 3.jpg,629,dummy_images\CARTIER\翻新\已整理\20250626\4951 CARTIER CARESSE D'ORCHIDéES PAR CARTIER NECKLACE B7015500\附图\4951 3.jpg,,
dummy_images\CARTIER\翻新\备份\20250626\4951 CARTIER CARESSE D'ORCHIDéES PAR CARTIER NECKLACE B7224900\附图\4951 4.jpg,629,dummy_images\CARTIER\翻新\已整理\20250626\4951 CARTIER CARESSE D'ORCHIDéES PAR CARTIER NECKLACE B7015500\附图\4951 4.jpg,,
dummy_images\CARTIER\翻新\备份\20250626\4951 CARTIER CARESSE D'ORCHIDéES PAR CARTIER NECKLACE B7224900\附图\4951 5.jpg,629,dummy_images\CARTIER\翻新\已整理\20250626\4951 CARTIER CARESSE D'ORCHIDéES PAR CARTIER NECKLACE B7015500\附图\4951 5.jpg,,
dummy_images\CARTIER\翻新\备份\20250626\4951 CARTIER CARESSE D'ORCHIDéES PAR CARTIER NECKLACE B7224900\详情图\49511.jpg,629,dummy_images\CARTIER\翻新\已整理\20250626\4951 CARTIER CARESSE D'ORCHIDéES PAR CARTIER NECKLACE B7015500\详情图\49511.jpg,,
dummy_images\CARTIER\翻新\备份\20250626\4951 CARTIER CARESSE D'ORCHIDéES PAR CARTIER NECKLACE B7224900\详情图\49512.jpg,629,dummy_images\CARTIER\翻新\已整理\20250626\4951 CARTIER CARESSE D'ORCHIDéES PAR CARTIER NECKLACE B7015500\详情图\49512.jpg,,
dummy_images\CARTIER\翻新\备份\20250626\4951 CARTIER CARESSE D'ORCHIDéES PAR CARTIER NECKLACE B7224900\详情图\49513.jpg,629,dummy_images\CARTIER\翻新\已整理\20250626\4951 CARTIER CARESSE D'ORCHIDéES PAR CARTIER NECKLACE B7015500\详情图\49513.jpg,,
dummy_images\CARTIER\翻新\备份\20250626\4951 CARTIER CARESSE D'ORCHIDéES PAR CARTIER NECKLACE B7224900\详情图\49514.jpg,629,dummy_images\CARTIER\翻新\已整理\20250626\4951 CARTIER CARESSE D'ORCHIDéES PAR CARTIER NECKLACE B7015500\详情图\49514.jpg,,
dummy_images\CARTIER\翻新\备份\20250626\4951 CARTIER CARESSE D'ORCHIDéES PAR CARTIER NECKLACE B7224900\详情图\49515.jpg,629,dummy_images\CARTIER\翻新\已整理\20250626\4951 CARTIER CARESSE D'ORCHIDéES PAR CARTIER NECKLACE B7015500\详情图\49515.jpg,,
dummy_images\CARTIER\翻新\备份\20250626\4951 CARTIER CARESSE D'ORCHIDéES PAR CARTIER NECKLACE B7224900\详情图\49516.jpg,629,dummy_images\CARTIER\翻新\已整理\20250626\4951 CARTIER CARESSE D'ORCHIDéES PAR CARTIER NECKLACE B7015500\详情图\49516.jpg,,
dummy_images\CARTIER\翻新\备份\20250626\4952 CARTIER LOVE NECKLACE B7014200\主图\画板 13.jpg,630,,,
dummy_images\CARTIER\翻新\备份\20250626\4952 CARTIER LOVE NECKLACE B7014200\附图\4952 1.jpg,630,dummy_images\CARTIER\翻新\已整理\20250626\4952 CARTIER LOVE NECKLACE B7014200\附图\4952 1.jpg,,
dummy_images\CARTIER\翻新\备份\20250626\4952 CARTIER LOVE NECKLACE B7014200\附图\4952 2.jpg,630,dummy_images\CARTIER\翻新\已整理\20250626\4952 CARTIER LOVE NECKLACE B7014200\附图\4952 2.jpg,,
dummy_images\CARTIER\翻新\备份\20250626\4952 CARTIER LOVE NECKLACE B7014200\附图\4952 3.jpg,630,dummy_images\CARTIER\翻新\已整理\20250626\4952 CARTIER LOVE NECKLACE B7014200\附图\4952 3.jpg,,
dummy_images\CARTIER\翻新\备份\20250626\4952 CARTIER LOVE NECKLACE B7014200\附图\4952 4.jpg,630,dummy_images\CARTIER\翻新\已整理\20250626\4952 CARTIER LOVE NECKLACE B7014200\附图\4952 4.jpg,,
dummy_images\CARTIER\翻新\备份\20250626\4952 CARTIER LOVE NECKLACE B7014200\附图\4952 5.jpg,630,dummy_images\CARTIER\翻新\已整理\20250626\4952 CARTIER LOVE NECKLACE B7014200\附图\4952 5.jpg,,
dummy_images\CARTIER\翻新\备份\20250626\4952 CARTIER LOVE NECKLACE B7014200\附图\4952 6.jpg,630,dummy_images\CARTIER\翻新\已整理\20250626\4952 CARTIER LOVE NECKLACE B7014200\附图\4952 6.jpg,,
dummy_images\CARTIER\翻新\备份\20250626\4952 CARTIER LOVE NECKLACE B7014200\详情图\49521.jpg,630,dummy_images\CARTIER\翻新\已整理\20250626\4952 CARTIER LOVE NECKLACE B7014200\详情图\49521.jpg,,
dummy_images\CARTIER\翻新\备份\20250626\4952 CARTIER LOVE NECKLACE B7014200\详情图\49522.jpg,630,dummy_images\CARTIER\翻新\已整理\20250626\4952 CARTIER LOVE NECKLACE B7014200\详情图\49522.jpg,,
dummy_images\CARTIER\翻新\备份\20250626\4952 CARTIER LOVE NECKLACE B7014200\详情图\49523.jpg,630,dummy_images\CARTIER\翻新\已整理\20250626\4952 CARTIER LOVE NECKLACE B7014200\详情图\49523.jpg,,
dummy_images\CARTIER\翻新\备份\20250626\4952 CARTIER LOVE NECKLACE B7014200\详情图\49524.jpg,630,dummy_images\CARTIER\翻新\已整理\20250626\4952 CARTIER LOVE NECKLACE B7014200\详情图\49524.jpg,,
dummy_images\CARTIER\翻新\备份\20250626\4952 CARTIER LOVE NECKLACE B7014200\详情图\49525.jpg,630,dummy_images\CARTIER\翻新\已整理\20250626\4952 CARTIER LOVE NECKLACE B7014200\详情图\49525.jpg,,
dummy_images\CARTIER\翻新\备份\20250626\4952 CARTIER LOVE NECKLACE B7014200\详情图\49526.jpg,630,dummy_images\CARTIER\翻新\已整理\20250626\4952 CARTIER LOVE NECKLACE B7014200\详情图\49526.jpg,,
dummy_images\CARTIER\翻新\备份\20250626\4953 CARTIER LOVE NECKLACE B7014400\主图\画板 14.jpg,631,,,
dummy_images\CARTIER\翻新\备份\20250626\4953 CARTIER LOVE NECKLACE B7014400\附图\4953 1.jpg,631,dummy_images\CARTIER\翻新\已整理\20250626\4953 CARTIER LOVE NECKLACE B7014400\附图\4953 1.jpg,,
dummy_images\CARTIER\翻新\备份\20250626\4953 CARTIER LOVE NECKLACE B7014400\附图\4953 2.jpg,631,dummy_images\CARTIER\翻新\已整理\20250626\4953 CARTIER LOVE NECKLACE B7014400\附图\4953 2.jpg,,
dummy_images\CARTIER\翻新\备份\20250626\4953 CARTIER LOVE NECKLACE B7014400\附图\4953 3.jpg,631,dummy_images\CARTIER\翻新\已整理\20250626\4953 CARTIER LOVE NECKLACE B7014400\附图\4953 3.jpg,,
dummy_images\CARTIER\翻新\备份\20250626\4953 CARTIER LOVE NECKLACE B7014400\附图\4953 4.jpg,631,dummy_images\CARTIER\翻新\已整理\20250626\4953 CARTIER LOVE NECKLACE B7014400\附图\4953 4.jpg,,
dummy_images\CARTIER\翻新\备份\20250626\4953 CARTIER LOVE NECKLACE B7014400\附图\4953 5.jpg,631,dummy_images\CARTIER\翻新\已整理\20250626\4953 CARTIER LOVE NECKLACE B7014400\附图\4953 5.jpg,,
dummy_images\CARTIER\翻新\备份\20250626\4953 CARTIER LOVE NECKLACE B7014400\附图\4953 6.jpg,631,dummy_images\CARTIER\翻新\已整理\20250626\4953 CARTIER LOVE NECKLACE B7014400\附图\4953 6.jpg,,
dummy_images\CARTIER\翻新\备份\20250626\4953 CARTIER LOVE NECKLACE B7014400\详情图\49531.jpg,631,dummy_images\CARTIER\翻新\已整理\20250626\4953 CARTIER LOVE NECKLACE B7014400\详情图\49531.jpg,,
dummy_images\CARTIER\翻新\备份\20250626\4953 CARTIER LOVE NECKLACE B7014400\详情图\49532.jpg,631,dummy_images\CARTIER\翻新\已整理\20250626\4953 CARTIER LOVE NECKLACE B7014400\详情图\49532.jpg,,
dummy_images\CARTIER\翻新\备份\20250626\4953 CARTIER LOVE NECKLACE B7014400\详情图\49533.jpg,631,dummy_images\CARTIER\翻新\已整理\20250626\4953 CARTIER LOVE NECKLACE B7014400\详情图\49533.jpg,,
"dummy_images\CARTIER\翻新\备份\20250626\4955 CARTIER LOVE NECKLACE, 6 DIAMONDS B7219700\主图\画板 16.jpg",632,,,
"dummy_images\CARTIER\翻新\备份\20250626\4955 CARTIER LOVE NECKLACE, 6 DIAMONDS B7219700\附图\4955 1.jpg",632,"dummy_images\CARTIER\翻新\已整理\20250626\4955 CARTIER LOVE NECKLACE, 6 DIAMONDS B7219700\附图\4955 1.jpg",,
"dummy_images\CARTIER\翻新\备份\20250626\4955 CARTIER LOVE NECKLACE, 6 DIAMONDS B7219700\附图\4955 2.jpg",632,"dummy_images\CARTIER\翻新\已整理\20250626\4955 CARTIER LOVE NECKLACE, 6 DIAMONDS B7219700\附图\4955 2.jpg",,
"dummy_images\CARTIER\翻新\备份\20250626\4955 CARTIER LOVE NECKLACE, 6 DIAMONDS B7219700\附图\4955 3.jpg",632,"dummy_images\CARTIER\翻新\已整理\20250626\4955 CARTIER LOVE NECKLACE, 6 DIAMONDS B7219700\附图\4955 3.jpg",,
"dummy_images\CARTIER\翻新\备份\20250626\4955 CARTIER LOVE NECKLACE, 6 DIAMONDS B7219700\附图\4955 4.jpg",632,"dummy_images\CARTIER\翻新\已整理\20250626\4955 CARTIER LOVE NECKLACE, 6 DIAMONDS B7219700\附图\4955 4.jpg",,
"dummy_images\CARTIER\翻新\备份\20250626\4955 CARTIER LOVE NECKLACE, 6 DIAMONDS B7219700\附图\4955 5.jpg",632,"dummy_images\CARTIER\翻新\已整理\20250626\4955 CARTIER LOVE NECKLACE, 6 DIAMONDS B7219700\附图\4955 5.jpg",,
"dummy_images\CARTIER\翻新\备份\20250626\4955 CARTIER LOVE NECKLACE, 6 DIAMONDS B7219700\详情图\49551.jpg",632,"dummy_images\CARTIER\翻新\已整理\20250626\4955 CARTIER LOVE NECKLACE, 6 DIAMONDS B7219700\详情图\49551.jpg",,
"dummy_images\CARTIER\翻新\备份\20250626\4955 CARTIER LOVE NECKLACE, 6 DIAMONDS B7219700\详情图\49552.jpg",632,"dummy_images\CARTIER\翻新\已整理\20250626\4955 CARTIER LOVE NECKLACE, 6 DIAMONDS B7219700\详情图\49552.jpg",,
"dummy_images\CARTIER\翻新\备份\20250626\4955 CARTIER LOVE NECKLACE, 6 DIAMONDS B7219700\详情图\49553.jpg",632,"dummy_images\CARTIER\翻新\已整理\20250626\4955 CARTIER LOVE NECKLACE, 6 DIAMONDS B7219700\详情图\49553.jpg",,
"dummy_images\CARTIER\翻新\备份\20250626\4957 CARTIER AMULETTE DE CARTIER NECKLACE, SMALL MODEL B7224559\主图\画板 17.jpg",633,,,
"dummy_images\CARTIER\翻新\备份\20250626\4957 CARTIER AMULETTE DE CARTIER NECKLACE, SMALL MODEL B7224559\附图\4957 1.jpg",633,"dummy_images\CARTIER\翻新\已整理\20250626\4957 CARTIER AMULETTE DE CARTIER NECKLACE, SMALL MODEL B7224559\附图\4957 1.jpg",,
"dummy_images\CARTIER\翻新\备份\20250626\4957 CARTIER AMULETTE DE CARTIER NECKLACE, SMALL MODEL B7224559\附图\4957 2.jpg",633,"dummy_images\CARTIER\翻新\已整理\20250626\4957 CARTIER AMULETTE DE CARTIER NECKLACE, SMALL MODEL B7224559\附图\4957 2.jpg",,
"dummy_images\CARTIER\翻新\备份\20250626\4957 CARTIER AMULETTE DE CARTIER NECKLACE, SMALL MODEL B7224559\附图\4957 3.jpg",633,"dummy_images\CARTIER\翻新\已整理\20250626\4957 CARTIER AMULETTE DE CARTIER NECKLACE, SMALL MODEL B7224559\附图\4957 3.jpg",,
"dummy_images\CARTIER\翻新\备份\20250626\4957 CARTIER AMULETTE DE CARTIER NECKLACE, SMALL MODEL B7224559\附图\4957 4.jpg",633,"dummy_images\CARTIER\翻新\已整理\20250626\4957 CARTIER AMULETTE DE CARTIER NECKLACE, SMALL MODEL B7224559\附图\4957 4.jpg",,
"dummy_images\CARTIER\翻新\备份\20250626\4957 CARTIER AMULETTE DE CARTIER NECKLACE, SMALL MODEL B7224559\附图\4957 5.jpg",633,"dummy_images\CARTIER\翻新\已整理\20250626\4957 CARTIER AMULETTE DE CARTIER NECKLACE, SMALL MODEL B7224559\附图\4957 5.jpg",,
"dummy_images\CARTIER\翻新\备份\20250626\4957 CARTIER AMULETTE DE CARTIER NECKLACE, SMALL MODEL B7224559\详情图\49571.jpg",633,"dummy_images\CARTIER\翻新\已整理\20250626\4957 CARTIER AMULETTE DE CARTIER NECKLACE, SMALL MODEL B7224559\详情图\49571.jpg",,
"dummy_images\CARTIER\翻新\备份\20250626\4957 CARTIER AMULETTE DE CARTIER NECKLACE, SMALL MODEL B7224559\详情图\49572.jpg",633,"dummy_images\CARTIER\翻新\已整理\20250626\4957 CARTIER AMULETTE DE CARTIER NECKLACE, SMALL MODEL B7224559\详情图\49572.jpg",,
"dummy_images\CARTIER\翻新\备份\20250626\4957 CARTIER AMULETTE DE CARTIER NECKLACE, SMALL MODEL B7224559\详情图\49573.jpg",633,"dummy_images\CARTIER\翻新\已整理\20250626\4957 CARTIER AMULETTE DE CARTIER NECKLACE, SMALL MODEL B7224559\详情图\49573.jpg",,
"dummy_images\CARTIER\翻新\备份\20250626\4957 CARTIER AMULETTE DE CARTIER NECKLACE, SMALL MODEL B7224559\详情图\49574.jpg",633,"dummy_images\CARTIER\翻新\已整理\20250626\4957 CARTIER AMULETTE DE CARTIER NECKLACE, SMALL MODEL B7224559\详情图\49574.jpg",,
"dummy_images\CARTIER\翻新\备份\20250626\4957 CARTIER AMULETTE DE CARTIER NECKLACE, SMALL MODEL B7224559\详情图\49575.jpg",633,"dummy_images\CARTIER\翻新\已整理\20250626\4957 CARTIER AMULETTE DE CARTIER NECKLACE, SMALL MODEL B7224559\详情图\49575.jpg",,
dummy_images\CARTIER\翻新\备份\20250626\4959 CARTIER LOVE PENDANT B7014300\主图\画板 18.jpg,634,,,
dummy_images\CARTIER\翻新\备份\20250626\4959 CARTIER LOVE PENDANT B7014300\附图\4959 1.jpg,634,dummy_images\CARTIER\翻新\已整理\20250626\4959 CARTIER LOVE PENDANT B7014300\附图\4959 1.jpg,,
dummy_images\CARTIER\翻新\备份\20250626\4959 CARTIER LOVE PENDANT B7014300\附图\4959 2.jpg,634,dummy_images\CARTIER\翻新\已整理\20250626\4959 CARTIER LOVE PENDANT B7014300\附图\4959 2.jpg,,
dummy_images\CARTIER\翻新\备份\20250626\4959 CARTIER LOVE PENDANT B7014300\附图\4959 3.jpg,634,dummy_images\CARTIER\翻新\已整理\20250626\4959 CARTIER LOVE PENDANT B7014300\附图\4959 3.jpg,,
dummy_images\CARTIER\翻新\备份\20250626\4959 CARTIER LOVE PENDANT B7014300\附图\4959 4.jpg,634,dummy_images\CARTIER\翻新\已整理\20250626\4959 CARTIER LOVE PENDANT B7014300\附图\4959 4.jpg,,
dummy_images\CARTIER\翻新\备份\20250626\4959 CARTIER LOVE PENDANT B7014300\附图\4959 5.jpg,634,dummy_images\CARTIER\翻新\已整理\20250626\4959 CARTIER LOVE PENDANT B7014300\附图\4959 5.jpg,,
dummy_images\CARTIER\翻新\备份\20250626\4959 CARTIER LOVE PENDANT B7014300\详情图\49591.jpg,634,dummy_images\CARTIER\翻新\已整理\20250626\4959 CARTIER LOVE PENDANT B7014300\详情图\49591.jpg,,
dummy_images\CARTIER\翻新\备份\20250626\4959 CARTIER LOVE PENDANT B7014300\详情图\49592.jpg,634,dummy_images\CARTIER\翻新\已整理\20250626\4959 CARTIER LOVE PENDANT B7014300\详情图\49592.jpg,,
dummy_images\CARTIER\翻新\备份\20250626\4959 CARTIER LOVE PENDANT B7014300\详情图\49593.jpg,634,dummy_images\CARTIER\翻新\已整理\20250626\4959 CARTIER LOVE PENDANT B7014300\详情图\49593.jpg,,
dummy_images\CARTIER\翻新\备份\20250626\4959 CARTIER LOVE PENDANT B7014300\详情图\49594.jpg,634,dummy_images\CARTIER\翻新\已整理\20250626\4959 CARTIER LOVE PENDANT B7014300\详情图\49594.jpg,,
dummy_images\CARTIER\翻新\备份\20250626\4959 CARTIER LOVE PENDANT B7014300\详情图\49595.jpg,634,dummy_images\CARTIER\翻新\已整理\20250626\4959 CARTIER LOVE PENDANT B7014300\详情图\49595.jpg,,
dummy_images\CARTIER\翻新\备份\20250626\4959 CARTIER LOVE PENDANT B7014300\详情图\49596.jpg,634,dummy_images\CARTIER\翻新\已整理\20250626\4959 CARTIER LOVE PENDANT B7014300\详情图\49596.jpg,,
dummy_images\CARTIER\翻新\备份\20250626\4959 CARTIER LOVE PENDANT B7014300\详情图\49597.jpg,634,dummy_images\CARTIER\翻新\已整理\20250626\4959 CARTIER LOVE PENDANT B7014300\详情图\49597.jpg,,
dummy_images\CARTIER\翻新\备份\20250626\4960 CARTIER CLASH DE CARTIER NECKLACE MEDIUM MODEL B7224745\主图\画板 19.jpg,635,,,
dummy_images\CARTIER\翻新\备份\20250626\4960 CARTIER CLASH DE CARTIER NECKLACE MEDIUM MODEL B7224745\附图\4960 1.jpg,635,dummy_images\CARTIER\翻新\已整理\20250626\4960 CARTIER CLASH DE CARTIER NECKLACE MEDIUM MODEL B7224745\附图\4960 1.jpg,,
dummy_images\CARTIER\翻新\备份\20250626\4960 CARTIER CLASH DE CARTIER NECKLACE MEDIUM MODEL B7224745\附图\4960 2.jpg,635,dummy_images\CARTIER\翻新\已整理\20250626\4960 CARTIER CLASH DE CARTIER NECKLACE MEDIUM MODEL B7224745\附图\4960 2.jpg,,
dummy_images\CARTIER\翻新\备份\20250626\4960 CARTIER CLASH DE CARTIER NECKLACE MEDIUM MODEL B7224745\附图\4960 3.jpg,635,dummy_images\CARTIER\翻新\已整理\20250626\4960 CARTIER CLASH DE CARTIER NECKLACE MEDIUM MODEL B7224745\附图\4960 3.jpg,,
dummy_images\CARTIER\翻新\备份\20250626\4960 CARTIER CLASH DE CARTIER NECKLACE MEDIUM MODEL B7224745\附图\4960 4.jpg,635,dummy_images\CARTIER\翻新\已整理\20250626\4960 CARTIER CLASH DE CARTIER NECKLACE MEDIUM MODEL B7224745\附图\4960 4.jpg,,
dummy_images\CARTIER\翻新\备份\20250626\4960 CARTIER CLASH DE CARTIER NECKLACE MEDIUM MODEL B7224745\附图\4960 5.jpg,635,dummy_images\CARTIER\翻新\已整理\20250626\4960 CARTIER CLASH DE CARTIER NECKLACE MEDIUM MODEL B7224745\附图\4960 5.jpg,,
dummy_images\CARTIER\翻新\备份\20250626\4960 CARTIER CLASH DE CARTIER NECKLACE MEDIUM MODEL B7224745\详情图\49601.jpg,635,dummy_images\CARTIER\翻新\已整理\20250626\4960 CARTIER CLASH DE CARTIER NECKLACE MEDIUM MODEL B7224745\详情图\49601.jpg,,
dummy_images\CARTIER\翻新\备份\20250626\4960 CARTIER CLASH DE CARTIER NECKLACE MEDIUM MODEL B7224745\详情图\49602.jpg,635,dummy_images\CARTIER\翻新\已整理\20250626\4960 CARTIER CLASH DE CARTIER NECKLACE MEDIUM MODEL B7224745\详情图\49602.jpg,,
dummy_images\CARTIER\翻新\备份\20250626\4960 CARTIER CLASH DE CARTIER NECKLACE MEDIUM MODEL B7224745\详情图\49603.jpg,635,dummy_images\CARTIER\翻新\已整理\20250626\4960 CARTIER CLASH DE CARTIER NECKLACE MEDIUM MODEL B7224745\详情图\49603.jpg,,
dummy_images\CARTIER\翻新\备份\20250626\4960 CARTIER CLASH DE CARTIER NECKLACE MEDIUM MODEL B7224745\详情图\49604.jpg,635,dummy_images\CARTIER\翻新\已整理\20250626\4960 CARTIER CLASH DE CARTIER NECKLACE MEDIUM MODEL B7224745\详情图\49604.jpg,,
dummy_images\CARTIER\翻新\备份\20250626\4964 CARTIER JUSTE UN CLOU NECKLACE B7224513\主图\画板 21.jpg,636,,,
dummy_images\CARTIER\翻新\备份\20250626\4964 CARTIER JUSTE UN CLOU NECKLACE B7224513\附图\4964 1.jpg,636,dummy_images\CARTIER\翻新\已整理\20250626\4964 CARTIER JUSTE UN CLOU NECKLACE B7224513\附图\4964 1.jpg,,
dummy_images\CARTIER\翻新\备份\20250626\4964 CARTIER JUSTE UN CLOU NECKLACE B7224513\附图\4964 2.jpg,636,dummy_images\CARTIER\翻新\已整理\20250626\4964 CARTIER JUSTE UN CLOU NECKLACE B7224513\附图\4964 2.jpg,,
dummy_images\CARTIER\翻新\备份\20250626\4964 CARTIER JUSTE UN CLOU NECKLACE B7224513\附图\4964 3.jpg,636,dummy_images\CARTIER\翻新\已整理\20250626\4964 CARTIER JUSTE UN CLOU NECKLACE B7224513\附图\4964 3.jpg,,
dummy_images\CARTIER\翻新\备份\20250626\4964 CARTIER JUSTE UN CLOU NECKLACE B7224513\附图\4964 4.jpg,636,dummy_images\CARTIER\翻新\已整理\20250626\4964 CARTIER JUSTE UN CLOU NECKLACE B7224513\附图\4964 4.jpg,,
dummy_images\CARTIER\翻新\备份\20250626\4964 CARTIER JUSTE UN CLOU NECKLACE B7224513\附图\4964 5.jpg,636,dummy_images\CARTIER\翻新\已整理\20250626\4964 CARTIER JUSTE UN CLOU NECKLACE B7224513\附图\4964 5.jpg,,
dummy_images\CARTIER\翻新\备份\20250626\4964 CARTIER JUSTE UN CLOU NECKLACE B7224513\详情图\49641.jpg,636,dummy_images\CARTIER\翻新\已整理\20250626\4964 CARTIER JUSTE UN CLOU NECKLACE B7224513\详情图\49641.jpg,,
dummy_images\CARTIER\翻新\备份\20250626\4964 CARTIER JUSTE UN CLOU NECKLACE B7224513\详情图\49642.jpg,636,dummy_images\CARTIER\翻新\已整理\20250626\4964 CARTIER JUSTE UN CLOU NECKLACE B7224513\详情图\49642.jpg,,
dummy_images\CARTIER\翻新\备份\20250626\4964 CARTIER JUSTE UN CLOU NECKLACE B7224513\详情图\49643.jpg,636,dummy_images\CARTIER\翻新\已整理\20250626\4964 CARTIER JUSTE UN CLOU NECKLACE B7224513\详情图\49643.jpg,,
dummy_images\CARTIER\翻新\备份\20250626\4964 CARTIER JUSTE UN CLOU NECKLACE B7224513\详情图\49644.jpg,636,dummy_images\CARTIER\翻新\已整理\20250626\4964 CARTIER JUSTE UN CLOU NECKLACE B7224513\详情图\49644.jpg,,
"dummy_images\CARTIER\翻新\备份\20250626\4966 CARTIER LOVE PENDANT, 3 DIAMONDS B7014700\主图\画板 23.jpg",637,,,
"dummy_images\CARTIER\翻新\备份\20250626\4966 CARTIER LOVE PENDANT, 3 DIAMONDS B7014700\附图\4966 1.jpg",637,"dummy_images\CARTIER\翻新\已整理\20250626\4966 CARTIER LOVE PENDANT, 3 DIAMONDS B7014700\附图\4966 1.jpg",,
"dummy_images\CARTIER\翻新\备份\20250626\4966 CARTIER LOVE PENDANT, 3 DIAMONDS B7014700\附图\4966 2.jpg",637,"dummy_images\CARTIER\翻新\已整理\20250626\4966 CARTIER LOVE PENDANT, 3 DIAMONDS B7014700\附图\4966 2.jpg",,
"dummy_images\CARTIER\翻新\备份\20250626\4966 CARTIER LOVE PENDANT, 3 DIAMONDS B7014700\附图\4966 3.jpg",637,"dummy_images\CARTIER\翻新\已整理\20250626\4966 CARTIER LOVE PENDANT, 3 DIAMONDS B7014700\附图\4966 3.jpg",,
"dummy_images\CARTIER\翻新\备份\20250626\4966 CARTIER LOVE PENDANT, 3 DIAMONDS B7014700\附图\4966 4.jpg",637,"dummy_images\CARTIER\翻新\已整理\20250626\4966 CARTIER LOVE PENDANT, 3 DIAMONDS B7014700\附图\4966 4.jpg",,
"dummy_images\CARTIER\翻新\备份\20250626\4966 CARTIER LOVE PENDANT, 3 DIAMONDS B7014700\附图\4966 5.jpg",637,"dummy_images\CARTIER\翻新\已整理\20250626\4966 CARTIER LOVE PENDANT, 3 DIAMONDS B7014700\附图\4966 5.jpg",,
"dummy_images\CARTIER\翻新\备份\20250626\4966 CARTIER LOVE PENDANT, 3 DIAMONDS B7014700\详情图\69661.jpg",637,"dummy_images\CARTIER\翻新\已整理\20250626\4966 CARTIER LOVE PENDANT, 3 DIAMONDS B7014700\详情图\69661.jpg",,
"dummy_images\CARTIER\翻新\备份\20250626\4966 CARTIER LOVE PENDANT, 3 DIAMONDS B7014700\详情图\69662.jpg",637,"dummy_images\CARTIER\翻新\已整理\20250626\4966 CARTIER LOVE PENDANT, 3 DIAMONDS B7014700\详情图\69662.jpg",,
"dummy_images\CARTIER\翻新\备份\20250626\4966 CARTIER LOVE PENDANT, 3 DIAMONDS B7014700\详情图\69663.jpg",637,"dummy_images\CARTIER\翻新\已整理\20250626\4966 CARTIER LOVE PENDANT, 3 DIAMONDS B7014700\详情图\69663.jpg",,
"dummy_images\CARTIER\翻新\备份\20250626\4966 CARTIER LOVE PENDANT, 3 DIAMONDS B7014700\详情图\69664.jpg",637,"dummy_images\CARTIER\翻新\已整理\20250626\4966 CARTIER LOVE PENDANT, 3 DIAMONDS B7014700\详情图\69664.jpg",,
"dummy_images\CARTIER\翻新\备份\20250626\4966 CARTIER LOVE PENDANT, 3 DIAMONDS B7014700\详情图\69665.jpg",637,"dummy_images\CARTIER\翻新\已整理\20250626\4966 CARTIER LOVE PENDANT, 3 DIAMONDS B7014700\详情图\69665.jpg",,
dummy_images\CARTIER\翻新\备份\20250626\4967 CARTIER JUSTE UN CLOU NECKLACE B7014700\主图\画板 24.jpg,638,,,
dummy_images\CARTIER\翻新\备份\20250626\4967 CARTIER JUSTE UN CLOU NECKLACE B7014700\附图\4967 1.jpg,638,dummy_images\CARTIER\翻新\已整理\20250626\4967 CARTIER JUSTE UN CLOU NECKLACE B7224514\附图\4967 1.jpg,,
dummy_images\CARTIER\翻新\备份\20250626\4967 CARTIER JUSTE UN CLOU NECKLACE B7014700\附图\4967 2.jpg,638,dummy_images\CARTIER\翻新\已整理\20250626\4967 CARTIER JUSTE UN CLOU NECKLACE B7224514\附图\4967 2.jpg,,
dummy_images\CARTIER\翻新\备份\20250626\4967 CARTIER JUSTE UN CLOU NECKLACE B7014700\附图\4967 3.jpg,638,dummy_images\CARTIER\翻新\已整理\20250626\4967 CARTIER JUSTE UN CLOU NECKLACE B7224514\附图\4967 3.jpg,,
dummy_images\CARTIER\翻新\备份\20250626\4967 CARTIER JUSTE UN CLOU NECKLACE B7014700\附图\4967 4.jpg,638,dummy_images\CARTIER\翻新\已整理\20250626\4967 CARTIER JUSTE UN CLOU NECKLACE B7224514\附图\4967 4.jpg,,
dummy_images\CARTIER\翻新\备份\20250626\4967 CARTIER JUSTE UN CLOU NECKLACE B7014700\附图\4967 5.jpg,638,dummy_images\CARTIER\翻新\已整理\20250626\4967 CARTIER JUSTE UN CLOU NECKLACE B7224514\附图\4967 5.jpg,,
dummy_images\CARTIER\翻新\备份\20250626\4967 CARTIER JUSTE UN CLOU NECKLACE B7014700\详情图\69671.jpg,638,dummy_images\CARTIER\翻新\已整理\20250626\4967 CARTIER JUSTE UN CLOU NECKLACE B7224514\详情图\69671.jpg,,
dummy_images\CARTIER\翻新\备份\20250626\4967 CARTIER JUSTE UN CLOU NECKLACE B7014700\详情图\69672.jpg,638,dummy_images\CARTIER\翻新\已整理\20250626\4967 CARTIER JUSTE UN CLOU NECKLACE B7224514\详情图\69672.jpg,,
dummy_images\CARTIER\翻新\备份\20250626\4967 CARTIER JUSTE UN CLOU NECKLACE B7014700\详情图\69673.jpg,638,dummy_images\CARTIER\翻新\已整理\20250626\4967 CARTIER JUSTE UN CLOU NECKLACE B7224514\详情图\69673.jpg,,
dummy_images\CARTIER\翻新\备份\20250626\4967 CARTIER JUSTE UN CLOU NECKLACE B7014700\详情图\69674.jpg,638,dummy_images\CARTIER\翻新\已整理\20250626\4967 CARTIER JUSTE UN CLOU NECKLACE B7224514\详情图\69674.jpg,,
"dummy_images\CARTIER\翻新\备份\20250626\4970 CARTIER LOVE NECKLACE, 3 DIAMONDS B7014600\主图\画板 27.jpg",639,,,
"dummy_images\CARTIER\翻新\备份\20250626\4970 CARTIER LOVE NECKLACE, 3 DIAMONDS B7014600\附图\4970 1.jpg",639,"dummy_images\CARTIER\翻新\已整理\20250626\4970 CARTIER LOVE NECKLACE, 3 DIAMONDS B7014600\附图\4970 1.jpg",,
"dummy_images\CARTIER\翻新\备份\20250626\4970 CARTIER LOVE NECKLACE, 3 DIAMONDS B7014600\附图\4970 2.jpg",639,"dummy_images\CARTIER\翻新\已整理\20250626\4970 CARTIER LOVE NECKLACE, 3 DIAMONDS B7014600\附图\4970 2.jpg",,
"dummy_images\CARTIER\翻新\备份\20250626\4970 CARTIER LOVE NECKLACE, 3 DIAMONDS B7014600\附图\4970 3.jpg",639,"dummy_images\CARTIER\翻新\已整理\20250626\4970 CARTIER LOVE NECKLACE, 3 DIAMONDS B7014600\附图\4970 3.jpg",,
"dummy_images\CARTIER\翻新\备份\20250626\4970 CARTIER LOVE NECKLACE, 3 DIAMONDS B7014600\附图\4970 4.jpg",639,"dummy_images\CARTIER\翻新\已整理\20250626\4970 CARTIER LOVE NECKLACE, 3 DIAMONDS B7014600\附图\4970 4.jpg",,
"dummy_images\CARTIER\翻新\备份\20250626\4970 CARTIER LOVE NECKLACE, 3 DIAMONDS B7014600\附图\4970 5.jpg",639,"dummy_images\CARTIER\翻新\已整理\20250626\4970 CARTIER LOVE NECKLACE, 3 DIAMONDS B7014600\附图\4970 5.jpg",,
"dummy_images\CARTIER\翻新\备份\20250626\4970 CARTIER LOVE NECKLACE, 3 DIAMONDS B7014600\详情图\49702.jpg",639,"dummy_images\CARTIER\翻新\已整理\20250626\4970 CARTIER LOVE NECKLACE, 3 DIAMONDS B7014600\详情图\49702.jpg",,
"dummy_images\CARTIER\翻新\备份\20250626\4970 CARTIER LOVE NECKLACE, 3 DIAMONDS B7014600\详情图\49704.jpg",639,"dummy_images\CARTIER\翻新\已整理\20250626\4970 CARTIER LOVE NECKLACE, 3 DIAMONDS B7014600\详情图\49704.jpg",,
"dummy_images\CARTIER\翻新\备份\20250626\4970 CARTIER LOVE NECKLACE, 3 DIAMONDS B7014600\详情图\49705.jpg",639,"dummy_images\CARTIER\翻新\已整理\20250626\4970 CARTIER LOVE NECKLACE, 3 DIAMONDS B7014600\详情图\49705.jpg",,
dummy_images\CARTIER\翻新\备份\20250626\4981 CARTIER TRINITY NECKLACE B7058500\主图\画板 34.jpg,640,,,
dummy_images\CARTIER\翻新\备份\20250626\4981 CARTIER TRINITY NECKLACE B7058500\附图\4981 1.jpg,640,dummy_images\CARTIER\翻新\已整理\20250626\4981 CARTIER TRINITY NECKLACE B7058500\附图\4981 1.jpg,,
dummy_images\CARTIER\翻新\备份\20250626\4981 CARTIER TRINITY NECKLACE B7058500\附图\4981 2.jpg,640,dummy_images\CARTIER\翻新\已整理\20250626\4981 CARTIER TRINITY NECKLACE B7058500\附图\4981 2.jpg,,
dummy_images\CARTIER\翻新\备份\20250626\4981 CARTIER TRINITY NECKLACE B7058500\附图\4981 3.jpg,640,dummy_images\CARTIER\翻新\已整理\20250626\4981 CARTIER TRINITY NECKLACE B7058500\附图\4981 3.jpg,,
dummy_images\CARTIER\翻新\备份\20250626\4981 CARTIER TRINITY NECKLACE B7058500\附图\4981 4.jpg,640,dummy_images\CARTIER\翻新\已整理\20250626\4981 CARTIER TRINITY NECKLACE B7058500\附图\4981 4.jpg,,
dummy_images\CARTIER\翻新\备份\20250626\4981 CARTIER TRINITY NECKLACE B7058500\附图\4981 5.jpg,640,dummy_images\CARTIER\翻新\已整理\20250626\4981 CARTIER TRINITY NECKLACE B7058500\附图\4981 5.jpg,,
"dummy_images\CARTIER\翻新\备份\20250627\4946 CARTIER LOVE NECKLACE, 2 DIAMONDS B7219400无\主图\画板 1.jpg",641,,,
"dummy_images\CARTIER\翻新\备份\20250627\4946 CARTIER LOVE NECKLACE, 2 DIAMONDS B7219400无\附图\4946 1.jpg",641,"dummy_images\CARTIER\翻新\已整理\20250627\4946 CARTIER LOVE NECKLACE, 2 DIAMONDS B7219400无\附图\4946 1.jpg",,
"dummy_images\CARTIER\翻新\备份\20250627\4946 CARTIER LOVE NECKLACE, 2 DIAMONDS B7219400无\附图\4946 2.jpg",641,"dummy_images\CARTIER\翻新\已整理\20250627\4946 CARTIER LOVE NECKLACE, 2 DIAMONDS B7219400无\附图\4946 2.jpg",,
"dummy_images\CARTIER\翻新\备份\20250627\4946 CARTIER LOVE NECKLACE, 2 DIAMONDS B7219400无\附图\4946 3.jpg",641,"dummy_images\CARTIER\翻新\已整理\20250627\4946 CARTIER LOVE NECKLACE, 2 DIAMONDS B7219400无\附图\4946 3.jpg",,
"dummy_images\CARTIER\翻新\备份\20250627\4946 CARTIER LOVE NECKLACE, 2 DIAMONDS B7219400无\附图\4946 4.jpg",641,"dummy_images\CARTIER\翻新\已整理\20250627\4946 CARTIER LOVE NECKLACE, 2 DIAMONDS B7219400无\附图\4946 4.jpg",,
"dummy_images\CARTIER\翻新\备份\20250627\4946 CARTIER LOVE NECKLACE, 2 DIAMONDS B7219400无\附图\4946 5.jpg",641,"dummy_images\CARTIER\翻新\已整理\20250627\4946 CARTIER LOVE NECKLACE, 2 DIAMONDS B7219400无\附图\4946 5.jpg",,
dummy_images\CARTIER\翻新\备份\20250627\5048 CARTIER CARTIER D'AMOUR NECKLACE B7218400\主图\画板 18.jpg,642,,,
dummy_images\CARTIER\翻新\备份\20250627\5048 CARTIER CARTIER D'AMOUR NECKLACE B7218400\附图\5048 1.jpg,642,dummy_images\CARTIER\翻新\已整理\20250627\5048 CARTIER CARTIER D'AMOUR NECKLACE B7218400\附图\5048 1.jpg,,
dummy_images\CARTIER\翻新\备份\20250627\5048 CARTIER CARTIER D'AMOUR NECKLACE B7218400\附图\5048 2.jpg,642,dummy_images\CARTIER\翻新\已整理\20250627\5048 CARTIER CARTIER D'AMOUR NECKLACE B7218400\附图\5048 2.jpg,,
dummy_images\CARTIER\翻新\备份\20250627\5048 CARTIER CARTIER D'AMOUR NECKLACE B7218400\附图\5048 3.jpg,642,dummy_images\CARTIER\翻新\已整理\20250627\5048 CARTIER CARTIER D'AMOUR NECKLACE B7218400\附图\5048 3.jpg,,
dummy_images\CARTIER\翻新\备份\20250627\5048 CARTIER CARTIER D'AMOUR NECKLACE B7218400\附图\5048 4.jpg,642,dummy_images\CARTIER\翻新\已整理\20250627\5048 CARTIER CARTIER D'AMOUR NECKLACE B7218400\附图\5048 4.jpg,,
dummy_images\CARTIER\翻新\备份\20250627\5048 CARTIER CARTIER D'AMOUR NECKLACE B7218400\附图\5048 5.jpg,642,dummy_images\CARTIER\翻新\已整理\20250627\5048 CARTIER CARTIER D'AMOUR NECKLACE B7218400\附图\5048 5.jpg,,
dummy_images\CARTIER\翻新\备份\20250627\5048 CARTIER CARTIER D'AMOUR NECKLACE B7218400\详情图\50481.jpg,642,dummy_images\CARTIER\翻新\已整理\20250627\5048 CARTIER CARTIER D'AMOUR NECKLACE B7218400\详情图\50481.jpg,,
dummy_images\CARTIER\翻新\备份\20250627\5048 CARTIER CARTIER D'AMOUR NECKLACE B7218400\详情图\50482.jpg,642,dummy_images\CARTIER\翻新\已整理\20250627\5048 CARTIER CARTIER D'AMOUR NECKLACE B7218400\详情图\50482.jpg,,
dummy_images\CARTIER\翻新\备份\20250627\5048 CARTIER CARTIER D'AMOUR NECKLACE B7218400\详情图\50483.jpg,642,dummy_images\CARTIER\翻新\已整理\20250627\5048 CARTIER CARTIER D'AMOUR NECKLACE B7218400\详情图\50483.jpg,,
dummy_images\CARTIER\翻新\备份\20250627\5048 CARTIER CARTIER D'AMOUR NECKLACE B7218400\详情图\50484.jpg,642,dummy_images\CARTIER\翻新\已整理\20250627\5048 CARTIER CARTIER D'AMOUR NECKLACE B7218400\详情图\50484.jpg,,
dummy_images\CARTIER\翻新\备份\20250627\5050 CARTIER C DE CARTIER NECKLACE B7059000\主图\画板 20.jpg,643,,,
dummy_images\CARTIER\翻新\备份\20250627\5050 CARTIER C DE CARTIER NECKLACE B7059000\附图\5050 1.jpg,643,dummy_images\CARTIER\翻新\已整理\20250627\5050 CARTIER C DE CARTIER NECKLACE B7059000\附图\5050 1.jpg,,
dummy_images\CARTIER\翻新\备份\20250627\5050 CARTIER C DE CARTIER NECKLACE B7059000\附图\5050 2.jpg,643,dummy_images\CARTIER\翻新\已整理\20250627\5050 CARTIER C DE CARTIER NECKLACE B7059000\附图\5050 2.jpg,,
dummy_images\CARTIER\翻新\备份\20250627\5050 CARTIER C DE CARTIER NECKLACE B7059000\附图\5050 3.jpg,643,dummy_images\CARTIER\翻新\已整理\20250627\5050 CARTIER C DE CARTIER NECKLACE B7059000\附图\5050 3.jpg,,
dummy_images\CARTIER\翻新\备份\20250627\5050 CARTIER C DE CARTIER NECKLACE B7059000\附图\5050 4.jpg,643,dummy_images\CARTIER\翻新\已整理\20250627\5050 CARTIER C DE CARTIER NECKLACE B7059000\附图\5050 4.jpg,,
dummy_images\CARTIER\翻新\备份\20250627\5050 CARTIER C DE CARTIER NECKLACE B7059000\附图\5050 5.jpg,643,dummy_images\CARTIER\翻新\已整理\20250627\5050 CARTIER C DE CARTIER NECKLACE B7059000\附图\5050 5.jpg,,
dummy_images\CARTIER\翻新\备份\20250627\5050 CARTIER C DE CARTIER NECKLACE B7059000\详情图\50501.jpg,643,dummy_images\CARTIER\翻新\已整理\20250627\5050 CARTIER C DE CARTIER NECKLACE B7059000\详情图\50501.jpg,,
dummy_images\CARTIER\翻新\备份\20250627\5050 CARTIER C DE CARTIER NECKLACE B7059000\详情图\50502.jpg,643,dummy_images\CARTIER\翻新\已整理\20250627\5050 CARTIER C DE CARTIER NECKLACE B7059000\详情图\50502.jpg,,
dummy_images\CARTIER\翻新\备份\20250627\5050 CARTIER C DE CARTIER NECKLACE B7059000\详情图\50503.jpg,643,dummy_images\CARTIER\翻新\已整理\20250627\5050 CARTIER C DE CARTIER NECKLACE B7059000\详情图\50503.jpg,,
dummy_images\CARTIER\翻新\备份\20250627\5050 CARTIER C DE CARTIER NECKLACE B7059000\详情图\50504.jpg,643,dummy_images\CARTIER\翻新\已整理\20250627\5050 CARTIER C DE CARTIER NECKLACE B7059000\详情图\50504.jpg,,
dummy_images\CARTIER\翻新\备份\20250627\5065 CARTIER PANTHèRE DE CARTIER NECKLACE N7424211无\主图\画板 25.jpg,644,,,
dummy_images\CARTIER\翻新\备份\20250627\5065 CARTIER PANTHèRE DE CARTIER NECKLACE N7424211无\附图\5065 1.jpg,644,dummy_images\CARTIER\翻新\已整理\20250627\5065 CARTIER PANTHèRE DE CARTIER NECKLACE N7424211无\附图\5065 1.jpg,,
dummy_images\CARTIER\翻新\备份\20250627\5065 CARTIER PANTHèRE DE CARTIER NECKLACE N7424211无\附图\5065 2.jpg,644,dummy_images\CARTIER\翻新\已整理\20250627\5065 CARTIER PANTHèRE DE CARTIER NECKLACE N7424211无\附图\5065 2.jpg,,
dummy_images\CARTIER\翻新\备份\20250627\5065 CARTIER PANTHèRE DE CARTIER NECKLACE N7424211无\附图\5065 3.jpg,644,dummy_images\CARTIER\翻新\已整理\20250627\5065 CARTIER PANTHèRE DE CARTIER NECKLACE N7424211无\附图\5065 3.jpg,,
"dummy_images\CARTIER\翻新\备份\20250627\5115 CARTIER CARTIER D'AMOUR NECKLACE, SMALL MODEL B7215800无\主图\画板 28.jpg",645,,,
"dummy_images\CARTIER\翻新\备份\20250627\5115 CARTIER CARTIER D'AMOUR NECKLACE, SMALL MODEL B7215800无\附图\5115 1.jpg",645,"dummy_images\CARTIER\翻新\已整理\20250627\5115 CARTIER CARTIER D'AMOUR NECKLACE, SMALL MODEL B7215800无\附图\5115 1.jpg",,
"dummy_images\CARTIER\翻新\备份\20250627\5115 CARTIER CARTIER D'AMOUR NECKLACE, SMALL MODEL B7215800无\附图\5115 2.jpg",645,"dummy_images\CARTIER\翻新\已整理\20250627\5115 CARTIER CARTIER D'AMOUR NECKLACE, SMALL MODEL B7215800无\附图\5115 2.jpg",,
"dummy_images\CARTIER\翻新\备份\20250627\5115 CARTIER CARTIER D'AMOUR NECKLACE, SMALL MODEL B7215800无\附图\5115 3.jpg",645,"dummy_images\CARTIER\翻新\已整理\20250627\5115 CARTIER CARTIER D'AMOUR NECKLACE, SMALL MODEL B7215800无\附图\5115 3.jpg",,
"dummy_images\CARTIER\翻新\备份\20250627\5115 CARTIER CARTIER D'AMOUR NECKLACE, SMALL MODEL B7215800无\附图\5115 4.jpg",645,"dummy_images\CARTIER\翻新\已整理\20250627\5115 CARTIER CARTIER D'AMOUR NECKLACE, SMALL MODEL B7215800无\附图\5115 4.jpg",,
"dummy_images\CARTIER\翻新\备份\20250627\5115 CARTIER CARTIER D'AMOUR NECKLACE, SMALL MODEL B7215800无\附图\5115 5.jpg",645,"dummy_images\CARTIER\翻新\已整理\20250627\5115 CARTIER CARTIER D'AMOUR NECKLACE, SMALL MODEL B7215800无\附图\5115 5.jpg",,
dummy_images\CARTIER\翻新\备份\20250627\5117 CARTIER TRINITY NECKLACE B7224574\主图\画板 30.jpg,646,,,
dummy_images\CARTIER\翻新\备份\20250627\5117 CARTIER TRINITY NECKLACE B7224574\附图\5117 1.jpg,646,dummy_images\CARTIER\翻新\已整理\20250627\5117 CARTIER TRINITY NECKLACE B7224574\附图\5117 1.jpg,,
dummy_images\CARTIER\翻新\备份\20250627\5117 CARTIER TRINITY NECKLACE B7224574\附图\5117 2.jpg,646,dummy_images\CARTIER\翻新\已整理\20250627\5117 CARTIER TRINITY NECKLACE B7224574\附图\5117 2.jpg,,
dummy_images\CARTIER\翻新\备份\20250627\5117 CARTIER TRINITY NECKLACE B7224574\附图\5117 3.jpg,646,dummy_images\CARTIER\翻新\已整理\20250627\5117 CARTIER TRINITY NECKLACE B7224574\附图\5117 3.jpg,,
dummy_images\CARTIER\翻新\备份\20250627\5117 CARTIER TRINITY NECKLACE B7224574\附图\5117 4.jpg,646,dummy_images\CARTIER\翻新\已整理\20250627\5117 CARTIER TRINITY NECKLACE B7224574\附图\5117 4.jpg,,
dummy_images\CARTIER\翻新\备份\20250627\5117 CARTIER TRINITY NECKLACE B7224574\附图\5117 5.jpg,646,dummy_images\CARTIER\翻新\已整理\20250627\5117 CARTIER TRINITY NECKLACE B7224574\附图\5117 5.jpg,,
dummy_images\CARTIER\翻新\备份\20250627\5117 CARTIER TRINITY NECKLACE B7224574\详情图\51171.jpg,646,dummy_images\CARTIER\翻新\已整理\20250627\5117 CARTIER TRINITY NECKLACE B7224574\详情图\51171.jpg,,
dummy_images\CARTIER\翻新\备份\20250627\5117 CARTIER TRINITY NECKLACE B7224574\详情图\511712.jpg,646,dummy_images\CARTIER\翻新\已整理\20250627\5117 CARTIER TRINITY NECKLACE B7224574\详情图\511712.jpg,,
dummy_images\CARTIER\翻新\备份\20250627\5117 CARTIER TRINITY NECKLACE B7224574\详情图\511713.jpg,646,dummy_images\CARTIER\翻新\已整理\20250627\5117 CARTIER TRINITY NECKLACE B7224574\详情图\511713.jpg,,
dummy_images\CARTIER\翻新\备份\20250627\5117 CARTIER TRINITY NECKLACE B7224574\详情图\511714.jpg,646,dummy_images\CARTIER\翻新\已整理\20250627\5117 CARTIER TRINITY NECKLACE B7224574\详情图\511714.jpg,,
dummy_images\CARTIER\翻新\备份\20250627\5117 CARTIER TRINITY NECKLACE B7224574\详情图\511715.jpg,646,dummy_images\CARTIER\翻新\已整理\20250627\5117 CARTIER TRINITY NECKLACE B7224574\详情图\511715.jpg,,
dummy_images\CARTIER\翻新\备份\20250627\5117 CARTIER TRINITY NECKLACE B7224574\详情图\511716.jpg,646,dummy_images\CARTIER\翻新\已整理\20250627\5117 CARTIER TRINITY NECKLACE B7224574\详情图\511716.jpg,,
dummy_images\CARTIER\翻新\备份\20250628\5195 CARTIER LOVE SINGLE EARRING B8301423\主图\画板 9.jpg,647,,,
dummy_images\CARTIER\翻新\备份\20250628\5195 CARTIER LOVE SINGLE EARRING B8301423\附图\5195 1.jpg,647,dummy_images\CARTIER\翻新\已整理\20250628\5195 CARTIER LOVE SINGLE EARRING B8301423\附图\5195 1.jpg,,
dummy_images\CARTIER\翻新\备份\20250628\5195 CARTIER LOVE SINGLE EARRING B8301423\附图\5195 2.jpg,647,dummy_images\CARTIER\翻新\已整理\20250628\5195 CARTIER LOVE SINGLE EARRING B8301423\附图\5195 2.jpg,,
dummy_images\CARTIER\翻新\备份\20250628\5195 CARTIER LOVE SINGLE EARRING B8301423\附图\5195 3.jpg,647,dummy_images\CARTIER\翻新\已整理\20250628\5195 CARTIER LOVE SINGLE EARRING B8301423\附图\5195 3.jpg,,
dummy_images\CARTIER\翻新\备份\20250628\5195 CARTIER LOVE SINGLE EARRING B8301423\附图\5195 4.jpg,647,dummy_images\CARTIER\翻新\已整理\20250628\5195 CARTIER LOVE SINGLE EARRING B8301423\附图\5195 4.jpg,,
dummy_images\CARTIER\翻新\备份\20250628\5195 CARTIER LOVE SINGLE EARRING B8301423\详情图\51951.jpg,647,dummy_images\CARTIER\翻新\已整理\20250628\5195 CARTIER LOVE SINGLE EARRING B8301423\详情图\51951.jpg,,
dummy_images\CARTIER\翻新\备份\20250628\5195 CARTIER LOVE SINGLE EARRING B8301423\详情图\51952.jpg,647,dummy_images\CARTIER\翻新\已整理\20250628\5195 CARTIER LOVE SINGLE EARRING B8301423\详情图\51952.jpg,,
dummy_images\CARTIER\翻新\备份\20250628\5195 CARTIER LOVE SINGLE EARRING B8301423\详情图\51953.jpg,647,dummy_images\CARTIER\翻新\已整理\20250628\5195 CARTIER LOVE SINGLE EARRING B8301423\详情图\51953.jpg,,
dummy_images\CARTIER\翻新\备份\20250628\5195 CARTIER LOVE SINGLE EARRING B8301423\详情图\51954.jpg,647,dummy_images\CARTIER\翻新\已整理\20250628\5195 CARTIER LOVE SINGLE EARRING B8301423\详情图\51954.jpg,,
dummy_images\CARTIER\翻新\备份\20250628\5195 CARTIER LOVE SINGLE EARRING B8301423\详情图\51955.jpg,647,dummy_images\CARTIER\翻新\已整理\20250628\5195 CARTIER LOVE SINGLE EARRING B8301423\详情图\51955.jpg,,
dummy_images\CARTIER\翻新\备份\20250628\5195 CARTIER LOVE SINGLE EARRING B8301423\详情图\51956.jpg,647,dummy_images\CARTIER\翻新\已整理\20250628\5195 CARTIER LOVE SINGLE EARRING B8301423\详情图\51956.jpg,,
dummy_images\CARTIER\翻新\备份\20250628\5195 CARTIER LOVE SINGLE EARRING B8301423\详情图\51957.jpg,647,dummy_images\CARTIER\翻新\已整理\20250628\5195 CARTIER LOVE SINGLE EARRING B8301423\详情图\51957.jpg,,
"dummy_images\CARTIER\翻新\备份\20250628\5212 CARTIER TRINITY EARRINGS, CLASSIC MODEL 80083231\主图\画板 21.jpg",648,,,
"dummy_images\CARTIER\翻新\备份\20250628\5212 CARTIER TRINITY EARRINGS, CLASSIC MODEL 80083231\附图\5212 1.jpg",648,"dummy_images\CARTIER\翻新\已整理\20250628\5212 CARTIER TRINITY EARRINGS, CLASSIC MODEL 80083231\附图\5212 1.jpg",,
"dummy_images\CARTIER\翻新\备份\20250628\5212 CARTIER TRINITY EARRINGS, CLASSIC MODEL 80083231\附图\5212 2.jpg",648,"dummy_images\CARTIER\翻新\已整理\20250628\5212 CARTIER TRINITY EARRINGS, CLASSIC MODEL 80083231\附图\5212 2.jpg",,
"dummy_images\CARTIER\翻新\备份\20250628\5212 CARTIER TRINITY EARRINGS, CLASSIC MODEL 80083231\附图\5212 3.jpg",648,"dummy_images\CARTIER\翻新\已整理\20250628\5212 CARTIER TRINITY EARRINGS, CLASSIC MODEL 80083231\附图\5212 3.jpg",,
"dummy_images\CARTIER\翻新\备份\20250628\5212 CARTIER TRINITY EARRINGS, CLASSIC MODEL 80083231\附图\5212 4.jpg",648,"dummy_images\CARTIER\翻新\已整理\20250628\5212 CARTIER TRINITY EARRINGS, CLASSIC MODEL 80083231\附图\5212 4.jpg",,
"dummy_images\CARTIER\翻新\备份\20250628\5212 CARTIER TRINITY EARRINGS, CLASSIC MODEL 80083231\附图\5212 5.jpg",648,"dummy_images\CARTIER\翻新\已整理\20250628\5212 CARTIER TRINITY EARRINGS, CLASSIC MODEL 80083231\附图\5212 5.jpg",,
"dummy_images\CARTIER\翻新\备份\20250628\5212 CARTIER TRINITY EARRINGS, CLASSIC MODEL 80083231\详情图\52121.jpg",648,"dummy_images\CARTIER\翻新\已整理\20250628\5212 CARTIER TRINITY EARRINGS, CLASSIC MODEL 80083231\详情图\52121.jpg",,
"dummy_images\CARTIER\翻新\备份\20250628\5212 CARTIER TRINITY EARRINGS, CLASSIC MODEL 80083231\详情图\52122.jpg",648,"dummy_images\CARTIER\翻新\已整理\20250628\5212 CARTIER TRINITY EARRINGS, CLASSIC MODEL 80083231\详情图\52122.jpg",,
"dummy_images\CARTIER\翻新\备份\20250628\5212 CARTIER TRINITY EARRINGS, CLASSIC MODEL 80083231\详情图\52123.jpg",648,"dummy_images\CARTIER\翻新\已整理\20250628\5212 CARTIER TRINITY EARRINGS, CLASSIC MODEL 80083231\详情图\52123.jpg",,
"dummy_images\CARTIER\翻新\备份\20250628\5212 CARTIER TRINITY EARRINGS, CLASSIC MODEL 80083231\详情图\52124.jpg",648,"dummy_images\CARTIER\翻新\已整理\20250628\5212 CARTIER TRINITY EARRINGS, CLASSIC MODEL 80083231\详情图\52124.jpg",,
dummy_images\CARTIER\翻新\备份\20250628\5229 CARTIER ECROU DE CARTIER EARRINGS B8301408无\主图\画板 29.jpg,649,,,
dummy_images\CARTIER\翻新\备份\20250628\5229 CARTIER ECROU DE CARTIER EARRINGS B8301408无\附图\5229 1.jpg,649,dummy_images\CARTIER\翻新\已整理\20250628\5229 CARTIER ECROU DE CARTIER EARRINGS B8301408无\附图\5229 1.jpg,,
dummy_images\CARTIER\翻新\备份\20250628\5229 CARTIER ECROU DE CARTIER EARRINGS B8301408无\附图\5229 2.jpg,649,dummy_images\CARTIER\翻新\已整理\20250628\5229 CARTIER ECROU DE CARTIER EARRINGS B8301408无\附图\5229 2.jpg,,
dummy_images\CARTIER\翻新\备份\20250628\5229 CARTIER ECROU DE CARTIER EARRINGS B8301408无\附图\5229 3.jpg,649,dummy_images\CARTIER\翻新\已整理\20250628\5229 CARTIER ECROU DE CARTIER EARRINGS B8301408无\附图\5229 3.jpg,,
dummy_images\CARTIER\翻新\备份\20250628\5229 CARTIER ECROU DE CARTIER EARRINGS B8301408无\附图\5229 4.jpg,649,dummy_images\CARTIER\翻新\已整理\20250628\5229 CARTIER ECROU DE CARTIER EARRINGS B8301408无\附图\5229 4.jpg,,
dummy_images\CARTIER\翻新\备份\20250628\5229 CARTIER ECROU DE CARTIER EARRINGS B8301408无\附图\5229 5.jpg,649,dummy_images\CARTIER\翻新\已整理\20250628\5229 CARTIER ECROU DE CARTIER EARRINGS B8301408无\附图\5229 5.jpg,,
dummy_images\CARTIER\翻新\备份\20250628\5231 CARTIER TRINITY EARRINGS B8045300\主图\画板 30.jpg,650,,,
dummy_images\CARTIER\翻新\备份\20250628\5231 CARTIER TRINITY EARRINGS B8045300\附图\5231 1.jpg,650,dummy_images\CARTIER\翻新\已整理\20250628\5231 CARTIER TRINITY EARRINGS B8045300\附图\5231 1.jpg,,
dummy_images\CARTIER\翻新\备份\20250628\5231 CARTIER TRINITY EARRINGS B8045300\附图\5231 2.jpg,650,dummy_images\CARTIER\翻新\已整理\20250628\5231 CARTIER TRINITY EARRINGS B8045300\附图\5231 2.jpg,,
dummy_images\CARTIER\翻新\备份\20250628\5231 CARTIER TRINITY EARRINGS B8045300\附图\5231 3.jpg,650,dummy_images\CARTIER\翻新\已整理\20250628\5231 CARTIER TRINITY EARRINGS B8045300\附图\5231 3.jpg,,
dummy_images\CARTIER\翻新\备份\20250628\5231 CARTIER TRINITY EARRINGS B8045300\附图\5231 4.jpg,650,dummy_images\CARTIER\翻新\已整理\20250628\5231 CARTIER TRINITY EARRINGS B8045300\附图\5231 4.jpg,,
dummy_images\CARTIER\翻新\备份\20250628\5231 CARTIER TRINITY EARRINGS B8045300\附图\5231 5.jpg,650,dummy_images\CARTIER\翻新\已整理\20250628\5231 CARTIER TRINITY EARRINGS B8045300\附图\5231 5.jpg,,
dummy_images\CARTIER\翻新\备份\20250628\5231 CARTIER TRINITY EARRINGS B8045300\详情图\52311.jpg,650,dummy_images\CARTIER\翻新\已整理\20250628\5231 CARTIER TRINITY EARRINGS B8045300\详情图\52311.jpg,,
dummy_images\CARTIER\翻新\备份\20250628\5231 CARTIER TRINITY EARRINGS B8045300\详情图\52312.jpg,650,dummy_images\CARTIER\翻新\已整理\20250628\5231 CARTIER TRINITY EARRINGS B8045300\详情图\52312.jpg,,
dummy_images\CARTIER\翻新\备份\20250628\5231 CARTIER TRINITY EARRINGS B8045300\详情图\52313.jpg,650,dummy_images\CARTIER\翻新\已整理\20250628\5231 CARTIER TRINITY EARRINGS B8045300\详情图\52313.jpg,,
dummy_images\CARTIER\翻新\备份\20250628\5231 CARTIER TRINITY EARRINGS B8045300\详情图\52314.jpg,650,dummy_images\CARTIER\翻新\已整理\20250628\5231 CARTIER TRINITY EARRINGS B8045300\详情图\52314.jpg,,
"dummy_images\CARTIER\翻新\备份\20250630\5232 CARTIER JUSTE UN CLOU HOOP EARRINGS, SMALL MODEL, PAVED B8301430无\主图\画板 1.jpg",651,,,
"dummy_images\CARTIER\翻新\备份\20250630\5232 CARTIER JUSTE UN CLOU HOOP EARRINGS, SMALL MODEL, PAVED B8301430无\附图\5232 1.jpg",651,"dummy_images\CARTIER\翻新\已整理\20250630\5232 CARTIER JUSTE UN CLOU HOOP EARRINGS, SMALL MODEL, PAVED B8301430无\附图\5232 1.jpg",,
"dummy_images\CARTIER\翻新\备份\20250630\5232 CARTIER JUSTE UN CLOU HOOP EARRINGS, SMALL MODEL, PAVED B8301430无\附图\5232 2.jpg",651,"dummy_images\CARTIER\翻新\已整理\20250630\5232 CARTIER JUSTE UN CLOU HOOP EARRINGS, SMALL MODEL, PAVED B8301430无\附图\5232 2.jpg",,
"dummy_images\CARTIER\翻新\备份\20250630\5232 CARTIER JUSTE UN CLOU HOOP EARRINGS, SMALL MODEL, PAVED B8301430无\附图\5232 3.jpg",651,"dummy_images\CARTIER\翻新\已整理\20250630\5232 CARTIER JUSTE UN CLOU HOOP EARRINGS, SMALL MODEL, PAVED B8301430无\附图\5232 3.jpg",,
"dummy_images\CARTIER\翻新\备份\20250630\5232 CARTIER JUSTE UN CLOU HOOP EARRINGS, SMALL MODEL, PAVED B8301430无\附图\5232 4.jpg",651,"dummy_images\CARTIER\翻新\已整理\20250630\5232 CARTIER JUSTE UN CLOU HOOP EARRINGS, SMALL MODEL, PAVED B8301430无\附图\5232 4.jpg",,
"dummy_images\CARTIER\翻新\备份\20250630\5232 CARTIER JUSTE UN CLOU HOOP EARRINGS, SMALL MODEL, PAVED B8301430无\附图\5232 5.jpg",651,"dummy_images\CARTIER\翻新\已整理\20250630\5232 CARTIER JUSTE UN CLOU HOOP EARRINGS, SMALL MODEL, PAVED B8301430无\附图\5232 5.jpg",,
"dummy_images\CARTIER\翻新\备份\20250630\5233 CARTIER JUSTE UN CLOU HOOP EARRINGS, SMALL MODEL, PAVED B8301431\主图\画板 2.jpg",652,,,
"dummy_images\CARTIER\翻新\备份\20250630\5233 CARTIER JUSTE UN CLOU HOOP EARRINGS, SMALL MODEL, PAVED B8301431\附图\5233 1.jpg",652,"dummy_images\CARTIER\翻新\已整理\20250630\5233 CARTIER JUSTE UN CLOU HOOP EARRINGS, SMALL MODEL, PAVED B8301431\附图\5233 1.jpg",,
"dummy_images\CARTIER\翻新\备份\20250630\5233 CARTIER JUSTE UN CLOU HOOP EARRINGS, SMALL MODEL, PAVED B8301431\附图\5233 2.jpg",652,"dummy_images\CARTIER\翻新\已整理\20250630\5233 CARTIER JUSTE UN CLOU HOOP EARRINGS, SMALL MODEL, PAVED B8301431\附图\5233 2.jpg",,
"dummy_images\CARTIER\翻新\备份\20250630\5233 CARTIER JUSTE UN CLOU HOOP EARRINGS, SMALL MODEL, PAVED B8301431\附图\5233 3.jpg",652,"dummy_images\CARTIER\翻新\已整理\20250630\5233 CARTIER JUSTE UN CLOU HOOP EARRINGS, SMALL MODEL, PAVED B8301431\附图\5233 3.jpg",,
"dummy_images\CARTIER\翻新\备份\20250630\5233 CARTIER JUSTE UN CLOU HOOP EARRINGS, SMALL MODEL, PAVED B8301431\附图\5233 4.jpg",652,"dummy_images\CARTIER\翻新\已整理\20250630\5233 CARTIER JUSTE UN CLOU HOOP EARRINGS, SMALL MODEL, PAVED B8301431\附图\5233 4.jpg",,
"dummy_images\CARTIER\翻新\备份\20250630\5233 CARTIER JUSTE UN CLOU HOOP EARRINGS, SMALL MODEL, PAVED B8301431\详情图\52331.jpg",652,"dummy_images\CARTIER\翻新\已整理\20250630\5233 CARTIER JUSTE UN CLOU HOOP EARRINGS, SMALL MODEL, PAVED B8301431\详情图\52331.jpg",,
"dummy_images\CARTIER\翻新\备份\20250630\5233 CARTIER JUSTE UN CLOU HOOP EARRINGS, SMALL MODEL, PAVED B8301431\详情图\52332.jpg",652,"dummy_images\CARTIER\翻新\已整理\20250630\5233 CARTIER JUSTE UN CLOU HOOP EARRINGS, SMALL MODEL, PAVED B8301431\详情图\52332.jpg",,
"dummy_images\CARTIER\翻新\备份\20250630\5233 CARTIER JUSTE UN CLOU HOOP EARRINGS, SMALL MODEL, PAVED B8301431\详情图\52333.jpg",652,"dummy_images\CARTIER\翻新\已整理\20250630\5233 CARTIER JUSTE UN CLOU HOOP EARRINGS, SMALL MODEL, PAVED B8301431\详情图\52333.jpg",,
"dummy_images\CARTIER\翻新\备份\20250630\5233 CARTIER JUSTE UN CLOU HOOP EARRINGS, SMALL MODEL, PAVED B8301431\详情图\52334.jpg",652,"dummy_images\CARTIER\翻新\已整理\20250630\5233 CARTIER JUSTE UN CLOU HOOP EARRINGS, SMALL MODEL, PAVED B8301431\详情图\52334.jpg",,
"dummy_images\CARTIER\翻新\备份\20250630\5235 CARTIER JUSTE UN CLOU HOOP EARRINGS, LARGE MODEL, DIAMONDS B8301212\主图\画板 3.jpg",653,,,
"dummy_images\CARTIER\翻新\备份\20250630\5235 CARTIER JUSTE UN CLOU HOOP EARRINGS, LARGE MODEL, DIAMONDS B8301212\附图\5235 1.jpg",653,"dummy_images\CARTIER\翻新\已整理\20250630\5235 CARTIER JUSTE UN CLOU HOOP EARRINGS, LARGE MODEL, DIAMONDS B8301212\附图\5235 1.jpg",,
"dummy_images\CARTIER\翻新\备份\20250630\5235 CARTIER JUSTE UN CLOU HOOP EARRINGS, LARGE MODEL, DIAMONDS B8301212\附图\5235 2.jpg",653,"dummy_images\CARTIER\翻新\已整理\20250630\5235 CARTIER JUSTE UN CLOU HOOP EARRINGS, LARGE MODEL, DIAMONDS B8301212\附图\5235 2.jpg",,
"dummy_images\CARTIER\翻新\备份\20250630\5235 CARTIER JUSTE UN CLOU HOOP EARRINGS, LARGE MODEL, DIAMONDS B8301212\附图\5235 3.jpg",653,"dummy_images\CARTIER\翻新\已整理\20250630\5235 CARTIER JUSTE UN CLOU HOOP EARRINGS, LARGE MODEL, DIAMONDS B8301212\附图\5235 3.jpg",,
"dummy_images\CARTIER\翻新\备份\20250630\5235 CARTIER JUSTE UN CLOU HOOP EARRINGS, LARGE MODEL, DIAMONDS B8301212\附图\5235 4.jpg",653,"dummy_images\CARTIER\翻新\已整理\20250630\5235 CARTIER JUSTE UN CLOU HOOP EARRINGS, LARGE MODEL, DIAMONDS B8301212\附图\5235 4.jpg",,
"dummy_images\CARTIER\翻新\备份\20250630\5235 CARTIER JUSTE UN CLOU HOOP EARRINGS, LARGE MODEL, DIAMONDS B8301212\附图\5235 5.jpg",653,"dummy_images\CARTIER\翻新\已整理\20250630\5235 CARTIER JUSTE UN CLOU HOOP EARRINGS, LARGE MODEL, DIAMONDS B8301212\附图\5235 5.jpg",,
"dummy_images\CARTIER\翻新\备份\20250630\5235 CARTIER JUSTE UN CLOU HOOP EARRINGS, LARGE MODEL, DIAMONDS B8301212\详情图\52351.jpg",653,"dummy_images\CARTIER\翻新\已整理\20250630\5235 CARTIER JUSTE UN CLOU HOOP EARRINGS, LARGE MODEL, DIAMONDS B8301212\详情图\52351.jpg",,
"dummy_images\CARTIER\翻新\备份\20250630\5235 CARTIER JUSTE UN CLOU HOOP EARRINGS, LARGE MODEL, DIAMONDS B8301212\详情图\52352.jpg",653,"dummy_images\CARTIER\翻新\已整理\20250630\5235 CARTIER JUSTE UN CLOU HOOP EARRINGS, LARGE MODEL, DIAMONDS B8301212\详情图\52352.jpg",,
"dummy_images\CARTIER\翻新\备份\20250630\5235 CARTIER JUSTE UN CLOU HOOP EARRINGS, LARGE MODEL, DIAMONDS B8301212\详情图\52353.jpg",653,"dummy_images\CARTIER\翻新\已整理\20250630\5235 CARTIER JUSTE UN CLOU HOOP EARRINGS, LARGE MODEL, DIAMONDS B8301212\详情图\52353.jpg",,
"dummy_images\CARTIER\翻新\备份\20250630\5235 CARTIER JUSTE UN CLOU HOOP EARRINGS, LARGE MODEL, DIAMONDS B8301212\详情图\52354.jpg",653,"dummy_images\CARTIER\翻新\已整理\20250630\5235 CARTIER JUSTE UN CLOU HOOP EARRINGS, LARGE MODEL, DIAMONDS B8301212\详情图\52354.jpg",,
"dummy_images\CARTIER\翻新\备份\20250630\5235 CARTIER JUSTE UN CLOU HOOP EARRINGS, LARGE MODEL, DIAMONDS B8301212\详情图\52355.jpg",653,"dummy_images\CARTIER\翻新\已整理\20250630\5235 CARTIER JUSTE UN CLOU HOOP EARRINGS, LARGE MODEL, DIAMONDS B8301212\详情图\52355.jpg",,
"dummy_images\CARTIER\翻新\备份\20250630\5236 CARTIER JUSTE UN CLOU HOOP EARRINGS, LARGE MODEL, DIAMONDS B8301225无\主图\画板 4.jpg",654,,,
"dummy_images\CARTIER\翻新\备份\20250630\5236 CARTIER JUSTE UN CLOU HOOP EARRINGS, LARGE MODEL, DIAMONDS B8301225无\附图\5236 1.jpg",654,"dummy_images\CARTIER\翻新\已整理\20250630\5236 CARTIER JUSTE UN CLOU HOOP EARRINGS, LARGE MODEL, DIAMONDS B8301225无\附图\5236 1.jpg",,
"dummy_images\CARTIER\翻新\备份\20250630\5236 CARTIER JUSTE UN CLOU HOOP EARRINGS, LARGE MODEL, DIAMONDS B8301225无\附图\5236 2.jpg",654,"dummy_images\CARTIER\翻新\已整理\20250630\5236 CARTIER JUSTE UN CLOU HOOP EARRINGS, LARGE MODEL, DIAMONDS B8301225无\附图\5236 2.jpg",,
"dummy_images\CARTIER\翻新\备份\20250630\5236 CARTIER JUSTE UN CLOU HOOP EARRINGS, LARGE MODEL, DIAMONDS B8301225无\附图\5236 3.jpg",654,"dummy_images\CARTIER\翻新\已整理\20250630\5236 CARTIER JUSTE UN CLOU HOOP EARRINGS, LARGE MODEL, DIAMONDS B8301225无\附图\5236 3.jpg",,
"dummy_images\CARTIER\翻新\备份\20250630\5236 CARTIER JUSTE UN CLOU HOOP EARRINGS, LARGE MODEL, DIAMONDS B8301225无\附图\5236 4.jpg",654,"dummy_images\CARTIER\翻新\已整理\20250630\5236 CARTIER JUSTE UN CLOU HOOP EARRINGS, LARGE MODEL, DIAMONDS B8301225无\附图\5236 4.jpg",,
"dummy_images\CARTIER\翻新\备份\20250630\5236 CARTIER JUSTE UN CLOU HOOP EARRINGS, LARGE MODEL, DIAMONDS B8301225无\附图\5236 5.jpg",654,"dummy_images\CARTIER\翻新\已整理\20250630\5236 CARTIER JUSTE UN CLOU HOOP EARRINGS, LARGE MODEL, DIAMONDS B8301225无\附图\5236 5.jpg",,
dummy_images\CARTIER\翻新\备份\20250630\5255 CARTIER ETINCELLE DE CARTIER EARRINGS N8515096无\主图\画板 10.jpg,655,,,
dummy_images\CARTIER\翻新\备份\20250630\5255 CARTIER ETINCELLE DE CARTIER EARRINGS N8515096无\附图\5255 1.jpg,655,dummy_images\CARTIER\翻新\已整理\20250630\5255 CARTIER ETINCELLE DE CARTIER EARRINGS N8515096无\附图\5255 1.jpg,,
dummy_images\CARTIER\翻新\备份\20250630\5255 CARTIER ETINCELLE DE CARTIER EARRINGS N8515096无\附图\5255 2.jpg,655,dummy_images\CARTIER\翻新\已整理\20250630\5255 CARTIER ETINCELLE DE CARTIER EARRINGS N8515096无\附图\5255 2.jpg,,
dummy_images\CARTIER\翻新\备份\20250630\5255 CARTIER ETINCELLE DE CARTIER EARRINGS N8515096无\附图\5255 3.jpg,655,dummy_images\CARTIER\翻新\已整理\20250630\5255 CARTIER ETINCELLE DE CARTIER EARRINGS N8515096无\附图\5255 3.jpg,,
dummy_images\CARTIER\翻新\备份\20250630\5256 CARTIER ETINCELLE DE CARTIER EARRINGS N8515095\主图\画板 11.jpg,656,,,
dummy_images\CARTIER\翻新\备份\20250630\5256 CARTIER ETINCELLE DE CARTIER EARRINGS N8515095\附图\5256 1.jpg,656,dummy_images\CARTIER\翻新\已整理\20250630\5256 CARTIER ETINCELLE DE CARTIER EARRINGS N8515095\附图\5256 1.jpg,,
dummy_images\CARTIER\翻新\备份\20250630\5256 CARTIER ETINCELLE DE CARTIER EARRINGS N8515095\附图\5256 2.jpg,656,dummy_images\CARTIER\翻新\已整理\20250630\5256 CARTIER ETINCELLE DE CARTIER EARRINGS N8515095\附图\5256 2.jpg,,
dummy_images\CARTIER\翻新\备份\20250630\5256 CARTIER ETINCELLE DE CARTIER EARRINGS N8515095\附图\5256 3.jpg,656,dummy_images\CARTIER\翻新\已整理\20250630\5256 CARTIER ETINCELLE DE CARTIER EARRINGS N8515095\附图\5256 3.jpg,,
dummy_images\CARTIER\翻新\备份\20250630\5256 CARTIER ETINCELLE DE CARTIER EARRINGS N8515095\附图\5256 4.jpg,656,dummy_images\CARTIER\翻新\已整理\20250630\5256 CARTIER ETINCELLE DE CARTIER EARRINGS N8515095\附图\5256 4.jpg,,
dummy_images\CARTIER\翻新\备份\20250630\5256 CARTIER ETINCELLE DE CARTIER EARRINGS N8515095\详情图\52561.jpg,656,dummy_images\CARTIER\翻新\已整理\20250630\5256 CARTIER ETINCELLE DE CARTIER EARRINGS N8515095\详情图\52561.jpg,,
dummy_images\CARTIER\翻新\备份\20250630\5256 CARTIER ETINCELLE DE CARTIER EARRINGS N8515095\详情图\52562.jpg,656,dummy_images\CARTIER\翻新\已整理\20250630\5256 CARTIER ETINCELLE DE CARTIER EARRINGS N8515095\详情图\52562.jpg,,
dummy_images\CARTIER\翻新\备份\20250630\5256 CARTIER ETINCELLE DE CARTIER EARRINGS N8515095\详情图\52563.jpg,656,dummy_images\CARTIER\翻新\已整理\20250630\5256 CARTIER ETINCELLE DE CARTIER EARRINGS N8515095\详情图\52563.jpg,,
dummy_images\CARTIER\翻新\备份\20250630\5256 CARTIER ETINCELLE DE CARTIER EARRINGS N8515095\详情图\52564.jpg,656,dummy_images\CARTIER\翻新\已整理\20250630\5256 CARTIER ETINCELLE DE CARTIER EARRINGS N8515095\详情图\52564.jpg,,
dummy_images\CARTIER\翻新\备份\20250630\5256 CARTIER ETINCELLE DE CARTIER EARRINGS N8515095\详情图\52565.jpg,656,dummy_images\CARTIER\翻新\已整理\20250630\5256 CARTIER ETINCELLE DE CARTIER EARRINGS N8515095\详情图\52565.jpg,,
dummy_images\CARTIER\翻新\备份\20250630\5256 CARTIER ETINCELLE DE CARTIER EARRINGS N8515095\详情图\52566.jpg,656,dummy_images\CARTIER\翻新\已整理\20250630\5256 CARTIER ETINCELLE DE CARTIER EARRINGS N8515095\详情图\52566.jpg,,
dummy_images\CARTIER\翻新\备份\20250630\5256 CARTIER ETINCELLE DE CARTIER EARRINGS N8515095\详情图\52567.jpg,656,dummy_images\CARTIER\翻新\已整理\20250630\5256 CARTIER ETINCELLE DE CARTIER EARRINGS N8515095\详情图\52567.jpg,,
dummy_images\CARTIER\翻新\备份\20250630\5294 CARTIER ETINCELLE DE CARTIER EARRINGS N8515098无\主图\画板 14.jpg,657,,,
dummy_images\CARTIER\翻新\备份\20250630\5294 CARTIER ETINCELLE DE CARTIER EARRINGS N8515098无\附图\5294 1.jpg,657,dummy_images\CARTIER\翻新\已整理\20250630\5294 CARTIER ETINCELLE DE CARTIER EARRINGS N8515098无\附图\5294 1.jpg,,
dummy_images\CARTIER\翻新\备份\20250630\5294 CARTIER ETINCELLE DE CARTIER EARRINGS N8515098无\附图\5294 2.jpg,657,dummy_images\CARTIER\翻新\已整理\20250630\5294 CARTIER ETINCELLE DE CARTIER EARRINGS N8515098无\附图\5294 2.jpg,,
dummy_images\CARTIER\翻新\备份\20250630\5294 CARTIER ETINCELLE DE CARTIER EARRINGS N8515098无\附图\5294 3.jpg,657,dummy_images\CARTIER\翻新\已整理\20250630\5294 CARTIER ETINCELLE DE CARTIER EARRINGS N8515098无\附图\5294 3.jpg,,
dummy_images\CARTIER\翻新\备份\20250630\5294 CARTIER ETINCELLE DE CARTIER EARRINGS N8515098无\附图\5294 4.jpg,657,dummy_images\CARTIER\翻新\已整理\20250630\5294 CARTIER ETINCELLE DE CARTIER EARRINGS N8515098无\附图\5294 4.jpg,,
dummy_images\CARTIER\翻新\备份\20250630\5294 CARTIER ETINCELLE DE CARTIER EARRINGS N8515098无\附图\5294 5.jpg,657,dummy_images\CARTIER\翻新\已整理\20250630\5294 CARTIER ETINCELLE DE CARTIER EARRINGS N8515098无\附图\5294 5.jpg,,
dummy_images\CARTIER\翻新\备份\20250630\5315 CARTIER CLASH DE CARTIER EARRINGS B8301478\主图\画板 16.jpg,658,,,
dummy_images\CARTIER\翻新\备份\20250630\5315 CARTIER CLASH DE CARTIER EARRINGS B8301478\附图\5315 1.jpg,658,dummy_images\CARTIER\翻新\已整理\20250630\5315 CARTIER CLASH DE CARTIER EARRINGS B8301478\附图\5315 1.jpg,,
dummy_images\CARTIER\翻新\备份\20250630\5315 CARTIER CLASH DE CARTIER EARRINGS B8301478\附图\5315 2.jpg,658,dummy_images\CARTIER\翻新\已整理\20250630\5315 CARTIER CLASH DE CARTIER EARRINGS B8301478\附图\5315 2.jpg,,
dummy_images\CARTIER\翻新\备份\20250630\5315 CARTIER CLASH DE CARTIER EARRINGS B8301478\附图\5315 3.jpg,658,dummy_images\CARTIER\翻新\已整理\20250630\5315 CARTIER CLASH DE CARTIER EARRINGS B8301478\附图\5315 3.jpg,,
dummy_images\CARTIER\翻新\备份\20250630\5315 CARTIER CLASH DE CARTIER EARRINGS B8301478\附图\5315 4.jpg,658,dummy_images\CARTIER\翻新\已整理\20250630\5315 CARTIER CLASH DE CARTIER EARRINGS B8301478\附图\5315 4.jpg,,
dummy_images\CARTIER\翻新\备份\20250630\5315 CARTIER CLASH DE CARTIER EARRINGS B8301478\附图\5315 5.jpg,658,dummy_images\CARTIER\翻新\已整理\20250630\5315 CARTIER CLASH DE CARTIER EARRINGS B8301478\附图\5315 5.jpg,,
dummy_images\CARTIER\翻新\备份\20250630\5315 CARTIER CLASH DE CARTIER EARRINGS B8301478\详情图\53151.jpg,658,dummy_images\CARTIER\翻新\已整理\20250630\5315 CARTIER CLASH DE CARTIER EARRINGS B8301478\详情图\53151.jpg,,
dummy_images\CARTIER\翻新\备份\20250630\5315 CARTIER CLASH DE CARTIER EARRINGS B8301478\详情图\53152.jpg,658,dummy_images\CARTIER\翻新\已整理\20250630\5315 CARTIER CLASH DE CARTIER EARRINGS B8301478\详情图\53152.jpg,,
dummy_images\CARTIER\翻新\备份\20250630\5315 CARTIER CLASH DE CARTIER EARRINGS B8301478\详情图\53153.jpg,658,dummy_images\CARTIER\翻新\已整理\20250630\5315 CARTIER CLASH DE CARTIER EARRINGS B8301478\详情图\53153.jpg,,
dummy_images\CARTIER\翻新\备份\20250630\5318 CARTIER AGRAFE EARRINGS N8515226无\主图\画板 17.jpg,659,,,
dummy_images\CARTIER\翻新\备份\20250630\5318 CARTIER AGRAFE EARRINGS N8515226无\附图\5318 1.jpg,659,dummy_images\CARTIER\翻新\已整理\20250630\5318 CARTIER AGRAFE EARRINGS N8515226无\附图\5318 1.jpg,,
dummy_images\CARTIER\翻新\备份\20250630\5318 CARTIER AGRAFE EARRINGS N8515226无\附图\5318 2.jpg,659,dummy_images\CARTIER\翻新\已整理\20250630\5318 CARTIER AGRAFE EARRINGS N8515226无\附图\5318 2.jpg,,
dummy_images\CARTIER\翻新\备份\20250630\5318 CARTIER AGRAFE EARRINGS N8515226无\附图\5318 3.jpg,659,dummy_images\CARTIER\翻新\已整理\20250630\5318 CARTIER AGRAFE EARRINGS N8515226无\附图\5318 3.jpg,,
dummy_images\CARTIER\翻新\备份\20250630\5318 CARTIER AGRAFE EARRINGS N8515226无\附图\5318 4.jpg,659,dummy_images\CARTIER\翻新\已整理\20250630\5318 CARTIER AGRAFE EARRINGS N8515226无\附图\5318 4.jpg,,
"dummy_images\CARTIER\翻新\备份\20250630\5325 CARTIER JUSTE UN CLOU HOOP EARRINGS, SMALL MODEL, PAVED B8301429无\主图\画板 20.jpg",660,,,
"dummy_images\CARTIER\翻新\备份\20250630\5325 CARTIER JUSTE UN CLOU HOOP EARRINGS, SMALL MODEL, PAVED B8301429无\附图\5325 1.jpg",660,"dummy_images\CARTIER\翻新\已整理\20250630\5325 CARTIER JUSTE UN CLOU HOOP EARRINGS, SMALL MODEL, PAVED B8301429无\附图\5325 1.jpg",,
"dummy_images\CARTIER\翻新\备份\20250630\5325 CARTIER JUSTE UN CLOU HOOP EARRINGS, SMALL MODEL, PAVED B8301429无\附图\5325 2.jpg",660,"dummy_images\CARTIER\翻新\已整理\20250630\5325 CARTIER JUSTE UN CLOU HOOP EARRINGS, SMALL MODEL, PAVED B8301429无\附图\5325 2.jpg",,
"dummy_images\CARTIER\翻新\备份\20250630\5325 CARTIER JUSTE UN CLOU HOOP EARRINGS, SMALL MODEL, PAVED B8301429无\附图\5325 3.jpg",660,"dummy_images\CARTIER\翻新\已整理\20250630\5325 CARTIER JUSTE UN CLOU HOOP EARRINGS, SMALL MODEL, PAVED B8301429无\附图\5325 3.jpg",,
"dummy_images\CARTIER\翻新\备份\20250630\5325 CARTIER JUSTE UN CLOU HOOP EARRINGS, SMALL MODEL, PAVED B8301429无\附图\5325 4.jpg",660,"dummy_images\CARTIER\翻新\已整理\20250630\5325 CARTIER JUSTE UN CLOU HOOP EARRINGS, SMALL MODEL, PAVED B8301429无\附图\5325 4.jpg",,
"dummy_images\CARTIER\翻新\备份\20250630\5325 CARTIER JUSTE UN CLOU HOOP EARRINGS, SMALL MODEL, PAVED B8301429无\附图\5325 5.jpg",660,"dummy_images\CARTIER\翻新\已整理\20250630\5325 CARTIER JUSTE UN CLOU HOOP EARRINGS, SMALL MODEL, PAVED B8301429无\附图\5325 5.jpg",,
dummy_images\CARTIER\翻新\备份\20250630\12918 CARTIER PANTHèRE DE CARTIER RING N4722500\主图\画板 24.jpg,661,,,
dummy_images\CARTIER\翻新\备份\20250630\12918 CARTIER PANTHèRE DE CARTIER RING N4722500\附图\12918 1.jpg,661,dummy_images\CARTIER\翻新\已整理\20250630\12918 CARTIER PANTHèRE DE CARTIER RING N4722500\附图\12918 1.jpg,,
dummy_images\CARTIER\翻新\备份\20250630\12918 CARTIER PANTHèRE DE CARTIER RING N4722500\附图\12918 2.jpg,661,dummy_images\CARTIER\翻新\已整理\20250630\12918 CARTIER PANTHèRE DE CARTIER RING N4722500\附图\12918 2.jpg,,
dummy_images\CARTIER\翻新\备份\20250630\12918 CARTIER PANTHèRE DE CARTIER RING N4722500\附图\12918 3.jpg,661,dummy_images\CARTIER\翻新\已整理\20250630\12918 CARTIER PANTHèRE DE CARTIER RING N4722500\附图\12918 3.jpg,,
dummy_images\CARTIER\翻新\备份\20250630\12918 CARTIER PANTHèRE DE CARTIER RING N4722500\附图\12918 4.jpg,661,dummy_images\CARTIER\翻新\已整理\20250630\12918 CARTIER PANTHèRE DE CARTIER RING N4722500\附图\12918 4.jpg,,
dummy_images\CARTIER\翻新\备份\20250630\12918 CARTIER PANTHèRE DE CARTIER RING N4722500\附图\12918 5.jpg,661,dummy_images\CARTIER\翻新\已整理\20250630\12918 CARTIER PANTHèRE DE CARTIER RING N4722500\附图\12918 5.jpg,,
dummy_images\CARTIER\翻新\备份\20250630\12918 CARTIER PANTHèRE DE CARTIER RING N4722500\详情图\129181.jpg,661,dummy_images\CARTIER\翻新\已整理\20250630\12918 CARTIER PANTHèRE DE CARTIER RING N4722500\详情图\129181.jpg,,
dummy_images\CARTIER\翻新\备份\20250630\12918 CARTIER PANTHèRE DE CARTIER RING N4722500\详情图\129182.jpg,661,dummy_images\CARTIER\翻新\已整理\20250630\12918 CARTIER PANTHèRE DE CARTIER RING N4722500\详情图\129182.jpg,,
dummy_images\CARTIER\翻新\备份\20250630\12918 CARTIER PANTHèRE DE CARTIER RING N4722500\详情图\129183.jpg,661,dummy_images\CARTIER\翻新\已整理\20250630\12918 CARTIER PANTHèRE DE CARTIER RING N4722500\详情图\129183.jpg,,
dummy_images\CARTIER\翻新\备份\20250630\12918 CARTIER PANTHèRE DE CARTIER RING N4722500\详情图\129184.jpg,661,dummy_images\CARTIER\翻新\已整理\20250630\12918 CARTIER PANTHèRE DE CARTIER RING N4722500\详情图\129184.jpg,,
dummy_images\CARTIER\翻新\备份\20250630\12918 CARTIER PANTHèRE DE CARTIER RING N4722500\详情图\129185.jpg,661,dummy_images\CARTIER\翻新\已整理\20250630\12918 CARTIER PANTHèRE DE CARTIER RING N4722500\详情图\129185.jpg,,
dummy_images\CARTIER\翻新\备份\20250630\12919 CARTIER PANTHèRE DE CARTIER RING N4730900\主图\画板 25.jpg,662,,,
dummy_images\CARTIER\翻新\备份\20250630\12919 CARTIER PANTHèRE DE CARTIER RING N4730900\附图\12919 1.jpg,662,dummy_images\CARTIER\翻新\已整理\20250630\12919 CARTIER PANTHèRE DE CARTIER RING N4730900\附图\12919 1.jpg,,
dummy_images\CARTIER\翻新\备份\20250630\12919 CARTIER PANTHèRE DE CARTIER RING N4730900\附图\12919 2.jpg,662,dummy_images\CARTIER\翻新\已整理\20250630\12919 CARTIER PANTHèRE DE CARTIER RING N4730900\附图\12919 2.jpg,,
dummy_images\CARTIER\翻新\备份\20250630\12919 CARTIER PANTHèRE DE CARTIER RING N4730900\附图\12919 3.jpg,662,dummy_images\CARTIER\翻新\已整理\20250630\12919 CARTIER PANTHèRE DE CARTIER RING N4730900\附图\12919 3.jpg,,
dummy_images\CARTIER\翻新\备份\20250630\12919 CARTIER PANTHèRE DE CARTIER RING N4730900\附图\12919 4.jpg,662,dummy_images\CARTIER\翻新\已整理\20250630\12919 CARTIER PANTHèRE DE CARTIER RING N4730900\附图\12919 4.jpg,,
dummy_images\CARTIER\翻新\备份\20250630\12919 CARTIER PANTHèRE DE CARTIER RING N4730900\附图\12919 5.jpg,662,dummy_images\CARTIER\翻新\已整理\20250630\12919 CARTIER PANTHèRE DE CARTIER RING N4730900\附图\12919 5.jpg,,
dummy_images\CARTIER\翻新\备份\20250630\12919 CARTIER PANTHèRE DE CARTIER RING N4730900\详情图\129191.jpg,662,dummy_images\CARTIER\翻新\已整理\20250630\12919 CARTIER PANTHèRE DE CARTIER RING N4730900\详情图\129191.jpg,,
dummy_images\CARTIER\翻新\备份\20250630\12919 CARTIER PANTHèRE DE CARTIER RING N4730900\详情图\129192.jpg,662,dummy_images\CARTIER\翻新\已整理\20250630\12919 CARTIER PANTHèRE DE CARTIER RING N4730900\详情图\129192.jpg,,
dummy_images\CARTIER\翻新\备份\20250630\12919 CARTIER PANTHèRE DE CARTIER RING N4730900\详情图\129193.jpg,662,dummy_images\CARTIER\翻新\已整理\20250630\12919 CARTIER PANTHèRE DE CARTIER RING N4730900\详情图\129193.jpg,,
dummy_images\CARTIER\翻新\备份\20250630\12919 CARTIER PANTHèRE DE CARTIER RING N4730900\详情图\129194.jpg,662,dummy_images\CARTIER\翻新\已整理\20250630\12919 CARTIER PANTHèRE DE CARTIER RING N4730900\详情图\129194.jpg,,
"dummy_images\CARTIER\翻新\备份\20250630\18410 CARTIER DESTINéE WEDDING RING, WIDTH 3.3 MM, PAVED N4127300无\主图\画板 35.jpg",663,,,
"dummy_images\CARTIER\翻新\备份\20250630\18410 CARTIER DESTINéE WEDDING RING, WIDTH 3.3 MM, PAVED N4127300无\附图\18410 1.jpg",663,"dummy_images\CARTIER\翻新\已整理\20250630\18410 CARTIER DESTINéE WEDDING RING, WIDTH 3.3 MM, PAVED N4127300无\附图\18410 1.jpg",,
"dummy_images\CARTIER\翻新\备份\20250630\18410 CARTIER DESTINéE WEDDING RING, WIDTH 3.3 MM, PAVED N4127300无\附图\18410 2.jpg",663,"dummy_images\CARTIER\翻新\已整理\20250630\18410 CARTIER DESTINéE WEDDING RING, WIDTH 3.3 MM, PAVED N4127300无\附图\18410 2.jpg",,
"dummy_images\CARTIER\翻新\备份\20250630\18410 CARTIER DESTINéE WEDDING RING, WIDTH 3.3 MM, PAVED N4127300无\附图\18410 3.jpg",663,"dummy_images\CARTIER\翻新\已整理\20250630\18410 CARTIER DESTINéE WEDDING RING, WIDTH 3.3 MM, PAVED N4127300无\附图\18410 3.jpg",,
"dummy_images\CARTIER\翻新\备份\20250630\18410 CARTIER DESTINéE WEDDING RING, WIDTH 3.3 MM, PAVED N4127300无\附图\18410 4.jpg",663,"dummy_images\CARTIER\翻新\已整理\20250630\18410 CARTIER DESTINéE WEDDING RING, WIDTH 3.3 MM, PAVED N4127300无\附图\18410 4.jpg",,
"dummy_images\CARTIER\翻新\备份\20250630\18410 CARTIER DESTINéE WEDDING RING, WIDTH 3.3 MM, PAVED N4127300无\附图\18410 5.jpg",663,"dummy_images\CARTIER\翻新\已整理\20250630\18410 CARTIER DESTINéE WEDDING RING, WIDTH 3.3 MM, PAVED N4127300无\附图\18410 5.jpg",,
dummy_images\CARTIER\翻新\备份\20250701\19083 CARTIER PANTHèRE DE CARTIER WATCH WSPN0015\主图\画板 10.jpg,664,,Watches,
dummy_images\CARTIER\翻新\备份\20250701\19083 CARTIER PANTHèRE DE CARTIER WATCH WSPN0015\附图\19083 1.jpg,664,dummy_images\CARTIER\翻新\已整理\20250701\19083 CARTIER PANTHèRE DE CARTIER WATCH WSPN0015\附图\19083 1.jpg,Watches,
dummy_images\CARTIER\翻新\备份\20250701\19083 CARTIER PANTHèRE DE CARTIER WATCH WSPN0015\附图\19083 2.jpg,664,dummy_images\CARTIER\翻新\已整理\20250701\19083 CARTIER PANTHèRE DE CARTIER WATCH WSPN0015\附图\19083 2.jpg,Watches,
dummy_images\CARTIER\翻新\备份\20250701\19083 CARTIER PANTHèRE DE CARTIER WATCH WSPN0015\附图\19083 3.jpg,664,dummy_images\CARTIER\翻新\已整理\20250701\19083 CARTIER PANTHèRE DE CARTIER WATCH WSPN0015\附图\19083 3.jpg,Watches,
dummy_images\CARTIER\翻新\备份\20250701\19083 CARTIER PANTHèRE DE CARTIER WATCH WSPN0015\附图\19083 4.jpg,664,dummy_images\CARTIER\翻新\已整理\20250701\19083 CARTIER PANTHèRE DE CARTIER WATCH WSPN0015\附图\19083 4.jpg,Watches,
dummy_images\CARTIER\翻新\备份\20250701\19083 CARTIER PANTHèRE DE CARTIER WATCH WSPN0015\附图\19083 5.jpg,664,dummy_images\CARTIER\翻新\已整理\20250701\19083 CARTIER PANTHèRE DE CARTIER WATCH WSPN0015\附图\19083 5.jpg,Watches,
dummy_images\CARTIER\翻新\备份\20250701\19083 CARTIER PANTHèRE DE CARTIER WATCH WSPN0015\详情图\190831.jpg,664,dummy_images\CARTIER\翻新\已整理\20250701\19083 CARTIER PANTHèRE DE CARTIER WATCH WSPN0015\详情图\190831.jpg,Watches,
dummy_images\CARTIER\翻新\备份\20250701\19083 CARTIER PANTHèRE DE CARTIER WATCH WSPN0015\详情图\190832.jpg,664,dummy_images\CARTIER\翻新\已整理\20250701\19083 CARTIER PANTHèRE DE CARTIER WATCH WSPN0015\详情图\190832.jpg,Watches,
dummy_images\CARTIER\翻新\备份\20250701\19083 CARTIER PANTHèRE DE CARTIER WATCH WSPN0015\详情图\190833.jpg,664,dummy_images\CARTIER\翻新\已整理\20250701\19083 CARTIER PANTHèRE DE CARTIER WATCH WSPN0015\详情图\190833.jpg,Watches,
dummy_images\CARTIER\翻新\备份\20250701\19083 CARTIER PANTHèRE DE CARTIER WATCH WSPN0015\详情图\190834.jpg,664,dummy_images\CARTIER\翻新\已整理\20250701\19083 CARTIER PANTHèRE DE CARTIER WATCH WSPN0015\详情图\190834.jpg,Watches,
dummy_images\CARTIER\翻新\备份\20250701\19083 CARTIER PANTHèRE DE CARTIER WATCH WSPN0015\详情图\190835.jpg,664,dummy_images\CARTIER\翻新\已整理\20250701\19083 CARTIER PANTHèRE DE CARTIER WATCH WSPN0015\详情图\190835.jpg,Watches,
dummy_images\CARTIER\翻新\备份\20250701\19083 CARTIER PANTHèRE DE CARTIER WATCH WSPN0015\详情图\190836.jpg,664,dummy_images\CARTIER\翻新\已整理\20250701\19083 CARTIER PANTHèRE DE CARTIER WATCH WSPN0015\详情图\190836.jpg,Watches,
dummy_images\CARTIER\翻新\备份\20250701\19152 CARTIER BALLON BLEU DE CARTIER WATCH 33MM?W6920097\主图\画板 22.jpg,665,,Watches,
dummy_images\CARTIER\翻新\备份\20250701\19152 CARTIER BALLON BLEU DE CARTIER WATCH 33MM?W6920097\附图\19151 1.jpg,665,dummy_images\CARTIER\翻新\已整理\20250701\19152 CARTIER BALLON BLEU DE CARTIER WATCH 33MM?W6920097\附图\19151 1.jpg,Watches,
dummy_images\CARTIER\翻新\备份\20250701\19152 CARTIER BALLON BLEU DE CARTIER WATCH 33MM?W6920097\附图\19151 2.jpg,665,dummy_images\CARTIER\翻新\已整理\20250701\19152 CARTIER BALLON BLEU DE CARTIER WATCH 33MM?W6920097\附图\19151 2.jpg,Watches,
dummy_images\CARTIER\翻新\备份\20250701\19152 CARTIER BALLON BLEU DE CARTIER WATCH 33MM?W6920097\附图\19151 3.jpg,665,dummy_images\CARTIER\翻新\已整理\20250701\19152 CARTIER BALLON BLEU DE CARTIER WATCH 33MM?W6920097\附图\19151 3.jpg,Watches,
dummy_images\CARTIER\翻新\备份\20250701\19152 CARTIER BALLON BLEU DE CARTIER WATCH 33MM?W6920097\附图\19151 4.jpg,665,dummy_images\CARTIER\翻新\已整理\20250701\19152 CARTIER BALLON BLEU DE CARTIER WATCH 33MM?W6920097\附图\19151 4.jpg,Watches,
dummy_images\CARTIER\翻新\备份\20250701\19152 CARTIER BALLON BLEU DE CARTIER WATCH 33MM?W6920097\附图\19151 5.jpg,665,dummy_images\CARTIER\翻新\已整理\20250701\19152 CARTIER BALLON BLEU DE CARTIER WATCH 33MM?W6920097\附图\19151 5.jpg,Watches,
dummy_images\CARTIER\翻新\备份\20250701\19152 CARTIER BALLON BLEU DE CARTIER WATCH 33MM?W6920097\附图\19151 6.jpg,665,dummy_images\CARTIER\翻新\已整理\20250701\19152 CARTIER BALLON BLEU DE CARTIER WATCH 33MM?W6920097\附图\19151 6.jpg,Watches,
dummy_images\CARTIER\翻新\备份\20250701\19152 CARTIER BALLON BLEU DE CARTIER WATCH 33MM?W6920097\详情图\191521.jpg,665,dummy_images\CARTIER\翻新\已整理\20250701\19152 CARTIER BALLON BLEU DE CARTIER WATCH 33MM?W6920097\详情图\191521.jpg,Watches,
dummy_images\CARTIER\翻新\备份\20250701\19152 CARTIER BALLON BLEU DE CARTIER WATCH 33MM?W6920097\详情图\191522.jpg,665,dummy_images\CARTIER\翻新\已整理\20250701\19152 CARTIER BALLON BLEU DE CARTIER WATCH 33MM?W6920097\详情图\191522.jpg,Watches,
dummy_images\CARTIER\翻新\备份\20250701\19152 CARTIER BALLON BLEU DE CARTIER WATCH 33MM?W6920097\详情图\191523.jpg,665,dummy_images\CARTIER\翻新\已整理\20250701\19152 CARTIER BALLON BLEU DE CARTIER WATCH 33MM?W6920097\详情图\191523.jpg,Watches,
dummy_images\CARTIER\翻新\备份\20250701\19153 CARTIER BALLON BLEU DE CARTIER WATCH 33MM?W4BB0021\主图\画板 23.jpg,666,,Watches,
dummy_images\CARTIER\翻新\备份\20250701\19153 CARTIER BALLON BLEU DE CARTIER WATCH 33MM?W4BB0021\附图\19153 1.jpg,666,dummy_images\CARTIER\翻新\已整理\20250701\19153 CARTIER BALLON BLEU DE CARTIER WATCH 33MM?W4BB0021\附图\19153 1.jpg,Watches,
dummy_images\CARTIER\翻新\备份\20250701\19153 CARTIER BALLON BLEU DE CARTIER WATCH 33MM?W4BB0021\附图\19153 2.jpg,666,dummy_images\CARTIER\翻新\已整理\20250701\19153 CARTIER BALLON BLEU DE CARTIER WATCH 33MM?W4BB0021\附图\19153 2.jpg,Watches,
dummy_images\CARTIER\翻新\备份\20250701\19153 CARTIER BALLON BLEU DE CARTIER WATCH 33MM?W4BB0021\附图\19153 3.jpg,666,dummy_images\CARTIER\翻新\已整理\20250701\19153 CARTIER BALLON BLEU DE CARTIER WATCH 33MM?W4BB0021\附图\19153 3.jpg,Watches,
dummy_images\CARTIER\翻新\备份\20250701\19153 CARTIER BALLON BLEU DE CARTIER WATCH 33MM?W4BB0021\附图\19153 4.jpg,666,dummy_images\CARTIER\翻新\已整理\20250701\19153 CARTIER BALLON BLEU DE CARTIER WATCH 33MM?W4BB0021\附图\19153 4.jpg,Watches,
dummy_images\CARTIER\翻新\备份\20250701\19153 CARTIER BALLON BLEU DE CARTIER WATCH 33MM?W4BB0021\附图\19153 5.jpg,666,dummy_images\CARTIER\翻新\已整理\20250701\19153 CARTIER BALLON BLEU DE CARTIER WATCH 33MM?W4BB0021\附图\19153 5.jpg,Watches,
dummy_images\CARTIER\翻新\备份\20250701\19153 CARTIER BALLON BLEU DE CARTIER WATCH 33MM?W4BB0021\附图\19153 6.jpg,666,dummy_images\CARTIER\翻新\已整理\20250701\19153 CARTIER BALLON BLEU DE CARTIER WATCH 33MM?W4BB0021\附图\19153 6.jpg,Watches,
dummy_images\CARTIER\翻新\备份\20250701\19153 CARTIER BALLON BLEU DE CARTIER WATCH 33MM?W4BB0021\详情图\191531.jpg,666,dummy_images\CARTIER\翻新\已整理\20250701\19153 CARTIER BALLON BLEU DE CARTIER WATCH 33MM?W4BB0021\详情图\191531.jpg,Watches,
dummy_images\CARTIER\翻新\备份\20250701\19153 CARTIER BALLON BLEU DE CARTIER WATCH 33MM?W4BB0021\详情图\191532.jpg,666,dummy_images\CARTIER\翻新\已整理\20250701\19153 CARTIER BALLON BLEU DE CARTIER WATCH 33MM?W4BB0021\详情图\191532.jpg,Watches,
dummy_images\CARTIER\翻新\备份\20250701\19153 CARTIER BALLON BLEU DE CARTIER WATCH 33MM?W4BB0021\详情图\191533.jpg,666,dummy_images\CARTIER\翻新\已整理\20250701\19153 CARTIER BALLON BLEU DE CARTIER WATCH 33MM?W4BB0021\详情图\191533.jpg,Watches,
dummy_images\CARTIER\翻新\备份\20250701\19153 CARTIER BALLON BLEU DE CARTIER WATCH 33MM?W4BB0021\详情图\191534.jpg,666,dummy_images\CARTIER\翻新\已整理\20250701\19153 CARTIER BALLON BLEU DE CARTIER WATCH 33MM?W4BB0021\详情图\191534.jpg,Watches,
dummy_images\CARTIER\翻新\备份\20250701\19153 CARTIER BALLON BLEU DE CARTIER WATCH 33MM?W4BB0021\详情图\191535.jpg,666,dummy_images\CARTIER\翻新\已整理\20250701\19153 CARTIER BALLON BLEU DE CARTIER WATCH 33MM?W4BB0021\详情图\191535.jpg,Watches,
dummy_images\CARTIER\翻新\备份\20250701\19153 CARTIER BALLON BLEU DE CARTIER WATCH 33MM?W4BB0021\详情图\191536.jpg,666,dummy_images\CARTIER\翻新\已整理\20250701\19153 CARTIER BALLON BLEU DE CARTIER WATCH 33MM?W4BB0021\详情图\191536.jpg,Watches,
dummy_images\CARTIER\翻新\备份\20250701\19153 CARTIER BALLON BLEU DE CARTIER WATCH 33MM?W4BB0021\详情图\191537.jpg,666,dummy_images\CARTIER\翻新\已整理\20250701\19153 CARTIER BALLON BLEU DE CARTIER WATCH 33MM?W4BB0021\详情图\191537.jpg,Watches,
dummy_images\CARTIER\翻新\备份\20250701\19153 CARTIER BALLON BLEU DE CARTIER WATCH 33MM?W4BB0021\详情图\191538.jpg,666,dummy_images\CARTIER\翻新\已整理\20250701\19153 CARTIER BALLON BLEU DE CARTIER WATCH 33MM?W4BB0021\详情图\191538.jpg,Watches,
dummy_images\CARTIER\翻新\备份\20250701\19153 CARTIER BALLON BLEU DE CARTIER WATCH 33MM?W4BB0021\详情图\191539.jpg,666,dummy_images\CARTIER\翻新\已整理\20250701\19153 CARTIER BALLON BLEU DE CARTIER WATCH 33MM?W4BB0021\详情图\191539.jpg,Watches,
dummy_images\CARTIER\翻新\备份\20250701\19163 CARTIER BALLON BLEU DE CARTIER WATCH 28MM W2BB0009\主图\画板 28.jpg,667,,Watches,
dummy_images\CARTIER\翻新\备份\20250701\19163 CARTIER BALLON BLEU DE CARTIER WATCH 28MM W2BB0009\附图\19163 1.jpg,667,dummy_images\CARTIER\翻新\已整理\20250701\19163 CARTIER BALLON BLEU DE CARTIER WATCH 28MM W2BB0009\附图\19163 1.jpg,Watches,
dummy_images\CARTIER\翻新\备份\20250701\19163 CARTIER BALLON BLEU DE CARTIER WATCH 28MM W2BB0009\附图\19163 2.jpg,667,dummy_images\CARTIER\翻新\已整理\20250701\19163 CARTIER BALLON BLEU DE CARTIER WATCH 28MM W2BB0009\附图\19163 2.jpg,Watches,
dummy_images\CARTIER\翻新\备份\20250701\19163 CARTIER BALLON BLEU DE CARTIER WATCH 28MM W2BB0009\附图\19163 3.jpg,667,dummy_images\CARTIER\翻新\已整理\20250701\19163 CARTIER BALLON BLEU DE CARTIER WATCH 28MM W2BB0009\附图\19163 3.jpg,Watches,
dummy_images\CARTIER\翻新\备份\20250701\19163 CARTIER BALLON BLEU DE CARTIER WATCH 28MM W2BB0009\详情图\191631.jpg,667,dummy_images\CARTIER\翻新\已整理\20250701\19163 CARTIER BALLON BLEU DE CARTIER WATCH 28MM W2BB0009\详情图\191631.jpg,Watches,
dummy_images\CARTIER\翻新\备份\20250701\19163 CARTIER BALLON BLEU DE CARTIER WATCH 28MM W2BB0009\详情图\191632.jpg,667,dummy_images\CARTIER\翻新\已整理\20250701\19163 CARTIER BALLON BLEU DE CARTIER WATCH 28MM W2BB0009\详情图\191632.jpg,Watches,
dummy_images\CARTIER\翻新\备份\20250701\19163 CARTIER BALLON BLEU DE CARTIER WATCH 28MM W2BB0009\详情图\191633.jpg,667,dummy_images\CARTIER\翻新\已整理\20250701\19163 CARTIER BALLON BLEU DE CARTIER WATCH 28MM W2BB0009\详情图\191633.jpg,Watches,
dummy_images\CARTIER\翻新\备份\20250701\19163 CARTIER BALLON BLEU DE CARTIER WATCH 28MM W2BB0009\详情图\191634.jpg,667,dummy_images\CARTIER\翻新\已整理\20250701\19163 CARTIER BALLON BLEU DE CARTIER WATCH 28MM W2BB0009\详情图\191634.jpg,Watches,
dummy_images\CARTIER\翻新\备份\20250701\19163 CARTIER BALLON BLEU DE CARTIER WATCH 28MM W2BB0009\详情图\191635.jpg,667,dummy_images\CARTIER\翻新\已整理\20250701\19163 CARTIER BALLON BLEU DE CARTIER WATCH 28MM W2BB0009\详情图\191635.jpg,Watches,
dummy_images\CARTIER\翻新\备份\20250701\19163 CARTIER BALLON BLEU DE CARTIER WATCH 28MM W2BB0009\详情图\191636.jpg,667,dummy_images\CARTIER\翻新\已整理\20250701\19163 CARTIER BALLON BLEU DE CARTIER WATCH 28MM W2BB0009\详情图\191636.jpg,Watches,
dummy_images\CARTIER\翻新\备份\20250701\19163 CARTIER BALLON BLEU DE CARTIER WATCH 28MM W2BB0009\详情图\191637.jpg,667,dummy_images\CARTIER\翻新\已整理\20250701\19163 CARTIER BALLON BLEU DE CARTIER WATCH 28MM W2BB0009\详情图\191637.jpg,Watches,
dummy_images\CARTIER\翻新\备份\20250701\19163 CARTIER BALLON BLEU DE CARTIER WATCH 28MM W2BB0009\详情图\191638.jpg,667,dummy_images\CARTIER\翻新\已整理\20250701\19163 CARTIER BALLON BLEU DE CARTIER WATCH 28MM W2BB0009\详情图\191638.jpg,Watches,
dummy_images\CARTIER\翻新\备份\20250701\19167 CARTIER RONDE SOLO DE CARTIER WATCH 36MM W2RN0008\主图\画板 30.jpg,668,,Watches,
dummy_images\CARTIER\翻新\备份\20250701\19167 CARTIER RONDE SOLO DE CARTIER WATCH 36MM W2RN0008\附图\19167 1.jpg,668,dummy_images\CARTIER\翻新\已整理\20250701\19167 CARTIER RONDE SOLO DE CARTIER WATCH 36MM W2RN0008\附图\19167 1.jpg,Watches,
dummy_images\CARTIER\翻新\备份\20250701\19167 CARTIER RONDE SOLO DE CARTIER WATCH 36MM W2RN0008\附图\19167 2.jpg,668,dummy_images\CARTIER\翻新\已整理\20250701\19167 CARTIER RONDE SOLO DE CARTIER WATCH 36MM W2RN0008\附图\19167 2.jpg,Watches,
dummy_images\CARTIER\翻新\备份\20250701\19167 CARTIER RONDE SOLO DE CARTIER WATCH 36MM W2RN0008\附图\19167 3.jpg,668,dummy_images\CARTIER\翻新\已整理\20250701\19167 CARTIER RONDE SOLO DE CARTIER WATCH 36MM W2RN0008\附图\19167 3.jpg,Watches,
dummy_images\CARTIER\翻新\备份\20250701\19167 CARTIER RONDE SOLO DE CARTIER WATCH 36MM W2RN0008\附图\19167 4.jpg,668,dummy_images\CARTIER\翻新\已整理\20250701\19167 CARTIER RONDE SOLO DE CARTIER WATCH 36MM W2RN0008\附图\19167 4.jpg,Watches,
dummy_images\CARTIER\翻新\备份\20250701\19167 CARTIER RONDE SOLO DE CARTIER WATCH 36MM W2RN0008\附图\19167 5.jpg,668,dummy_images\CARTIER\翻新\已整理\20250701\19167 CARTIER RONDE SOLO DE CARTIER WATCH 36MM W2RN0008\附图\19167 5.jpg,Watches,
dummy_images\CARTIER\翻新\备份\20250701\19167 CARTIER RONDE SOLO DE CARTIER WATCH 36MM W2RN0008\详情图\191671.jpg,668,dummy_images\CARTIER\翻新\已整理\20250701\19167 CARTIER RONDE SOLO DE CARTIER WATCH 36MM W2RN0008\详情图\191671.jpg,Watches,
dummy_images\CARTIER\翻新\备份\20250701\19167 CARTIER RONDE SOLO DE CARTIER WATCH 36MM W2RN0008\详情图\191672.jpg,668,dummy_images\CARTIER\翻新\已整理\20250701\19167 CARTIER RONDE SOLO DE CARTIER WATCH 36MM W2RN0008\详情图\191672.jpg,Watches,
dummy_images\CARTIER\翻新\备份\20250701\19167 CARTIER RONDE SOLO DE CARTIER WATCH 36MM W2RN0008\详情图\191673.jpg,668,dummy_images\CARTIER\翻新\已整理\20250701\19167 CARTIER RONDE SOLO DE CARTIER WATCH 36MM W2RN0008\详情图\191673.jpg,Watches,
dummy_images\CARTIER\翻新\备份\20250701\19167 CARTIER RONDE SOLO DE CARTIER WATCH 36MM W2RN0008\详情图\191674.jpg,668,dummy_images\CARTIER\翻新\已整理\20250701\19167 CARTIER RONDE SOLO DE CARTIER WATCH 36MM W2RN0008\详情图\191674.jpg,Watches,
dummy_images\CARTIER\翻新\备份\20250701\19167 CARTIER RONDE SOLO DE CARTIER WATCH 36MM W2RN0008\详情图\191675.jpg,668,dummy_images\CARTIER\翻新\已整理\20250701\19167 CARTIER RONDE SOLO DE CARTIER WATCH 36MM W2RN0008\详情图\191675.jpg,Watches,
dummy_images\CARTIER\翻新\备份\20250701\19167 CARTIER RONDE SOLO DE CARTIER WATCH 36MM W2RN0008\详情图\191676.jpg,668,dummy_images\CARTIER\翻新\已整理\20250701\19167 CARTIER RONDE SOLO DE CARTIER WATCH 36MM W2RN0008\详情图\191676.jpg,Watches,
