image_path,product_id,wm_image_path,mask_path,category,wm_local_mask
dummy_images\WATCH\1.CARTIER\微商相册\11.18\原件\CARTIER BALLON BLANC DE CARTIER WATCH W4BL0003\主图\W4BL0003.jpg,1,dummy_images\WATCH\1.CARTIER\微商相册\11.18\已整理\CARTIER BALLON BLANC DE CARTIER WATCH W4BL0003\主图\W4BL0003.jpg,,,
dummy_images\WATCH\1.CARTIER\微商相册\11.18\原件\CARTIER BALLON BLANC DE CARTIER WATCH W4BL0003\附图\W4BL0003-1.jpg,1,dummy_images\WATCH\1.CARTIER\微商相册\11.18\已整理\CARTIER BALLON BLANC DE CARTIER WATCH W4BL0003\附图\W4BL0003-1.jpg,,,
dummy_images\WATCH\1.CARTIER\微商相册\11.18\原件\CARTIER BALLON BLANC DE CARTIER WATCH W4BL0003\附图\W4BL0003-2.jpg,1,dummy_images\WATCH\1.CARTIER\微商相册\11.18\已整理\CARTIER BALLON BLANC DE CARTIER WATCH W4BL0003\附图\W4BL0003-2.jpg,,,
dummy_images\WATCH\1.CARTIER\微商相册\11.18\原件\CARTIER BALLON BLANC DE CARTIER WATCH W4BL0003\附图\W4BL0003-3.jpg,1,dummy_images\WATCH\1.CARTIER\微商相册\11.18\已整理\CARTIER BALLON BLANC DE CARTIER WATCH W4BL0003\附图\W4BL0003-3.jpg,,,
dummy_images\WATCH\1.CARTIER\微商相册\11.18\原件\CARTIER BALLON BLANC DE CARTIER WATCH W4BL0003\附图\W4BL0003-4.jpg,1,dummy_images\WATCH\1.CARTIER\微商相册\11.18\已整理\CARTIER BALLON BLANC DE CARTIER WATCH W4BL0003\附图\W4BL0003-4.jpg,,,
dummy_images\WATCH\1.CARTIER\微商相册\11.18\原件\CARTIER BALLON BLANC DE CARTIER WATCH W4BL0003\附图\W4BL0003-5.jpg,1,dummy_images\WATCH\1.CARTIER\微商相册\11.18\已整理\CARTIER BALLON BLANC DE CARTIER WATCH W4BL0003\附图\W4BL0003-5.jpg,,,
dummy_images\WATCH\1.CARTIER\微商相册\11.18\原件\CARTIER BALLON BLANC DE CARTIER WATCH W4BL0003\附图\W4BL0003-6.jpg,1,dummy_images\WATCH\1.CARTIER\微商相册\11.18\已整理\CARTIER BALLON BLANC DE CARTIER WATCH W4BL0003\附图\W4BL0003-6.jpg,,,
dummy_images\WATCH\1.CARTIER\微商相册\11.18\原件\CARTIER DRIVE DE CARTIER WGNM0003\主图\WGNM0003.png,2,,,,
dummy_images\WATCH\1.CARTIER\微商相册\11.18\原件\CARTIER DRIVE DE CARTIER WGNM0003\附图\WGNM0003-1.png,2,dummy_images\WATCH\1.CARTIER\微商相册\11.18\已整理\CARTIER DRIVE DE CARTIER WGNM0003\附图\WGNM0003-1.png,,,
dummy_images\WATCH\1.CARTIER\微商相册\11.18\原件\CARTIER DRIVE DE CARTIER WGNM0003\附图\WGNM0003-2.png,2,dummy_images\WATCH\1.CARTIER\微商相册\11.18\已整理\CARTIER DRIVE DE CARTIER WGNM0003\附图\WGNM0003-2.png,,,
dummy_images\WATCH\1.CARTIER\微商相册\11.18\原件\CARTIER DRIVE DE CARTIER WGNM0003\附图\WGNM0003-3.png,2,dummy_images\WATCH\1.CARTIER\微商相册\11.18\已整理\CARTIER DRIVE DE CARTIER WGNM0003\附图\WGNM0003-3.png,,,
dummy_images\WATCH\1.CARTIER\微商相册\11.18\原件\CARTIER DRIVE DE CARTIER WGNM0003\附图\WGNM0003-4.webp,2,,,,
dummy_images\WATCH\1.CARTIER\微商相册\11.18\原件\CARTIER PANTHèRE DE CARTIER WATCH WSPN0015\主图\WSPN0015.jpeg,3,,,,
dummy_images\WATCH\1.CARTIER\微商相册\11.18\原件\CARTIER PANTHèRE DE CARTIER WATCH WSPN0015\附图\WSPN0015-1.jpeg,3,dummy_images\WATCH\1.CARTIER\微商相册\11.18\已整理\CARTIER PANTHèRE DE CARTIER WATCH WSPN0015\附图\WSPN0015-1.jpeg,,,
dummy_images\WATCH\1.CARTIER\微商相册\11.18\原件\CARTIER PANTHèRE DE CARTIER WATCH WSPN0015\附图\WSPN0015-2.jpeg,3,dummy_images\WATCH\1.CARTIER\微商相册\11.18\已整理\CARTIER PANTHèRE DE CARTIER WATCH WSPN0015\附图\WSPN0015-2.jpeg,,,
dummy_images\WATCH\1.CARTIER\微商相册\11.18\原件\CARTIER PANTHèRE DE CARTIER WATCH WSPN0015\附图\WSPN0015-3.jpeg,3,dummy_images\WATCH\1.CARTIER\微商相册\11.18\已整理\CARTIER PANTHèRE DE CARTIER WATCH WSPN0015\附图\WSPN0015-3.jpeg,,,
dummy_images\WATCH\1.CARTIER\微商相册\11.18\原件\CARTIER PANTHèRE DE CARTIER WATCH WSPN0015\附图\WSPN0015-4.jpeg,3,dummy_images\WATCH\1.CARTIER\微商相册\11.18\已整理\CARTIER PANTHèRE DE CARTIER WATCH WSPN0015\附图\WSPN0015-4.jpeg,,,
dummy_images\WATCH\1.CARTIER\微商相册\11.18\原件\CARTIER PANTHèRE DE CARTIER WATCH WSPN0015\附图\WSPN0015-5.jpeg,3,dummy_images\WATCH\1.CARTIER\微商相册\11.18\已整理\CARTIER PANTHèRE DE CARTIER WATCH WSPN0015\附图\WSPN0015-5.jpeg,,,
dummy_images\WATCH\1.CARTIER\微商相册\11.18\原件\CARTIER PANTHèRE DE CARTIER WATCH WSPN0015\附图\WSPN0015-6.jpeg,3,dummy_images\WATCH\1.CARTIER\微商相册\11.18\已整理\CARTIER PANTHèRE DE CARTIER WATCH WSPN0015\附图\WSPN0015-6.jpeg,,,
dummy_images\WATCH\1.CARTIER\微商相册\11.18\原件\CARTIER RONDE LOUIS CARTIER WATCH WGRN0013\主图\WGRN0013.jpeg,5,,,,
dummy_images\WATCH\1.CARTIER\微商相册\11.18\原件\CARTIER RONDE LOUIS CARTIER WATCH WGRN0013\附图\WGRN0013-1.jpeg,5,dummy_images\WATCH\1.CARTIER\微商相册\11.18\已整理\CARTIER RONDE LOUIS CARTIER WATCH WGRN0013\附图\WGRN0013-1.jpeg,,,
dummy_images\WATCH\1.CARTIER\微商相册\11.18\原件\CARTIER RONDE LOUIS CARTIER WATCH WGRN0013\附图\WGRN0013-2.jpeg,5,dummy_images\WATCH\1.CARTIER\微商相册\11.18\已整理\CARTIER RONDE LOUIS CARTIER WATCH WGRN0013\附图\WGRN0013-2.jpeg,,,
dummy_images\WATCH\1.CARTIER\微商相册\11.18\原件\CARTIER RONDE LOUIS CARTIER WATCH WGRN0013\附图\WGRN0013-3.jpeg,5,dummy_images\WATCH\1.CARTIER\微商相册\11.18\已整理\CARTIER RONDE LOUIS CARTIER WATCH WGRN0013\附图\WGRN0013-3.jpeg,,,
dummy_images\WATCH\1.CARTIER\微商相册\11.18\原件\CARTIER RONDE LOUIS CARTIER WATCH WGRN0013\附图\WGRN0013-4.jpeg,5,dummy_images\WATCH\1.CARTIER\微商相册\11.18\已整理\CARTIER RONDE LOUIS CARTIER WATCH WGRN0013\附图\WGRN0013-4.jpeg,,,
dummy_images\WATCH\1.CARTIER\微商相册\11.18\原件\CARTIER RONDE LOUIS CARTIER WATCH WGRN0013\附图\WGRN0013-5.jpeg,5,dummy_images\WATCH\1.CARTIER\微商相册\11.18\已整理\CARTIER RONDE LOUIS CARTIER WATCH WGRN0013\附图\WGRN0013-5.jpeg,,,
dummy_images\WATCH\1.CARTIER\微商相册\11.18\原件\CARTIER RONDE LOUIS CARTIER WATCH WGRN0013\附图\WGRN0013-6.jpeg,5,dummy_images\WATCH\1.CARTIER\微商相册\11.18\已整理\CARTIER RONDE LOUIS CARTIER WATCH WGRN0013\附图\WGRN0013-6.jpeg,,,
dummy_images\WATCH\1.CARTIER\微商相册\11.18\原件\CARTIER SANTOS DE CARTIER WATCH WSSA0039\主图\WSSA0039.jpeg,6,,,,
dummy_images\WATCH\1.CARTIER\微商相册\11.18\原件\CARTIER SANTOS DE CARTIER WATCH WSSA0039\附图\WSSA0039-1.jpeg,6,dummy_images\WATCH\1.CARTIER\微商相册\11.18\已整理\CARTIER SANTOS DE CARTIER WATCH WSSA0039\附图\WSSA0039-1.jpeg,,,
dummy_images\WATCH\1.CARTIER\微商相册\11.18\原件\CARTIER SANTOS DE CARTIER WATCH WSSA0039\附图\WSSA0039-2.jpeg,6,dummy_images\WATCH\1.CARTIER\微商相册\11.18\已整理\CARTIER SANTOS DE CARTIER WATCH WSSA0039\附图\WSSA0039-2.jpeg,,,
dummy_images\WATCH\1.CARTIER\微商相册\11.18\原件\CARTIER SANTOS DE CARTIER WATCH WSSA0039\附图\WSSA0039-3.jpeg,6,dummy_images\WATCH\1.CARTIER\微商相册\11.18\已整理\CARTIER SANTOS DE CARTIER WATCH WSSA0039\附图\WSSA0039-3.jpeg,,,
dummy_images\WATCH\1.CARTIER\微商相册\11.18\原件\CARTIER SANTOS DE CARTIER WATCH WSSA0039\附图\WSSA0039-4.jpeg,6,dummy_images\WATCH\1.CARTIER\微商相册\11.18\已整理\CARTIER SANTOS DE CARTIER WATCH WSSA0039\附图\WSSA0039-4.jpeg,,,
dummy_images\WATCH\1.CARTIER\微商相册\11.18\原件\CARTIER SANTOS DE CARTIER WATCH WSSA0039\附图\WSSA0039-5.jpeg,6,dummy_images\WATCH\1.CARTIER\微商相册\11.18\已整理\CARTIER SANTOS DE CARTIER WATCH WSSA0039\附图\WSSA0039-5.jpeg,,,
dummy_images\WATCH\1.CARTIER\微商相册\11.18\原件\CARTIER SANTOS DE CARTIER WATCH WSSA0039\附图\WSSA0039-6.jpeg,6,dummy_images\WATCH\1.CARTIER\微商相册\11.18\已整理\CARTIER SANTOS DE CARTIER WATCH WSSA0039\附图\WSSA0039-6.jpeg,,,
dummy_images\WATCH\1.CARTIER\微商相册\11.19\原图\CARTIER BAIGNOIRE WATCH WGBA0007\主图\WGBA0007.jpeg.jpg,7,dummy_images\WATCH\1.CARTIER\微商相册\11.19\已整理\CARTIER BAIGNOIRE WATCH WGBA0007\主图\WGBA0007.jpeg.jpg,,,
dummy_images\WATCH\1.CARTIER\微商相册\11.19\原图\CARTIER BAIGNOIRE WATCH WGBA0007\附图\WGBA0007-1.jpeg,7,dummy_images\WATCH\1.CARTIER\微商相册\11.19\已整理\CARTIER BAIGNOIRE WATCH WGBA0007\附图\WGBA0007-1.jpeg,,,
dummy_images\WATCH\1.CARTIER\微商相册\11.19\原图\CARTIER BAIGNOIRE WATCH WGBA0007\附图\WGBA0007-2.jpeg,7,dummy_images\WATCH\1.CARTIER\微商相册\11.19\已整理\CARTIER BAIGNOIRE WATCH WGBA0007\附图\WGBA0007-2.jpeg,,,
dummy_images\WATCH\1.CARTIER\微商相册\11.19\原图\CARTIER BAIGNOIRE WATCH WGBA0007\附图\WGBA0007-3.jpeg,7,dummy_images\WATCH\1.CARTIER\微商相册\11.19\已整理\CARTIER BAIGNOIRE WATCH WGBA0007\附图\WGBA0007-3.jpeg,,,
dummy_images\WATCH\1.CARTIER\微商相册\11.19\原图\CARTIER BAIGNOIRE WATCH WGBA0007\附图\WGBA0007-4.jpeg,7,dummy_images\WATCH\1.CARTIER\微商相册\11.19\已整理\CARTIER BAIGNOIRE WATCH WGBA0007\附图\WGBA0007-4.jpeg,,,
dummy_images\WATCH\1.CARTIER\微商相册\11.19\原图\CARTIER BAIGNOIRE WATCH WGBA0007\附图\WGBA0007-5.jpeg,7,dummy_images\WATCH\1.CARTIER\微商相册\11.19\已整理\CARTIER BAIGNOIRE WATCH WGBA0007\附图\WGBA0007-5.jpeg,,,
dummy_images\WATCH\1.CARTIER\微商相册\11.19\原图\CARTIER BAIGNOIRE WATCH WGBA0007\附图\WGBA0007-6.jpeg,7,dummy_images\WATCH\1.CARTIER\微商相册\11.19\已整理\CARTIER BAIGNOIRE WATCH WGBA0007\附图\WGBA0007-6.jpeg,,,
dummy_images\WATCH\1.CARTIER\微商相册\11.19\原图\CARTIER BAIGNOIRE WATCH WGBA0007\附图\WGBA0007-7.jpeg,7,dummy_images\WATCH\1.CARTIER\微商相册\11.19\已整理\CARTIER BAIGNOIRE WATCH WGBA0007\附图\WGBA0007-7.jpeg,,,
dummy_images\WATCH\1.CARTIER\微商相册\11.19\原图\CARTIER BAIGNOIRE WATCH WGBA0007\附图\WGBA0007-8.jpeg,7,dummy_images\WATCH\1.CARTIER\微商相册\11.19\已整理\CARTIER BAIGNOIRE WATCH WGBA0007\附图\WGBA0007-8.jpeg,,,
dummy_images\WATCH\1.CARTIER\微商相册\11.19\原图\CARTIER BAIGNOIRE WATCH WJBA0038\主图\WJBA0038.jpeg,8,,,,
dummy_images\WATCH\1.CARTIER\微商相册\11.19\原图\CARTIER BAIGNOIRE WATCH WJBA0038\附图\WJBA0038-1.jpeg,8,dummy_images\WATCH\1.CARTIER\微商相册\11.19\已整理\CARTIER BAIGNOIRE WATCH WJBA0038\附图\WJBA0038-1.jpeg,,,
dummy_images\WATCH\1.CARTIER\微商相册\11.19\原图\CARTIER BAIGNOIRE WATCH WJBA0038\附图\WJBA0038-2.jpeg,8,dummy_images\WATCH\1.CARTIER\微商相册\11.19\已整理\CARTIER BAIGNOIRE WATCH WJBA0038\附图\WJBA0038-2.jpeg,,,
dummy_images\WATCH\1.CARTIER\微商相册\11.19\原图\CARTIER BAIGNOIRE WATCH WJBA0038\附图\WJBA0038-3.jpeg,8,dummy_images\WATCH\1.CARTIER\微商相册\11.19\已整理\CARTIER BAIGNOIRE WATCH WJBA0038\附图\WJBA0038-3.jpeg,,,
dummy_images\WATCH\1.CARTIER\微商相册\11.19\原图\CARTIER BAIGNOIRE WATCH WJBA0038\附图\WJBA0038-4.jpeg,8,dummy_images\WATCH\1.CARTIER\微商相册\11.19\已整理\CARTIER BAIGNOIRE WATCH WJBA0038\附图\WJBA0038-4.jpeg,,,
dummy_images\WATCH\1.CARTIER\微商相册\11.19\原图\CARTIER BALLON BLEU 33MM WOMEN'S WATCH W4BB0009\主图\W4BB0009.jpg,9,dummy_images\WATCH\1.CARTIER\微商相册\11.19\已整理\CARTIER BALLON BLEU 33MM WOMEN'S WATCH W4BB0009\主图\W4BB0009.jpg,,,
dummy_images\WATCH\1.CARTIER\微商相册\11.19\原图\CARTIER BALLON BLEU 33MM WOMEN'S WATCH W4BB0009\附图\W4BB0009-1.jpg,9,dummy_images\WATCH\1.CARTIER\微商相册\11.19\已整理\CARTIER BALLON BLEU 33MM WOMEN'S WATCH W4BB0009\附图\W4BB0009-1.jpg,,,
dummy_images\WATCH\1.CARTIER\微商相册\11.19\原图\CARTIER BALLON BLEU 33MM WOMEN'S WATCH W4BB0009\附图\W4BB0009-2.jpg,9,dummy_images\WATCH\1.CARTIER\微商相册\11.19\已整理\CARTIER BALLON BLEU 33MM WOMEN'S WATCH W4BB0009\附图\W4BB0009-2.jpg,,,
dummy_images\WATCH\1.CARTIER\微商相册\11.19\原图\CARTIER BALLON BLEU 33MM WOMEN'S WATCH W4BB0009\附图\W4BB0009-3.jpg,9,dummy_images\WATCH\1.CARTIER\微商相册\11.19\已整理\CARTIER BALLON BLEU 33MM WOMEN'S WATCH W4BB0009\附图\W4BB0009-3.jpg,,,
dummy_images\WATCH\1.CARTIER\微商相册\11.19\原图\CARTIER BALLON BLEU 33MM WOMEN'S WATCH W4BB0009\附图\W4BB0009-4.jpg,9,dummy_images\WATCH\1.CARTIER\微商相册\11.19\已整理\CARTIER BALLON BLEU 33MM WOMEN'S WATCH W4BB0009\附图\W4BB0009-4.jpg,,,
dummy_images\WATCH\1.CARTIER\微商相册\11.19\原图\CARTIER BALLON BLEU 33MM WOMEN'S WATCH W4BB0009\附图\W4BB0009-5.jpg,9,dummy_images\WATCH\1.CARTIER\微商相册\11.19\已整理\CARTIER BALLON BLEU 33MM WOMEN'S WATCH W4BB0009\附图\W4BB0009-5.jpg,,,
dummy_images\WATCH\1.CARTIER\微商相册\11.19\原图\CARTIER BALLON BLEU 33MM WOMEN'S WATCH W4BB0009\附图\W4BB0009-6.jpg,9,dummy_images\WATCH\1.CARTIER\微商相册\11.19\已整理\CARTIER BALLON BLEU 33MM WOMEN'S WATCH W4BB0009\附图\W4BB0009-6.jpg,,,
dummy_images\WATCH\1.CARTIER\微商相册\11.19\原图\CARTIER BALLON BLEU 42 ROSE GOLD DIAMOND MENS WATCH WE900851\主图\WE900851.jpg,10,dummy_images\WATCH\1.CARTIER\微商相册\11.19\已整理\CARTIER BALLON BLEU 42 ROSE GOLD DIAMOND MENS WATCH WE900851\主图\WE900851.jpg,,,
dummy_images\WATCH\1.CARTIER\微商相册\11.19\原图\CARTIER BALLON BLEU 42 ROSE GOLD DIAMOND MENS WATCH WE900851\附图\WE900851-1.jpg,10,dummy_images\WATCH\1.CARTIER\微商相册\11.19\已整理\CARTIER BALLON BLEU 42 ROSE GOLD DIAMOND MENS WATCH WE900851\附图\WE900851-1.jpg,,,
dummy_images\WATCH\1.CARTIER\微商相册\11.19\原图\CARTIER BALLON BLEU 42 ROSE GOLD DIAMOND MENS WATCH WE900851\附图\WE900851-2.jpg,10,dummy_images\WATCH\1.CARTIER\微商相册\11.19\已整理\CARTIER BALLON BLEU 42 ROSE GOLD DIAMOND MENS WATCH WE900851\附图\WE900851-2.jpg,,,
dummy_images\WATCH\1.CARTIER\微商相册\11.19\原图\CARTIER BALLON BLEU 42 ROSE GOLD DIAMOND MENS WATCH WE900851\附图\WE900851-3.jpg,10,dummy_images\WATCH\1.CARTIER\微商相册\11.19\已整理\CARTIER BALLON BLEU 42 ROSE GOLD DIAMOND MENS WATCH WE900851\附图\WE900851-3.jpg,,,
dummy_images\WATCH\1.CARTIER\微商相册\11.19\原图\CARTIER BALLON BLEU 42 ROSE GOLD DIAMOND MENS WATCH WE900851\附图\WE900851-4.jpg,10,dummy_images\WATCH\1.CARTIER\微商相册\11.19\已整理\CARTIER BALLON BLEU 42 ROSE GOLD DIAMOND MENS WATCH WE900851\附图\WE900851-4.jpg,,,
dummy_images\WATCH\1.CARTIER\微商相册\11.19\原图\CARTIER BALLON BLEU 42 ROSE GOLD DIAMOND MENS WATCH WE900851\附图\WE900851-5.jpg,10,dummy_images\WATCH\1.CARTIER\微商相册\11.19\已整理\CARTIER BALLON BLEU 42 ROSE GOLD DIAMOND MENS WATCH WE900851\附图\WE900851-5.jpg,,,
dummy_images\WATCH\1.CARTIER\微商相册\11.19\原图\CARTIER BALLON BLEU 42 ROSE GOLD DIAMOND MENS WATCH WE900851\附图\WE900851-6.jpg,10,dummy_images\WATCH\1.CARTIER\微商相册\11.19\已整理\CARTIER BALLON BLEU 42 ROSE GOLD DIAMOND MENS WATCH WE900851\附图\WE900851-6.jpg,,,
"dummy_images\WATCH\1.CARTIER\微商相册\11.19\原图\CARTIER BALLON BLEU DE CARTIER WATCH 33MM, AUTOMATIC MOVEMENT, ROSE GOLD, LEATHER W6920097\主图\W6920097.jpg",11,"dummy_images\WATCH\1.CARTIER\微商相册\11.19\已整理\CARTIER BALLON BLEU DE CARTIER WATCH 33MM, AUTOMATIC MOVEMENT, ROSE GOLD, LEATHER W6920097\主图\W6920097.jpg",,,
"dummy_images\WATCH\1.CARTIER\微商相册\11.19\原图\CARTIER BALLON BLEU DE CARTIER WATCH 33MM, AUTOMATIC MOVEMENT, ROSE GOLD, LEATHER W6920097\附图\W6920097-1.jpg",11,"dummy_images\WATCH\1.CARTIER\微商相册\11.19\已整理\CARTIER BALLON BLEU DE CARTIER WATCH 33MM, AUTOMATIC MOVEMENT, ROSE GOLD, LEATHER W6920097\附图\W6920097-1.jpg",,,
"dummy_images\WATCH\1.CARTIER\微商相册\11.19\原图\CARTIER BALLON BLEU DE CARTIER WATCH 33MM, AUTOMATIC MOVEMENT, ROSE GOLD, LEATHER W6920097\附图\W6920097-2.jpg",11,"dummy_images\WATCH\1.CARTIER\微商相册\11.19\已整理\CARTIER BALLON BLEU DE CARTIER WATCH 33MM, AUTOMATIC MOVEMENT, ROSE GOLD, LEATHER W6920097\附图\W6920097-2.jpg",,,
"dummy_images\WATCH\1.CARTIER\微商相册\11.19\原图\CARTIER BALLON BLEU DE CARTIER WATCH 33MM, AUTOMATIC MOVEMENT, ROSE GOLD, LEATHER W6920097\附图\W6920097-3.jpg",11,"dummy_images\WATCH\1.CARTIER\微商相册\11.19\已整理\CARTIER BALLON BLEU DE CARTIER WATCH 33MM, AUTOMATIC MOVEMENT, ROSE GOLD, LEATHER W6920097\附图\W6920097-3.jpg",,,
"dummy_images\WATCH\1.CARTIER\微商相册\11.19\原图\CARTIER BALLON BLEU DE CARTIER WATCH 33MM, AUTOMATIC MOVEMENT, ROSE GOLD, LEATHER W6920097\附图\W6920097-4.jpg",11,"dummy_images\WATCH\1.CARTIER\微商相册\11.19\已整理\CARTIER BALLON BLEU DE CARTIER WATCH 33MM, AUTOMATIC MOVEMENT, ROSE GOLD, LEATHER W6920097\附图\W6920097-4.jpg",,,
"dummy_images\WATCH\1.CARTIER\微商相册\11.19\原图\CARTIER BALLON BLEU DE CARTIER WATCH 33MM, AUTOMATIC MOVEMENT, ROSE GOLD, LEATHER W6920097\附图\W6920097-5.jpg",11,"dummy_images\WATCH\1.CARTIER\微商相册\11.19\已整理\CARTIER BALLON BLEU DE CARTIER WATCH 33MM, AUTOMATIC MOVEMENT, ROSE GOLD, LEATHER W6920097\附图\W6920097-5.jpg",,,
"dummy_images\WATCH\1.CARTIER\微商相册\11.19\原图\CARTIER BALLON BLEU DE CARTIER WATCH 33MM, AUTOMATIC MOVEMENT, ROSE GOLD, LEATHER W6920097\附图\W6920097-6.jpg",11,"dummy_images\WATCH\1.CARTIER\微商相册\11.19\已整理\CARTIER BALLON BLEU DE CARTIER WATCH 33MM, AUTOMATIC MOVEMENT, ROSE GOLD, LEATHER W6920097\附图\W6920097-6.jpg",,,
"dummy_images\WATCH\1.CARTIER\微商相册\11.19\原图\CARTIER BALLON BLEU DE CARTIER WATCH 33MM, AUTOMATIC MOVEMENT, ROSE GOLD, LEATHER W6920097\附图\W6920097-7.jpg",11,"dummy_images\WATCH\1.CARTIER\微商相册\11.19\已整理\CARTIER BALLON BLEU DE CARTIER WATCH 33MM, AUTOMATIC MOVEMENT, ROSE GOLD, LEATHER W6920097\附图\W6920097-7.jpg",,,
"dummy_images\WATCH\1.CARTIER\微商相册\11.19\原图\CARTIER BALLON BLEU DE CARTIER WATCH 33MM, AUTOMATIC MOVEMENT, ROSE GOLD, LEATHER W6920097\附图\W6920097-8.jpg",11,"dummy_images\WATCH\1.CARTIER\微商相册\11.19\已整理\CARTIER BALLON BLEU DE CARTIER WATCH 33MM, AUTOMATIC MOVEMENT, ROSE GOLD, LEATHER W6920097\附图\W6920097-8.jpg",,,
dummy_images\WATCH\1.CARTIER\微商相册\11.19\原图\CARTIER BALLON BLEU DE CARTIER WATCH W4BB0021\主图\W4BB0021.jpeg,12,,,,
dummy_images\WATCH\1.CARTIER\微商相册\11.19\原图\CARTIER BALLON BLEU DE CARTIER WATCH W4BB0021\附图\W4BB0021-1.jpeg,12,dummy_images\WATCH\1.CARTIER\微商相册\11.19\已整理\CARTIER BALLON BLEU DE CARTIER WATCH W4BB0021\附图\W4BB0021-1.jpeg,,,
dummy_images\WATCH\1.CARTIER\微商相册\11.19\原图\CARTIER BALLON BLEU DE CARTIER WATCH W4BB0021\附图\W4BB0021-2.jpeg,12,dummy_images\WATCH\1.CARTIER\微商相册\11.19\已整理\CARTIER BALLON BLEU DE CARTIER WATCH W4BB0021\附图\W4BB0021-2.jpeg,,,
dummy_images\WATCH\1.CARTIER\微商相册\11.19\原图\CARTIER BALLON BLEU DE CARTIER WATCH W4BB0021\附图\W4BB0021-3.jpeg,12,dummy_images\WATCH\1.CARTIER\微商相册\11.19\已整理\CARTIER BALLON BLEU DE CARTIER WATCH W4BB0021\附图\W4BB0021-3.jpeg,,,
dummy_images\WATCH\1.CARTIER\微商相册\11.19\原图\CARTIER BALLON BLEU DE CARTIER WATCH W4BB0021\附图\W4BB0021-4.jpeg,12,dummy_images\WATCH\1.CARTIER\微商相册\11.19\已整理\CARTIER BALLON BLEU DE CARTIER WATCH W4BB0021\附图\W4BB0021-4.jpeg,,,
dummy_images\WATCH\1.CARTIER\微商相册\11.19\原图\CARTIER BALLON BLEU DE CARTIER WATCH W4BB0021\附图\W4BB0021-5.jpeg,12,dummy_images\WATCH\1.CARTIER\微商相册\11.19\已整理\CARTIER BALLON BLEU DE CARTIER WATCH W4BB0021\附图\W4BB0021-5.jpeg,,,
dummy_images\WATCH\1.CARTIER\微商相册\11.19\原图\CARTIER BALLON BLEU DE CARTIER WATCH W4BB0021\附图\W4BB0021-6.jpeg,12,dummy_images\WATCH\1.CARTIER\微商相册\11.19\已整理\CARTIER BALLON BLEU DE CARTIER WATCH W4BB0021\附图\W4BB0021-6.jpeg,,,
dummy_images\WATCH\1.CARTIER\微商相册\11.19\原图\CARTIER BALLON BLEU DE CARTIER WATCH W4BB0021\附图\W4BB0021-7.jpeg,12,dummy_images\WATCH\1.CARTIER\微商相册\11.19\已整理\CARTIER BALLON BLEU DE CARTIER WATCH W4BB0021\附图\W4BB0021-7.jpeg,,,
dummy_images\WATCH\1.CARTIER\微商相册\11.19\原图\CARTIER BALLON BLEU DE CARTIER WATCH W4BB0021\附图\W4BB0021-8.jpeg,12,dummy_images\WATCH\1.CARTIER\微商相册\11.19\已整理\CARTIER BALLON BLEU DE CARTIER WATCH W4BB0021\附图\W4BB0021-8.jpeg,,,
dummy_images\WATCH\1.CARTIER\微商相册\11.19\原图\CARTIER BALLON BLEU DE CARTIER WATCH W4BB0023\主图\W4BB0023.jpeg,13,dummy_images\WATCH\1.CARTIER\微商相册\11.19\已整理\CARTIER BALLON BLEU DE CARTIER WATCH W4BB0023\主图\W4BB0023.jpeg,,,
dummy_images\WATCH\1.CARTIER\微商相册\11.19\原图\CARTIER BALLON BLEU DE CARTIER WATCH W4BB0023\附图\W4BB0023-1.jpeg,13,dummy_images\WATCH\1.CARTIER\微商相册\11.19\已整理\CARTIER BALLON BLEU DE CARTIER WATCH W4BB0023\附图\W4BB0023-1.jpeg,,,
dummy_images\WATCH\1.CARTIER\微商相册\11.19\原图\CARTIER BALLON BLEU DE CARTIER WATCH W4BB0023\附图\W4BB0023-2.jpeg,13,dummy_images\WATCH\1.CARTIER\微商相册\11.19\已整理\CARTIER BALLON BLEU DE CARTIER WATCH W4BB0023\附图\W4BB0023-2.jpeg,,,
dummy_images\WATCH\1.CARTIER\微商相册\11.19\原图\CARTIER BALLON BLEU DE CARTIER WATCH W4BB0023\附图\W4BB0023-3.jpeg,13,dummy_images\WATCH\1.CARTIER\微商相册\11.19\已整理\CARTIER BALLON BLEU DE CARTIER WATCH W4BB0023\附图\W4BB0023-3.jpeg,,,
dummy_images\WATCH\1.CARTIER\微商相册\11.19\原图\CARTIER BALLON BLEU DE CARTIER WATCH W4BB0023\附图\W4BB0023-4.jpeg,13,dummy_images\WATCH\1.CARTIER\微商相册\11.19\已整理\CARTIER BALLON BLEU DE CARTIER WATCH W4BB0023\附图\W4BB0023-4.jpeg,,,
dummy_images\WATCH\1.CARTIER\微商相册\11.19\原图\CARTIER BALLON BLEU DE CARTIER WATCH W4BB0023\附图\W4BB0023-5.jpeg,13,dummy_images\WATCH\1.CARTIER\微商相册\11.19\已整理\CARTIER BALLON BLEU DE CARTIER WATCH W4BB0023\附图\W4BB0023-5.jpeg,,,
dummy_images\WATCH\1.CARTIER\微商相册\11.19\原图\CARTIER BALLON BLEU DE CARTIER WATCH W4BB0023\附图\W4BB0023-6.jpeg,13,dummy_images\WATCH\1.CARTIER\微商相册\11.19\已整理\CARTIER BALLON BLEU DE CARTIER WATCH W4BB0023\附图\W4BB0023-6.jpeg,,,
dummy_images\WATCH\1.CARTIER\微商相册\11.19\原图\CARTIER BALLON BLEU DE CARTIER WATCH W4BB0028\主图\W4BB0028.jpeg,14,,,,
dummy_images\WATCH\1.CARTIER\微商相册\11.19\原图\CARTIER BALLON BLEU DE CARTIER WATCH W4BB0028\附图\W4BB0028-1.jpeg,14,dummy_images\WATCH\1.CARTIER\微商相册\11.19\已整理\CARTIER BALLON BLEU DE CARTIER WATCH W4BB0028\附图\W4BB0028-1.jpeg,,,
dummy_images\WATCH\1.CARTIER\微商相册\11.19\原图\CARTIER BALLON BLEU DE CARTIER WATCH W4BB0028\附图\W4BB0028-2.jpeg,14,dummy_images\WATCH\1.CARTIER\微商相册\11.19\已整理\CARTIER BALLON BLEU DE CARTIER WATCH W4BB0028\附图\W4BB0028-2.jpeg,,,
dummy_images\WATCH\1.CARTIER\微商相册\11.19\原图\CARTIER BALLON BLEU DE CARTIER WATCH W4BB0028\附图\W4BB0028-3.jpeg,14,dummy_images\WATCH\1.CARTIER\微商相册\11.19\已整理\CARTIER BALLON BLEU DE CARTIER WATCH W4BB0028\附图\W4BB0028-3.jpeg,,,
dummy_images\WATCH\1.CARTIER\微商相册\11.19\原图\CARTIER BALLON BLEU DE CARTIER WATCH W4BB0028\附图\W4BB0028-4.jpeg,14,dummy_images\WATCH\1.CARTIER\微商相册\11.19\已整理\CARTIER BALLON BLEU DE CARTIER WATCH W4BB0028\附图\W4BB0028-4.jpeg,,,
dummy_images\WATCH\1.CARTIER\微商相册\11.19\原图\CARTIER BALLON BLEU DE CARTIER WATCH W4BB0028\附图\W4BB0028-5.jpeg,14,dummy_images\WATCH\1.CARTIER\微商相册\11.19\已整理\CARTIER BALLON BLEU DE CARTIER WATCH W4BB0028\附图\W4BB0028-5.jpeg,,,
dummy_images\WATCH\1.CARTIER\微商相册\11.19\原图\CARTIER BALLON BLEU DE CARTIER WATCH W4BB0028\附图\W4BB0028-6.jpeg,14,dummy_images\WATCH\1.CARTIER\微商相册\11.19\已整理\CARTIER BALLON BLEU DE CARTIER WATCH W4BB0028\附图\W4BB0028-6.jpeg,,,
dummy_images\WATCH\1.CARTIER\微商相册\11.19\原图\CARTIER BALLON BLEU DE CARTIER WATCH W4BB0028\附图\W4BB0028-7.jpeg,14,dummy_images\WATCH\1.CARTIER\微商相册\11.19\已整理\CARTIER BALLON BLEU DE CARTIER WATCH W4BB0028\附图\W4BB0028-7.jpeg,,,
dummy_images\WATCH\1.CARTIER\微商相册\11.19\原图\CARTIER BALLON BLEU DE CARTIER WATCH WJBB0033\主图\WJBB0033.jpeg,15,,,,
dummy_images\WATCH\1.CARTIER\微商相册\11.19\原图\CARTIER BALLON BLEU DE CARTIER WATCH WJBB0033\附图\WJBB0033-1.jpeg,15,dummy_images\WATCH\1.CARTIER\微商相册\11.19\已整理\CARTIER BALLON BLEU DE CARTIER WATCH WJBB0033\附图\WJBB0033-1.jpeg,,,
dummy_images\WATCH\1.CARTIER\微商相册\11.19\原图\CARTIER BALLON BLEU DE CARTIER WATCH WJBB0033\附图\WJBB0033-2.jpeg,15,dummy_images\WATCH\1.CARTIER\微商相册\11.19\已整理\CARTIER BALLON BLEU DE CARTIER WATCH WJBB0033\附图\WJBB0033-2.jpeg,,,
dummy_images\WATCH\1.CARTIER\微商相册\11.19\原图\CARTIER BALLON BLEU DE CARTIER WATCH WJBB0033\附图\WJBB0033-3.jpeg,15,dummy_images\WATCH\1.CARTIER\微商相册\11.19\已整理\CARTIER BALLON BLEU DE CARTIER WATCH WJBB0033\附图\WJBB0033-3.jpeg,,,
dummy_images\WATCH\1.CARTIER\微商相册\11.19\原图\CARTIER BALLON BLEU DE CARTIER WATCH WJBB0033\附图\WJBB0033-4.jpeg,15,dummy_images\WATCH\1.CARTIER\微商相册\11.19\已整理\CARTIER BALLON BLEU DE CARTIER WATCH WJBB0033\附图\WJBB0033-4.jpeg,,,
dummy_images\WATCH\1.CARTIER\微商相册\11.19\原图\CARTIER BALLON BLEU DE CARTIER WATCH WJBB0033\附图\WJBB0033-5.jpeg,15,dummy_images\WATCH\1.CARTIER\微商相册\11.19\已整理\CARTIER BALLON BLEU DE CARTIER WATCH WJBB0033\附图\WJBB0033-5.jpeg,,,
dummy_images\WATCH\1.CARTIER\微商相册\11.19\原图\CARTIER BALLON BLEU DE CARTIER WATCH WJBB0033\附图\WJBB0033-6.jpeg,15,dummy_images\WATCH\1.CARTIER\微商相册\11.19\已整理\CARTIER BALLON BLEU DE CARTIER WATCH WJBB0033\附图\WJBB0033-6.jpeg,,,
dummy_images\WATCH\1.CARTIER\微商相册\11.19\原图\CARTIER BALLON BLEU DE CARTIER WATCH WJBB0033\附图\WJBB0033-7.jpeg,15,dummy_images\WATCH\1.CARTIER\微商相册\11.19\已整理\CARTIER BALLON BLEU DE CARTIER WATCH WJBB0033\附图\WJBB0033-7.jpeg,,,
dummy_images\WATCH\1.CARTIER\微商相册\11.19\原图\CARTIER BALLON BLEU DE CARTIER WATCH WJBB0033\附图\WJBB0033-8.jpeg,15,dummy_images\WATCH\1.CARTIER\微商相册\11.19\已整理\CARTIER BALLON BLEU DE CARTIER WATCH WJBB0033\附图\WJBB0033-8.jpeg,,,
dummy_images\WATCH\1.CARTIER\微商相册\11.19\原图\CARTIER BALLON BLEU DE CARTIER WATCH WJBB0076\主图\WJBB0076.jpeg,16,,,,
dummy_images\WATCH\1.CARTIER\微商相册\11.19\原图\CARTIER BALLON BLEU DE CARTIER WATCH WJBB0076\附图\WJBB0076-1.jpeg,16,dummy_images\WATCH\1.CARTIER\微商相册\11.19\已整理\CARTIER BALLON BLEU DE CARTIER WATCH WJBB0076\附图\WJBB0076-1.jpeg,,,
dummy_images\WATCH\1.CARTIER\微商相册\11.19\原图\CARTIER BALLON BLEU DE CARTIER WATCH WJBB0076\附图\WJBB0076-2.jpeg,16,dummy_images\WATCH\1.CARTIER\微商相册\11.19\已整理\CARTIER BALLON BLEU DE CARTIER WATCH WJBB0076\附图\WJBB0076-2.jpeg,,,
dummy_images\WATCH\1.CARTIER\微商相册\11.19\原图\CARTIER BALLON BLEU DE CARTIER WATCH WJBB0076\附图\WJBB0076-3.jpeg,16,dummy_images\WATCH\1.CARTIER\微商相册\11.19\已整理\CARTIER BALLON BLEU DE CARTIER WATCH WJBB0076\附图\WJBB0076-3.jpeg,,,
dummy_images\WATCH\1.CARTIER\微商相册\11.19\原图\CARTIER BALLON BLEU DE CARTIER WATCH WJBB0076\附图\WJBB0076-4.jpeg,16,dummy_images\WATCH\1.CARTIER\微商相册\11.19\已整理\CARTIER BALLON BLEU DE CARTIER WATCH WJBB0076\附图\WJBB0076-4.jpeg,,,
dummy_images\WATCH\1.CARTIER\微商相册\11.19\原图\CARTIER BALLON BLEU DE CARTIER WATCH WJBB0076\附图\WJBB0076-5.jpeg,16,dummy_images\WATCH\1.CARTIER\微商相册\11.19\已整理\CARTIER BALLON BLEU DE CARTIER WATCH WJBB0076\附图\WJBB0076-5.jpeg,,,
dummy_images\WATCH\1.CARTIER\微商相册\11.19\原图\CARTIER BALLON BLEU DE CARTIER WATCH WJBB0076\附图\WJBB0076-6.jpeg,16,dummy_images\WATCH\1.CARTIER\微商相册\11.19\已整理\CARTIER BALLON BLEU DE CARTIER WATCH WJBB0076\附图\WJBB0076-6.jpeg,,,
dummy_images\WATCH\1.CARTIER\微商相册\11.19\原图\CARTIER SANTOS DE CARTIER WATCH WSSA0064\主图\WSSA0064.jpeg,17,,,,
dummy_images\WATCH\1.CARTIER\微商相册\11.19\原图\CARTIER SANTOS DE CARTIER WATCH WSSA0064\附图\WSSA0064-1.jpeg,17,dummy_images\WATCH\1.CARTIER\微商相册\11.19\已整理\CARTIER SANTOS DE CARTIER WATCH WSSA0064\附图\WSSA0064-1.jpeg,,,
dummy_images\WATCH\1.CARTIER\微商相册\11.19\原图\CARTIER SANTOS DE CARTIER WATCH WSSA0064\附图\WSSA0064-2.jpeg,17,dummy_images\WATCH\1.CARTIER\微商相册\11.19\已整理\CARTIER SANTOS DE CARTIER WATCH WSSA0064\附图\WSSA0064-2.jpeg,,,
dummy_images\WATCH\1.CARTIER\微商相册\11.19\原图\CARTIER SANTOS DE CARTIER WATCH WSSA0064\附图\WSSA0064-3.jpeg,17,dummy_images\WATCH\1.CARTIER\微商相册\11.19\已整理\CARTIER SANTOS DE CARTIER WATCH WSSA0064\附图\WSSA0064-3.jpeg,,,
dummy_images\WATCH\1.CARTIER\微商相册\11.19\原图\CARTIER SANTOS DE CARTIER WATCH WSSA0064\附图\WSSA0064-4.jpeg,17,dummy_images\WATCH\1.CARTIER\微商相册\11.19\已整理\CARTIER SANTOS DE CARTIER WATCH WSSA0064\附图\WSSA0064-4.jpeg,,,
dummy_images\WATCH\1.CARTIER\微商相册\11.19\原图\CARTIER SANTOS DE CARTIER WATCH WSSA0064\附图\WSSA0064-5.jpeg,17,dummy_images\WATCH\1.CARTIER\微商相册\11.19\已整理\CARTIER SANTOS DE CARTIER WATCH WSSA0064\附图\WSSA0064-5.jpeg,,,
dummy_images\WATCH\1.CARTIER\微商相册\11.20\原图\1CARTIER BALLON BLEU DE CARTIER WATCH W69010Z4\主图\W69010Z4.jpeg.jpg,18,,,,
dummy_images\WATCH\1.CARTIER\微商相册\11.20\原图\1CARTIER BALLON BLEU DE CARTIER WATCH W69010Z4\附图\W69010Z4-1.jpeg,18,dummy_images\WATCH\1.CARTIER\微商相册\11.20\已整理\1CARTIER BALLON BLEU DE CARTIER WATCH W69010Z4\附图\W69010Z4-1.jpg,,,
dummy_images\WATCH\1.CARTIER\微商相册\11.20\原图\1CARTIER BALLON BLEU DE CARTIER WATCH W69010Z4\附图\W69010Z4-2.jpeg,18,dummy_images\WATCH\1.CARTIER\微商相册\11.20\已整理\1CARTIER BALLON BLEU DE CARTIER WATCH W69010Z4\附图\W69010Z4-2.jpg,,,
dummy_images\WATCH\1.CARTIER\微商相册\11.20\原图\1CARTIER BALLON BLEU DE CARTIER WATCH W69010Z4\附图\W69010Z4-3.jpeg,18,dummy_images\WATCH\1.CARTIER\微商相册\11.20\已整理\1CARTIER BALLON BLEU DE CARTIER WATCH W69010Z4\附图\W69010Z4-3.jpg,,,
dummy_images\WATCH\1.CARTIER\微商相册\11.20\原图\1CARTIER BALLON BLEU DE CARTIER WATCH W69010Z4\附图\W69010Z4-4.jpeg,18,dummy_images\WATCH\1.CARTIER\微商相册\11.20\已整理\1CARTIER BALLON BLEU DE CARTIER WATCH W69010Z4\附图\W69010Z4-4.jpg,,,
dummy_images\WATCH\1.CARTIER\微商相册\11.20\原图\1CARTIER BALLON BLEU DE CARTIER WATCH W69010Z4\附图\W69010Z4-5.jpeg,18,dummy_images\WATCH\1.CARTIER\微商相册\11.20\已整理\1CARTIER BALLON BLEU DE CARTIER WATCH W69010Z4\附图\W69010Z4-5.jpg,,,
dummy_images\WATCH\1.CARTIER\微商相册\11.20\原图\5CARTIER BALLON BLEU ROSE GOLD WATCH W6920083\主图\W6920083.jpg,19,,,,
dummy_images\WATCH\1.CARTIER\微商相册\11.20\原图\5CARTIER BALLON BLEU ROSE GOLD WATCH W6920083\附图\W6920083-1.jpg,19,dummy_images\WATCH\1.CARTIER\微商相册\11.20\已整理\5CARTIER BALLON BLEU ROSE GOLD WATCH W6920083\附图\W6920083-1.jpg,,,
dummy_images\WATCH\1.CARTIER\微商相册\11.20\原图\5CARTIER BALLON BLEU ROSE GOLD WATCH W6920083\附图\W6920083-2.jpg,19,dummy_images\WATCH\1.CARTIER\微商相册\11.20\已整理\5CARTIER BALLON BLEU ROSE GOLD WATCH W6920083\附图\W6920083-2.jpg,,,
dummy_images\WATCH\1.CARTIER\微商相册\11.20\原图\5CARTIER BALLON BLEU ROSE GOLD WATCH W6920083\附图\W6920083-3.jpg,19,dummy_images\WATCH\1.CARTIER\微商相册\11.20\已整理\5CARTIER BALLON BLEU ROSE GOLD WATCH W6920083\附图\W6920083-3.jpg,,,
dummy_images\WATCH\1.CARTIER\微商相册\11.20\原图\5CARTIER BALLON BLEU ROSE GOLD WATCH W6920083\附图\W6920083-4.jpg,19,dummy_images\WATCH\1.CARTIER\微商相册\11.20\已整理\5CARTIER BALLON BLEU ROSE GOLD WATCH W6920083\附图\W6920083-4.jpg,,,
dummy_images\WATCH\1.CARTIER\微商相册\11.20\原图\10CARTIER PANTHèRE DE CARTIER WATCH WJPN0048\主图\WJPN0048.jpg,20,,,,
dummy_images\WATCH\1.CARTIER\微商相册\11.20\原图\10CARTIER PANTHèRE DE CARTIER WATCH WJPN0048\附图\WJPN0048-1.jpg,20,dummy_images\WATCH\1.CARTIER\微商相册\11.20\已整理\10CARTIER PANTHèRE DE CARTIER WATCH WJPN0048\附图\WJPN0048-1.jpg,,,
dummy_images\WATCH\1.CARTIER\微商相册\11.20\原图\10CARTIER PANTHèRE DE CARTIER WATCH WJPN0048\附图\WJPN0048-2.jpg,20,dummy_images\WATCH\1.CARTIER\微商相册\11.20\已整理\10CARTIER PANTHèRE DE CARTIER WATCH WJPN0048\附图\WJPN0048-2.jpg,,,
dummy_images\WATCH\1.CARTIER\微商相册\11.20\原图\10CARTIER PANTHèRE DE CARTIER WATCH WJPN0048\附图\WJPN0048-3.jpg,20,dummy_images\WATCH\1.CARTIER\微商相册\11.20\已整理\10CARTIER PANTHèRE DE CARTIER WATCH WJPN0048\附图\WJPN0048-3.jpg,,,
dummy_images\WATCH\1.CARTIER\微商相册\11.20\原图\10CARTIER PANTHèRE DE CARTIER WATCH WJPN0048\附图\WJPN0048-4.jpg,20,dummy_images\WATCH\1.CARTIER\微商相册\11.20\已整理\10CARTIER PANTHèRE DE CARTIER WATCH WJPN0048\附图\WJPN0048-4.jpg,,,
dummy_images\WATCH\1.CARTIER\微商相册\11.20\原图\10CARTIER PANTHèRE DE CARTIER WATCH WJPN0048\附图\WJPN0048-5.jpg,20,dummy_images\WATCH\1.CARTIER\微商相册\11.20\已整理\10CARTIER PANTHèRE DE CARTIER WATCH WJPN0048\附图\WJPN0048-5.jpg,,,
dummy_images\WATCH\1.CARTIER\微商相册\11.20\原图\10CARTIER PANTHèRE DE CARTIER WATCH WJPN0048\附图\WJPN0048-6.jpg,20,dummy_images\WATCH\1.CARTIER\微商相册\11.20\已整理\10CARTIER PANTHèRE DE CARTIER WATCH WJPN0048\附图\WJPN0048-6.jpg,,,
dummy_images\WATCH\1.CARTIER\微商相册\11.20\原图\12CARTIER SANTOS DE CARTIER 100 CARBON AUTOMATIC LARGE MODEL WATCH WSSA0006\主图\WSSA0006.jpg,21,,,,
dummy_images\WATCH\1.CARTIER\微商相册\11.20\原图\12CARTIER SANTOS DE CARTIER 100 CARBON AUTOMATIC LARGE MODEL WATCH WSSA0006\附图\WSSA0006-1.jpg,21,,,,
dummy_images\WATCH\1.CARTIER\微商相册\11.20\原图\12CARTIER SANTOS DE CARTIER 100 CARBON AUTOMATIC LARGE MODEL WATCH WSSA0006\附图\WSSA0006-2.jpg,21,dummy_images\WATCH\1.CARTIER\微商相册\11.20\已整理\12CARTIER SANTOS DE CARTIER 100 CARBON AUTOMATIC LARGE MODEL WATCH WSSA0006\附图\WSSA0006-2.jpg,,,
dummy_images\WATCH\1.CARTIER\微商相册\11.20\原图\12CARTIER SANTOS DE CARTIER 100 CARBON AUTOMATIC LARGE MODEL WATCH WSSA0006\附图\WSSA0006-3.jpg,21,dummy_images\WATCH\1.CARTIER\微商相册\11.20\已整理\12CARTIER SANTOS DE CARTIER 100 CARBON AUTOMATIC LARGE MODEL WATCH WSSA0006\附图\WSSA0006-3.jpg,,,
dummy_images\WATCH\1.CARTIER\微商相册\11.20\原图\12CARTIER SANTOS DE CARTIER 100 CARBON AUTOMATIC LARGE MODEL WATCH WSSA0006\附图\WSSA0006-4.jpg,21,dummy_images\WATCH\1.CARTIER\微商相册\11.20\已整理\12CARTIER SANTOS DE CARTIER 100 CARBON AUTOMATIC LARGE MODEL WATCH WSSA0006\附图\WSSA0006-4.jpg,,,
dummy_images\WATCH\1.CARTIER\微商相册\11.20\原图\13CARTIER SANTOS DE CARTIER WATCH WSSA0018\主图\WSSA0018.jpeg,22,,,,
dummy_images\WATCH\1.CARTIER\微商相册\11.20\原图\13CARTIER SANTOS DE CARTIER WATCH WSSA0018\附图\WSSA0018-1.jpeg,22,dummy_images\WATCH\1.CARTIER\微商相册\11.20\已整理\13CARTIER SANTOS DE CARTIER WATCH WSSA0018\附图\WSSA0018-1.jpg,,,
dummy_images\WATCH\1.CARTIER\微商相册\11.20\原图\13CARTIER SANTOS DE CARTIER WATCH WSSA0018\附图\WSSA0018-2.jpeg,22,dummy_images\WATCH\1.CARTIER\微商相册\11.20\已整理\13CARTIER SANTOS DE CARTIER WATCH WSSA0018\附图\WSSA0018-2.jpg,,,
dummy_images\WATCH\1.CARTIER\微商相册\11.20\原图\13CARTIER SANTOS DE CARTIER WATCH WSSA0018\附图\WSSA0018-3.jpeg,22,dummy_images\WATCH\1.CARTIER\微商相册\11.20\已整理\13CARTIER SANTOS DE CARTIER WATCH WSSA0018\附图\WSSA0018-3.jpg,,,
dummy_images\WATCH\1.CARTIER\微商相册\11.20\原图\13CARTIER SANTOS DE CARTIER WATCH WSSA0018\附图\WSSA0018-4.jpeg,22,dummy_images\WATCH\1.CARTIER\微商相册\11.20\已整理\13CARTIER SANTOS DE CARTIER WATCH WSSA0018\附图\WSSA0018-4.jpg,,,
dummy_images\WATCH\1.CARTIER\微商相册\11.20\原图\13CARTIER SANTOS DE CARTIER WATCH WSSA0018\附图\WSSA0018-5.jpeg,22,dummy_images\WATCH\1.CARTIER\微商相册\11.20\已整理\13CARTIER SANTOS DE CARTIER WATCH WSSA0018\附图\WSSA0018-5.jpg,,,
dummy_images\WATCH\1.CARTIER\微商相册\11.20\原图\14CARTIER SANTOS DE CARTIER WATCH WSSA0071\主图\WSSA0071.jpeg,23,,,,
dummy_images\WATCH\1.CARTIER\微商相册\11.20\原图\14CARTIER SANTOS DE CARTIER WATCH WSSA0071\附图\WSSA0071-1.jpeg,23,dummy_images\WATCH\1.CARTIER\微商相册\11.20\已整理\14CARTIER SANTOS DE CARTIER WATCH WSSA0071\附图\WSSA0071-1.jpg,,,
dummy_images\WATCH\1.CARTIER\微商相册\11.20\原图\14CARTIER SANTOS DE CARTIER WATCH WSSA0071\附图\WSSA0071-2.jpeg,23,dummy_images\WATCH\1.CARTIER\微商相册\11.20\已整理\14CARTIER SANTOS DE CARTIER WATCH WSSA0071\附图\WSSA0071-2.jpg,,,
dummy_images\WATCH\1.CARTIER\微商相册\11.20\原图\14CARTIER SANTOS DE CARTIER WATCH WSSA0071\附图\WSSA0071-3.jpeg,23,dummy_images\WATCH\1.CARTIER\微商相册\11.20\已整理\14CARTIER SANTOS DE CARTIER WATCH WSSA0071\附图\WSSA0071-3.jpg,,,
dummy_images\WATCH\1.CARTIER\微商相册\11.20\原图\14CARTIER SANTOS DE CARTIER WATCH WSSA0071\附图\WSSA0071-4.jpeg,23,dummy_images\WATCH\1.CARTIER\微商相册\11.20\已整理\14CARTIER SANTOS DE CARTIER WATCH WSSA0071\附图\WSSA0071-4.jpg,,,
dummy_images\WATCH\1.CARTIER\微商相册\11.20\原图\14CARTIER SANTOS DE CARTIER WATCH WSSA0071\附图\WSSA0071-5.jpeg,23,dummy_images\WATCH\1.CARTIER\微商相册\11.20\已整理\14CARTIER SANTOS DE CARTIER WATCH WSSA0071\附图\WSSA0071-5.jpg,,,
dummy_images\WATCH\1.CARTIER\微商相册\11.20\原图\14CARTIER SANTOS DE CARTIER WATCH WSSA0071\附图\WSSA0071-6.jpeg,23,dummy_images\WATCH\1.CARTIER\微商相册\11.20\已整理\14CARTIER SANTOS DE CARTIER WATCH WSSA0071\附图\WSSA0071-6.jpg,,,
dummy_images\WATCH\1.CARTIER\微商相册\11.20\原图\14CARTIER SANTOS DE CARTIER WATCH WSSA0071\附图\WSSA0071-7.jpeg,23,dummy_images\WATCH\1.CARTIER\微商相册\11.20\已整理\14CARTIER SANTOS DE CARTIER WATCH WSSA0071\附图\WSSA0071-7.jpg,,,
dummy_images\WATCH\1.CARTIER\微商相册\11.20\原图\16CARTIER SANTOS THREE-SIDED WATCH WM505914\主图\WM505914.jpg,24,,,,
dummy_images\WATCH\1.CARTIER\微商相册\11.20\原图\16CARTIER SANTOS THREE-SIDED WATCH WM505914\附图\WM505914-1.jpg,24,dummy_images\WATCH\1.CARTIER\微商相册\11.20\已整理\16CARTIER SANTOS THREE-SIDED WATCH WM505914\附图\WM505914-1.jpg,,,
dummy_images\WATCH\1.CARTIER\微商相册\11.20\原图\16CARTIER SANTOS THREE-SIDED WATCH WM505914\附图\WM505914-2.jpg,24,dummy_images\WATCH\1.CARTIER\微商相册\11.20\已整理\16CARTIER SANTOS THREE-SIDED WATCH WM505914\附图\WM505914-2.jpg,,,
dummy_images\WATCH\1.CARTIER\微商相册\11.20\原图\16CARTIER SANTOS THREE-SIDED WATCH WM505914\附图\WM505914-3.jpg,24,dummy_images\WATCH\1.CARTIER\微商相册\11.20\已整理\16CARTIER SANTOS THREE-SIDED WATCH WM505914\附图\WM505914-3.jpg,,,
dummy_images\WATCH\1.CARTIER\微商相册\11.20\原图\16CARTIER SANTOS THREE-SIDED WATCH WM505914\附图\WM505914-4.jpg,24,dummy_images\WATCH\1.CARTIER\微商相册\11.20\已整理\16CARTIER SANTOS THREE-SIDED WATCH WM505914\附图\WM505914-4.jpg,,,
dummy_images\WATCH\1.CARTIER\微商相册\11.20\原图\18CARTIER TANK LOUIS CARTIER WATCH WGTA0011\主图\WGTA0011.jpeg,25,,,,
dummy_images\WATCH\1.CARTIER\微商相册\11.20\原图\18CARTIER TANK LOUIS CARTIER WATCH WGTA0011\附图\WGTA0011-1.jpeg,25,dummy_images\WATCH\1.CARTIER\微商相册\11.20\已整理\18CARTIER TANK LOUIS CARTIER WATCH WGTA0011\附图\WGTA0011-1.jpg,,,
dummy_images\WATCH\1.CARTIER\微商相册\11.20\原图\18CARTIER TANK LOUIS CARTIER WATCH WGTA0011\附图\WGTA0011-2.jpeg,25,dummy_images\WATCH\1.CARTIER\微商相册\11.20\已整理\18CARTIER TANK LOUIS CARTIER WATCH WGTA0011\附图\WGTA0011-2.jpg,,,
dummy_images\WATCH\1.CARTIER\微商相册\11.20\原图\18CARTIER TANK LOUIS CARTIER WATCH WGTA0011\附图\WGTA0011-3.jpeg,25,dummy_images\WATCH\1.CARTIER\微商相册\11.20\已整理\18CARTIER TANK LOUIS CARTIER WATCH WGTA0011\附图\WGTA0011-3.jpg,,,
dummy_images\WATCH\1.CARTIER\微商相册\11.20\原图\18CARTIER TANK LOUIS CARTIER WATCH WGTA0011\附图\WGTA0011-4.jpeg,25,dummy_images\WATCH\1.CARTIER\微商相册\11.20\已整理\18CARTIER TANK LOUIS CARTIER WATCH WGTA0011\附图\WGTA0011-4.jpg,,,
dummy_images\WATCH\1.CARTIER\微商相册\11.20\原图\18CARTIER TANK LOUIS CARTIER WATCH WGTA0011\附图\WGTA0011-5.jpeg,25,dummy_images\WATCH\1.CARTIER\微商相册\11.20\已整理\18CARTIER TANK LOUIS CARTIER WATCH WGTA0011\附图\WGTA0011-5.jpg,,,
dummy_images\WATCH\1.CARTIER\微商相册\11.20\原图\18CARTIER TANK LOUIS CARTIER WATCH WGTA0011\附图\WGTA0011-6.jpeg,25,dummy_images\WATCH\1.CARTIER\微商相册\11.20\已整理\18CARTIER TANK LOUIS CARTIER WATCH WGTA0011\附图\WGTA0011-6.jpg,,,
dummy_images\WATCH\1.CARTIER\微商相册\11.20\原图\18CARTIER TANK LOUIS CARTIER WATCH WGTA0011\附图\WGTA0011-7.jpeg,25,dummy_images\WATCH\1.CARTIER\微商相册\11.20\已整理\18CARTIER TANK LOUIS CARTIER WATCH WGTA0011\附图\WGTA0011-7.jpg,,,
dummy_images\WATCH\1.CARTIER\微商相册\11.20\原图\18CARTIER TANK LOUIS CARTIER WATCH WGTA0011\附图\WGTA0011-8.jpeg,25,dummy_images\WATCH\1.CARTIER\微商相册\11.20\已整理\18CARTIER TANK LOUIS CARTIER WATCH WGTA0011\附图\WGTA0011-8.jpg,,,
dummy_images\WATCH\1.CARTIER\微商相册\11.20\原图\19CARTIER TANK LOUIS CARTIER WATCH WJTA0015\主图\WJTA0015.jpeg,26,,,,
dummy_images\WATCH\1.CARTIER\微商相册\11.20\原图\19CARTIER TANK LOUIS CARTIER WATCH WJTA0015\附图\WJTA0015-1.jpeg,26,dummy_images\WATCH\1.CARTIER\微商相册\11.20\已整理\19CARTIER TANK LOUIS CARTIER WATCH WJTA0015\附图\WJTA0015-1.jpg,,,
dummy_images\WATCH\1.CARTIER\微商相册\11.20\原图\19CARTIER TANK LOUIS CARTIER WATCH WJTA0015\附图\WJTA0015-2.jpeg,26,dummy_images\WATCH\1.CARTIER\微商相册\11.20\已整理\19CARTIER TANK LOUIS CARTIER WATCH WJTA0015\附图\WJTA0015-2.jpg,,,
dummy_images\WATCH\1.CARTIER\微商相册\11.20\原图\19CARTIER TANK LOUIS CARTIER WATCH WJTA0015\附图\WJTA0015-3.jpeg,26,dummy_images\WATCH\1.CARTIER\微商相册\11.20\已整理\19CARTIER TANK LOUIS CARTIER WATCH WJTA0015\附图\WJTA0015-3.jpg,,,
dummy_images\WATCH\1.CARTIER\微商相册\11.20\原图\19CARTIER TANK LOUIS CARTIER WATCH WJTA0015\附图\WJTA0015-4.jpeg,26,dummy_images\WATCH\1.CARTIER\微商相册\11.20\已整理\19CARTIER TANK LOUIS CARTIER WATCH WJTA0015\附图\WJTA0015-4.jpg,,,
dummy_images\WATCH\1.CARTIER\微商相册\11.20\原图\19CARTIER TANK LOUIS CARTIER WATCH WJTA0015\附图\WJTA0015-5.jpeg,26,dummy_images\WATCH\1.CARTIER\微商相册\11.20\已整理\19CARTIER TANK LOUIS CARTIER WATCH WJTA0015\附图\WJTA0015-5.jpg,,,
dummy_images\WATCH\1.CARTIER\微商相册\11.20\原图\19CARTIER TANK LOUIS CARTIER WATCH WJTA0015\附图\WJTA0015-6.jpeg,26,dummy_images\WATCH\1.CARTIER\微商相册\11.20\已整理\19CARTIER TANK LOUIS CARTIER WATCH WJTA0015\附图\WJTA0015-6.jpg,,,
dummy_images\WATCH\1.CARTIER\微商相册\11.20\原图\19CARTIER TANK LOUIS CARTIER WATCH WJTA0015\附图\WJTA0015-7.jpeg,26,dummy_images\WATCH\1.CARTIER\微商相册\11.20\已整理\19CARTIER TANK LOUIS CARTIER WATCH WJTA0015\附图\WJTA0015-7.jpg,,,
dummy_images\WATCH\1.CARTIER\微商相册\11.20\原图\25CARTIER TANK SOLO WATCH W5200027\主图\W5200027.jpg,27,,,,
dummy_images\WATCH\1.CARTIER\微商相册\11.20\原图\25CARTIER TANK SOLO WATCH W5200027\附图\W5200027-1.jpg,27,dummy_images\WATCH\1.CARTIER\微商相册\11.20\已整理\25CARTIER TANK SOLO WATCH W5200027\附图\W5200027-1.jpg,,,
dummy_images\WATCH\1.CARTIER\微商相册\11.20\原图\25CARTIER TANK SOLO WATCH W5200027\附图\W5200027-2.jpg,27,dummy_images\WATCH\1.CARTIER\微商相册\11.20\已整理\25CARTIER TANK SOLO WATCH W5200027\附图\W5200027-2.jpg,,,
dummy_images\WATCH\1.CARTIER\微商相册\11.20\原图\25CARTIER TANK SOLO WATCH W5200027\附图\W5200027-3.jpg,27,dummy_images\WATCH\1.CARTIER\微商相册\11.20\已整理\25CARTIER TANK SOLO WATCH W5200027\附图\W5200027-3.jpg,,,
dummy_images\WATCH\1.CARTIER\微商相册\11.20\原图\25CARTIER TANK SOLO WATCH W5200027\附图\W5200027-4.jpg,27,dummy_images\WATCH\1.CARTIER\微商相册\11.20\已整理\25CARTIER TANK SOLO WATCH W5200027\附图\W5200027-4.jpg,,,
dummy_images\WATCH\1.CARTIER\微商相册\11.20\原图\25CARTIER TANK SOLO WATCH W5200027\附图\W5200027-5.jpg,27,dummy_images\WATCH\1.CARTIER\微商相册\11.20\已整理\25CARTIER TANK SOLO WATCH W5200027\附图\W5200027-5.jpg,,,
dummy_images\WATCH\1.CARTIER\微商相册\11.21\原图\1.CARTIER BALLON BLEU DE CARTIER WATCH WSBB0039\主图\WSBB0039.jpg,28,,,,
dummy_images\WATCH\1.CARTIER\微商相册\11.21\原图\1.CARTIER BALLON BLEU DE CARTIER WATCH WSBB0039\附图\WSBB0039-1.jpeg,28,dummy_images\WATCH\1.CARTIER\微商相册\11.21\已整理\1.CARTIER BALLON BLEU DE CARTIER WATCH WSBB0039\附图\WSBB0039-1.jpeg,,,
dummy_images\WATCH\1.CARTIER\微商相册\11.21\原图\1.CARTIER BALLON BLEU DE CARTIER WATCH WSBB0039\附图\WSBB0039-2.jpg,28,dummy_images\WATCH\1.CARTIER\微商相册\11.21\已整理\1.CARTIER BALLON BLEU DE CARTIER WATCH WSBB0039\附图\WSBB0039-2.jpg,,,
dummy_images\WATCH\1.CARTIER\微商相册\11.21\原图\1.CARTIER BALLON BLEU DE CARTIER WATCH WSBB0039\附图\WSBB0039-3.jpeg,28,dummy_images\WATCH\1.CARTIER\微商相册\11.21\已整理\1.CARTIER BALLON BLEU DE CARTIER WATCH WSBB0039\附图\WSBB0039-3.jpeg,,,
dummy_images\WATCH\1.CARTIER\微商相册\11.21\原图\2.CARTIER BALLON BLEU DE MEN'S SILVER BROWN CARTIER WATCH WGBB0030\主图\WGBB0030.jpg,29,,,,
dummy_images\WATCH\1.CARTIER\微商相册\11.21\原图\2.CARTIER BALLON BLEU DE MEN'S SILVER BROWN CARTIER WATCH WGBB0030\附图\WGBB0030-1.jpg,29,dummy_images\WATCH\1.CARTIER\微商相册\11.21\已整理\2.CARTIER BALLON BLEU DE MEN'S SILVER BROWN CARTIER WATCH WGBB0030\附图\WGBB0030-1.jpg,,,
dummy_images\WATCH\1.CARTIER\微商相册\11.21\原图\2.CARTIER BALLON BLEU DE MEN'S SILVER BROWN CARTIER WATCH WGBB0030\附图\WGBB0030-2.jpg,29,dummy_images\WATCH\1.CARTIER\微商相册\11.21\已整理\2.CARTIER BALLON BLEU DE MEN'S SILVER BROWN CARTIER WATCH WGBB0030\附图\WGBB0030-2.jpg,,,
dummy_images\WATCH\1.CARTIER\微商相册\11.21\原图\2.CARTIER BALLON BLEU DE MEN'S SILVER BROWN CARTIER WATCH WGBB0030\附图\WGBB0030-3.jpg,29,dummy_images\WATCH\1.CARTIER\微商相册\11.21\已整理\2.CARTIER BALLON BLEU DE MEN'S SILVER BROWN CARTIER WATCH WGBB0030\附图\WGBB0030-3.jpg,,,
dummy_images\WATCH\1.CARTIER\微商相册\11.21\原图\2.CARTIER BALLON BLEU DE MEN'S SILVER BROWN CARTIER WATCH WGBB0030\附图\WGBB0030-4.jpg,29,dummy_images\WATCH\1.CARTIER\微商相册\11.21\已整理\2.CARTIER BALLON BLEU DE MEN'S SILVER BROWN CARTIER WATCH WGBB0030\附图\WGBB0030-4.jpg,,,
dummy_images\WATCH\1.CARTIER\微商相册\11.21\原图\2.CARTIER BALLON BLEU DE MEN'S SILVER BROWN CARTIER WATCH WGBB0030\附图\WGBB0030-5.jpg,29,dummy_images\WATCH\1.CARTIER\微商相册\11.21\已整理\2.CARTIER BALLON BLEU DE MEN'S SILVER BROWN CARTIER WATCH WGBB0030\附图\WGBB0030-5.jpg,,,
dummy_images\WATCH\1.CARTIER\微商相册\11.21\原图\3.CARTIER BALLON BLEU DE SILVER SILVER STEEL CASSETTE MEN'S WATCH WSBB0049\主图\WSBB0049.png.jpg,30,,,,
dummy_images\WATCH\1.CARTIER\微商相册\11.21\原图\3.CARTIER BALLON BLEU DE SILVER SILVER STEEL CASSETTE MEN'S WATCH WSBB0049\附图\WSBB0049-1.png,30,dummy_images\WATCH\1.CARTIER\微商相册\11.21\已整理\3.CARTIER BALLON BLEU DE SILVER SILVER STEEL CASSETTE MEN'S WATCH WSBB0049\附图\WSBB0049-1.jpg,,,
dummy_images\WATCH\1.CARTIER\微商相册\11.21\原图\3.CARTIER BALLON BLEU DE SILVER SILVER STEEL CASSETTE MEN'S WATCH WSBB0049\附图\WSBB0049-2.jpeg,30,dummy_images\WATCH\1.CARTIER\微商相册\11.21\已整理\3.CARTIER BALLON BLEU DE SILVER SILVER STEEL CASSETTE MEN'S WATCH WSBB0049\附图\WSBB0049-2.jpeg,,,
dummy_images\WATCH\1.CARTIER\微商相册\11.21\原图\3.CARTIER BALLON BLEU DE SILVER SILVER STEEL CASSETTE MEN'S WATCH WSBB0049\附图\WSBB0049-3.jpg,30,dummy_images\WATCH\1.CARTIER\微商相册\11.21\已整理\3.CARTIER BALLON BLEU DE SILVER SILVER STEEL CASSETTE MEN'S WATCH WSBB0049\附图\WSBB0049-3.jpg,,,
dummy_images\WATCH\1.CARTIER\微商相册\11.21\原图\3.CARTIER BALLON BLEU DE SILVER SILVER STEEL CASSETTE MEN'S WATCH WSBB0049\附图\WSBB0049-4.jpg,30,dummy_images\WATCH\1.CARTIER\微商相册\11.21\已整理\3.CARTIER BALLON BLEU DE SILVER SILVER STEEL CASSETTE MEN'S WATCH WSBB0049\附图\WSBB0049-4.jpg,,,
dummy_images\WATCH\1.CARTIER\微商相册\11.21\原图\3.CARTIER BALLON BLEU DE SILVER SILVER STEEL CASSETTE MEN'S WATCH WSBB0049\附图\WSBB0049-5.jpeg,30,dummy_images\WATCH\1.CARTIER\微商相册\11.21\已整理\3.CARTIER BALLON BLEU DE SILVER SILVER STEEL CASSETTE MEN'S WATCH WSBB0049\附图\WSBB0049-5.jpeg,,,
dummy_images\WATCH\1.CARTIER\微商相册\11.21\原图\5.CARTIER BALLON BLEU 33 STEEL WOMEN'S WATCH AUTOMATIC WRIST W6920071\附图\W6920071-1.jpg,31,dummy_images\WATCH\1.CARTIER\微商相册\11.21\已整理\5.CARTIER BALLON BLEU 33 STEEL WOMEN'S WATCH AUTOMATIC WRIST W6920071\附图\W6920071-1 拷贝.jpg,,,
dummy_images\WATCH\1.CARTIER\微商相册\11.21\原图\5.CARTIER BALLON BLEU 33 STEEL WOMEN'S WATCH AUTOMATIC WRIST W6920071\附图\W6920071-2.jpg,31,dummy_images\WATCH\1.CARTIER\微商相册\11.21\已整理\5.CARTIER BALLON BLEU 33 STEEL WOMEN'S WATCH AUTOMATIC WRIST W6920071\附图\W6920071-2 拷贝.jpg,,,
dummy_images\WATCH\1.CARTIER\微商相册\11.21\原图\5.CARTIER BALLON BLEU 33 STEEL WOMEN'S WATCH AUTOMATIC WRIST W6920071\附图\W6920071-3.jpg,31,dummy_images\WATCH\1.CARTIER\微商相册\11.21\已整理\5.CARTIER BALLON BLEU 33 STEEL WOMEN'S WATCH AUTOMATIC WRIST W6920071\附图\W6920071-3 拷贝.jpg,,,
dummy_images\WATCH\1.CARTIER\微商相册\11.21\原图\6.CARTIER BALLON BLEU DE WATCH 28 MM STEEL DIAMOND CASE DIAMOND BEZEL PINK DIAL  W6920038\主图\W6920038.jpeg.jpg,32,,,,
dummy_images\WATCH\1.CARTIER\微商相册\11.21\原图\6.CARTIER BALLON BLEU DE WATCH 28 MM STEEL DIAMOND CASE DIAMOND BEZEL PINK DIAL  W6920038\附图\W6920038-1.jpeg,32,dummy_images\WATCH\1.CARTIER\微商相册\11.21\已整理\6.CARTIER BALLON BLEU DE WATCH 28 MM STEEL DIAMOND CASE DIAMOND BEZEL PINK DIAL  W6920038\附图\W6920038-1 拷贝.jpg,,,
dummy_images\WATCH\1.CARTIER\微商相册\11.21\原图\6.CARTIER BALLON BLEU DE WATCH 28 MM STEEL DIAMOND CASE DIAMOND BEZEL PINK DIAL  W6920038\附图\W6920038-2.jpeg,32,dummy_images\WATCH\1.CARTIER\微商相册\11.21\已整理\6.CARTIER BALLON BLEU DE WATCH 28 MM STEEL DIAMOND CASE DIAMOND BEZEL PINK DIAL  W6920038\附图\W6920038-2 拷贝.jpg,,,
dummy_images\WATCH\1.CARTIER\微商相册\11.21\原图\6.CARTIER BALLON BLEU DE WATCH 28 MM STEEL DIAMOND CASE DIAMOND BEZEL PINK DIAL  W6920038\附图\W6920038-3.jpeg,32,dummy_images\WATCH\1.CARTIER\微商相册\11.21\已整理\6.CARTIER BALLON BLEU DE WATCH 28 MM STEEL DIAMOND CASE DIAMOND BEZEL PINK DIAL  W6920038\附图\W6920038-3 拷贝.jpg,,,
dummy_images\WATCH\1.CARTIER\微商相册\11.21\原图\7.CARTIER BALLON BLEU DE CARTIER 33MM QUARTZ RED DIAL IN RED LEATHER STRAP WSBB0022\主图\WSBB0022.jpg,33,,,,
dummy_images\WATCH\1.CARTIER\微商相册\11.21\原图\7.CARTIER BALLON BLEU DE CARTIER 33MM QUARTZ RED DIAL IN RED LEATHER STRAP WSBB0022\附图\WSBB0022-1.jpg,33,dummy_images\WATCH\1.CARTIER\微商相册\11.21\已整理\7.CARTIER BALLON BLEU DE CARTIER 33MM QUARTZ RED DIAL IN RED LEATHER STRAP WSBB0022\附图\WSBB0022-1.jpg,,,
dummy_images\WATCH\1.CARTIER\微商相册\11.21\原图\7.CARTIER BALLON BLEU DE CARTIER 33MM QUARTZ RED DIAL IN RED LEATHER STRAP WSBB0022\附图\WSBB0022-2.jpg,33,dummy_images\WATCH\1.CARTIER\微商相册\11.21\已整理\7.CARTIER BALLON BLEU DE CARTIER 33MM QUARTZ RED DIAL IN RED LEATHER STRAP WSBB0022\附图\WSBB0022-2.jpg,,,
dummy_images\WATCH\1.CARTIER\微商相册\11.21\原图\7.CARTIER BALLON BLEU DE CARTIER 33MM QUARTZ RED DIAL IN RED LEATHER STRAP WSBB0022\附图\WSBB0022-3.jpg,33,dummy_images\WATCH\1.CARTIER\微商相册\11.21\已整理\7.CARTIER BALLON BLEU DE CARTIER 33MM QUARTZ RED DIAL IN RED LEATHER STRAP WSBB0022\附图\WSBB0022-3.jpg,,,
dummy_images\WATCH\1.CARTIER\微商相册\11.21\原图\8.CARTIER SANTOS 39.8MM LEATHER WATCH WSSA0018\主图\WSSA0018.jpg,34,,,,
dummy_images\WATCH\1.CARTIER\微商相册\11.21\原图\8.CARTIER SANTOS 39.8MM LEATHER WATCH WSSA0018\附图\WSSA0018-1.jpg,34,dummy_images\WATCH\1.CARTIER\微商相册\11.21\已整理\8.CARTIER SANTOS 39.8MM LEATHER WATCH WSSA0018\附图\WSSA0018-1.jpg,,,
dummy_images\WATCH\1.CARTIER\微商相册\11.21\原图\8.CARTIER SANTOS 39.8MM LEATHER WATCH WSSA0018\附图\WSSA0018-2.jpg,34,dummy_images\WATCH\1.CARTIER\微商相册\11.21\已整理\8.CARTIER SANTOS 39.8MM LEATHER WATCH WSSA0018\附图\WSSA0018-2.jpg,,,
dummy_images\WATCH\1.CARTIER\微商相册\11.21\原图\8.CARTIER SANTOS 39.8MM LEATHER WATCH WSSA0018\附图\WSSA0018-3.jpg,34,dummy_images\WATCH\1.CARTIER\微商相册\11.21\已整理\8.CARTIER SANTOS 39.8MM LEATHER WATCH WSSA0018\附图\WSSA0018-3.jpg,,,
dummy_images\WATCH\1.CARTIER\微商相册\12.23\原图\7...CARTIER TANK LOUIS WATCH WJTA0038\主图\WJTA0038.jpeg,57,,,,
dummy_images\WATCH\1.CARTIER\微商相册\12.23\原图\7...CARTIER TANK LOUIS WATCH WJTA0038\附图\WJTA0038-1.jpeg,57,dummy_images\WATCH\1.CARTIER\微商相册\12.23\已整理\7...CARTIER TANK LOUIS WATCH WJTA0038\附图\WJTA0038-1.jpeg,,,
dummy_images\WATCH\1.CARTIER\微商相册\12.23\原图\7...CARTIER TANK LOUIS WATCH WJTA0038\附图\WJTA0038-2.jpeg,57,dummy_images\WATCH\1.CARTIER\微商相册\12.23\已整理\7...CARTIER TANK LOUIS WATCH WJTA0038\附图\WJTA0038-2.jpeg,,,
dummy_images\WATCH\1.CARTIER\微商相册\12.23\原图\7...CARTIER TANK LOUIS WATCH WJTA0038\附图\WJTA0038-3.jpeg,57,dummy_images\WATCH\1.CARTIER\微商相册\12.23\已整理\7...CARTIER TANK LOUIS WATCH WJTA0038\附图\WJTA0038-3.jpeg,,,
dummy_images\WATCH\1.CARTIER\微商相册\12.23\原图\7...CARTIER TANK LOUIS WATCH WJTA0038\附图\WJTA0038-4.jpeg,57,dummy_images\WATCH\1.CARTIER\微商相册\12.23\已整理\7...CARTIER TANK LOUIS WATCH WJTA0038\附图\WJTA0038-4.jpeg,,,
dummy_images\WATCH\1.CARTIER\微商相册\12.23\原图\7...CARTIER TANK LOUIS WATCH WJTA0038\附图\WJTA0038-5.jpeg,57,dummy_images\WATCH\1.CARTIER\微商相册\12.23\已整理\7...CARTIER TANK LOUIS WATCH WJTA0038\附图\WJTA0038-5.jpeg,,,
dummy_images\WATCH\1.CARTIER\微商相册\12.23\原图\7...CARTIER TANK LOUIS WATCH WJTA0038\附图\WJTA0038-6.jpeg,57,dummy_images\WATCH\1.CARTIER\微商相册\12.23\已整理\7...CARTIER TANK LOUIS WATCH WJTA0038\附图\WJTA0038-6.jpeg,,,
dummy_images\WATCH\1.CARTIER\微商相册\12.23\原图\7...CARTIER TANK LOUIS WATCH WJTA0038\附图\WJTA0038-7.jpeg,57,dummy_images\WATCH\1.CARTIER\微商相册\12.23\已整理\7...CARTIER TANK LOUIS WATCH WJTA0038\附图\WJTA0038-7.jpeg,,,
dummy_images\WATCH\1.CARTIER\微商相册\12.23\原图\8.CARTIER TANK LOUIS ROSE GOLD DIAMOND LADIES WATCH WJTA0010\主图\WJTA0010.jpg,58,,,,
dummy_images\WATCH\1.CARTIER\微商相册\12.23\原图\8.CARTIER TANK LOUIS ROSE GOLD DIAMOND LADIES WATCH WJTA0010\附图\WJTA0010-1.jpg,58,dummy_images\WATCH\1.CARTIER\微商相册\12.23\已整理\8.CARTIER TANK LOUIS ROSE GOLD DIAMOND LADIES WATCH WJTA0010\附图\WJTA0010-1.jpg,,,
dummy_images\WATCH\1.CARTIER\微商相册\12.23\原图\8.CARTIER TANK LOUIS ROSE GOLD DIAMOND LADIES WATCH WJTA0010\附图\WJTA0010-2.jpg,58,dummy_images\WATCH\1.CARTIER\微商相册\12.23\已整理\8.CARTIER TANK LOUIS ROSE GOLD DIAMOND LADIES WATCH WJTA0010\附图\WJTA0010-2.jpg,,,
dummy_images\WATCH\1.CARTIER\微商相册\12.23\原图\8.CARTIER TANK LOUIS ROSE GOLD DIAMOND LADIES WATCH WJTA0010\附图\WJTA0010-3.jpg,58,dummy_images\WATCH\1.CARTIER\微商相册\12.23\已整理\8.CARTIER TANK LOUIS ROSE GOLD DIAMOND LADIES WATCH WJTA0010\附图\WJTA0010-3.jpg,,,
dummy_images\WATCH\1.CARTIER\微商相册\12.23\原图\11.去水印CARTIER TANK MUST STEEL CASE WATCH W4TA0016\主图\W4TA0016.jpg,59,,,,
dummy_images\WATCH\1.CARTIER\微商相册\12.23\原图\11.去水印CARTIER TANK MUST STEEL CASE WATCH W4TA0016\附图\W4TA0016-1.jpg,59,dummy_images\WATCH\1.CARTIER\微商相册\12.23\已整理\11.CARTIER TANK MUST STEEL CASE WATCH W4TA0016\附图\W4TA0016-1.jpg,,,
dummy_images\WATCH\1.CARTIER\微商相册\12.23\原图\11.去水印CARTIER TANK MUST STEEL CASE WATCH W4TA0016\附图\W4TA0016-2.jpg,59,dummy_images\WATCH\1.CARTIER\微商相册\12.23\已整理\11.CARTIER TANK MUST STEEL CASE WATCH W4TA0016\附图\W4TA0016-2.jpg,,,
dummy_images\WATCH\1.CARTIER\微商相册\12.23\原图\11.去水印CARTIER TANK MUST STEEL CASE WATCH W4TA0016\附图\W4TA0016-3.jpg,59,dummy_images\WATCH\1.CARTIER\微商相册\12.23\已整理\11.CARTIER TANK MUST STEEL CASE WATCH W4TA0016\附图\W4TA0016-3.jpg,,,
dummy_images\WATCH\1.CARTIER\微商相册\12.23\原图\11.去水印CARTIER TANK MUST STEEL CASE WATCH W4TA0016\附图\W4TA0016-4.jpg,59,dummy_images\WATCH\1.CARTIER\微商相册\12.23\已整理\11.CARTIER TANK MUST STEEL CASE WATCH W4TA0016\附图\W4TA0016-4.jpg,,,
dummy_images\WATCH\1.CARTIER\微商相册\12.23\原图\12.CARTIER TANK MUST DE LM WATCH WSTA0072\主图\WSTA0072.jpg,60,,,,
dummy_images\WATCH\1.CARTIER\微商相册\12.23\原图\12.CARTIER TANK MUST DE LM WATCH WSTA0072\附图\WSTA0072-1.jpg,60,dummy_images\WATCH\1.CARTIER\微商相册\12.23\已整理\12.CARTIER TANK MUST DE LM WATCH WSTA0072\附图\WSTA0072-1.jpg,,,
dummy_images\WATCH\1.CARTIER\微商相册\12.23\原图\12.CARTIER TANK MUST DE LM WATCH WSTA0072\附图\WSTA0072-2.jpg,60,dummy_images\WATCH\1.CARTIER\微商相册\12.23\已整理\12.CARTIER TANK MUST DE LM WATCH WSTA0072\附图\WSTA0072-2.jpg,,,
dummy_images\WATCH\1.CARTIER\微商相册\12.23\原图\12.CARTIER TANK MUST DE LM WATCH WSTA0072\附图\WSTA0072-3.jpg,60,dummy_images\WATCH\1.CARTIER\微商相册\12.23\已整理\12.CARTIER TANK MUST DE LM WATCH WSTA0072\附图\WSTA0072-3.jpg,,,
dummy_images\WATCH\1.CARTIER\微商相册\12.23\原图\12.CARTIER TANK MUST DE LM WATCH WSTA0072\附图\WSTA0072-4.jpg,60,dummy_images\WATCH\1.CARTIER\微商相册\12.23\已整理\12.CARTIER TANK MUST DE LM WATCH WSTA0072\附图\WSTA0072-4.jpg,,,
dummy_images\WATCH\1.CARTIER\微商相册\12.23\原图\15...CARTIER TANK MUST WATCH W4TA0022\主图\W4TA0022.jpeg,61,,,,
dummy_images\WATCH\1.CARTIER\微商相册\12.23\原图\15...CARTIER TANK MUST WATCH W4TA0022\附图\W4TA0022-1.jpeg,61,dummy_images\WATCH\1.CARTIER\微商相册\12.23\已整理\15...CARTIER TANK MUST WATCH W4TA0022\附图\W4TA0022-1.jpeg,,,
dummy_images\WATCH\1.CARTIER\微商相册\12.23\原图\15...CARTIER TANK MUST WATCH W4TA0022\附图\W4TA0022-2.jpeg,61,dummy_images\WATCH\1.CARTIER\微商相册\12.23\已整理\15...CARTIER TANK MUST WATCH W4TA0022\附图\W4TA0022-2.jpeg,,,
dummy_images\WATCH\1.CARTIER\微商相册\12.23\原图\15...CARTIER TANK MUST WATCH W4TA0022\附图\W4TA0022-3.jpeg,61,dummy_images\WATCH\1.CARTIER\微商相册\12.23\已整理\15...CARTIER TANK MUST WATCH W4TA0022\附图\W4TA0022-3.jpeg,,,
dummy_images\WATCH\1.CARTIER\微商相册\12.23\原图\24...CARTIER SANTOS-DUMONT WATCH W2SA0028\主图\W2SA0028.jpeg,62,,,,
dummy_images\WATCH\1.CARTIER\微商相册\12.23\原图\24...CARTIER SANTOS-DUMONT WATCH W2SA0028\附图\W2SA0028-1.jpeg,62,dummy_images\WATCH\1.CARTIER\微商相册\12.23\已整理\24...CARTIER SANTOS-DUMONT WATCH W2SA0028\附图\W2SA0028-1.jpeg,,,
dummy_images\WATCH\1.CARTIER\微商相册\12.23\原图\24...CARTIER SANTOS-DUMONT WATCH W2SA0028\附图\W2SA0028-2.jpeg,62,dummy_images\WATCH\1.CARTIER\微商相册\12.23\已整理\24...CARTIER SANTOS-DUMONT WATCH W2SA0028\附图\W2SA0028-2.jpeg,,,
dummy_images\WATCH\1.CARTIER\微商相册\12.23\原图\24...CARTIER SANTOS-DUMONT WATCH W2SA0028\附图\W2SA0028-3.jpeg,62,dummy_images\WATCH\1.CARTIER\微商相册\12.23\已整理\24...CARTIER SANTOS-DUMONT WATCH W2SA0028\附图\W2SA0028-3.jpeg,,,
dummy_images\WATCH\1.CARTIER\微商相册\12.23\原图\24...CARTIER SANTOS-DUMONT WATCH W2SA0028\附图\W2SA0028-4.jpeg,62,dummy_images\WATCH\1.CARTIER\微商相册\12.23\已整理\24...CARTIER SANTOS-DUMONT WATCH W2SA0028\附图\W2SA0028-4.jpeg,,,
dummy_images\WATCH\1.CARTIER\微商相册\12.23\原图\24...CARTIER SANTOS-DUMONT WATCH W2SA0028\附图\W2SA0028-5.jpeg,62,dummy_images\WATCH\1.CARTIER\微商相册\12.23\已整理\24...CARTIER SANTOS-DUMONT WATCH W2SA0028\附图\W2SA0028-5.jpeg,,,
dummy_images\WATCH\1.CARTIER\微商相册\12.23\原图\24...CARTIER SANTOS-DUMONT WATCH W2SA0028\附图\W2SA0028-6.png,62,dummy_images\WATCH\1.CARTIER\微商相册\12.23\已整理\24...CARTIER SANTOS-DUMONT WATCH W2SA0028\附图\W2SA0028-6.png,,,
dummy_images\WATCH\1.CARTIER\微商相册\12.23\原图\27...CARTIER SANTOS-DUMONT WATCH WSSA0032\主图\WSSA0032.jpeg,63,,,,
dummy_images\WATCH\1.CARTIER\微商相册\12.23\原图\27...CARTIER SANTOS-DUMONT WATCH WSSA0032\附图\WSSA0032-01.png,63,dummy_images\WATCH\1.CARTIER\微商相册\12.23\已整理\27...CARTIER SANTOS-DUMONT WATCH WSSA0032\附图\WSSA0032-01.png,,,
dummy_images\WATCH\1.CARTIER\微商相册\12.23\原图\27...CARTIER SANTOS-DUMONT WATCH WSSA0032\附图\WSSA0032-02.jpeg,63,dummy_images\WATCH\1.CARTIER\微商相册\12.23\已整理\27...CARTIER SANTOS-DUMONT WATCH WSSA0032\附图\WSSA0032-02.jpeg,,,
dummy_images\WATCH\1.CARTIER\微商相册\12.23\原图\27...CARTIER SANTOS-DUMONT WATCH WSSA0032\附图\WSSA0032-03.jpeg,63,dummy_images\WATCH\1.CARTIER\微商相册\12.23\已整理\27...CARTIER SANTOS-DUMONT WATCH WSSA0032\附图\WSSA0032-03.jpeg,,,
dummy_images\WATCH\1.CARTIER\微商相册\12.23\原图\27...CARTIER SANTOS-DUMONT WATCH WSSA0032\附图\WSSA0032-04.jpeg,63,dummy_images\WATCH\1.CARTIER\微商相册\12.23\已整理\27...CARTIER SANTOS-DUMONT WATCH WSSA0032\附图\WSSA0032-04.jpeg,,,
dummy_images\WATCH\1.CARTIER\微商相册\12.23\原图\27...CARTIER SANTOS-DUMONT WATCH WSSA0032\附图\WSSA0032-05.jpeg,63,dummy_images\WATCH\1.CARTIER\微商相册\12.23\已整理\27...CARTIER SANTOS-DUMONT WATCH WSSA0032\附图\WSSA0032-05.jpeg,,,
dummy_images\WATCH\1.CARTIER\微商相册\12.23\原图\28...CARTIER SANTOS-DUMONT WATCH W2SA0017\主图\W2SA0017.jpeg,64,,,,
dummy_images\WATCH\1.CARTIER\微商相册\12.23\原图\28...CARTIER SANTOS-DUMONT WATCH W2SA0017\附图\W2SA0017-1.jpeg,64,dummy_images\WATCH\1.CARTIER\微商相册\12.23\已整理\28...CARTIER SANTOS-DUMONT WATCH W2SA0017\附图\W2SA0017-1.jpeg,,,
dummy_images\WATCH\1.CARTIER\微商相册\12.23\原图\28...CARTIER SANTOS-DUMONT WATCH W2SA0017\附图\W2SA0017-2.jpeg,64,dummy_images\WATCH\1.CARTIER\微商相册\12.23\已整理\28...CARTIER SANTOS-DUMONT WATCH W2SA0017\附图\W2SA0017-2.jpeg,,,
dummy_images\WATCH\1.CARTIER\微商相册\12.23\原图\28...CARTIER SANTOS-DUMONT WATCH W2SA0017\附图\W2SA0017-3.jpeg,64,dummy_images\WATCH\1.CARTIER\微商相册\12.23\已整理\28...CARTIER SANTOS-DUMONT WATCH W2SA0017\附图\W2SA0017-3.jpeg,,,
dummy_images\WATCH\1.CARTIER\微商相册\12.23\原图\28...CARTIER SANTOS-DUMONT WATCH W2SA0017\附图\W2SA0017-4.jpeg,64,dummy_images\WATCH\1.CARTIER\微商相册\12.23\已整理\28...CARTIER SANTOS-DUMONT WATCH W2SA0017\附图\W2SA0017-4.jpeg,,,
dummy_images\WATCH\1.CARTIER\微商相册\12.23\原图\28...CARTIER SANTOS-DUMONT WATCH W2SA0017\附图\W2SA0017-5.jpeg,64,dummy_images\WATCH\1.CARTIER\微商相册\12.23\已整理\28...CARTIER SANTOS-DUMONT WATCH W2SA0017\附图\W2SA0017-5.jpeg,,,
dummy_images\WATCH\1.CARTIER\微商相册\12.23\原图\31...CARTIER TANK FRAN?AISE WATCH W4TA0021\主图\W4TA0021.jpeg,65,,,,
dummy_images\WATCH\1.CARTIER\微商相册\12.23\原图\31...CARTIER TANK FRAN?AISE WATCH W4TA0021\附图\W4TA0021-1.jpeg,65,dummy_images\WATCH\1.CARTIER\微商相册\12.23\已整理\31...CARTIER TANK FRAN?AISE WATCH W4TA0021\附图\W4TA0021-1.jpeg,,,
dummy_images\WATCH\1.CARTIER\微商相册\12.23\原图\31...CARTIER TANK FRAN?AISE WATCH W4TA0021\附图\W4TA0021-2.jpeg,65,dummy_images\WATCH\1.CARTIER\微商相册\12.23\已整理\31...CARTIER TANK FRAN?AISE WATCH W4TA0021\附图\W4TA0021-2.jpeg,,,
dummy_images\WATCH\1.CARTIER\微商相册\12.23\原图\31...CARTIER TANK FRAN?AISE WATCH W4TA0021\附图\W4TA0021-3.jpeg,65,dummy_images\WATCH\1.CARTIER\微商相册\12.23\已整理\31...CARTIER TANK FRAN?AISE WATCH W4TA0021\附图\W4TA0021-3.jpeg,,,
dummy_images\WATCH\1.CARTIER\微商相册\12.23\原图\31...CARTIER TANK FRAN?AISE WATCH W4TA0021\附图\W4TA0021-4.jpeg,65,dummy_images\WATCH\1.CARTIER\微商相册\12.23\已整理\31...CARTIER TANK FRAN?AISE WATCH W4TA0021\附图\W4TA0021-4.jpeg,,,
dummy_images\WATCH\1.CARTIER\微商相册\12.23\原图\31...CARTIER TANK FRAN?AISE WATCH W4TA0021\附图\W4TA0021-5.jpeg,65,dummy_images\WATCH\1.CARTIER\微商相册\12.23\已整理\31...CARTIER TANK FRAN?AISE WATCH W4TA0021\附图\W4TA0021-5.jpeg,,,
dummy_images\WATCH\1.CARTIER\微商相册\12.23\原图\31...CARTIER TANK FRAN?AISE WATCH W4TA0021\附图\W4TA0021-6.jpeg,65,dummy_images\WATCH\1.CARTIER\微商相册\12.23\已整理\31...CARTIER TANK FRAN?AISE WATCH W4TA0021\附图\W4TA0021-6.jpeg,,,
dummy_images\WATCH\1.CARTIER\微商相册\12.23\原图\31...CARTIER TANK FRAN?AISE WATCH W4TA0021\附图\W4TA0021-7.jpeg,65,dummy_images\WATCH\1.CARTIER\微商相册\12.23\已整理\31...CARTIER TANK FRAN?AISE WATCH W4TA0021\附图\W4TA0021-7.jpeg,,,
dummy_images\WATCH\1.CARTIER\微商相册\12.23\原图\31...CARTIER TANK FRAN?AISE WATCH W4TA0021\附图\W4TA0021-8.jpeg,65,dummy_images\WATCH\1.CARTIER\微商相册\12.23\已整理\31...CARTIER TANK FRAN?AISE WATCH W4TA0021\附图\W4TA0021-8.jpeg,,,
dummy_images\WATCH\1.CARTIER\微商相册\12.23\原图\32...CARTIER TANK FRAN?AISE WATCH WSTA0074\主图\WSTA0074.jpeg,66,,,,
dummy_images\WATCH\1.CARTIER\微商相册\12.23\原图\32...CARTIER TANK FRAN?AISE WATCH WSTA0074\附图\WSTA0074-1.jpeg,66,dummy_images\WATCH\1.CARTIER\微商相册\12.23\已整理\32...CARTIER TANK FRAN?AISE WATCH WSTA0074\附图\WSTA0074-1.jpeg,,,
dummy_images\WATCH\1.CARTIER\微商相册\12.23\原图\32...CARTIER TANK FRAN?AISE WATCH WSTA0074\附图\WSTA0074-2.jpeg,66,dummy_images\WATCH\1.CARTIER\微商相册\12.23\已整理\32...CARTIER TANK FRAN?AISE WATCH WSTA0074\附图\WSTA0074-2.jpeg,,,
dummy_images\WATCH\1.CARTIER\微商相册\12.23\原图\32...CARTIER TANK FRAN?AISE WATCH WSTA0074\附图\WSTA0074-3.jpeg,66,dummy_images\WATCH\1.CARTIER\微商相册\12.23\已整理\32...CARTIER TANK FRAN?AISE WATCH WSTA0074\附图\WSTA0074-3.jpeg,,,
dummy_images\WATCH\1.CARTIER\微商相册\12.23\原图\32...CARTIER TANK FRAN?AISE WATCH WSTA0074\附图\WSTA0074-4.jpeg,66,dummy_images\WATCH\1.CARTIER\微商相册\12.23\已整理\32...CARTIER TANK FRAN?AISE WATCH WSTA0074\附图\WSTA0074-4.jpeg,,,
dummy_images\WATCH\1.CARTIER\微商相册\12.23\原图\32...CARTIER TANK FRAN?AISE WATCH WSTA0074\附图\WSTA0074-5.jpeg,66,dummy_images\WATCH\1.CARTIER\微商相册\12.23\已整理\32...CARTIER TANK FRAN?AISE WATCH WSTA0074\附图\WSTA0074-5.jpeg,,,
dummy_images\WATCH\1.CARTIER\微商相册\12.23\原图\32...CARTIER TANK FRAN?AISE WATCH WSTA0074\附图\WSTA0074-6.jpeg,66,dummy_images\WATCH\1.CARTIER\微商相册\12.23\已整理\32...CARTIER TANK FRAN?AISE WATCH WSTA0074\附图\WSTA0074-6.jpeg,,,
dummy_images\WATCH\1.CARTIER\微商相册\12.23\原图\32...CARTIER TANK FRAN?AISE WATCH WSTA0074\附图\WSTA0074-7.jpeg,66,dummy_images\WATCH\1.CARTIER\微商相册\12.23\已整理\32...CARTIER TANK FRAN?AISE WATCH WSTA0074\附图\WSTA0074-7.jpeg,,,
dummy_images\WATCH\1.CARTIER\微商相册\12.23\原图\33...CARTIER TANK FRAN?AISE WATCH W4TA0020\主图\W4TA0020.jpeg,67,,,,
dummy_images\WATCH\1.CARTIER\微商相册\12.23\原图\33...CARTIER TANK FRAN?AISE WATCH W4TA0020\附图\W4TA0020-1.jpeg,67,dummy_images\WATCH\1.CARTIER\微商相册\12.23\已整理\33...CARTIER TANK FRAN?AISE WATCH W4TA0020\附图\W4TA0020-1.jpeg,,,
dummy_images\WATCH\1.CARTIER\微商相册\12.23\原图\33...CARTIER TANK FRAN?AISE WATCH W4TA0020\附图\W4TA0020-2.jpeg,67,dummy_images\WATCH\1.CARTIER\微商相册\12.23\已整理\33...CARTIER TANK FRAN?AISE WATCH W4TA0020\附图\W4TA0020-2.jpeg,,,
dummy_images\WATCH\1.CARTIER\微商相册\12.23\原图\33...CARTIER TANK FRAN?AISE WATCH W4TA0020\附图\W4TA0020-3.jpeg,67,dummy_images\WATCH\1.CARTIER\微商相册\12.23\已整理\33...CARTIER TANK FRAN?AISE WATCH W4TA0020\附图\W4TA0020-3.jpeg,,,
dummy_images\WATCH\1.CARTIER\微商相册\12.23\原图\33...CARTIER TANK FRAN?AISE WATCH W4TA0020\附图\W4TA0020-4.jpeg,67,dummy_images\WATCH\1.CARTIER\微商相册\12.23\已整理\33...CARTIER TANK FRAN?AISE WATCH W4TA0020\附图\W4TA0020-4.jpeg,,,
dummy_images\WATCH\1.CARTIER\微商相册\12.23\原图\33...CARTIER TANK FRAN?AISE WATCH W4TA0020\附图\W4TA0020-5.jpeg,67,dummy_images\WATCH\1.CARTIER\微商相册\12.23\已整理\33...CARTIER TANK FRAN?AISE WATCH W4TA0020\附图\W4TA0020-5.jpeg,,,
dummy_images\WATCH\1.CARTIER\微商相册\12.23\原图\33...CARTIER TANK FRAN?AISE WATCH W4TA0020\附图\W4TA0020-6.jpeg,67,dummy_images\WATCH\1.CARTIER\微商相册\12.23\已整理\33...CARTIER TANK FRAN?AISE WATCH W4TA0020\附图\W4TA0020-6.jpeg,,,
dummy_images\WATCH\1.CARTIER\微商相册\12.24\原图\1.CARTIER TANK SOLO WATCH W5200028\主图\W5200028.jpg,73,,,,
dummy_images\WATCH\1.CARTIER\微商相册\12.24\原图\1.CARTIER TANK SOLO WATCH W5200028\附图\W5200028-1.jpg,73,dummy_images\WATCH\1.CARTIER\微商相册\12.24\已整理\1.CARTIER TANK SOLO WATCH W5200028\附图\W5200028-1.jpg,,,
dummy_images\WATCH\1.CARTIER\微商相册\12.24\原图\1.CARTIER TANK SOLO WATCH W5200028\附图\W5200028-2.jpg,73,dummy_images\WATCH\1.CARTIER\微商相册\12.24\已整理\1.CARTIER TANK SOLO WATCH W5200028\附图\W5200028-2.jpg,,,
dummy_images\WATCH\1.CARTIER\微商相册\12.24\原图\1.CARTIER TANK SOLO WATCH W5200028\附图\W5200028-3.jpg,73,dummy_images\WATCH\1.CARTIER\微商相册\12.24\已整理\1.CARTIER TANK SOLO WATCH W5200028\附图\W5200028-3.jpg,,,
dummy_images\WATCH\1.CARTIER\微商相册\12.24\原图\1.CARTIER TANK SOLO WATCH W5200028\附图\W5200028-4.jpg,73,dummy_images\WATCH\1.CARTIER\微商相册\12.24\已整理\1.CARTIER TANK SOLO WATCH W5200028\附图\W5200028-4.jpg,,,
dummy_images\WATCH\1.CARTIER\微商相册\12.24\原图\3...CARTIER TANK MUST DE WATCH WSTA0041\主图\WSTA0041.jpeg,74,,,,
dummy_images\WATCH\1.CARTIER\微商相册\12.24\原图\3...CARTIER TANK MUST DE WATCH WSTA0041\附图\WSTA0041-1.jpeg,74,dummy_images\WATCH\1.CARTIER\微商相册\12.24\已整理\3...CARTIER TANK MUST DE WATCH WSTA0041\附图\WSTA0041-1.jpg,,,
dummy_images\WATCH\1.CARTIER\微商相册\12.24\原图\3...CARTIER TANK MUST DE WATCH WSTA0041\附图\WSTA0041-2.png,74,dummy_images\WATCH\1.CARTIER\微商相册\12.24\已整理\3...CARTIER TANK MUST DE WATCH WSTA0041\附图\WSTA0041-2.jpg,,,
dummy_images\WATCH\1.CARTIER\微商相册\12.24\原图\3...CARTIER TANK MUST DE WATCH WSTA0041\附图\WSTA0041-3.jpeg,74,dummy_images\WATCH\1.CARTIER\微商相册\12.24\已整理\3...CARTIER TANK MUST DE WATCH WSTA0041\附图\WSTA0041-3.jpg,,,
dummy_images\WATCH\1.CARTIER\微商相册\12.24\原图\3...CARTIER TANK MUST DE WATCH WSTA0041\附图\WSTA0041-4.jpeg,74,dummy_images\WATCH\1.CARTIER\微商相册\12.24\已整理\3...CARTIER TANK MUST DE WATCH WSTA0041\附图\WSTA0041-4.jpg,,,
dummy_images\WATCH\1.CARTIER\微商相册\12.24\原图\3...CARTIER TANK MUST DE WATCH WSTA0041\附图\WSTA0041-5.jpeg,74,dummy_images\WATCH\1.CARTIER\微商相册\12.24\已整理\3...CARTIER TANK MUST DE WATCH WSTA0041\附图\WSTA0041-5.jpg,,,
dummy_images\WATCH\1.CARTIER\微商相册\12.24\原图\4...CARTIER TANK MUST SOLARBEAT? WATCH WSTA0092\主图\WSTA0092.jpeg,75,,,,
dummy_images\WATCH\1.CARTIER\微商相册\12.24\原图\4...CARTIER TANK MUST SOLARBEAT? WATCH WSTA0092\附图\WSTA0092-1.jpeg,75,dummy_images\WATCH\1.CARTIER\微商相册\12.24\已整理\4...CARTIER TANK MUST SOLARBEAT? WATCH WSTA0092\附图\WSTA0092-1.jpg,,,
dummy_images\WATCH\1.CARTIER\微商相册\12.24\原图\4...CARTIER TANK MUST SOLARBEAT? WATCH WSTA0092\附图\WSTA0092-2.jpeg,75,dummy_images\WATCH\1.CARTIER\微商相册\12.24\已整理\4...CARTIER TANK MUST SOLARBEAT? WATCH WSTA0092\附图\WSTA0092-2.jpg,,,
dummy_images\WATCH\1.CARTIER\微商相册\12.24\原图\4...CARTIER TANK MUST SOLARBEAT? WATCH WSTA0092\附图\WSTA0092-3.jpeg,75,dummy_images\WATCH\1.CARTIER\微商相册\12.24\已整理\4...CARTIER TANK MUST SOLARBEAT? WATCH WSTA0092\附图\WSTA0092-3.jpg,,,
dummy_images\WATCH\1.CARTIER\微商相册\12.24\原图\4...CARTIER TANK MUST SOLARBEAT? WATCH WSTA0092\附图\WSTA0092-4.jpeg,75,dummy_images\WATCH\1.CARTIER\微商相册\12.24\已整理\4...CARTIER TANK MUST SOLARBEAT? WATCH WSTA0092\附图\WSTA0092-4.jpg,,,
dummy_images\WATCH\1.CARTIER\微商相册\12.24\原图\8...改细节CARTIER SANTOS DE SKELETON WATCH WHSA0019\主图\WHSA0019.jpeg,76,,,,
dummy_images\WATCH\1.CARTIER\微商相册\12.24\原图\8...改细节CARTIER SANTOS DE SKELETON WATCH WHSA0019\附图\WHSA0019-1.jpeg,76,,,,
dummy_images\WATCH\1.CARTIER\微商相册\12.24\原图\8...改细节CARTIER SANTOS DE SKELETON WATCH WHSA0019\附图\WHSA0019-2.jpeg,76,,,,
dummy_images\WATCH\1.CARTIER\微商相册\12.24\原图\8...改细节CARTIER SANTOS DE SKELETON WATCH WHSA0019\附图\WHSA0019-3.jpeg,76,,,,
dummy_images\WATCH\1.CARTIER\微商相册\12.24\原图\9...CARTIER SANTOS DE SKELETON WATCH WHSA0015\主图\WHSA0015.jpeg,77,,,,
dummy_images\WATCH\1.CARTIER\微商相册\12.24\原图\9...CARTIER SANTOS DE SKELETON WATCH WHSA0015\附图\WHSA0015-1.jpeg,77,dummy_images\WATCH\1.CARTIER\微商相册\12.24\已整理\9...CARTIER SANTOS DE SKELETON WATCH WHSA0015\附图\WHSA0015-1.jpg,,,
dummy_images\WATCH\1.CARTIER\微商相册\12.24\原图\9...CARTIER SANTOS DE SKELETON WATCH WHSA0015\附图\WHSA0015-2.png,77,dummy_images\WATCH\1.CARTIER\微商相册\12.24\已整理\9...CARTIER SANTOS DE SKELETON WATCH WHSA0015\附图\WHSA0015-2.jpg,,,
dummy_images\WATCH\1.CARTIER\微商相册\12.24\原图\9...CARTIER SANTOS DE SKELETON WATCH WHSA0015\附图\WHSA0015-3.jpeg,77,dummy_images\WATCH\1.CARTIER\微商相册\12.24\已整理\9...CARTIER SANTOS DE SKELETON WATCH WHSA0015\附图\WHSA0015-3.jpg,,,
dummy_images\WATCH\1.CARTIER\微商相册\12.24\原图\9...CARTIER SANTOS DE SKELETON WATCH WHSA0015\附图\WHSA0015-4.jpeg,77,dummy_images\WATCH\1.CARTIER\微商相册\12.24\已整理\9...CARTIER SANTOS DE SKELETON WATCH WHSA0015\附图\WHSA0015-4.jpg,,,
dummy_images\WATCH\1.CARTIER\微商相册\12.24\原图\9...CARTIER SANTOS DE SKELETON WATCH WHSA0015\附图\WHSA0015-5.jpeg,77,dummy_images\WATCH\1.CARTIER\微商相册\12.24\已整理\9...CARTIER SANTOS DE SKELETON WATCH WHSA0015\附图\WHSA0015-5.jpg,,,
dummy_images\WATCH\1.CARTIER\微商相册\12.24\原图\11...CARTIER SANTOS-DUMONT SKELETON WATCH WITH MICRO-ROTOR WHSA0030\主图\WHSA0030.jpeg,78,,,,
dummy_images\WATCH\1.CARTIER\微商相册\12.24\原图\11...CARTIER SANTOS-DUMONT SKELETON WATCH WITH MICRO-ROTOR WHSA0030\附图\WHSA0030-1.jpeg,78,dummy_images\WATCH\1.CARTIER\微商相册\12.24\已整理\11...CARTIER SANTOS-DUMONT SKELETON WATCH WITH MICRO-ROTOR WHSA0030\附图\WHSA0030-1.jpg,,,
dummy_images\WATCH\1.CARTIER\微商相册\12.24\原图\11...CARTIER SANTOS-DUMONT SKELETON WATCH WITH MICRO-ROTOR WHSA0030\附图\WHSA0030-2.jpeg,78,dummy_images\WATCH\1.CARTIER\微商相册\12.24\已整理\11...CARTIER SANTOS-DUMONT SKELETON WATCH WITH MICRO-ROTOR WHSA0030\附图\WHSA0030-2.jpg,,,
dummy_images\WATCH\1.CARTIER\微商相册\12.24\原图\11...CARTIER SANTOS-DUMONT SKELETON WATCH WITH MICRO-ROTOR WHSA0030\附图\WHSA0030-3.jpeg,78,dummy_images\WATCH\1.CARTIER\微商相册\12.24\已整理\11...CARTIER SANTOS-DUMONT SKELETON WATCH WITH MICRO-ROTOR WHSA0030\附图\WHSA0030-3.jpg,,,
dummy_images\WATCH\1.CARTIER\微商相册\12.24\原图\11...CARTIER SANTOS-DUMONT SKELETON WATCH WITH MICRO-ROTOR WHSA0030\附图\WHSA0030-4.jpeg,78,dummy_images\WATCH\1.CARTIER\微商相册\12.24\已整理\11...CARTIER SANTOS-DUMONT SKELETON WATCH WITH MICRO-ROTOR WHSA0030\附图\WHSA0030-4.jpg,,,
dummy_images\WATCH\1.CARTIER\微商相册\12.24\原图\13...CARTIER SANTOS-DUMONT SKELETON WATCH WITH MICRO-ROTOR WHSA0032\主图\WHSA0032.jpeg,79,,,,
dummy_images\WATCH\1.CARTIER\微商相册\12.24\原图\13...CARTIER SANTOS-DUMONT SKELETON WATCH WITH MICRO-ROTOR WHSA0032\附图\WHSA0032-1.jpeg,79,dummy_images\WATCH\1.CARTIER\微商相册\12.24\已整理\13...CARTIER SANTOS-DUMONT SKELETON WATCH WITH MICRO-ROTOR WHSA0032\附图\WHSA0032-1.jpg,,,
dummy_images\WATCH\1.CARTIER\微商相册\12.24\原图\13...CARTIER SANTOS-DUMONT SKELETON WATCH WITH MICRO-ROTOR WHSA0032\附图\WHSA0032-2.jpeg,79,dummy_images\WATCH\1.CARTIER\微商相册\12.24\已整理\13...CARTIER SANTOS-DUMONT SKELETON WATCH WITH MICRO-ROTOR WHSA0032\附图\WHSA0032-2.jpg,,,
dummy_images\WATCH\1.CARTIER\微商相册\12.24\原图\13...CARTIER SANTOS-DUMONT SKELETON WATCH WITH MICRO-ROTOR WHSA0032\附图\WHSA0032-3.jpeg,79,dummy_images\WATCH\1.CARTIER\微商相册\12.24\已整理\13...CARTIER SANTOS-DUMONT SKELETON WATCH WITH MICRO-ROTOR WHSA0032\附图\WHSA0032-3.jpg,,,
dummy_images\WATCH\1.CARTIER\微商相册\12.24\原图\13...CARTIER SANTOS-DUMONT SKELETON WATCH WITH MICRO-ROTOR WHSA0032\附图\WHSA0032-4.jpeg,79,dummy_images\WATCH\1.CARTIER\微商相册\12.24\已整理\13...CARTIER SANTOS-DUMONT SKELETON WATCH WITH MICRO-ROTOR WHSA0032\附图\WHSA0032-4.jpg,,,
dummy_images\WATCH\1.CARTIER\微商相册\12.24\原图\14...CARTIER SANTOS DE WATCH WGSA0018\主图\WGSA0018.jpeg,80,,,,
dummy_images\WATCH\1.CARTIER\微商相册\12.24\原图\14...CARTIER SANTOS DE WATCH WGSA0018\附图\WGSA0018-1.jpeg,80,dummy_images\WATCH\1.CARTIER\微商相册\12.24\已整理\14...CARTIER SANTOS DE WATCH WGSA0018\附图\WGSA0018-1.jpg,,,
dummy_images\WATCH\1.CARTIER\微商相册\12.24\原图\14...CARTIER SANTOS DE WATCH WGSA0018\附图\WGSA0018-2.jpeg,80,dummy_images\WATCH\1.CARTIER\微商相册\12.24\已整理\14...CARTIER SANTOS DE WATCH WGSA0018\附图\WGSA0018-2.jpg,,,
dummy_images\WATCH\1.CARTIER\微商相册\12.24\原图\14...CARTIER SANTOS DE WATCH WGSA0018\附图\WGSA0018-3.jpeg,80,dummy_images\WATCH\1.CARTIER\微商相册\12.24\已整理\14...CARTIER SANTOS DE WATCH WGSA0018\附图\WGSA0018-3.jpg,,,
dummy_images\WATCH\1.CARTIER\微商相册\12.24\原图\15...CARTIER SANTOS DE WATCH W2SA0009\主图\W2SA0009.jpeg,81,,,,
dummy_images\WATCH\1.CARTIER\微商相册\12.24\原图\15...CARTIER SANTOS DE WATCH W2SA0009\附图\W2SA0009-1.png,81,dummy_images\WATCH\1.CARTIER\微商相册\12.24\已整理\15...CARTIER SANTOS DE WATCH W2SA0009\附图\W2SA0009-1.jpg,,,
dummy_images\WATCH\1.CARTIER\微商相册\12.24\原图\15...CARTIER SANTOS DE WATCH W2SA0009\附图\W2SA0009-2.jpeg,81,dummy_images\WATCH\1.CARTIER\微商相册\12.24\已整理\15...CARTIER SANTOS DE WATCH W2SA0009\附图\W2SA0009-2.jpg,,,
dummy_images\WATCH\1.CARTIER\微商相册\12.24\原图\15...CARTIER SANTOS DE WATCH W2SA0009\附图\W2SA0009-3.jpeg,81,dummy_images\WATCH\1.CARTIER\微商相册\12.24\已整理\15...CARTIER SANTOS DE WATCH W2SA0009\附图\W2SA0009-3.jpg,,,
dummy_images\WATCH\1.CARTIER\微商相册\12.24\原图\15...CARTIER SANTOS DE WATCH W2SA0009\附图\W2SA0009-4.jpeg,81,dummy_images\WATCH\1.CARTIER\微商相册\12.24\已整理\15...CARTIER SANTOS DE WATCH W2SA0009\附图\W2SA0009-4.jpg,,,
dummy_images\WATCH\1.CARTIER\微商相册\12.24\原图\15...CARTIER SANTOS DE WATCH W2SA0009\附图\W2SA0009-5.jpeg,81,dummy_images\WATCH\1.CARTIER\微商相册\12.24\已整理\15...CARTIER SANTOS DE WATCH W2SA0009\附图\W2SA0009-5.jpg,,,
dummy_images\WATCH\1.CARTIER\微商相册\12.24\原图\25...CARTIER SANTOS DE WATCH WSSA0030\主图\WSSA0030.jpeg,82,,,,
dummy_images\WATCH\1.CARTIER\微商相册\12.24\原图\25...CARTIER SANTOS DE WATCH WSSA0030\附图\WSSA0030-1.jpeg,82,dummy_images\WATCH\1.CARTIER\微商相册\12.24\已整理\25...CARTIER SANTOS DE WATCH WSSA0030\附图\WSSA0030-1.jpg,,,
dummy_images\WATCH\1.CARTIER\微商相册\12.24\原图\25...CARTIER SANTOS DE WATCH WSSA0030\附图\WSSA0030-2.jpeg,82,dummy_images\WATCH\1.CARTIER\微商相册\12.24\已整理\25...CARTIER SANTOS DE WATCH WSSA0030\附图\WSSA0030-2.jpg,,,
dummy_images\WATCH\1.CARTIER\微商相册\12.24\原图\25...CARTIER SANTOS DE WATCH WSSA0030\附图\WSSA0030-3.jpeg,82,dummy_images\WATCH\1.CARTIER\微商相册\12.24\已整理\25...CARTIER SANTOS DE WATCH WSSA0030\附图\WSSA0030-3.jpg,,,
dummy_images\WATCH\1.CARTIER\微商相册\12.24\原图\25...CARTIER SANTOS DE WATCH WSSA0030\附图\WSSA0030-4.jpeg,82,dummy_images\WATCH\1.CARTIER\微商相册\12.24\已整理\25...CARTIER SANTOS DE WATCH WSSA0030\附图\WSSA0030-4.jpg,,,
dummy_images\WATCH\1.CARTIER\微商相册\12.24\原图\27...CARTIER SANTOS DE WATCH WSSA0029\主图\WSSA0029.jpeg,83,,,,
dummy_images\WATCH\1.CARTIER\微商相册\12.24\原图\27...CARTIER SANTOS DE WATCH WSSA0029\附图\WSSA0029-1.jpeg,83,dummy_images\WATCH\1.CARTIER\微商相册\12.24\已整理\27...CARTIER SANTOS DE WATCH WSSA0029\附图\WSSA0029-1.jpg,,,
dummy_images\WATCH\1.CARTIER\微商相册\12.24\原图\27...CARTIER SANTOS DE WATCH WSSA0029\附图\WSSA0029-2.jpeg,83,dummy_images\WATCH\1.CARTIER\微商相册\12.24\已整理\27...CARTIER SANTOS DE WATCH WSSA0029\附图\WSSA0029-2.jpg,,,
dummy_images\WATCH\1.CARTIER\微商相册\12.24\原图\27...CARTIER SANTOS DE WATCH WSSA0029\附图\WSSA0029-3.jpeg,83,dummy_images\WATCH\1.CARTIER\微商相册\12.24\已整理\27...CARTIER SANTOS DE WATCH WSSA0029\附图\WSSA0029-3.jpg,,,
dummy_images\WATCH\1.CARTIER\微商相册\12.24\原图\27...CARTIER SANTOS DE WATCH WSSA0029\附图\WSSA0029-4.jpeg,83,dummy_images\WATCH\1.CARTIER\微商相册\12.24\已整理\27...CARTIER SANTOS DE WATCH WSSA0029\附图\WSSA0029-4.jpg,,,
dummy_images\WATCH\1.CARTIER\微商相册\12.24\原图\27...CARTIER SANTOS DE WATCH WSSA0029\附图\WSSA0029-5.jpeg,83,dummy_images\WATCH\1.CARTIER\微商相册\12.24\已整理\27...CARTIER SANTOS DE WATCH WSSA0029\附图\WSSA0029-5.jpg,,,
dummy_images\WATCH\1.CARTIER\微商相册\12.24\原图\27...CARTIER SANTOS DE WATCH WSSA0029\附图\WSSA0029-6.jpeg,83,dummy_images\WATCH\1.CARTIER\微商相册\12.24\已整理\27...CARTIER SANTOS DE WATCH WSSA0029\附图\WSSA0029-6.jpg,,,
dummy_images\WATCH\1.CARTIER\微商相册\12.24\原图\29.CARTIER SANTOS ROSE GOLD MIDSIZE WATCH WGSA0008\主图\WGSA0008.jpg,84,,,,
dummy_images\WATCH\1.CARTIER\微商相册\12.24\原图\29.CARTIER SANTOS ROSE GOLD MIDSIZE WATCH WGSA0008\附图\WGSA0008-1.jpg,84,dummy_images\WATCH\1.CARTIER\微商相册\12.24\已整理\29.CARTIER SANTOS ROSE GOLD MIDSIZE WATCH WGSA0008\附图\WGSA0008-1.jpg,,,
dummy_images\WATCH\1.CARTIER\微商相册\12.24\原图\29.CARTIER SANTOS ROSE GOLD MIDSIZE WATCH WGSA0008\附图\WGSA0008-2.jpg,84,dummy_images\WATCH\1.CARTIER\微商相册\12.24\已整理\29.CARTIER SANTOS ROSE GOLD MIDSIZE WATCH WGSA0008\附图\WGSA0008-2.jpg,,,
dummy_images\WATCH\1.CARTIER\微商相册\12.24\原图\29.CARTIER SANTOS ROSE GOLD MIDSIZE WATCH WGSA0008\附图\WGSA0008-3.jpg,84,dummy_images\WATCH\1.CARTIER\微商相册\12.24\已整理\29.CARTIER SANTOS ROSE GOLD MIDSIZE WATCH WGSA0008\附图\WGSA0008-3.jpg,,,
dummy_images\WATCH\1.CARTIER\微商相册\12.24\原图\30...CARTIER SANTOS DE WATCH WGSA0030\主图\WGSA0030.jpeg,85,,,,
dummy_images\WATCH\1.CARTIER\微商相册\12.24\原图\30...CARTIER SANTOS DE WATCH WGSA0030\附图\WGSA0030-1.jpeg,85,dummy_images\WATCH\1.CARTIER\微商相册\12.24\已整理\30...CARTIER SANTOS DE WATCH WGSA0030\附图\WGSA0030-1.jpg,,,
dummy_images\WATCH\1.CARTIER\微商相册\12.24\原图\30...CARTIER SANTOS DE WATCH WGSA0030\附图\WGSA0030-2.jpeg,85,dummy_images\WATCH\1.CARTIER\微商相册\12.24\已整理\30...CARTIER SANTOS DE WATCH WGSA0030\附图\WGSA0030-2.jpg,,,
dummy_images\WATCH\1.CARTIER\微商相册\12.24\原图\30...CARTIER SANTOS DE WATCH WGSA0030\附图\WGSA0030-3.jpeg,85,dummy_images\WATCH\1.CARTIER\微商相册\12.24\已整理\30...CARTIER SANTOS DE WATCH WGSA0030\附图\WGSA0030-3.jpg,,,
dummy_images\WATCH\1.CARTIER\微商相册\12.24\原图\30...CARTIER SANTOS DE WATCH WGSA0030\附图\WGSA0030-4.jpeg,85,dummy_images\WATCH\1.CARTIER\微商相册\12.24\已整理\30...CARTIER SANTOS DE WATCH WGSA0030\附图\WGSA0030-4.jpg,,,
dummy_images\WATCH\1.CARTIER\微商相册\12.24\原图\31...CARTIER SANTOS DE WATCH WJSA0010\主图\WJSA0010.jpeg,86,,,,
dummy_images\WATCH\1.CARTIER\微商相册\12.24\原图\31...CARTIER SANTOS DE WATCH WJSA0010\附图\WJSA0010-1.jpeg,86,dummy_images\WATCH\1.CARTIER\微商相册\12.24\已整理\31...CARTIER SANTOS DE WATCH WJSA0010\附图\WJSA0010-1.jpg,,,
dummy_images\WATCH\1.CARTIER\微商相册\12.24\原图\31...CARTIER SANTOS DE WATCH WJSA0010\附图\WJSA0010-2.jpeg,86,dummy_images\WATCH\1.CARTIER\微商相册\12.24\已整理\31...CARTIER SANTOS DE WATCH WJSA0010\附图\WJSA0010-2.jpg,,,
dummy_images\WATCH\1.CARTIER\微商相册\12.24\原图\31...CARTIER SANTOS DE WATCH WJSA0010\附图\WJSA0010-3.jpeg,86,dummy_images\WATCH\1.CARTIER\微商相册\12.24\已整理\31...CARTIER SANTOS DE WATCH WJSA0010\附图\WJSA0010-3.jpg,,,
dummy_images\WATCH\1.CARTIER\微商相册\12.24\原图\31...CARTIER SANTOS DE WATCH WJSA0010\附图\WJSA0010-4.jpeg,86,dummy_images\WATCH\1.CARTIER\微商相册\12.24\已整理\31...CARTIER SANTOS DE WATCH WJSA0010\附图\WJSA0010-4.jpg,,,
dummy_images\WATCH\1.CARTIER\微商相册\12.24\原图\31...CARTIER SANTOS DE WATCH WJSA0010\附图\WJSA0010-5.jpeg,86,dummy_images\WATCH\1.CARTIER\微商相册\12.24\已整理\31...CARTIER SANTOS DE WATCH WJSA0010\附图\WJSA0010-5.jpg,,,
dummy_images\WATCH\1.CARTIER\微商相册\12.24\原图\33...CARTIER SANTOS DE WATCH W4SA0005\主图\W4SA0005.jpeg,87,,,,
dummy_images\WATCH\1.CARTIER\微商相册\12.24\原图\33...CARTIER SANTOS DE WATCH W4SA0005\附图\W4SA0005-1.jpeg,87,dummy_images\WATCH\1.CARTIER\微商相册\12.24\已整理\33...CARTIER SANTOS DE WATCH W4SA0005\附图\W4SA0005-1.jpg,,,
dummy_images\WATCH\1.CARTIER\微商相册\12.24\原图\33...CARTIER SANTOS DE WATCH W4SA0005\附图\W4SA0005-2.jpeg,87,dummy_images\WATCH\1.CARTIER\微商相册\12.24\已整理\33...CARTIER SANTOS DE WATCH W4SA0005\附图\W4SA0005-2.jpg,,,
dummy_images\WATCH\1.CARTIER\微商相册\12.24\原图\33...CARTIER SANTOS DE WATCH W4SA0005\附图\W4SA0005-3.jpeg,87,dummy_images\WATCH\1.CARTIER\微商相册\12.24\已整理\33...CARTIER SANTOS DE WATCH W4SA0005\附图\W4SA0005-3.jpg,,,
dummy_images\WATCH\1.CARTIER\微商相册\12.24\原图\33...CARTIER SANTOS DE WATCH W4SA0005\附图\W4SA0005-4.jpeg,87,dummy_images\WATCH\1.CARTIER\微商相册\12.24\已整理\33...CARTIER SANTOS DE WATCH W4SA0005\附图\W4SA0005-4.jpg,,,
dummy_images\WATCH\1.CARTIER\微商相册\12.24\原图\33...CARTIER SANTOS DE WATCH W4SA0005\附图\W4SA0005-5.jpeg,87,dummy_images\WATCH\1.CARTIER\微商相册\12.24\已整理\33...CARTIER SANTOS DE WATCH W4SA0005\附图\W4SA0005-5.jpg,,,
dummy_images\WATCH\1.CARTIER\微商相册\12.24\原图\33...CARTIER SANTOS DE WATCH W4SA0005\附图\W4SA0005-6.jpeg,87,dummy_images\WATCH\1.CARTIER\微商相册\12.24\已整理\33...CARTIER SANTOS DE WATCH W4SA0005\附图\W4SA0005-6.jpg,,,
dummy_images\WATCH\1.CARTIER\微商相册\12.25\原图\7.CARTIER RONDE SOLO DE WATCH WSRN0022\主图\WSRN0022.jpg,94,,,,
dummy_images\WATCH\1.CARTIER\微商相册\12.25\原图\7.CARTIER RONDE SOLO DE WATCH WSRN0022\附图\WSRN0022-1.jpg,94,dummy_images\WATCH\1.CARTIER\微商相册\12.25\已整理\7.CARTIER RONDE SOLO DE WATCH WSRN0022\附图\WSRN0022-1.jpg,,,
dummy_images\WATCH\1.CARTIER\微商相册\12.25\原图\7.CARTIER RONDE SOLO DE WATCH WSRN0022\附图\WSRN0022-2.jpg,94,dummy_images\WATCH\1.CARTIER\微商相册\12.25\已整理\7.CARTIER RONDE SOLO DE WATCH WSRN0022\附图\WSRN0022-2.jpg,,,
dummy_images\WATCH\1.CARTIER\微商相册\12.25\原图\7.CARTIER RONDE SOLO DE WATCH WSRN0022\附图\WSRN0022-3.jpg,94,dummy_images\WATCH\1.CARTIER\微商相册\12.25\已整理\7.CARTIER RONDE SOLO DE WATCH WSRN0022\附图\WSRN0022-3.jpg,,,
dummy_images\WATCH\1.CARTIER\微商相册\12.25\原图\10.CARTIER RONDO SOLO DE 36MM WATCH WSRN0021\主图\WSRN0021.jpg,95,,,,
dummy_images\WATCH\1.CARTIER\微商相册\12.25\原图\10.CARTIER RONDO SOLO DE 36MM WATCH WSRN0021\附图\WSRN0021-1.jpg,95,dummy_images\WATCH\1.CARTIER\微商相册\12.25\已整理\10.CARTIER RONDO SOLO DE 36MM WATCH WSRN0021\附图\WSRN0021-1.jpg,,,
dummy_images\WATCH\1.CARTIER\微商相册\12.25\原图\10.CARTIER RONDO SOLO DE 36MM WATCH WSRN0021\附图\WSRN0021-2.jpg,95,dummy_images\WATCH\1.CARTIER\微商相册\12.25\已整理\10.CARTIER RONDO SOLO DE 36MM WATCH WSRN0021\附图\WSRN0021-2.jpg,,,
dummy_images\WATCH\1.CARTIER\微商相册\12.25\原图\10.CARTIER RONDO SOLO DE 36MM WATCH WSRN0021\附图\WSRN0021-3.jpg,95,dummy_images\WATCH\1.CARTIER\微商相册\12.25\已整理\10.CARTIER RONDO SOLO DE 36MM WATCH WSRN0021\附图\WSRN0021-3.jpg,,,
dummy_images\WATCH\1.CARTIER\微商相册\12.25\原图\10.CARTIER RONDO SOLO DE 36MM WATCH WSRN0021\附图\WSRN0021-4.jpg,95,dummy_images\WATCH\1.CARTIER\微商相册\12.25\已整理\10.CARTIER RONDO SOLO DE 36MM WATCH WSRN0021\附图\WSRN0021-4.jpg,,,
dummy_images\WATCH\1.CARTIER\微商相册\12.25\原图\11.CARTIER LONDON SERIES AUTOMATIC MACHINE 36MM WATCH WSRN0021\主图\WSRN0021.jpg,96,,,,
dummy_images\WATCH\1.CARTIER\微商相册\12.25\原图\11.CARTIER LONDON SERIES AUTOMATIC MACHINE 36MM WATCH WSRN0021\附图\WSRN0021-01.jpg,96,dummy_images\WATCH\1.CARTIER\微商相册\12.25\已整理\11.CARTIER LONDON SERIES AUTOMATIC MACHINE 36MM WATCH WSRN0021\详情图\WSRN0021-01.jpg,,,
dummy_images\WATCH\1.CARTIER\微商相册\12.25\原图\11.CARTIER LONDON SERIES AUTOMATIC MACHINE 36MM WATCH WSRN0021\附图\WSRN0021-02.jpg,96,dummy_images\WATCH\1.CARTIER\微商相册\12.25\已整理\11.CARTIER LONDON SERIES AUTOMATIC MACHINE 36MM WATCH WSRN0021\详情图\WSRN0021-02.jpg,,,
dummy_images\WATCH\1.CARTIER\微商相册\12.25\原图\11.CARTIER LONDON SERIES AUTOMATIC MACHINE 36MM WATCH WSRN0021\附图\WSRN0021-03.jpg,96,dummy_images\WATCH\1.CARTIER\微商相册\12.25\已整理\11.CARTIER LONDON SERIES AUTOMATIC MACHINE 36MM WATCH WSRN0021\详情图\WSRN0021-03.jpg,,,
dummy_images\WATCH\1.CARTIER\微商相册\12.25\原图\11.CARTIER LONDON SERIES AUTOMATIC MACHINE 36MM WATCH WSRN0021\附图\WSRN0021-04.jpg,96,dummy_images\WATCH\1.CARTIER\微商相册\12.25\已整理\11.CARTIER LONDON SERIES AUTOMATIC MACHINE 36MM WATCH WSRN0021\详情图\WSRN0021-04.jpg,,,
dummy_images\WATCH\1.CARTIER\微商相册\12.25\原图\11.CARTIER LONDON SERIES AUTOMATIC MACHINE 36MM WATCH WSRN0021\附图\WSRN0021-05.jpg,96,dummy_images\WATCH\1.CARTIER\微商相册\12.25\已整理\11.CARTIER LONDON SERIES AUTOMATIC MACHINE 36MM WATCH WSRN0021\详情图\WSRN0021-05.jpg,,,
dummy_images\WATCH\1.CARTIER\微商相册\12.25\原图\11.CARTIER LONDON SERIES AUTOMATIC MACHINE 36MM WATCH WSRN0021\附图\WSRN0021-06.jpg,96,dummy_images\WATCH\1.CARTIER\微商相册\12.25\已整理\11.CARTIER LONDON SERIES AUTOMATIC MACHINE 36MM WATCH WSRN0021\详情图\WSRN0021-06.jpg,,,
dummy_images\WATCH\1.CARTIER\微商相册\12.25\原图\11.CARTIER LONDON SERIES AUTOMATIC MACHINE 36MM WATCH WSRN0021\附图\WSRN0021-07.jpg,96,dummy_images\WATCH\1.CARTIER\微商相册\12.25\已整理\11.CARTIER LONDON SERIES AUTOMATIC MACHINE 36MM WATCH WSRN0021\详情图\WSRN0021-07.jpg,,,
dummy_images\WATCH\1.CARTIER\微商相册\12.25\原图\11.CARTIER LONDON SERIES AUTOMATIC MACHINE 36MM WATCH WSRN0021\附图\WSRN0021-08.jpg,96,dummy_images\WATCH\1.CARTIER\微商相册\12.25\已整理\11.CARTIER LONDON SERIES AUTOMATIC MACHINE 36MM WATCH WSRN0021\详情图\WSRN0021-08.jpg,,,
dummy_images\WATCH\1.CARTIER\微商相册\12.25\原图\11.CARTIER LONDON SERIES AUTOMATIC MACHINE 36MM WATCH WSRN0021\附图\WSRN0021-09.jpg,96,dummy_images\WATCH\1.CARTIER\微商相册\12.25\已整理\11.CARTIER LONDON SERIES AUTOMATIC MACHINE 36MM WATCH WSRN0021\详情图\WSRN0021-09.jpg,,,
dummy_images\WATCH\1.CARTIER\微商相册\12.25\原图\12.CARTIER LONDSOLO DE 36MM WATCH WSRN0012\主图\WSRN0012.jpg,97,,,,
dummy_images\WATCH\1.CARTIER\微商相册\12.25\原图\12.CARTIER LONDSOLO DE 36MM WATCH WSRN0012\附图\WSRN0012-1.jpg,97,dummy_images\WATCH\1.CARTIER\微商相册\12.25\已整理\12.CARTIER LONDSOLO DE 36MM WATCH WSRN0012\附图\WSRN0012-1.jpg,,,
dummy_images\WATCH\1.CARTIER\微商相册\12.25\原图\12.CARTIER LONDSOLO DE 36MM WATCH WSRN0012\附图\WSRN0012-2.jpg,97,dummy_images\WATCH\1.CARTIER\微商相册\12.25\已整理\12.CARTIER LONDSOLO DE 36MM WATCH WSRN0012\附图\WSRN0012-2.jpg,,,
dummy_images\WATCH\1.CARTIER\微商相册\12.25\原图\12.CARTIER LONDSOLO DE 36MM WATCH WSRN0012\附图\WSRN0012-3.jpg,97,dummy_images\WATCH\1.CARTIER\微商相册\12.25\已整理\12.CARTIER LONDSOLO DE 36MM WATCH WSRN0012\附图\WSRN0012-3.jpg,,,
dummy_images\WATCH\1.CARTIER\微商相册\12.25\原图\12.CARTIER LONDSOLO DE 36MM WATCH WSRN0012\附图\WSRN0012-4.jpg,97,dummy_images\WATCH\1.CARTIER\微商相册\12.25\已整理\12.CARTIER LONDSOLO DE 36MM WATCH WSRN0012\附图\WSRN0012-4.jpg,,,
dummy_images\WATCH\1.CARTIER\微商相册\12.25\原图\13...CARTIER SANTOS DE CARTIER WATCH WSSA0062\主图\WSSA0062.jpeg,98,,,,
dummy_images\WATCH\1.CARTIER\微商相册\12.25\原图\13...CARTIER SANTOS DE CARTIER WATCH WSSA0062\附图\WSSA0062-1.jpeg,98,dummy_images\WATCH\1.CARTIER\微商相册\12.25\已整理\13...CARTIER SANTOS DE CARTIER WATCH WSSA0062\附图\WSSA0062-1.jpeg,,,
dummy_images\WATCH\1.CARTIER\微商相册\12.25\原图\13...CARTIER SANTOS DE CARTIER WATCH WSSA0062\附图\WSSA0062-2.jpeg,98,dummy_images\WATCH\1.CARTIER\微商相册\12.25\已整理\13...CARTIER SANTOS DE CARTIER WATCH WSSA0062\附图\WSSA0062-2.jpeg,,,
dummy_images\WATCH\1.CARTIER\微商相册\12.25\原图\13...CARTIER SANTOS DE CARTIER WATCH WSSA0062\附图\WSSA0062-3.jpeg,98,dummy_images\WATCH\1.CARTIER\微商相册\12.25\已整理\13...CARTIER SANTOS DE CARTIER WATCH WSSA0062\附图\WSSA0062-3.jpeg,,,
dummy_images\WATCH\1.CARTIER\微商相册\12.25\原图\13...CARTIER SANTOS DE CARTIER WATCH WSSA0062\附图\WSSA0062-4.jpeg,98,dummy_images\WATCH\1.CARTIER\微商相册\12.25\已整理\13...CARTIER SANTOS DE CARTIER WATCH WSSA0062\附图\WSSA0062-4.jpeg,,,
dummy_images\WATCH\1.CARTIER\微商相册\12.25\原图\14.CARTIER BLUE BALLOON 33MM WATCH W6920085\主图\W6920085.jpg,99,,,,
dummy_images\WATCH\1.CARTIER\微商相册\12.25\原图\14.CARTIER BLUE BALLOON 33MM WATCH W6920085\附图\W6920085-1.jpg,99,dummy_images\WATCH\1.CARTIER\微商相册\12.25\已整理\14.CARTIER BLUE BALLOON 33MM WATCH W6920085\附图\W6920085-1.jpg,,,
dummy_images\WATCH\1.CARTIER\微商相册\12.25\原图\14.CARTIER BLUE BALLOON 33MM WATCH W6920085\附图\W6920085-2.jpg,99,dummy_images\WATCH\1.CARTIER\微商相册\12.25\已整理\14.CARTIER BLUE BALLOON 33MM WATCH W6920085\附图\W6920085-2.jpg,,,
dummy_images\WATCH\1.CARTIER\微商相册\12.25\原图\14.CARTIER BLUE BALLOON 33MM WATCH W6920085\附图\W6920085-3.jpg,99,dummy_images\WATCH\1.CARTIER\微商相册\12.25\已整理\14.CARTIER BLUE BALLOON 33MM WATCH W6920085\附图\W6920085-3.jpg,,,
dummy_images\WATCH\1.CARTIER\微商相册\12.25\原图\14.CARTIER BLUE BALLOON 33MM WATCH W6920085\附图\W6920085-4.jpg,99,dummy_images\WATCH\1.CARTIER\微商相册\12.25\已整理\14.CARTIER BLUE BALLOON 33MM WATCH W6920085\附图\W6920085-4.jpg,,,
dummy_images\WATCH\1.CARTIER\微商相册\12.25\原图\15.CARTIER BLUE BALLOON SERIES WATCH WJBB0011\主图\WJBB0011.jpg,100,,,,
dummy_images\WATCH\1.CARTIER\微商相册\12.25\原图\15.CARTIER BLUE BALLOON SERIES WATCH WJBB0011\附图\WJBB0011-1.jpg,100,dummy_images\WATCH\1.CARTIER\微商相册\12.25\已整理\15.CARTIER BLUE BALLOON SERIES WATCH WJBB0011\附图\WJBB0011-1.jpg,,,
dummy_images\WATCH\1.CARTIER\微商相册\12.25\原图\15.CARTIER BLUE BALLOON SERIES WATCH WJBB0011\附图\WJBB0011-2.jpg,100,dummy_images\WATCH\1.CARTIER\微商相册\12.25\已整理\15.CARTIER BLUE BALLOON SERIES WATCH WJBB0011\附图\WJBB0011-2.jpg,,,
dummy_images\WATCH\1.CARTIER\微商相册\12.25\原图\15.CARTIER BLUE BALLOON SERIES WATCH WJBB0011\附图\WJBB0011-3.jpg,100,dummy_images\WATCH\1.CARTIER\微商相册\12.25\已整理\15.CARTIER BLUE BALLOON SERIES WATCH WJBB0011\附图\WJBB0011-3.jpg,,,
dummy_images\WATCH\1.CARTIER\微商相册\12.25\原图\18.CARTIER PASHA DO SILVER DIAL WATCH WSPA0012\主图\WSPA0012.jpg,101,,,,
dummy_images\WATCH\1.CARTIER\微商相册\12.25\原图\18.CARTIER PASHA DO SILVER DIAL WATCH WSPA0012\附图\WSPA0012-1.jpg,101,dummy_images\WATCH\1.CARTIER\微商相册\12.25\已整理\18.CARTIER PASHA DO SILVER DIAL WATCH WSPA0012\附图\WSPA0012-1.jpg,,,
dummy_images\WATCH\1.CARTIER\微商相册\12.25\原图\18.CARTIER PASHA DO SILVER DIAL WATCH WSPA0012\附图\WSPA0012-2.jpg,101,dummy_images\WATCH\1.CARTIER\微商相册\12.25\已整理\18.CARTIER PASHA DO SILVER DIAL WATCH WSPA0012\附图\WSPA0012-2.jpg,,,
dummy_images\WATCH\1.CARTIER\微商相册\12.25\原图\18.CARTIER PASHA DO SILVER DIAL WATCH WSPA0012\附图\WSPA0012-3.jpg,101,dummy_images\WATCH\1.CARTIER\微商相册\12.25\已整理\18.CARTIER PASHA DO SILVER DIAL WATCH WSPA0012\附图\WSPA0012-3.jpg,,,
dummy_images\WATCH\1.CARTIER\微商相册\12.25\原图\19.CARTIER PASHA DO WATCH WSPA0021\主图\WSPA0021.jpg,102,,,,
dummy_images\WATCH\1.CARTIER\微商相册\12.25\原图\19.CARTIER PASHA DO WATCH WSPA0021\附图\WSPA0021-1.jpg,102,dummy_images\WATCH\1.CARTIER\微商相册\12.25\已整理\19.CARTIER PASHA DO WATCH WSPA0021\附图\WSPA0021-1.jpg,,,
dummy_images\WATCH\1.CARTIER\微商相册\12.25\原图\19.CARTIER PASHA DO WATCH WSPA0021\附图\WSPA0021-2.jpg,102,dummy_images\WATCH\1.CARTIER\微商相册\12.25\已整理\19.CARTIER PASHA DO WATCH WSPA0021\附图\WSPA0021-2.jpg,,,
dummy_images\WATCH\1.CARTIER\微商相册\12.25\原图\19.CARTIER PASHA DO WATCH WSPA0021\附图\WSPA0021-3.jpg,102,dummy_images\WATCH\1.CARTIER\微商相册\12.25\已整理\19.CARTIER PASHA DO WATCH WSPA0021\附图\WSPA0021-3.jpg,,,
dummy_images\WATCH\1.CARTIER\微商相册\12.25\原图\25.CARTIER PASHA DE WATCH W2PA0007\主图\2-W2PA0007.jpg,103,,,,
dummy_images\WATCH\1.CARTIER\微商相册\12.25\原图\25.CARTIER PASHA DE WATCH W2PA0007\附图\2-W2PA0007-01.jpg,103,dummy_images\WATCH\1.CARTIER\微商相册\12.25\已整理\25.CARTIER PASHA DE WATCH W2PA0007\详情图\2-W2PA0007-01.jpg,,,
dummy_images\WATCH\1.CARTIER\微商相册\12.25\原图\25.CARTIER PASHA DE WATCH W2PA0007\附图\2-W2PA0007-02.jpg,103,dummy_images\WATCH\1.CARTIER\微商相册\12.25\已整理\25.CARTIER PASHA DE WATCH W2PA0007\详情图\2-W2PA0007-02.jpg,,,
dummy_images\WATCH\1.CARTIER\微商相册\12.25\原图\25.CARTIER PASHA DE WATCH W2PA0007\附图\2-W2PA0007-03.jpg,103,dummy_images\WATCH\1.CARTIER\微商相册\12.25\已整理\25.CARTIER PASHA DE WATCH W2PA0007\详情图\2-W2PA0007-03.jpg,,,
dummy_images\WATCH\1.CARTIER\微商相册\12.25\原图\25.CARTIER PASHA DE WATCH W2PA0007\附图\2-W2PA0007-04.jpg,103,dummy_images\WATCH\1.CARTIER\微商相册\12.25\已整理\25.CARTIER PASHA DE WATCH W2PA0007\详情图\2-W2PA0007-04.jpg,,,
dummy_images\WATCH\1.CARTIER\微商相册\12.25\原图\25.CARTIER PASHA DE WATCH W2PA0007\附图\2-W2PA0007-05.jpg,103,dummy_images\WATCH\1.CARTIER\微商相册\12.25\已整理\25.CARTIER PASHA DE WATCH W2PA0007\详情图\2-W2PA0007-05.jpg,,,
dummy_images\WATCH\1.CARTIER\微商相册\12.25\原图\25.CARTIER PASHA DE WATCH W2PA0007\附图\2-W2PA0007-06.jpg,103,dummy_images\WATCH\1.CARTIER\微商相册\12.25\已整理\25.CARTIER PASHA DE WATCH W2PA0007\详情图\2-W2PA0007-06.jpg,,,
dummy_images\WATCH\1.CARTIER\微商相册\12.25\原图\25.CARTIER PASHA DE WATCH W2PA0007\附图\2-W2PA0007-07.jpg,103,dummy_images\WATCH\1.CARTIER\微商相册\12.25\已整理\25.CARTIER PASHA DE WATCH W2PA0007\详情图\2-W2PA0007-07.jpg,,,
dummy_images\WATCH\1.CARTIER\微商相册\12.25\原图\25.CARTIER PASHA DE WATCH W2PA0007\附图\2-W2PA0007-08.jpg,103,dummy_images\WATCH\1.CARTIER\微商相册\12.25\已整理\25.CARTIER PASHA DE WATCH W2PA0007\详情图\2-W2PA0007-08.jpg,,,
dummy_images\WATCH\1.CARTIER\微商相册\12.25\原图\29...CARTIER PASHA DE WATCH WGPA0018\主图\1-WGPA0018.jpeg,104,,,,
dummy_images\WATCH\1.CARTIER\微商相册\12.25\原图\29...CARTIER PASHA DE WATCH WGPA0018\附图\1-WGPA0018-1.jpeg,104,dummy_images\WATCH\1.CARTIER\微商相册\12.25\已整理\29...CARTIER PASHA DE WATCH WGPA0018\附图\1-WGPA0018-1.jpeg,,,
dummy_images\WATCH\1.CARTIER\微商相册\12.25\原图\29...CARTIER PASHA DE WATCH WGPA0018\附图\1-WGPA0018-2.jpeg,104,dummy_images\WATCH\1.CARTIER\微商相册\12.25\已整理\29...CARTIER PASHA DE WATCH WGPA0018\附图\1-WGPA0018-2.jpeg,,,
dummy_images\WATCH\1.CARTIER\微商相册\12.25\原图\29...CARTIER PASHA DE WATCH WGPA0018\附图\1-WGPA0018-3.jpeg,104,dummy_images\WATCH\1.CARTIER\微商相册\12.25\已整理\29...CARTIER PASHA DE WATCH WGPA0018\附图\1-WGPA0018-3.jpeg,,,
dummy_images\WATCH\1.CARTIER\微商相册\12.25\原图\31...CARTIER PASHA DE WATCH WJPA0012\主图\WJPA0012.jpeg,105,,,,
dummy_images\WATCH\1.CARTIER\微商相册\12.25\原图\31...CARTIER PASHA DE WATCH WJPA0012\附图\WJPA0012-1.jpeg,105,dummy_images\WATCH\1.CARTIER\微商相册\12.25\已整理\31...CARTIER PASHA DE WATCH WJPA0012\附图\WJPA0012-1.jpeg,,,
dummy_images\WATCH\1.CARTIER\微商相册\12.25\原图\31...CARTIER PASHA DE WATCH WJPA0012\附图\WJPA0012-2.jpeg,105,dummy_images\WATCH\1.CARTIER\微商相册\12.25\已整理\31...CARTIER PASHA DE WATCH WJPA0012\附图\WJPA0012-2.jpeg,,,
dummy_images\WATCH\1.CARTIER\微商相册\12.25\原图\31...CARTIER PASHA DE WATCH WJPA0012\附图\WJPA0012-3.jpeg,105,dummy_images\WATCH\1.CARTIER\微商相册\12.25\已整理\31...CARTIER PASHA DE WATCH WJPA0012\附图\WJPA0012-3.jpeg,,,
dummy_images\WATCH\1.CARTIER\微商相册\12.25\原图\31...CARTIER PASHA DE WATCH WJPA0012\附图\WJPA0012-4.jpeg,105,dummy_images\WATCH\1.CARTIER\微商相册\12.25\已整理\31...CARTIER PASHA DE WATCH WJPA0012\附图\WJPA0012-4.jpeg,,,
dummy_images\WATCH\1.CARTIER\微商相册\12.25\原图\31...CARTIER PASHA DE WATCH WJPA0012\附图\WJPA0012-5.jpeg,105,dummy_images\WATCH\1.CARTIER\微商相册\12.25\已整理\31...CARTIER PASHA DE WATCH WJPA0012\附图\WJPA0012-5.jpeg,,,
dummy_images\WATCH\1.CARTIER\微商相册\12.25\原图\31...CARTIER PASHA DE WATCH WJPA0012\附图\WJPA0012-6.jpeg,105,dummy_images\WATCH\1.CARTIER\微商相册\12.25\已整理\31...CARTIER PASHA DE WATCH WJPA0012\附图\WJPA0012-6.jpeg,,,
dummy_images\WATCH\1.CARTIER\微商相册\12.25\原图\32...CARTIER PASHA DE WATCH WJPA0017\主图\WJPA0017.jpeg,106,,,,
dummy_images\WATCH\1.CARTIER\微商相册\12.25\原图\32...CARTIER PASHA DE WATCH WJPA0017\附图\WJPA0017-1.jpeg,106,dummy_images\WATCH\1.CARTIER\微商相册\12.25\已整理\32...CARTIER PASHA DE WATCH WJPA0017\附图\WJPA0017-1.jpeg,,,
dummy_images\WATCH\1.CARTIER\微商相册\12.25\原图\32...CARTIER PASHA DE WATCH WJPA0017\附图\WJPA0017-2.jpeg,106,dummy_images\WATCH\1.CARTIER\微商相册\12.25\已整理\32...CARTIER PASHA DE WATCH WJPA0017\附图\WJPA0017-2.jpeg,,,
dummy_images\WATCH\1.CARTIER\微商相册\12.25\原图\32...CARTIER PASHA DE WATCH WJPA0017\附图\WJPA0017-3.jpeg,106,dummy_images\WATCH\1.CARTIER\微商相册\12.25\已整理\32...CARTIER PASHA DE WATCH WJPA0017\附图\WJPA0017-3.jpeg,,,
dummy_images\WATCH\1.CARTIER\微商相册\12.26\原图\1.CARTIER BALLON BLEU WATCH WSBB0033\主图\WSBB0033.jpg,121,,,,
dummy_images\WATCH\1.CARTIER\微商相册\12.26\原图\1.CARTIER BALLON BLEU WATCH WSBB0033\附图\WSBB0033-1.jpg,121,dummy_images\WATCH\1.CARTIER\微商相册\12.26\已整理\1.CARTIER BALLON BLEU WATCH WSBB0033\附图\WSBB0033-1.jpg,,,
dummy_images\WATCH\1.CARTIER\微商相册\12.26\原图\1.CARTIER BALLON BLEU WATCH WSBB0033\附图\WSBB0033-2.jpg,121,dummy_images\WATCH\1.CARTIER\微商相册\12.26\已整理\1.CARTIER BALLON BLEU WATCH WSBB0033\附图\WSBB0033-2.jpg,,,
dummy_images\WATCH\1.CARTIER\微商相册\12.26\原图\1.CARTIER BALLON BLEU WATCH WSBB0033\附图\WSBB0033-3.jpg,121,dummy_images\WATCH\1.CARTIER\微商相册\12.26\已整理\1.CARTIER BALLON BLEU WATCH WSBB0033\附图\WSBB0033-3.jpg,,,
dummy_images\WATCH\1.CARTIER\微商相册\12.26\原图\2...CARTIER BALLON BLEU DE CARTIER WATCH WGBB0036\主图\WGBB0036.jpeg,122,,,,
dummy_images\WATCH\1.CARTIER\微商相册\12.26\原图\2...CARTIER BALLON BLEU DE CARTIER WATCH WGBB0036\附图\WGBB0036-1.jpeg,122,dummy_images\WATCH\1.CARTIER\微商相册\12.26\已整理\2...CARTIER BALLON BLEU DE CARTIER WATCH WGBB0036\附图\WGBB0036-1.jpg,,,
dummy_images\WATCH\1.CARTIER\微商相册\12.26\原图\2...CARTIER BALLON BLEU DE CARTIER WATCH WGBB0036\附图\WGBB0036-2.jpeg,122,dummy_images\WATCH\1.CARTIER\微商相册\12.26\已整理\2...CARTIER BALLON BLEU DE CARTIER WATCH WGBB0036\附图\WGBB0036-2.jpg,,,
dummy_images\WATCH\1.CARTIER\微商相册\12.26\原图\2...CARTIER BALLON BLEU DE CARTIER WATCH WGBB0036\附图\WGBB0036-3.jpeg,122,dummy_images\WATCH\1.CARTIER\微商相册\12.26\已整理\2...CARTIER BALLON BLEU DE CARTIER WATCH WGBB0036\附图\WGBB0036-3.jpg,,,
dummy_images\WATCH\1.CARTIER\微商相册\12.26\原图\2...CARTIER BALLON BLEU DE CARTIER WATCH WGBB0036\附图\WGBB0036-4.jpeg,122,dummy_images\WATCH\1.CARTIER\微商相册\12.26\已整理\2...CARTIER BALLON BLEU DE CARTIER WATCH WGBB0036\附图\WGBB0036-4.jpg,,,
dummy_images\WATCH\1.CARTIER\微商相册\12.26\原图\2...CARTIER BALLON BLEU DE CARTIER WATCH WGBB0036\附图\WGBB0036-5.jpeg,122,dummy_images\WATCH\1.CARTIER\微商相册\12.26\已整理\2...CARTIER BALLON BLEU DE CARTIER WATCH WGBB0036\附图\WGBB0036-5.jpg,,,
dummy_images\WATCH\1.CARTIER\微商相册\12.26\原图\2...CARTIER BALLON BLEU DE CARTIER WATCH WGBB0036\附图\WGBB0036-6.jpeg,122,dummy_images\WATCH\1.CARTIER\微商相册\12.26\已整理\2...CARTIER BALLON BLEU DE CARTIER WATCH WGBB0036\附图\WGBB0036-6.jpg,,,
dummy_images\WATCH\1.CARTIER\微商相册\12.26\原图\2...CARTIER BALLON BLEU DE CARTIER WATCH WGBB0036\附图\WGBB0036-7.jpeg,122,dummy_images\WATCH\1.CARTIER\微商相册\12.26\已整理\2...CARTIER BALLON BLEU DE CARTIER WATCH WGBB0036\附图\WGBB0036-7.jpg,,,
dummy_images\WATCH\1.CARTIER\微商相册\12.26\原图\3.CARTIER BALLON BLEU SERIES BLACK LEATHER STRAP WATCH WSBB0003\主图\WSBB0003.jpg,123,,,,
dummy_images\WATCH\1.CARTIER\微商相册\12.26\原图\3.CARTIER BALLON BLEU SERIES BLACK LEATHER STRAP WATCH WSBB0003\附图\WSBB0003-1.jpg,123,dummy_images\WATCH\1.CARTIER\微商相册\12.26\已整理\3.CARTIER BALLON BLEU SERIES BLACK LEATHER STRAP WATCH WSBB0003\附图\WSBB0003-1.jpg,,,
dummy_images\WATCH\1.CARTIER\微商相册\12.26\原图\3.CARTIER BALLON BLEU SERIES BLACK LEATHER STRAP WATCH WSBB0003\附图\WSBB0003-2.jpg,123,dummy_images\WATCH\1.CARTIER\微商相册\12.26\已整理\3.CARTIER BALLON BLEU SERIES BLACK LEATHER STRAP WATCH WSBB0003\附图\WSBB0003-2.jpg,,,
dummy_images\WATCH\1.CARTIER\微商相册\12.26\原图\3.CARTIER BALLON BLEU SERIES BLACK LEATHER STRAP WATCH WSBB0003\附图\WSBB0003-3.jpg,123,dummy_images\WATCH\1.CARTIER\微商相册\12.26\已整理\3.CARTIER BALLON BLEU SERIES BLACK LEATHER STRAP WATCH WSBB0003\附图\WSBB0003-3.jpg,,,
dummy_images\WATCH\1.CARTIER\微商相册\12.26\原图\4...CARTIER BALLON BLEU DE CARTIER WATCH WSBB0027\主图\WSBB0027.jpeg,124,,,,
dummy_images\WATCH\1.CARTIER\微商相册\12.26\原图\4...CARTIER BALLON BLEU DE CARTIER WATCH WSBB0027\附图\WSBB0027-1.jpeg,124,dummy_images\WATCH\1.CARTIER\微商相册\12.26\已整理\4...CARTIER BALLON BLEU DE CARTIER WATCH WSBB0027\附图\WSBB0027-1.jpg,,,
dummy_images\WATCH\1.CARTIER\微商相册\12.26\原图\4...CARTIER BALLON BLEU DE CARTIER WATCH WSBB0027\附图\WSBB0027-2.jpeg,124,dummy_images\WATCH\1.CARTIER\微商相册\12.26\已整理\4...CARTIER BALLON BLEU DE CARTIER WATCH WSBB0027\附图\WSBB0027-2.jpg,,,
dummy_images\WATCH\1.CARTIER\微商相册\12.26\原图\4...CARTIER BALLON BLEU DE CARTIER WATCH WSBB0027\附图\WSBB0027-3.jpeg,124,dummy_images\WATCH\1.CARTIER\微商相册\12.26\已整理\4...CARTIER BALLON BLEU DE CARTIER WATCH WSBB0027\附图\WSBB0027-3.jpg,,,
dummy_images\WATCH\1.CARTIER\微商相册\12.26\原图\4...CARTIER BALLON BLEU DE CARTIER WATCH WSBB0027\附图\WSBB0027-4.jpeg,124,dummy_images\WATCH\1.CARTIER\微商相册\12.26\已整理\4...CARTIER BALLON BLEU DE CARTIER WATCH WSBB0027\附图\WSBB0027-4.jpg,,,
dummy_images\WATCH\1.CARTIER\微商相册\12.26\原图\4...CARTIER BALLON BLEU DE CARTIER WATCH WSBB0027\附图\WSBB0027-5.jpeg,124,dummy_images\WATCH\1.CARTIER\微商相册\12.26\已整理\4...CARTIER BALLON BLEU DE CARTIER WATCH WSBB0027\附图\WSBB0027-5.jpg,,,
dummy_images\WATCH\1.CARTIER\微商相册\12.26\原图\4...CARTIER BALLON BLEU DE CARTIER WATCH WSBB0027\附图\WSBB0027-6.jpeg,124,dummy_images\WATCH\1.CARTIER\微商相册\12.26\已整理\4...CARTIER BALLON BLEU DE CARTIER WATCH WSBB0027\附图\WSBB0027-6.jpg,,,
dummy_images\WATCH\1.CARTIER\微商相册\12.26\原图\4...CARTIER BALLON BLEU DE CARTIER WATCH WSBB0027\附图\WSBB0027-7.jpeg,124,dummy_images\WATCH\1.CARTIER\微商相册\12.26\已整理\4...CARTIER BALLON BLEU DE CARTIER WATCH WSBB0027\附图\WSBB0027-7.jpg,,,
dummy_images\WATCH\1.CARTIER\微商相册\12.26\原图\5...CARTIER BALLON BLEU DE CARTIER WATCH WSBB0026\主图\WSBB0026.jpeg,125,,,,
dummy_images\WATCH\1.CARTIER\微商相册\12.26\原图\5...CARTIER BALLON BLEU DE CARTIER WATCH WSBB0026\附图\WSBB0026-1.jpeg,125,dummy_images\WATCH\1.CARTIER\微商相册\12.26\已整理\5...CARTIER BALLON BLEU DE CARTIER WATCH WSBB0026\附图\WSBB0026-1.jpg,,,
dummy_images\WATCH\1.CARTIER\微商相册\12.26\原图\5...CARTIER BALLON BLEU DE CARTIER WATCH WSBB0026\附图\WSBB0026-2.jpeg,125,dummy_images\WATCH\1.CARTIER\微商相册\12.26\已整理\5...CARTIER BALLON BLEU DE CARTIER WATCH WSBB0026\附图\WSBB0026-2.jpg,,,
dummy_images\WATCH\1.CARTIER\微商相册\12.26\原图\5...CARTIER BALLON BLEU DE CARTIER WATCH WSBB0026\附图\WSBB0026-3.jpeg,125,dummy_images\WATCH\1.CARTIER\微商相册\12.26\已整理\5...CARTIER BALLON BLEU DE CARTIER WATCH WSBB0026\附图\WSBB0026-3.jpg,,,
dummy_images\WATCH\1.CARTIER\微商相册\12.26\原图\5...CARTIER BALLON BLEU DE CARTIER WATCH WSBB0026\附图\WSBB0026-4.jpeg,125,dummy_images\WATCH\1.CARTIER\微商相册\12.26\已整理\5...CARTIER BALLON BLEU DE CARTIER WATCH WSBB0026\附图\WSBB0026-4.jpg,,,
dummy_images\WATCH\1.CARTIER\微商相册\12.26\原图\6.CARTIER BALLON BLEU DE 42MM SILVER MEN'S WATCH WE9009Z3\主图\WE9009Z3.jpg,126,,,,
dummy_images\WATCH\1.CARTIER\微商相册\12.26\原图\6.CARTIER BALLON BLEU DE 42MM SILVER MEN'S WATCH WE9009Z3\附图\WE9009Z3-1.jpg,126,dummy_images\WATCH\1.CARTIER\微商相册\12.26\已整理\6.CARTIER BALLON BLEU DE 42MM SILVER MEN'S WATCH WE9009Z3\附图\WE9009Z3-1.jpg,,,
dummy_images\WATCH\1.CARTIER\微商相册\12.26\原图\6.CARTIER BALLON BLEU DE 42MM SILVER MEN'S WATCH WE9009Z3\附图\WE9009Z3-2.jpg,126,dummy_images\WATCH\1.CARTIER\微商相册\12.26\已整理\6.CARTIER BALLON BLEU DE 42MM SILVER MEN'S WATCH WE9009Z3\附图\WE9009Z3-2.jpg,,,
dummy_images\WATCH\1.CARTIER\微商相册\12.26\原图\6.CARTIER BALLON BLEU DE 42MM SILVER MEN'S WATCH WE9009Z3\附图\WE9009Z3-3.jpg,126,dummy_images\WATCH\1.CARTIER\微商相册\12.26\已整理\6.CARTIER BALLON BLEU DE 42MM SILVER MEN'S WATCH WE9009Z3\附图\WE9009Z3-3.jpg,,,
dummy_images\WATCH\1.CARTIER\微商相册\12.26\原图\6.CARTIER BALLON BLEU DE 42MM SILVER MEN'S WATCH WE9009Z3\附图\WE9009Z3-4.jpg,126,dummy_images\WATCH\1.CARTIER\微商相册\12.26\已整理\6.CARTIER BALLON BLEU DE 42MM SILVER MEN'S WATCH WE9009Z3\附图\WE9009Z3-4.jpg,,,
dummy_images\WATCH\1.CARTIER\微商相册\12.26\原图\8.CARTIER BALLON BLEU WATCH WSBB0061\主图\WSBB0061.jpeg,127,,,,
dummy_images\WATCH\1.CARTIER\微商相册\12.26\原图\8.CARTIER BALLON BLEU WATCH WSBB0061\附图\WSBB0061-1.jpeg,127,dummy_images\WATCH\1.CARTIER\微商相册\12.26\已整理\8.CARTIER BALLON BLEU WATCH WSBB0061\附图\WSBB0061-1.jpg,,,
dummy_images\WATCH\1.CARTIER\微商相册\12.26\原图\8.CARTIER BALLON BLEU WATCH WSBB0061\附图\WSBB0061-2.png,127,dummy_images\WATCH\1.CARTIER\微商相册\12.26\已整理\8.CARTIER BALLON BLEU WATCH WSBB0061\附图\WSBB0061-2 拷贝.jpg,,,
dummy_images\WATCH\1.CARTIER\微商相册\12.26\原图\8.CARTIER BALLON BLEU WATCH WSBB0061\附图\WSBB0061-3.jpg,127,dummy_images\WATCH\1.CARTIER\微商相册\12.26\已整理\8.CARTIER BALLON BLEU WATCH WSBB0061\附图\WSBB0061-3.jpg,,,
dummy_images\WATCH\1.CARTIER\微商相册\12.26\原图\8.CARTIER BALLON BLEU WATCH WSBB0061\附图\WSBB0061-4.png,127,dummy_images\WATCH\1.CARTIER\微商相册\12.26\已整理\8.CARTIER BALLON BLEU WATCH WSBB0061\附图\WSBB0061-4 拷贝.jpg,,,
dummy_images\WATCH\1.CARTIER\微商相册\12.26\原图\8.CARTIER BALLON BLEU WATCH WSBB0061\附图\WSBB0061-5.jpg,127,dummy_images\WATCH\1.CARTIER\微商相册\12.26\已整理\8.CARTIER BALLON BLEU WATCH WSBB0061\附图\WSBB0061-5.jpg,,,
dummy_images\WATCH\1.CARTIER\微商相册\12.26\原图\10.CARTIER BALLON BLEU AUTOMATIC DIAL STAINLESS STEEL MENS WATCH W6920042\主图\W6920042.jpg,128,,,,
dummy_images\WATCH\1.CARTIER\微商相册\12.26\原图\10.CARTIER BALLON BLEU AUTOMATIC DIAL STAINLESS STEEL MENS WATCH W6920042\附图\W6920042-1.jpg,128,dummy_images\WATCH\1.CARTIER\微商相册\12.26\已整理\10.CARTIER BALLON BLEU AUTOMATIC DIAL STAINLESS STEEL MENS WATCH W6920042\附图\W6920042-1.jpg,,,
dummy_images\WATCH\1.CARTIER\微商相册\12.26\原图\10.CARTIER BALLON BLEU AUTOMATIC DIAL STAINLESS STEEL MENS WATCH W6920042\附图\W6920042-2.jpg,128,dummy_images\WATCH\1.CARTIER\微商相册\12.26\已整理\10.CARTIER BALLON BLEU AUTOMATIC DIAL STAINLESS STEEL MENS WATCH W6920042\附图\W6920042-2.jpg,,,
dummy_images\WATCH\1.CARTIER\微商相册\12.26\原图\10.CARTIER BALLON BLEU AUTOMATIC DIAL STAINLESS STEEL MENS WATCH W6920042\附图\W6920042-3.jpg,128,dummy_images\WATCH\1.CARTIER\微商相册\12.26\已整理\10.CARTIER BALLON BLEU AUTOMATIC DIAL STAINLESS STEEL MENS WATCH W6920042\附图\W6920042-3.jpg,,,
dummy_images\WATCH\1.CARTIER\微商相册\12.26\原图\11...CARTIER BALLON BLEU DE CARTIER WATCH WJBB0051\主图\WJBB0051.jpeg,129,,,,
dummy_images\WATCH\1.CARTIER\微商相册\12.26\原图\11...CARTIER BALLON BLEU DE CARTIER WATCH WJBB0051\附图\WJBB0051-1.jpeg,129,dummy_images\WATCH\1.CARTIER\微商相册\12.26\已整理\11.CARTIER BALLON BLEU DE CARTIER WATCH WJBB0051\附图\WJBB0051-1.jpeg,,,
dummy_images\WATCH\1.CARTIER\微商相册\12.26\原图\11...CARTIER BALLON BLEU DE CARTIER WATCH WJBB0051\附图\WJBB0051-2.jpeg,129,dummy_images\WATCH\1.CARTIER\微商相册\12.26\已整理\11.CARTIER BALLON BLEU DE CARTIER WATCH WJBB0051\附图\WJBB0051-2.jpeg,,,
dummy_images\WATCH\1.CARTIER\微商相册\12.26\原图\11...CARTIER BALLON BLEU DE CARTIER WATCH WJBB0051\附图\WJBB0051-3.jpeg,129,dummy_images\WATCH\1.CARTIER\微商相册\12.26\已整理\11.CARTIER BALLON BLEU DE CARTIER WATCH WJBB0051\附图\WJBB0051-3.jpeg,,,
dummy_images\WATCH\1.CARTIER\微商相册\12.26\原图\11...CARTIER BALLON BLEU DE CARTIER WATCH WJBB0051\附图\WJBB0051-4.jpeg,129,dummy_images\WATCH\1.CARTIER\微商相册\12.26\已整理\11.CARTIER BALLON BLEU DE CARTIER WATCH WJBB0051\附图\WJBB0051-4.jpeg,,,
dummy_images\WATCH\1.CARTIER\微商相册\12.26\原图\11...CARTIER BALLON BLEU DE CARTIER WATCH WJBB0051\附图\WJBB0051-5.jpeg,129,dummy_images\WATCH\1.CARTIER\微商相册\12.26\已整理\11.CARTIER BALLON BLEU DE CARTIER WATCH WJBB0051\附图\WJBB0051-5.jpeg,,,
dummy_images\WATCH\1.CARTIER\微商相册\12.26\原图\11...CARTIER BALLON BLEU DE CARTIER WATCH WJBB0051\附图\WJBB0051-6.jpeg,129,dummy_images\WATCH\1.CARTIER\微商相册\12.26\已整理\11.CARTIER BALLON BLEU DE CARTIER WATCH WJBB0051\附图\WJBB0051-6.jpeg,,,
"dummy_images\WATCH\1.CARTIER\微商相册\12.26\原图\13...CARTIER PANTHèRE DE CARTIER WATCH, SMALL MODEL WJPN0008\主图\WJPN0008.jpeg",130,,,,
"dummy_images\WATCH\1.CARTIER\微商相册\12.26\原图\13...CARTIER PANTHèRE DE CARTIER WATCH, SMALL MODEL WJPN0008\附图\WJPN0008-1.jpeg",130,"dummy_images\WATCH\1.CARTIER\微商相册\12.26\已整理\13...CARTIER PANTHèRE DE CARTIER WATCH, SMALL MODEL WJPN0008\附图\WJPN0008-1.jpg",,,
"dummy_images\WATCH\1.CARTIER\微商相册\12.26\原图\13...CARTIER PANTHèRE DE CARTIER WATCH, SMALL MODEL WJPN0008\附图\WJPN0008-2.jpeg",130,"dummy_images\WATCH\1.CARTIER\微商相册\12.26\已整理\13...CARTIER PANTHèRE DE CARTIER WATCH, SMALL MODEL WJPN0008\附图\WJPN0008-2.jpg",,,
"dummy_images\WATCH\1.CARTIER\微商相册\12.26\原图\13...CARTIER PANTHèRE DE CARTIER WATCH, SMALL MODEL WJPN0008\附图\WJPN0008-3.jpeg",130,"dummy_images\WATCH\1.CARTIER\微商相册\12.26\已整理\13...CARTIER PANTHèRE DE CARTIER WATCH, SMALL MODEL WJPN0008\附图\WJPN0008-3.jpg",,,
"dummy_images\WATCH\1.CARTIER\微商相册\12.26\原图\13...CARTIER PANTHèRE DE CARTIER WATCH, SMALL MODEL WJPN0008\附图\WJPN0008-4.jpeg",130,"dummy_images\WATCH\1.CARTIER\微商相册\12.26\已整理\13...CARTIER PANTHèRE DE CARTIER WATCH, SMALL MODEL WJPN0008\附图\WJPN0008-4.jpg",,,
"dummy_images\WATCH\1.CARTIER\微商相册\12.26\原图\13...CARTIER PANTHèRE DE CARTIER WATCH, SMALL MODEL WJPN0008\附图\WJPN0008-5.jpeg",130,"dummy_images\WATCH\1.CARTIER\微商相册\12.26\已整理\13...CARTIER PANTHèRE DE CARTIER WATCH, SMALL MODEL WJPN0008\附图\WJPN0008-5.jpg",,,
"dummy_images\WATCH\1.CARTIER\微商相册\12.26\原图\14...CARTIER PANTHèRE DE CARTIER WATCH, SMALL MODEL W4PN0016\主图\W4PN0016.jpeg",131,,,,
"dummy_images\WATCH\1.CARTIER\微商相册\12.26\原图\14...CARTIER PANTHèRE DE CARTIER WATCH, SMALL MODEL W4PN0016\附图\W4PN0016-1.jpeg",131,"dummy_images\WATCH\1.CARTIER\微商相册\12.26\已整理\14...CARTIER PANTHèRE DE CARTIER WATCH, SMALL MODEL W4PN0016\附图\W4PN0016-1.jpg",,,
"dummy_images\WATCH\1.CARTIER\微商相册\12.26\原图\14...CARTIER PANTHèRE DE CARTIER WATCH, SMALL MODEL W4PN0016\附图\W4PN0016-2.jpeg",131,"dummy_images\WATCH\1.CARTIER\微商相册\12.26\已整理\14...CARTIER PANTHèRE DE CARTIER WATCH, SMALL MODEL W4PN0016\附图\W4PN0016-2.jpg",,,
"dummy_images\WATCH\1.CARTIER\微商相册\12.26\原图\14...CARTIER PANTHèRE DE CARTIER WATCH, SMALL MODEL W4PN0016\附图\W4PN0016-3.jpeg",131,"dummy_images\WATCH\1.CARTIER\微商相册\12.26\已整理\14...CARTIER PANTHèRE DE CARTIER WATCH, SMALL MODEL W4PN0016\附图\W4PN0016-3.jpg",,,
"dummy_images\WATCH\1.CARTIER\微商相册\12.26\原图\14...CARTIER PANTHèRE DE CARTIER WATCH, SMALL MODEL W4PN0016\附图\W4PN0016-4.jpeg",131,"dummy_images\WATCH\1.CARTIER\微商相册\12.26\已整理\14...CARTIER PANTHèRE DE CARTIER WATCH, SMALL MODEL W4PN0016\附图\W4PN0016-4.jpg",,,
"dummy_images\WATCH\1.CARTIER\微商相册\12.26\原图\15...CARTIER PANTHèRE DE CARTIER WATCH, SMALL MODEL WGPN0006\主图\WGPN0006.jpeg",132,,,,
"dummy_images\WATCH\1.CARTIER\微商相册\12.26\原图\15...CARTIER PANTHèRE DE CARTIER WATCH, SMALL MODEL WGPN0006\附图\WGPN0006-1.jpeg",132,"dummy_images\WATCH\1.CARTIER\微商相册\12.26\已整理\15...CARTIER PANTHèRE DE CARTIER WATCH, SMALL MODEL WGPN0006\附图\WGPN0006-1.jpg",,,
"dummy_images\WATCH\1.CARTIER\微商相册\12.26\原图\15...CARTIER PANTHèRE DE CARTIER WATCH, SMALL MODEL WGPN0006\附图\WGPN0006-2.jpeg",132,"dummy_images\WATCH\1.CARTIER\微商相册\12.26\已整理\15...CARTIER PANTHèRE DE CARTIER WATCH, SMALL MODEL WGPN0006\附图\WGPN0006-2.jpg",,,
"dummy_images\WATCH\1.CARTIER\微商相册\12.26\原图\15...CARTIER PANTHèRE DE CARTIER WATCH, SMALL MODEL WGPN0006\附图\WGPN0006-3.jpeg",132,"dummy_images\WATCH\1.CARTIER\微商相册\12.26\已整理\15...CARTIER PANTHèRE DE CARTIER WATCH, SMALL MODEL WGPN0006\附图\WGPN0006-3.jpg",,,
"dummy_images\WATCH\1.CARTIER\微商相册\12.26\原图\15...CARTIER PANTHèRE DE CARTIER WATCH, SMALL MODEL WGPN0006\附图\WGPN0006-4.jpeg",132,"dummy_images\WATCH\1.CARTIER\微商相册\12.26\已整理\15...CARTIER PANTHèRE DE CARTIER WATCH, SMALL MODEL WGPN0006\附图\WGPN0006-4.jpg",,,
"dummy_images\WATCH\1.CARTIER\微商相册\12.26\原图\16...CARTIER PANTHèRE DE CARTIER WATCH, SMALL MODEL W2PN0013\主图\W2PN0013.jpeg",133,,,,
"dummy_images\WATCH\1.CARTIER\微商相册\12.26\原图\16...CARTIER PANTHèRE DE CARTIER WATCH, SMALL MODEL W2PN0013\附图\W2PN0013-1.jpeg",133,"dummy_images\WATCH\1.CARTIER\微商相册\12.26\已整理\16...CARTIER PANTHèRE DE CARTIER WATCH, SMALL MODEL W2PN0013\附图\W2PN0013-1.jpg",,,
"dummy_images\WATCH\1.CARTIER\微商相册\12.26\原图\16...CARTIER PANTHèRE DE CARTIER WATCH, SMALL MODEL W2PN0013\附图\W2PN0013-2.jpeg",133,"dummy_images\WATCH\1.CARTIER\微商相册\12.26\已整理\16...CARTIER PANTHèRE DE CARTIER WATCH, SMALL MODEL W2PN0013\附图\W2PN0013-2.jpg",,,
"dummy_images\WATCH\1.CARTIER\微商相册\12.26\原图\16...CARTIER PANTHèRE DE CARTIER WATCH, SMALL MODEL W2PN0013\附图\W2PN0013-3.jpeg",133,"dummy_images\WATCH\1.CARTIER\微商相册\12.26\已整理\16...CARTIER PANTHèRE DE CARTIER WATCH, SMALL MODEL W2PN0013\附图\W2PN0013-3.jpg",,,
"dummy_images\WATCH\1.CARTIER\微商相册\12.26\原图\16...CARTIER PANTHèRE DE CARTIER WATCH, SMALL MODEL W2PN0013\附图\W2PN0013-4.jpeg",133,"dummy_images\WATCH\1.CARTIER\微商相册\12.26\已整理\16...CARTIER PANTHèRE DE CARTIER WATCH, SMALL MODEL W2PN0013\附图\W2PN0013-4.jpg",,,
"dummy_images\WATCH\1.CARTIER\微商相册\12.26\原图\17...CARTIER PANTHèRE DE CARTIER WATCH, SMALL MODEL WGPN0047\主图\WGPN0047.jpeg",134,,,,
"dummy_images\WATCH\1.CARTIER\微商相册\12.26\原图\17...CARTIER PANTHèRE DE CARTIER WATCH, SMALL MODEL WGPN0047\附图\WGPN0047-1.jpeg",134,"dummy_images\WATCH\1.CARTIER\微商相册\12.26\已整理\17...CARTIER PANTHèRE DE CARTIER WATCH, SMALL MODEL WGPN0047\附图\WGPN0047-1.jpg",,,
"dummy_images\WATCH\1.CARTIER\微商相册\12.26\原图\17...CARTIER PANTHèRE DE CARTIER WATCH, SMALL MODEL WGPN0047\附图\WGPN0047-2.jpeg",134,"dummy_images\WATCH\1.CARTIER\微商相册\12.26\已整理\17...CARTIER PANTHèRE DE CARTIER WATCH, SMALL MODEL WGPN0047\附图\WGPN0047-2.jpg",,,
"dummy_images\WATCH\1.CARTIER\微商相册\12.26\原图\17...CARTIER PANTHèRE DE CARTIER WATCH, SMALL MODEL WGPN0047\附图\WGPN0047-3.jpeg",134,"dummy_images\WATCH\1.CARTIER\微商相册\12.26\已整理\17...CARTIER PANTHèRE DE CARTIER WATCH, SMALL MODEL WGPN0047\附图\WGPN0047-3.jpg",,,
"dummy_images\WATCH\1.CARTIER\微商相册\12.26\原图\17...CARTIER PANTHèRE DE CARTIER WATCH, SMALL MODEL WGPN0047\附图\WGPN0047-4.jpeg",134,"dummy_images\WATCH\1.CARTIER\微商相册\12.26\已整理\17...CARTIER PANTHèRE DE CARTIER WATCH, SMALL MODEL WGPN0047\附图\WGPN0047-4.jpg",,,
"dummy_images\WATCH\1.CARTIER\微商相册\12.26\原图\17...CARTIER PANTHèRE DE CARTIER WATCH, SMALL MODEL WGPN0047\附图\WGPN0047-5.jpeg",134,"dummy_images\WATCH\1.CARTIER\微商相册\12.26\已整理\17...CARTIER PANTHèRE DE CARTIER WATCH, SMALL MODEL WGPN0047\附图\WGPN0047-5.jpg",,,
"dummy_images\WATCH\1.CARTIER\微商相册\12.26\原图\17...CARTIER PANTHèRE DE CARTIER WATCH, SMALL MODEL WGPN0047\附图\WGPN0047-6.jpeg",134,"dummy_images\WATCH\1.CARTIER\微商相册\12.26\已整理\17...CARTIER PANTHèRE DE CARTIER WATCH, SMALL MODEL WGPN0047\附图\WGPN0047-6.jpg",,,
"dummy_images\WATCH\1.CARTIER\微商相册\12.26\原图\18...CARTIER PANTHèRE DE CARTIER WATCH, SMALL MODEL WSPN0013\主图\WSPN0013.jpeg",135,,,,
"dummy_images\WATCH\1.CARTIER\微商相册\12.26\原图\18...CARTIER PANTHèRE DE CARTIER WATCH, SMALL MODEL WSPN0013\附图\WSPN0013-1.jpeg",135,"dummy_images\WATCH\1.CARTIER\微商相册\12.26\已整理\18...CARTIER PANTHèRE DE CARTIER WATCH, SMALL MODEL WSPN0013\附图\WSPN0013-1.jpg",,,
"dummy_images\WATCH\1.CARTIER\微商相册\12.26\原图\18...CARTIER PANTHèRE DE CARTIER WATCH, SMALL MODEL WSPN0013\附图\WSPN0013-2.jpeg",135,"dummy_images\WATCH\1.CARTIER\微商相册\12.26\已整理\18...CARTIER PANTHèRE DE CARTIER WATCH, SMALL MODEL WSPN0013\附图\WSPN0013-2.jpg",,,
"dummy_images\WATCH\1.CARTIER\微商相册\12.26\原图\18...CARTIER PANTHèRE DE CARTIER WATCH, SMALL MODEL WSPN0013\附图\WSPN0013-3.jpeg",135,"dummy_images\WATCH\1.CARTIER\微商相册\12.26\已整理\18...CARTIER PANTHèRE DE CARTIER WATCH, SMALL MODEL WSPN0013\附图\WSPN0013-3.jpg",,,
"dummy_images\WATCH\1.CARTIER\微商相册\12.26\原图\18...CARTIER PANTHèRE DE CARTIER WATCH, SMALL MODEL WSPN0013\附图\WSPN0013-4.jpeg",135,"dummy_images\WATCH\1.CARTIER\微商相册\12.26\已整理\18...CARTIER PANTHèRE DE CARTIER WATCH, SMALL MODEL WSPN0013\附图\WSPN0013-4.jpg",,,
dummy_images\WATCH\1.CARTIER\微商相册\12.26\原图\19...CARTIER PANTHèRE DE CARTIER WATCH W2PN0014\主图\W2PN0014.jpeg,136,,,,
dummy_images\WATCH\1.CARTIER\微商相册\12.26\原图\19...CARTIER PANTHèRE DE CARTIER WATCH W2PN0014\附图\W2PN0014-1.jpeg,136,dummy_images\WATCH\1.CARTIER\微商相册\12.26\已整理\19...CARTIER PANTHèRE DE CARTIER WATCH W2PN0014\附图\W2PN0014-1.jpg,,,
dummy_images\WATCH\1.CARTIER\微商相册\12.26\原图\19...CARTIER PANTHèRE DE CARTIER WATCH W2PN0014\附图\W2PN0014-2.jpeg,136,dummy_images\WATCH\1.CARTIER\微商相册\12.26\已整理\19...CARTIER PANTHèRE DE CARTIER WATCH W2PN0014\附图\W2PN0014-2.jpg,,,
dummy_images\WATCH\1.CARTIER\微商相册\12.26\原图\19...CARTIER PANTHèRE DE CARTIER WATCH W2PN0014\附图\W2PN0014-3.jpeg,136,dummy_images\WATCH\1.CARTIER\微商相册\12.26\已整理\19...CARTIER PANTHèRE DE CARTIER WATCH W2PN0014\附图\W2PN0014-3.jpg,,,
dummy_images\WATCH\1.CARTIER\微商相册\12.26\原图\19...CARTIER PANTHèRE DE CARTIER WATCH W2PN0014\附图\W2PN0014-4.jpeg,136,dummy_images\WATCH\1.CARTIER\微商相册\12.26\已整理\19...CARTIER PANTHèRE DE CARTIER WATCH W2PN0014\附图\W2PN0014-4.jpg,,,
dummy_images\WATCH\1.CARTIER\微商相册\12.26\原图\19...CARTIER PANTHèRE DE CARTIER WATCH W2PN0014\附图\W2PN0014-5.jpeg,136,dummy_images\WATCH\1.CARTIER\微商相册\12.26\已整理\19...CARTIER PANTHèRE DE CARTIER WATCH W2PN0014\附图\W2PN0014-5.jpg,,,
dummy_images\WATCH\1.CARTIER\微商相册\12.26\原图\20...CARTIER PANTHèRE DE CARTIER WATCH W4PN0018\主图\W4PN0018.jpeg,137,,,,
dummy_images\WATCH\1.CARTIER\微商相册\12.26\原图\20...CARTIER PANTHèRE DE CARTIER WATCH W4PN0018\附图\W4PN0018-1.jpeg,137,dummy_images\WATCH\1.CARTIER\微商相册\12.26\已整理\20...CARTIER PANTHèRE DE CARTIER WATCH W4PN0018\附图\W4PN0018-1.jpg,,,
dummy_images\WATCH\1.CARTIER\微商相册\12.26\原图\20...CARTIER PANTHèRE DE CARTIER WATCH W4PN0018\附图\W4PN0018-2.jpeg,137,dummy_images\WATCH\1.CARTIER\微商相册\12.26\已整理\20...CARTIER PANTHèRE DE CARTIER WATCH W4PN0018\附图\W4PN0018-2.jpg,,,
dummy_images\WATCH\1.CARTIER\微商相册\12.26\原图\20...CARTIER PANTHèRE DE CARTIER WATCH W4PN0018\附图\W4PN0018-3.jpeg,137,dummy_images\WATCH\1.CARTIER\微商相册\12.26\已整理\20...CARTIER PANTHèRE DE CARTIER WATCH W4PN0018\附图\W4PN0018-3.jpg,,,
dummy_images\WATCH\1.CARTIER\微商相册\12.26\原图\20...CARTIER PANTHèRE DE CARTIER WATCH W4PN0018\附图\W4PN0018-4.jpeg,137,dummy_images\WATCH\1.CARTIER\微商相册\12.26\已整理\20...CARTIER PANTHèRE DE CARTIER WATCH W4PN0018\附图\W4PN0018-4.jpg,,,
dummy_images\WATCH\1.CARTIER\微商相册\12.26\原图\21...CARTIER PANTHèRE DE CARTIER WATCH W3PN0010\主图\W3PN0010.jpeg,138,,,,
dummy_images\WATCH\1.CARTIER\微商相册\12.26\原图\21...CARTIER PANTHèRE DE CARTIER WATCH W3PN0010\附图\W3PN0010-1.jpeg,138,dummy_images\WATCH\1.CARTIER\微商相册\12.26\已整理\21...CARTIER PANTHèRE DE CARTIER WATCH W3PN0010\附图\W3PN0010-1.jpg,,,
dummy_images\WATCH\1.CARTIER\微商相册\12.26\原图\21...CARTIER PANTHèRE DE CARTIER WATCH W3PN0010\附图\W3PN0010-2.jpeg,138,dummy_images\WATCH\1.CARTIER\微商相册\12.26\已整理\21...CARTIER PANTHèRE DE CARTIER WATCH W3PN0010\附图\W3PN0010-2.jpg,,,
dummy_images\WATCH\1.CARTIER\微商相册\12.26\原图\21...CARTIER PANTHèRE DE CARTIER WATCH W3PN0010\附图\W3PN0010-3.jpeg,138,dummy_images\WATCH\1.CARTIER\微商相册\12.26\已整理\21...CARTIER PANTHèRE DE CARTIER WATCH W3PN0010\附图\W3PN0010-3.jpg,,,
dummy_images\WATCH\1.CARTIER\微商相册\12.26\原图\21...CARTIER PANTHèRE DE CARTIER WATCH W3PN0010\附图\W3PN0010-4.jpeg,138,dummy_images\WATCH\1.CARTIER\微商相册\12.26\已整理\21...CARTIER PANTHèRE DE CARTIER WATCH W3PN0010\附图\W3PN0010-4.jpg,,,
dummy_images\WATCH\1.CARTIER\微商相册\12.26\原图\21...CARTIER PANTHèRE DE CARTIER WATCH W3PN0010\附图\W3PN0010-5.jpeg,138,dummy_images\WATCH\1.CARTIER\微商相册\12.26\已整理\21...CARTIER PANTHèRE DE CARTIER WATCH W3PN0010\附图\W3PN0010-5.jpg,,,
dummy_images\WATCH\1.CARTIER\微商相册\12.26\原图\21...CARTIER PANTHèRE DE CARTIER WATCH W3PN0010\附图\W3PN0010-6.jpeg,138,dummy_images\WATCH\1.CARTIER\微商相册\12.26\已整理\21...CARTIER PANTHèRE DE CARTIER WATCH W3PN0010\附图\W3PN0010-6.jpg,,,
dummy_images\WATCH\1.CARTIER\微商相册\12.26\原图\22...CARTIER PANTHèRE DE CARTIER WATCH WGPN0045\主图\WGPN0045.jpeg,139,,,,
dummy_images\WATCH\1.CARTIER\微商相册\12.26\原图\22...CARTIER PANTHèRE DE CARTIER WATCH WGPN0045\附图\WGPN0045-1.jpeg,139,dummy_images\WATCH\1.CARTIER\微商相册\12.26\已整理\22...CARTIER PANTHèRE DE CARTIER WATCH WGPN0045\附图\WGPN0045-1.jpg,,,
dummy_images\WATCH\1.CARTIER\微商相册\12.26\原图\22...CARTIER PANTHèRE DE CARTIER WATCH WGPN0045\附图\WGPN0045-2.jpeg,139,dummy_images\WATCH\1.CARTIER\微商相册\12.26\已整理\22...CARTIER PANTHèRE DE CARTIER WATCH WGPN0045\附图\WGPN0045-2.jpg,,,
dummy_images\WATCH\1.CARTIER\微商相册\12.26\原图\22...CARTIER PANTHèRE DE CARTIER WATCH WGPN0045\附图\WGPN0045-3.jpeg,139,,,,
dummy_images\WATCH\1.CARTIER\微商相册\12.26\原图\22...CARTIER PANTHèRE DE CARTIER WATCH WGPN0045\附图\WGPN0045-4.jpeg,139,dummy_images\WATCH\1.CARTIER\微商相册\12.26\已整理\22...CARTIER PANTHèRE DE CARTIER WATCH WGPN0045\附图\WGPN0045-4.jpg,,,
dummy_images\WATCH\1.CARTIER\微商相册\12.26\原图\22...CARTIER PANTHèRE DE CARTIER WATCH WGPN0045\附图\WGPN0045-5.jpeg,139,dummy_images\WATCH\1.CARTIER\微商相册\12.26\已整理\22...CARTIER PANTHèRE DE CARTIER WATCH WGPN0045\附图\WGPN0045-5.jpg,,,
dummy_images\WATCH\1.CARTIER\微商相册\12.26\原图\22...CARTIER PANTHèRE DE CARTIER WATCH WGPN0045\附图\WGPN0045-6.jpeg,139,dummy_images\WATCH\1.CARTIER\微商相册\12.26\已整理\22...CARTIER PANTHèRE DE CARTIER WATCH WGPN0045\附图\WGPN0045-6.jpg,,,
dummy_images\WATCH\1.CARTIER\微商相册\12.26\原图\23...CARTIER PANTHèRE DE CARTIER WATCH WJPN0009\主图\WJPN0009.jpeg,140,,,,
dummy_images\WATCH\1.CARTIER\微商相册\12.26\原图\23...CARTIER PANTHèRE DE CARTIER WATCH WJPN0009\附图\WJPN0009-1.jpeg,140,dummy_images\WATCH\1.CARTIER\微商相册\12.26\已整理\23...CARTIER PANTHèRE DE CARTIER WATCH WJPN0009\附图\WJPN0009-1.jpg,,,
dummy_images\WATCH\1.CARTIER\微商相册\12.26\原图\23...CARTIER PANTHèRE DE CARTIER WATCH WJPN0009\附图\WJPN0009-2.jpeg,140,dummy_images\WATCH\1.CARTIER\微商相册\12.26\已整理\23...CARTIER PANTHèRE DE CARTIER WATCH WJPN0009\附图\WJPN0009-2.jpg,,,
dummy_images\WATCH\1.CARTIER\微商相册\12.26\原图\23...CARTIER PANTHèRE DE CARTIER WATCH WJPN0009\附图\WJPN0009-3.jpeg,140,dummy_images\WATCH\1.CARTIER\微商相册\12.26\已整理\23...CARTIER PANTHèRE DE CARTIER WATCH WJPN0009\附图\WJPN0009-3.jpeg,,,
dummy_images\WATCH\1.CARTIER\微商相册\12.26\原图\23...CARTIER PANTHèRE DE CARTIER WATCH WJPN0009\附图\WJPN0009-4.jpeg,140,dummy_images\WATCH\1.CARTIER\微商相册\12.26\已整理\23...CARTIER PANTHèRE DE CARTIER WATCH WJPN0009\附图\WJPN0009-4.jpg,,,
dummy_images\WATCH\1.CARTIER\微商相册\12.26\原图\23...CARTIER PANTHèRE DE CARTIER WATCH WJPN0009\附图\WJPN0009-5.jpeg,140,dummy_images\WATCH\1.CARTIER\微商相册\12.26\已整理\23...CARTIER PANTHèRE DE CARTIER WATCH WJPN0009\附图\WJPN0009-5.jpg,,,
dummy_images\WATCH\1.CARTIER\微商相册\12.26\原图\24...CARTIER PANTHèRE DE CARTIER WATCH WGPN0007\主图\WGPN0007.jpeg,141,,,,
dummy_images\WATCH\1.CARTIER\微商相册\12.26\原图\24...CARTIER PANTHèRE DE CARTIER WATCH WGPN0007\附图\WGPN0007-1.png,141,dummy_images\WATCH\1.CARTIER\微商相册\12.26\已整理\24...CARTIER PANTHèRE DE CARTIER WATCH WGPN0007\附图\WGPN0007-1 拷贝.jpg,,,
dummy_images\WATCH\1.CARTIER\微商相册\12.26\原图\24...CARTIER PANTHèRE DE CARTIER WATCH WGPN0007\附图\WGPN0007-2.jpeg,141,dummy_images\WATCH\1.CARTIER\微商相册\12.26\已整理\24...CARTIER PANTHèRE DE CARTIER WATCH WGPN0007\附图\WGPN0007-2.jpg,,,
dummy_images\WATCH\1.CARTIER\微商相册\12.26\原图\24...CARTIER PANTHèRE DE CARTIER WATCH WGPN0007\附图\WGPN0007-3.jpeg,141,dummy_images\WATCH\1.CARTIER\微商相册\12.26\已整理\24...CARTIER PANTHèRE DE CARTIER WATCH WGPN0007\附图\WGPN0007-3.jpg,,,
dummy_images\WATCH\1.CARTIER\微商相册\12.26\原图\24...CARTIER PANTHèRE DE CARTIER WATCH WGPN0007\附图\WGPN0007-4.jpeg,141,dummy_images\WATCH\1.CARTIER\微商相册\12.26\已整理\24...CARTIER PANTHèRE DE CARTIER WATCH WGPN0007\附图\WGPN0007-4.jpg,,,
dummy_images\WATCH\1.CARTIER\微商相册\12.26\原图\24...CARTIER PANTHèRE DE CARTIER WATCH WGPN0007\附图\WGPN0007-5.jpeg,141,dummy_images\WATCH\1.CARTIER\微商相册\12.26\已整理\24...CARTIER PANTHèRE DE CARTIER WATCH WGPN0007\附图\WGPN0007-5.jpg,,,
"dummy_images\WATCH\1.CARTIER\微商相册\12.26\原图\25.CARTIER BALLON BLANC DE CARTIER 30MM 18-KARAT ROSE GOLD, ALLIGATOR AND DIAMOND WATCH WJBL0008\主图\WJBL0008.jpg",142,,,,
"dummy_images\WATCH\1.CARTIER\微商相册\12.26\原图\25.CARTIER BALLON BLANC DE CARTIER 30MM 18-KARAT ROSE GOLD, ALLIGATOR AND DIAMOND WATCH WJBL0008\附图\WJBL0008-1.jpg",142,"dummy_images\WATCH\1.CARTIER\微商相册\12.26\已整理\25.CARTIER BALLON BLANC DE CARTIER 30MM 18-KARAT ROSE GOLD, ALLIGATOR AND DIAMOND WATCH WJBL0008\附图\WJBL0008-1.jpg",,,
"dummy_images\WATCH\1.CARTIER\微商相册\12.26\原图\25.CARTIER BALLON BLANC DE CARTIER 30MM 18-KARAT ROSE GOLD, ALLIGATOR AND DIAMOND WATCH WJBL0008\附图\WJBL0008-2.jpg",142,"dummy_images\WATCH\1.CARTIER\微商相册\12.26\已整理\25.CARTIER BALLON BLANC DE CARTIER 30MM 18-KARAT ROSE GOLD, ALLIGATOR AND DIAMOND WATCH WJBL0008\附图\WJBL0008-2.jpg",,,
"dummy_images\WATCH\1.CARTIER\微商相册\12.26\原图\25.CARTIER BALLON BLANC DE CARTIER 30MM 18-KARAT ROSE GOLD, ALLIGATOR AND DIAMOND WATCH WJBL0008\附图\WJBL0008-3.jpg",142,"dummy_images\WATCH\1.CARTIER\微商相册\12.26\已整理\25.CARTIER BALLON BLANC DE CARTIER 30MM 18-KARAT ROSE GOLD, ALLIGATOR AND DIAMOND WATCH WJBL0008\附图\WJBL0008-3.jpg",,,
"dummy_images\WATCH\1.CARTIER\微商相册\12.26\原图\25.CARTIER BALLON BLANC DE CARTIER 30MM 18-KARAT ROSE GOLD, ALLIGATOR AND DIAMOND WATCH WJBL0008\附图\WJBL0008-4.jpg",142,"dummy_images\WATCH\1.CARTIER\微商相册\12.26\已整理\25.CARTIER BALLON BLANC DE CARTIER 30MM 18-KARAT ROSE GOLD, ALLIGATOR AND DIAMOND WATCH WJBL0008\附图\WJBL0008-4.jpg",,,
"dummy_images\WATCH\1.CARTIER\微商相册\12.26\原图\25.CARTIER BALLON BLANC DE CARTIER 30MM 18-KARAT ROSE GOLD, ALLIGATOR AND DIAMOND WATCH WJBL0008\附图\WJBL0008-5.jpg",142,"dummy_images\WATCH\1.CARTIER\微商相册\12.26\已整理\25.CARTIER BALLON BLANC DE CARTIER 30MM 18-KARAT ROSE GOLD, ALLIGATOR AND DIAMOND WATCH WJBL0008\附图\WJBL0008-5.jpg",,,
dummy_images\WATCH\1.CARTIER\微商相册\12.26\原图\30.CARTIER BAIGNOIRE BATHTUB SERIES WATCH WB520008\主图\WB520008.jpg,143,,,,
dummy_images\WATCH\1.CARTIER\微商相册\12.26\原图\30.CARTIER BAIGNOIRE BATHTUB SERIES WATCH WB520008\附图\WB520008-1.jpg,143,dummy_images\WATCH\1.CARTIER\微商相册\12.26\已整理\30.CARTIER BAIGNOIRE BATHTUB SERIES WATCH WB520008\附图\WB520008-1.jpg,,,
dummy_images\WATCH\1.CARTIER\微商相册\12.26\原图\30.CARTIER BAIGNOIRE BATHTUB SERIES WATCH WB520008\附图\WB520008-2.jpg,143,dummy_images\WATCH\1.CARTIER\微商相册\12.26\已整理\30.CARTIER BAIGNOIRE BATHTUB SERIES WATCH WB520008\附图\WB520008-2.jpg,,,
dummy_images\WATCH\1.CARTIER\微商相册\12.26\原图\30.CARTIER BAIGNOIRE BATHTUB SERIES WATCH WB520008\附图\WB520008-3.jpg,143,dummy_images\WATCH\1.CARTIER\微商相册\12.26\已整理\30.CARTIER BAIGNOIRE BATHTUB SERIES WATCH WB520008\附图\WB520008-3.jpg,,,
dummy_images\WATCH\1.CARTIER\微商相册\12.27\原图\1...CARTIER BAIGNOIRE WATCH WGBA0031\主图\WGBA0031.jpeg,146,,,,
dummy_images\WATCH\1.CARTIER\微商相册\12.27\原图\1...CARTIER BAIGNOIRE WATCH WGBA0031\附图\WGBA0031-1.jpeg,146,dummy_images\WATCH\1.CARTIER\微商相册\12.27\已整理\1...CARTIER BAIGNOIRE WATCH WGBA0031\附图\WGBA0031-1.jpg,,,
dummy_images\WATCH\1.CARTIER\微商相册\12.27\原图\1...CARTIER BAIGNOIRE WATCH WGBA0031\附图\WGBA0031-2.jpeg,146,dummy_images\WATCH\1.CARTIER\微商相册\12.27\已整理\1...CARTIER BAIGNOIRE WATCH WGBA0031\附图\WGBA0031-2.jpg,,,
dummy_images\WATCH\1.CARTIER\微商相册\12.27\原图\1...CARTIER BAIGNOIRE WATCH WGBA0031\附图\WGBA0031-3.jpeg,146,dummy_images\WATCH\1.CARTIER\微商相册\12.27\已整理\1...CARTIER BAIGNOIRE WATCH WGBA0031\附图\WGBA0031-3.jpg,,,
dummy_images\WATCH\1.CARTIER\微商相册\12.27\原图\1...CARTIER BAIGNOIRE WATCH WGBA0031\附图\WGBA0031-4.jpeg,146,dummy_images\WATCH\1.CARTIER\微商相册\12.27\已整理\1...CARTIER BAIGNOIRE WATCH WGBA0031\附图\WGBA0031-4.jpg,,,
dummy_images\WATCH\1.CARTIER\微商相册\12.27\原图\1...CARTIER BAIGNOIRE WATCH WGBA0031\附图\WGBA0031-5.jpeg,146,dummy_images\WATCH\1.CARTIER\微商相册\12.27\已整理\1...CARTIER BAIGNOIRE WATCH WGBA0031\附图\WGBA0031-5.jpg,,,
dummy_images\WATCH\1.CARTIER\微商相册\12.27\原图\1...CARTIER BAIGNOIRE WATCH WGBA0031\附图\WGBA0031-6.jpeg,146,dummy_images\WATCH\1.CARTIER\微商相册\12.27\已整理\1...CARTIER BAIGNOIRE WATCH WGBA0031\附图\WGBA0031-6.jpg,,,
dummy_images\WATCH\1.CARTIER\微商相册\12.27\原图\5...CARTIER BAIGNOIRE WATCH WGBA0032\主图\WGBA0032.jpeg,147,,,,
dummy_images\WATCH\1.CARTIER\微商相册\12.27\原图\5...CARTIER BAIGNOIRE WATCH WGBA0032\附图\WGBA0032-1.jpeg,147,dummy_images\WATCH\1.CARTIER\微商相册\12.27\已整理\5...CARTIER BAIGNOIRE WATCH WGBA0032\附图\WGBA0032-1.jpg,,,
dummy_images\WATCH\1.CARTIER\微商相册\12.27\原图\5...CARTIER BAIGNOIRE WATCH WGBA0032\附图\WGBA0032-2.jpeg,147,dummy_images\WATCH\1.CARTIER\微商相册\12.27\已整理\5...CARTIER BAIGNOIRE WATCH WGBA0032\附图\WGBA0032-2.jpg,,,
dummy_images\WATCH\1.CARTIER\微商相册\12.27\原图\5...CARTIER BAIGNOIRE WATCH WGBA0032\附图\WGBA0032-3.jpeg,147,dummy_images\WATCH\1.CARTIER\微商相册\12.27\已整理\5...CARTIER BAIGNOIRE WATCH WGBA0032\附图\WGBA0032-3.jpg,,,
dummy_images\WATCH\1.CARTIER\微商相册\12.27\原图\5...CARTIER BAIGNOIRE WATCH WGBA0032\附图\WGBA0032-4.jpeg,147,dummy_images\WATCH\1.CARTIER\微商相册\12.27\已整理\5...CARTIER BAIGNOIRE WATCH WGBA0032\附图\WGBA0032-4.jpg,,,
dummy_images\WATCH\1.CARTIER\微商相册\12.27\原图\5...CARTIER BAIGNOIRE WATCH WGBA0032\附图\WGBA0032-5.jpeg,147,dummy_images\WATCH\1.CARTIER\微商相册\12.27\已整理\5...CARTIER BAIGNOIRE WATCH WGBA0032\附图\WGBA0032-5.jpg,,,
dummy_images\WATCH\1.CARTIER\微商相册\12.27\原图\5...CARTIER BAIGNOIRE WATCH WGBA0032\附图\WGBA0032-6.jpeg,147,dummy_images\WATCH\1.CARTIER\微商相册\12.27\已整理\5...CARTIER BAIGNOIRE WATCH WGBA0032\附图\WGBA0032-6.jpg,,,
dummy_images\WATCH\2.BVLGARI\微商相册\11.21\原图\14.BVLGARI OCTO SOLOTEMPO BGO 41 MM MENS WATCH IN STAINLESS STEEL 101964\附图\101964-1.jpg,150,dummy_images\WATCH\2.BVLGARI\微商相册\11.21\已整理\14.BVLGARI OCTO SOLOTEMPO BGO 41 MM MENS WATCH IN STAINLESS STEEL 101964\附图\101964-1 拷贝.jpg,,,
dummy_images\WATCH\2.BVLGARI\微商相册\11.21\原图\14.BVLGARI OCTO SOLOTEMPO BGO 41 MM MENS WATCH IN STAINLESS STEEL 101964\附图\101964-2.jpg,150,dummy_images\WATCH\2.BVLGARI\微商相册\11.21\已整理\14.BVLGARI OCTO SOLOTEMPO BGO 41 MM MENS WATCH IN STAINLESS STEEL 101964\附图\101964-2 拷贝.jpg,,,
dummy_images\WATCH\2.BVLGARI\微商相册\11.21\原图\14.BVLGARI OCTO SOLOTEMPO BGO 41 MM MENS WATCH IN STAINLESS STEEL 101964\附图\101964-3.jpg,150,dummy_images\WATCH\2.BVLGARI\微商相册\11.21\已整理\14.BVLGARI OCTO SOLOTEMPO BGO 41 MM MENS WATCH IN STAINLESS STEEL 101964\附图\101964-3 拷贝.jpg,,,
dummy_images\WATCH\2.BVLGARI\微商相册\11.21\原图\16.BULGARI OCTO 18K ROSE GOLD & BLACK STEEL BLACK DIAL 41MM AUTOMATIC RUBBER 102485\主图\102485.jpg,151,,,,
dummy_images\WATCH\2.BVLGARI\微商相册\11.21\原图\16.BULGARI OCTO 18K ROSE GOLD & BLACK STEEL BLACK DIAL 41MM AUTOMATIC RUBBER 102485\附图\102485-1.jpg,151,dummy_images\WATCH\2.BVLGARI\微商相册\11.21\已整理\16.BULGARI OCTO 18K ROSE GOLD & BLACK STEEL BLACK DIAL 41MM AUTOMATIC RUBBER 102485\附图\102485-1 拷贝.jpg,,,
dummy_images\WATCH\2.BVLGARI\微商相册\11.21\原图\16.BULGARI OCTO 18K ROSE GOLD & BLACK STEEL BLACK DIAL 41MM AUTOMATIC RUBBER 102485\附图\102485-2.jpg,151,dummy_images\WATCH\2.BVLGARI\微商相册\11.21\已整理\16.BULGARI OCTO 18K ROSE GOLD & BLACK STEEL BLACK DIAL 41MM AUTOMATIC RUBBER 102485\附图\102485-2 拷贝.jpg,,,
dummy_images\WATCH\2.BVLGARI\微商相册\11.21\原图\16.BULGARI OCTO 18K ROSE GOLD & BLACK STEEL BLACK DIAL 41MM AUTOMATIC RUBBER 102485\附图\102485-3.jpg,151,dummy_images\WATCH\2.BVLGARI\微商相册\11.21\已整理\16.BULGARI OCTO 18K ROSE GOLD & BLACK STEEL BLACK DIAL 41MM AUTOMATIC RUBBER 102485\附图\102485-3 拷贝.jpg,,,
dummy_images\WATCH\2.BVLGARI\微商相册\11.21\原图\19.BVLGARI OCTO L'ORIGINALE TOURBILLON 40MM WATCH 102560\主图\102560.jpg,152,,,,
dummy_images\WATCH\2.BVLGARI\微商相册\11.21\原图\19.BVLGARI OCTO L'ORIGINALE TOURBILLON 40MM WATCH 102560\附图\102560-1.jpg,152,dummy_images\WATCH\2.BVLGARI\微商相册\11.21\已整理\19.BVLGARI OCTO L'ORIGINALE TOURBILLON 40MM WATCH 102560\附图\102560-1.jpg,,,
dummy_images\WATCH\2.BVLGARI\微商相册\11.21\原图\19.BVLGARI OCTO L'ORIGINALE TOURBILLON 40MM WATCH 102560\附图\102560-2.jpg,152,dummy_images\WATCH\2.BVLGARI\微商相册\11.21\已整理\19.BVLGARI OCTO L'ORIGINALE TOURBILLON 40MM WATCH 102560\附图\102560-2.jpg,,,
dummy_images\WATCH\2.BVLGARI\微商相册\11.21\原图\19.BVLGARI OCTO L'ORIGINALE TOURBILLON 40MM WATCH 102560\附图\102560-3.jpg,152,dummy_images\WATCH\2.BVLGARI\微商相册\11.21\已整理\19.BVLGARI OCTO L'ORIGINALE TOURBILLON 40MM WATCH 102560\附图\102560-3.jpg,,,
dummy_images\WATCH\2.BVLGARI\微商相册\11.21\原图\24.BVLGARI LVCEA LADIES 18 CARAT ROSE GOLD WATCH 102475\主图\102475.png,153,,,,
dummy_images\WATCH\2.BVLGARI\微商相册\11.21\原图\24.BVLGARI LVCEA LADIES 18 CARAT ROSE GOLD WATCH 102475\附图\102475-1.png,153,dummy_images\WATCH\2.BVLGARI\微商相册\11.21\已整理\24.BVLGARI LVCEA LADIES 18 CARAT ROSE GOLD WATCH 102475\附图\102475-1 拷贝.jpg,,,
dummy_images\WATCH\2.BVLGARI\微商相册\11.21\原图\24.BVLGARI LVCEA LADIES 18 CARAT ROSE GOLD WATCH 102475\附图\102475-2.png,153,dummy_images\WATCH\2.BVLGARI\微商相册\11.21\已整理\24.BVLGARI LVCEA LADIES 18 CARAT ROSE GOLD WATCH 102475\附图\102475-2.jpg,,,
dummy_images\WATCH\2.BVLGARI\微商相册\11.21\原图\24.BVLGARI LVCEA LADIES 18 CARAT ROSE GOLD WATCH 102475\附图\102475-3.png,153,dummy_images\WATCH\2.BVLGARI\微商相册\11.21\已整理\24.BVLGARI LVCEA LADIES 18 CARAT ROSE GOLD WATCH 102475\附图\102475-3.png,,,
dummy_images\WATCH\2.BVLGARI\微商相册\11.21\原图\28.BULGARI LVCEA WATCH 102194\主图\102194.jpg,154,,,,
dummy_images\WATCH\2.BVLGARI\微商相册\11.21\原图\28.BULGARI LVCEA WATCH 102194\附图\102194-1.png,154,dummy_images\WATCH\2.BVLGARI\微商相册\11.21\已整理\28.BULGARI LVCEA WATCH 102194\附图\102194-1.png,,,
dummy_images\WATCH\2.BVLGARI\微商相册\11.21\原图\28.BULGARI LVCEA WATCH 102194\附图\102194-2.png,154,dummy_images\WATCH\2.BVLGARI\微商相册\11.21\已整理\28.BULGARI LVCEA WATCH 102194\附图\102194-2.png,,,
dummy_images\WATCH\2.BVLGARI\微商相册\11.21\原图\28.BULGARI LVCEA WATCH 102194\附图\102194-3.png,154,dummy_images\WATCH\2.BVLGARI\微商相册\11.21\已整理\28.BULGARI LVCEA WATCH 102194\附图\102194-3.png,,,
dummy_images\WATCH\2.BVLGARI\微商相册\11.22\原图\6.BVLGARI LVCEA WATCH 28MM 103915\主图\103915.jpg,165,,,,
dummy_images\WATCH\2.BVLGARI\微商相册\11.22\原图\6.BVLGARI LVCEA WATCH 28MM 103915\附图\103915-1.jpg,165,dummy_images\WATCH\2.BVLGARI\微商相册\11.22\已整理\6.BVLGARI LVCEA WATCH 28MM 103915\附图\103915-1.jpg,,,
dummy_images\WATCH\2.BVLGARI\微商相册\11.22\原图\6.BVLGARI LVCEA WATCH 28MM 103915\附图\103915-2.jpg,165,dummy_images\WATCH\2.BVLGARI\微商相册\11.22\已整理\6.BVLGARI LVCEA WATCH 28MM 103915\附图\103915-2.jpg,,,
dummy_images\WATCH\2.BVLGARI\微商相册\11.22\原图\6.BVLGARI LVCEA WATCH 28MM 103915\附图\103915-3.jpg,165,dummy_images\WATCH\2.BVLGARI\微商相册\11.22\已整理\6.BVLGARI LVCEA WATCH 28MM 103915\附图\103915-3.jpg,,,
dummy_images\WATCH\2.BVLGARI\微商相册\11.22\原图\6.BVLGARI LVCEA WATCH 28MM 103915\附图\103915-4.jpg,165,dummy_images\WATCH\2.BVLGARI\微商相册\11.22\已整理\6.BVLGARI LVCEA WATCH 28MM 103915\附图\103915-4.jpg,,,
dummy_images\WATCH\2.BVLGARI\微商相册\11.22\原图\11.BVLGARI DIAMOND PAVE 18K WHITE GOLD SERPENTI TUBOGAS WOMEN'S WRISTWATCH 102005\主图\102005.jpg,166,,,,
dummy_images\WATCH\2.BVLGARI\微商相册\11.22\原图\11.BVLGARI DIAMOND PAVE 18K WHITE GOLD SERPENTI TUBOGAS WOMEN'S WRISTWATCH 102005\附图\102005-1.jpg,166,dummy_images\WATCH\2.BVLGARI\微商相册\11.22\已整理\11.BVLGARI DIAMOND PAVE 18K WHITE GOLD SERPENTI TUBOGAS WOMEN'S WRISTWATCH 102005\附图\102005-1.jpg,,,
dummy_images\WATCH\2.BVLGARI\微商相册\11.22\原图\11.BVLGARI DIAMOND PAVE 18K WHITE GOLD SERPENTI TUBOGAS WOMEN'S WRISTWATCH 102005\附图\102005-2.jpg,166,dummy_images\WATCH\2.BVLGARI\微商相册\11.22\已整理\11.BVLGARI DIAMOND PAVE 18K WHITE GOLD SERPENTI TUBOGAS WOMEN'S WRISTWATCH 102005\附图\102005-2.jpg,,,
dummy_images\WATCH\2.BVLGARI\微商相册\11.22\原图\11.BVLGARI DIAMOND PAVE 18K WHITE GOLD SERPENTI TUBOGAS WOMEN'S WRISTWATCH 102005\附图\102005-3.jpg,166,dummy_images\WATCH\2.BVLGARI\微商相册\11.22\已整理\11.BVLGARI DIAMOND PAVE 18K WHITE GOLD SERPENTI TUBOGAS WOMEN'S WRISTWATCH 102005\附图\102005-3.jpg,,,
dummy_images\WATCH\3.PATEK PHILIPPE\11.22\原图\13.PATEK PHILIPPE AQUANAUT QUARTZ STEEL WHITE DIAL 5067A-011\主图\5067A-011.jpg,175,,,,
dummy_images\WATCH\3.PATEK PHILIPPE\11.22\原图\13.PATEK PHILIPPE AQUANAUT QUARTZ STEEL WHITE DIAL 5067A-011\附图\5067A-011-1.jpg,175,dummy_images\WATCH\3.PATEK PHILIPPE\11.22\已整理\13.PATEK PHILIPPE AQUANAUT QUARTZ STEEL WHITE DIAL 5067A-011\附图\5067A-011-1.jpg,,,
dummy_images\WATCH\3.PATEK PHILIPPE\11.22\原图\13.PATEK PHILIPPE AQUANAUT QUARTZ STEEL WHITE DIAL 5067A-011\附图\5067A-011-2.jpg,175,dummy_images\WATCH\3.PATEK PHILIPPE\11.22\已整理\13.PATEK PHILIPPE AQUANAUT QUARTZ STEEL WHITE DIAL 5067A-011\附图\5067A-011-2.jpg,,,
dummy_images\WATCH\3.PATEK PHILIPPE\11.22\原图\13.PATEK PHILIPPE AQUANAUT QUARTZ STEEL WHITE DIAL 5067A-011\附图\5067A-011-3.jpg,175,dummy_images\WATCH\3.PATEK PHILIPPE\11.22\已整理\13.PATEK PHILIPPE AQUANAUT QUARTZ STEEL WHITE DIAL 5067A-011\附图\5067A-011-3.jpg,,,
dummy_images\WATCH\3.PATEK PHILIPPE\11.22\原图\13.PATEK PHILIPPE AQUANAUT QUARTZ STEEL WHITE DIAL 5067A-011\附图\5067A-011-4.jpg,175,dummy_images\WATCH\3.PATEK PHILIPPE\11.22\已整理\13.PATEK PHILIPPE AQUANAUT QUARTZ STEEL WHITE DIAL 5067A-011\附图\5067A-011-4.jpg,,,
dummy_images\WATCH\3.PATEK PHILIPPE\11.22\原图\15.PATEK PHILIPPE 18K WHITE GOLD ALLIGATOR 37MM AUTOMATIC WATCH 5396G-014\主图\5396G-014.jpg,176,,,,
dummy_images\WATCH\3.PATEK PHILIPPE\11.22\原图\15.PATEK PHILIPPE 18K WHITE GOLD ALLIGATOR 37MM AUTOMATIC WATCH 5396G-014\附图\5396G-014-01.jpg,176,dummy_images\WATCH\3.PATEK PHILIPPE\11.22\已整理\15.PATEK PHILIPPE 18K WHITE GOLD ALLIGATOR 37MM AUTOMATIC WATCH 5396G-014\附图\5396G-014-1.jpg,,,
dummy_images\WATCH\3.PATEK PHILIPPE\11.22\原图\15.PATEK PHILIPPE 18K WHITE GOLD ALLIGATOR 37MM AUTOMATIC WATCH 5396G-014\附图\5396G-014-02.jpg,176,dummy_images\WATCH\3.PATEK PHILIPPE\11.22\已整理\15.PATEK PHILIPPE 18K WHITE GOLD ALLIGATOR 37MM AUTOMATIC WATCH 5396G-014\附图\5396G-014-2.jpg,,,
dummy_images\WATCH\3.PATEK PHILIPPE\11.22\原图\15.PATEK PHILIPPE 18K WHITE GOLD ALLIGATOR 37MM AUTOMATIC WATCH 5396G-014\附图\5396G-014-03.jpg,176,,,,
dummy_images\WATCH\3.PATEK PHILIPPE\11.22\原图\15.PATEK PHILIPPE 18K WHITE GOLD ALLIGATOR 37MM AUTOMATIC WATCH 5396G-014\附图\5396G-014-04.jpg,176,,,,
dummy_images\WATCH\3.PATEK PHILIPPE\11.22\原图\16.PATEK PHILIPPE COMPLICATIONS ANNUAL CALENDAR WATCH 5396G-011\主图\5396G-011.jpg,177,,,,
dummy_images\WATCH\3.PATEK PHILIPPE\11.22\原图\16.PATEK PHILIPPE COMPLICATIONS ANNUAL CALENDAR WATCH 5396G-011\附图\5396G-011-1.jpg,177,dummy_images\WATCH\3.PATEK PHILIPPE\11.22\已整理\16.PATEK PHILIPPE COMPLICATIONS ANNUAL CALENDAR WATCH 5396G-011\附图\5396G-011-1.jpg,,,
dummy_images\WATCH\3.PATEK PHILIPPE\11.22\原图\16.PATEK PHILIPPE COMPLICATIONS ANNUAL CALENDAR WATCH 5396G-011\附图\5396G-011-2.jpg,177,dummy_images\WATCH\3.PATEK PHILIPPE\11.22\已整理\16.PATEK PHILIPPE COMPLICATIONS ANNUAL CALENDAR WATCH 5396G-011\附图\5396G-011-2.jpg,,,
dummy_images\WATCH\3.PATEK PHILIPPE\11.22\原图\16.PATEK PHILIPPE COMPLICATIONS ANNUAL CALENDAR WATCH 5396G-011\附图\5396G-011-3.jpg,177,dummy_images\WATCH\3.PATEK PHILIPPE\11.22\已整理\16.PATEK PHILIPPE COMPLICATIONS ANNUAL CALENDAR WATCH 5396G-011\附图\5396G-011-3.jpg,,,
dummy_images\WATCH\3.PATEK PHILIPPE\11.22\原图\17.PATEK PHILIPPE ANNUAL CALENDAR AUTOMATIC DIAL WATCH 5396G-017\主图\5396G-017.png,178,,,,
dummy_images\WATCH\3.PATEK PHILIPPE\11.22\原图\17.PATEK PHILIPPE ANNUAL CALENDAR AUTOMATIC DIAL WATCH 5396G-017\附图\5396G-017-1.jpg,178,dummy_images\WATCH\3.PATEK PHILIPPE\11.22\已整理\17.PATEK PHILIPPE ANNUAL CALENDAR AUTOMATIC DIAL WATCH 5396G-017\附图\5396G-017-1.jpg,,,
dummy_images\WATCH\3.PATEK PHILIPPE\11.22\原图\17.PATEK PHILIPPE ANNUAL CALENDAR AUTOMATIC DIAL WATCH 5396G-017\附图\5396G-017-2.jpg,178,dummy_images\WATCH\3.PATEK PHILIPPE\11.22\已整理\17.PATEK PHILIPPE ANNUAL CALENDAR AUTOMATIC DIAL WATCH 5396G-017\附图\5396G-017-2.jpg,,,
dummy_images\WATCH\3.PATEK PHILIPPE\11.22\原图\17.PATEK PHILIPPE ANNUAL CALENDAR AUTOMATIC DIAL WATCH 5396G-017\附图\5396G-017-3.jpg,178,,,,
dummy_images\WATCH\3.PATEK PHILIPPE\11.22\原图\22.PATEK PHILIPPE CALATRAVA WATCH 7122R-001\主图\7122R-001.jpg,179,,,,
dummy_images\WATCH\3.PATEK PHILIPPE\11.22\原图\22.PATEK PHILIPPE CALATRAVA WATCH 7122R-001\附图\7122R-001-1.jpg,179,dummy_images\WATCH\3.PATEK PHILIPPE\11.22\已整理\22.PATEK PHILIPPE CALATRAVA WATCH 7122R-001\附图\7122R-001-1.jpg,,,
dummy_images\WATCH\3.PATEK PHILIPPE\11.22\原图\22.PATEK PHILIPPE CALATRAVA WATCH 7122R-001\附图\7122R-001-2.jpg,179,dummy_images\WATCH\3.PATEK PHILIPPE\11.22\已整理\22.PATEK PHILIPPE CALATRAVA WATCH 7122R-001\附图\7122R-001-2.jpg,,,
dummy_images\WATCH\3.PATEK PHILIPPE\11.22\原图\22.PATEK PHILIPPE CALATRAVA WATCH 7122R-001\附图\7122R-001-3.jpg,179,dummy_images\WATCH\3.PATEK PHILIPPE\11.22\已整理\22.PATEK PHILIPPE CALATRAVA WATCH 7122R-001\附图\7122R-001-3.jpg,,,
dummy_images\WATCH\3.PATEK PHILIPPE\11.23\原图\2.PATEK PHILIPPE CALATRAVA BLACK PLATINUM DIAL IN WATCH 5800-100P\主图\5800-100P.jpg,193,,,,
dummy_images\WATCH\3.PATEK PHILIPPE\11.23\原图\2.PATEK PHILIPPE CALATRAVA BLACK PLATINUM DIAL IN WATCH 5800-100P\附图\5800-100P-1.jpg,193,dummy_images\WATCH\3.PATEK PHILIPPE\11.23\已整理\2.PATEK PHILIPPE CALATRAVA BLACK PLATINUM DIAL IN WATCH 5800-100P\附图\5800-100P-1.jpg,,,
dummy_images\WATCH\3.PATEK PHILIPPE\11.23\原图\2.PATEK PHILIPPE CALATRAVA BLACK PLATINUM DIAL IN WATCH 5800-100P\附图\5800-100P-2.jpg,193,dummy_images\WATCH\3.PATEK PHILIPPE\11.23\已整理\2.PATEK PHILIPPE CALATRAVA BLACK PLATINUM DIAL IN WATCH 5800-100P\附图\5800-100P-2.jpg,,,
dummy_images\WATCH\3.PATEK PHILIPPE\11.23\原图\2.PATEK PHILIPPE CALATRAVA BLACK PLATINUM DIAL IN WATCH 5800-100P\附图\5800-100P-3.jpg,193,dummy_images\WATCH\3.PATEK PHILIPPE\11.23\已整理\2.PATEK PHILIPPE CALATRAVA BLACK PLATINUM DIAL IN WATCH 5800-100P\附图\5800-100P-3.jpg,,,
dummy_images\WATCH\3.PATEK PHILIPPE\11.23\原图\3.PATEK PHILIPPE CALATRAVA SELF-WINDING WATCH 5088-100P-001\主图\5088-100P-001.jpg,194,,,,
dummy_images\WATCH\3.PATEK PHILIPPE\11.23\原图\3.PATEK PHILIPPE CALATRAVA SELF-WINDING WATCH 5088-100P-001\附图\5088-100P-001-1.jpg,194,dummy_images\WATCH\3.PATEK PHILIPPE\11.23\已整理\3.PATEK PHILIPPE CALATRAVA SELF-WINDING WATCH 5088-100P-001\附图\5088-100P-001-1.jpg,,,
dummy_images\WATCH\3.PATEK PHILIPPE\11.23\原图\3.PATEK PHILIPPE CALATRAVA SELF-WINDING WATCH 5088-100P-001\附图\5088-100P-001-2.jpg,194,dummy_images\WATCH\3.PATEK PHILIPPE\11.23\已整理\3.PATEK PHILIPPE CALATRAVA SELF-WINDING WATCH 5088-100P-001\附图\5088-100P-001-2.jpg,,,
dummy_images\WATCH\3.PATEK PHILIPPE\11.23\原图\3.PATEK PHILIPPE CALATRAVA SELF-WINDING WATCH 5088-100P-001\附图\5088-100P-001-3.jpg,194,dummy_images\WATCH\3.PATEK PHILIPPE\11.23\已整理\3.PATEK PHILIPPE CALATRAVA SELF-WINDING WATCH 5088-100P-001\附图\5088-100P-001-3.jpg,,,
dummy_images\WATCH\3.PATEK PHILIPPE\11.23\原图\5.PATEK PHILIPPE NAUTILUS 'BLACK VENOM' CARBON STEEL WITH BLUE DIAL WATCH 5711A-010\主图\5711A-010.jpg,195,,,,
dummy_images\WATCH\3.PATEK PHILIPPE\11.23\原图\5.PATEK PHILIPPE NAUTILUS 'BLACK VENOM' CARBON STEEL WITH BLUE DIAL WATCH 5711A-010\附图\5711A-010-1.jpg,195,dummy_images\WATCH\3.PATEK PHILIPPE\11.23\已整理\5.PATEK PHILIPPE NAUTILUS 'BLACK VENOM' CARBON STEEL WITH BLUE DIAL WATCH 5711A-010\附图\5711A-010-1.jpg,,,
dummy_images\WATCH\3.PATEK PHILIPPE\11.23\原图\5.PATEK PHILIPPE NAUTILUS 'BLACK VENOM' CARBON STEEL WITH BLUE DIAL WATCH 5711A-010\附图\5711A-010-2.jpg,195,dummy_images\WATCH\3.PATEK PHILIPPE\11.23\已整理\5.PATEK PHILIPPE NAUTILUS 'BLACK VENOM' CARBON STEEL WITH BLUE DIAL WATCH 5711A-010\附图\5711A-010-2.jpg,,,
dummy_images\WATCH\3.PATEK PHILIPPE\11.23\原图\5.PATEK PHILIPPE NAUTILUS 'BLACK VENOM' CARBON STEEL WITH BLUE DIAL WATCH 5711A-010\附图\5711A-010-3.jpg,195,dummy_images\WATCH\3.PATEK PHILIPPE\11.23\已整理\5.PATEK PHILIPPE NAUTILUS 'BLACK VENOM' CARBON STEEL WITH BLUE DIAL WATCH 5711A-010\附图\5711A-010-3.jpg,,,
dummy_images\WATCH\3.PATEK PHILIPPE\11.23\原图\6.PATEK PHILIPPE NAUTILUS VERSION DIAMOND CARBON COATED CASE WATCH 5711A\主图\5711A.jpg,196,,,,
dummy_images\WATCH\3.PATEK PHILIPPE\11.23\原图\6.PATEK PHILIPPE NAUTILUS VERSION DIAMOND CARBON COATED CASE WATCH 5711A\附图\5711A-1.jpg,196,dummy_images\WATCH\3.PATEK PHILIPPE\11.23\已整理\6.PATEK PHILIPPE NAUTILUS VERSION DIAMOND CARBON COATED CASE WATCH 5711A\附图\5711A-1.jpg,,,
dummy_images\WATCH\3.PATEK PHILIPPE\11.23\原图\6.PATEK PHILIPPE NAUTILUS VERSION DIAMOND CARBON COATED CASE WATCH 5711A\附图\5711A-2.jpg,196,dummy_images\WATCH\3.PATEK PHILIPPE\11.23\已整理\6.PATEK PHILIPPE NAUTILUS VERSION DIAMOND CARBON COATED CASE WATCH 5711A\附图\5711A-2.jpg,,,
dummy_images\WATCH\3.PATEK PHILIPPE\11.23\原图\6.PATEK PHILIPPE NAUTILUS VERSION DIAMOND CARBON COATED CASE WATCH 5711A\附图\5711A-3.jpg,196,dummy_images\WATCH\3.PATEK PHILIPPE\11.23\已整理\6.PATEK PHILIPPE NAUTILUS VERSION DIAMOND CARBON COATED CASE WATCH 5711A\附图\5711A-3.jpg,,,
dummy_images\WATCH\3.PATEK PHILIPPE\11.23\原图\7.PATEK PHILIPPE AQUANAUT‘BLACK VENOM’BLACK DIAL ON RED RUBBER STRAP WATCH 5167A\主图\5167A.jpg,197,,,,
dummy_images\WATCH\3.PATEK PHILIPPE\11.23\原图\7.PATEK PHILIPPE AQUANAUT‘BLACK VENOM’BLACK DIAL ON RED RUBBER STRAP WATCH 5167A\附图\5167A-1.jpg,197,dummy_images\WATCH\3.PATEK PHILIPPE\11.23\已整理\7.PATEK PHILIPPE AQUANAUT‘BLACK VENOM’BLACK DIAL ON RED RUBBER STRAP WATCH 5167A\附图\5167A-1.jpg,,,
dummy_images\WATCH\3.PATEK PHILIPPE\11.23\原图\7.PATEK PHILIPPE AQUANAUT‘BLACK VENOM’BLACK DIAL ON RED RUBBER STRAP WATCH 5167A\附图\5167A-2.jpg,197,dummy_images\WATCH\3.PATEK PHILIPPE\11.23\已整理\7.PATEK PHILIPPE AQUANAUT‘BLACK VENOM’BLACK DIAL ON RED RUBBER STRAP WATCH 5167A\附图\5167A-2.jpg,,,
dummy_images\WATCH\3.PATEK PHILIPPE\11.23\原图\7.PATEK PHILIPPE AQUANAUT‘BLACK VENOM’BLACK DIAL ON RED RUBBER STRAP WATCH 5167A\附图\5167A-3.jpg,197,dummy_images\WATCH\3.PATEK PHILIPPE\11.23\已整理\7.PATEK PHILIPPE AQUANAUT‘BLACK VENOM’BLACK DIAL ON RED RUBBER STRAP WATCH 5167A\附图\5167A-3.jpg,,,
dummy_images\WATCH\3.PATEK PHILIPPE\11.23\原图\8.PATEK PHILIPPE CALATRAVA WATCH 6007A-001\主图\6007A-001.jpg,198,,,,
dummy_images\WATCH\3.PATEK PHILIPPE\11.23\原图\8.PATEK PHILIPPE CALATRAVA WATCH 6007A-001\附图\6007A-001-1.jpg,198,dummy_images\WATCH\3.PATEK PHILIPPE\11.23\已整理\8.PATEK PHILIPPE CALATRAVA WATCH 6007A-001\附图\6007A-001-1.jpg,,,
dummy_images\WATCH\3.PATEK PHILIPPE\11.23\原图\8.PATEK PHILIPPE CALATRAVA WATCH 6007A-001\附图\6007A-001-2.jpg,198,dummy_images\WATCH\3.PATEK PHILIPPE\11.23\已整理\8.PATEK PHILIPPE CALATRAVA WATCH 6007A-001\附图\6007A-001-2.jpg,,,
dummy_images\WATCH\3.PATEK PHILIPPE\11.23\原图\8.PATEK PHILIPPE CALATRAVA WATCH 6007A-001\附图\6007A-001-3.jpg,198,dummy_images\WATCH\3.PATEK PHILIPPE\11.23\已整理\8.PATEK PHILIPPE CALATRAVA WATCH 6007A-001\附图\6007A-001-3.jpg,,,
dummy_images\WATCH\3.PATEK PHILIPPE\11.23\原图\10.PATEK PHILIPPE AQUANAUT WATCH 5167A-010\主图\5167A-010.png,199,,,,
dummy_images\WATCH\3.PATEK PHILIPPE\11.23\原图\10.PATEK PHILIPPE AQUANAUT WATCH 5167A-010\附图\5167A-010-1.jpg,199,dummy_images\WATCH\3.PATEK PHILIPPE\11.23\已整理\10.PATEK PHILIPPE AQUANAUT WATCH 5167A-010\附图\5167A-010-1.jpg,,,
dummy_images\WATCH\3.PATEK PHILIPPE\11.23\原图\10.PATEK PHILIPPE AQUANAUT WATCH 5167A-010\附图\5167A-010-2.jpg,199,dummy_images\WATCH\3.PATEK PHILIPPE\11.23\已整理\10.PATEK PHILIPPE AQUANAUT WATCH 5167A-010\附图\5167A-010-2.jpg,,,
dummy_images\WATCH\3.PATEK PHILIPPE\11.23\原图\10.PATEK PHILIPPE AQUANAUT WATCH 5167A-010\附图\5167A-010-3.jpg,199,dummy_images\WATCH\3.PATEK PHILIPPE\11.23\已整理\10.PATEK PHILIPPE AQUANAUT WATCH 5167A-010\附图\5167A-010-3.jpg,,,
dummy_images\WATCH\3.PATEK PHILIPPE\11.23\原图\11.PATEK PHILIPPE NAUTILUS WATCH 5711-1A-014\主图\5711-1A-014.jpg,200,,,,
dummy_images\WATCH\3.PATEK PHILIPPE\11.23\原图\11.PATEK PHILIPPE NAUTILUS WATCH 5711-1A-014\附图\5711-1A-014-1.jpg,200,dummy_images\WATCH\3.PATEK PHILIPPE\11.23\已整理\11.水印PATEK PHILIPPE NAUTILUS WATCH 5711-1A-014\附图\5711-1A-014-1.jpg,,,
dummy_images\WATCH\3.PATEK PHILIPPE\11.23\原图\11.PATEK PHILIPPE NAUTILUS WATCH 5711-1A-014\附图\5711-1A-014-2.jpg,200,dummy_images\WATCH\3.PATEK PHILIPPE\11.23\已整理\11.水印PATEK PHILIPPE NAUTILUS WATCH 5711-1A-014\附图\5711-1A-014-2.jpg,,,
dummy_images\WATCH\3.PATEK PHILIPPE\11.23\原图\11.PATEK PHILIPPE NAUTILUS WATCH 5711-1A-014\附图\5711-1A-014-3.jpg,200,dummy_images\WATCH\3.PATEK PHILIPPE\11.23\已整理\11.水印PATEK PHILIPPE NAUTILUS WATCH 5711-1A-014\附图\5711-1A-014-3.jpg,,,
dummy_images\WATCH\3.PATEK PHILIPPE\11.23\原图\11.PATEK PHILIPPE NAUTILUS WATCH 5711-1A-014\附图\5711-1A-014-4.jpg,200,dummy_images\WATCH\3.PATEK PHILIPPE\11.23\已整理\11.水印PATEK PHILIPPE NAUTILUS WATCH 5711-1A-014\附图\5711-1A-014-4.jpg,,,
dummy_images\WATCH\3.PATEK PHILIPPE\11.23\原图\19.PATEK PHILIPPE NAUTILUS 'LADIES' AUTOMATIC ROSE GOLD SILVERY OPALINE DIAL WATCH 7118-1R-001\主图\7118-1R-001.jpg,201,,,,
dummy_images\WATCH\3.PATEK PHILIPPE\11.23\原图\19.PATEK PHILIPPE NAUTILUS 'LADIES' AUTOMATIC ROSE GOLD SILVERY OPALINE DIAL WATCH 7118-1R-001\附图\7118-1R-001-1.jpg,201,dummy_images\WATCH\3.PATEK PHILIPPE\11.23\已整理\19.PATEK PHILIPPE NAUTILUS 'LADIES' AUTOMATIC ROSE GOLD SILVERY OPALINE DIAL WATCH 7118-1R-001\附图\7118-1R-001-1.jpg,,,
dummy_images\WATCH\3.PATEK PHILIPPE\11.23\原图\19.PATEK PHILIPPE NAUTILUS 'LADIES' AUTOMATIC ROSE GOLD SILVERY OPALINE DIAL WATCH 7118-1R-001\附图\7118-1R-001-2.jpg,201,dummy_images\WATCH\3.PATEK PHILIPPE\11.23\已整理\19.PATEK PHILIPPE NAUTILUS 'LADIES' AUTOMATIC ROSE GOLD SILVERY OPALINE DIAL WATCH 7118-1R-001\附图\7118-1R-001-2.jpg,,,
dummy_images\WATCH\3.PATEK PHILIPPE\11.23\原图\19.PATEK PHILIPPE NAUTILUS 'LADIES' AUTOMATIC ROSE GOLD SILVERY OPALINE DIAL WATCH 7118-1R-001\附图\7118-1R-001-3.jpg,201,dummy_images\WATCH\3.PATEK PHILIPPE\11.23\已整理\19.PATEK PHILIPPE NAUTILUS 'LADIES' AUTOMATIC ROSE GOLD SILVERY OPALINE DIAL WATCH 7118-1R-001\附图\7118-1R-001-3.jpg,,,
dummy_images\WATCH\3.PATEK PHILIPPE\11.23\原图\23.PATEK PHILIPPE CALATRAVA WHITE GOLD 39MM WATCH 5227G-010\主图\5227G-010.jpg,203,,,,
dummy_images\WATCH\3.PATEK PHILIPPE\11.23\原图\23.PATEK PHILIPPE CALATRAVA WHITE GOLD 39MM WATCH 5227G-010\附图\5227G-010-1.jpg,203,dummy_images\WATCH\3.PATEK PHILIPPE\11.23\已整理\23.PATEK PHILIPPE CALATRAVA WHITE GOLD 39MM WATCH 5227G-010\附图\5227G-010-1.jpg,,,
dummy_images\WATCH\3.PATEK PHILIPPE\11.23\原图\23.PATEK PHILIPPE CALATRAVA WHITE GOLD 39MM WATCH 5227G-010\附图\5227G-010-2.jpg,203,dummy_images\WATCH\3.PATEK PHILIPPE\11.23\已整理\23.PATEK PHILIPPE CALATRAVA WHITE GOLD 39MM WATCH 5227G-010\附图\5227G-010-2.jpg,,,
dummy_images\WATCH\3.PATEK PHILIPPE\11.23\原图\23.PATEK PHILIPPE CALATRAVA WHITE GOLD 39MM WATCH 5227G-010\附图\5227G-010-3.jpg,203,dummy_images\WATCH\3.PATEK PHILIPPE\11.23\已整理\23.PATEK PHILIPPE CALATRAVA WHITE GOLD 39MM WATCH 5227G-010\附图\5227G-010-3.jpg,,,
dummy_images\WATCH\3.PATEK PHILIPPE\11.23\原图\24.PATEK PHILIPPE AQUANAUT WATCH 5165A -001\主图\5165A -001.jpeg,204,,,,
dummy_images\WATCH\3.PATEK PHILIPPE\11.23\原图\24.PATEK PHILIPPE AQUANAUT WATCH 5165A -001\附图\5165A -001-1.jpeg,204,,,,
dummy_images\WATCH\3.PATEK PHILIPPE\11.23\原图\24.PATEK PHILIPPE AQUANAUT WATCH 5165A -001\附图\5165A -001-2.jpeg,204,dummy_images\WATCH\3.PATEK PHILIPPE\11.23\已整理\24.PATEK PHILIPPE AQUANAUT WATCH 5165A -001\附图\5165A -001-2.jpeg,,,
dummy_images\WATCH\3.PATEK PHILIPPE\11.23\原图\24.PATEK PHILIPPE AQUANAUT WATCH 5165A -001\附图\5165A -001-3.jpeg,204,dummy_images\WATCH\3.PATEK PHILIPPE\11.23\已整理\24.PATEK PHILIPPE AQUANAUT WATCH 5165A -001\附图\5165A -001-3.jpeg,,,
dummy_images\WATCH\3.PATEK PHILIPPE\11.23\原图\26.PATEK PHILIPPE CALATRAVA SELF-WINDING WATCH 5226G\主图\5226G.jpg,205,,,,
dummy_images\WATCH\3.PATEK PHILIPPE\11.23\原图\26.PATEK PHILIPPE CALATRAVA SELF-WINDING WATCH 5226G\附图\5226G-1.jpg,205,dummy_images\WATCH\3.PATEK PHILIPPE\11.23\已整理\26.水印PATEK PHILIPPE CALATRAVA SELF-WINDING WATCH 5226G\附图\5226G-1.jpg,,,
dummy_images\WATCH\3.PATEK PHILIPPE\11.23\原图\26.PATEK PHILIPPE CALATRAVA SELF-WINDING WATCH 5226G\附图\5226G-2.jpg,205,dummy_images\WATCH\3.PATEK PHILIPPE\11.23\已整理\26.水印PATEK PHILIPPE CALATRAVA SELF-WINDING WATCH 5226G\附图\5226G-2.jpg,,,
dummy_images\WATCH\3.PATEK PHILIPPE\11.23\原图\26.PATEK PHILIPPE CALATRAVA SELF-WINDING WATCH 5226G\附图\5226G-3.jpg,205,dummy_images\WATCH\3.PATEK PHILIPPE\11.23\已整理\26.水印PATEK PHILIPPE CALATRAVA SELF-WINDING WATCH 5226G\附图\5226G-3.jpg,,,
dummy_images\WATCH\3.PATEK PHILIPPE\11.23\原图\27.PATEK PHILIPPE CALATRAVA WATCH 5227G-001\主图\5227G-001.jpg,206,,,,
dummy_images\WATCH\3.PATEK PHILIPPE\11.23\原图\27.PATEK PHILIPPE CALATRAVA WATCH 5227G-001\附图\5227G-001-1.jpg,206,dummy_images\WATCH\3.PATEK PHILIPPE\11.23\已整理\27.PATEK PHILIPPE CALATRAVA WATCH 5227G-001\附图\5227G-001-1.jpg,,,
dummy_images\WATCH\3.PATEK PHILIPPE\11.23\原图\27.PATEK PHILIPPE CALATRAVA WATCH 5227G-001\附图\5227G-001-2.jpg,206,dummy_images\WATCH\3.PATEK PHILIPPE\11.23\已整理\27.PATEK PHILIPPE CALATRAVA WATCH 5227G-001\附图\5227G-001-2.jpg,,,
dummy_images\WATCH\3.PATEK PHILIPPE\11.23\原图\27.PATEK PHILIPPE CALATRAVA WATCH 5227G-001\附图\5227G-001-3.jpg,206,dummy_images\WATCH\3.PATEK PHILIPPE\11.23\已整理\27.PATEK PHILIPPE CALATRAVA WATCH 5227G-001\附图\5227G-001-3.jpg,,,
dummy_images\WATCH\3.PATEK PHILIPPE\11.23\原图\29.PATEK PHILIPPE STARRY SKY GREEN FACE WATCH 5102R\主图\5102R.jpg,207,,,,
dummy_images\WATCH\3.PATEK PHILIPPE\11.23\原图\29.PATEK PHILIPPE STARRY SKY GREEN FACE WATCH 5102R\附图\5102R-1.jpeg,207,,,,
dummy_images\WATCH\3.PATEK PHILIPPE\11.23\原图\29.PATEK PHILIPPE STARRY SKY GREEN FACE WATCH 5102R\附图\5102R-2.jpeg,207,dummy_images\WATCH\3.PATEK PHILIPPE\11.23\已整理\29.附图PATEK PHILIPPE STARRY SKY GREEN FACE WATCH 5102R\附图\5102R-2.jpeg,,,
dummy_images\WATCH\3.PATEK PHILIPPE\11.23\原图\29.PATEK PHILIPPE STARRY SKY GREEN FACE WATCH 5102R\附图\5102R-3.jpeg,207,dummy_images\WATCH\3.PATEK PHILIPPE\11.23\已整理\29.附图PATEK PHILIPPE STARRY SKY GREEN FACE WATCH 5102R\附图\5102R-3.jpeg,,,
dummy_images\WATCH\3.PATEK PHILIPPE\11.25\原图\4.PATEK PHILIPPE NAUTILUS BLACK DIAL MEN'S WATCH 5726-1A-001\主图\5726-1A-001.jpg,222,,,,
dummy_images\WATCH\3.PATEK PHILIPPE\11.25\原图\4.PATEK PHILIPPE NAUTILUS BLACK DIAL MEN'S WATCH 5726-1A-001\附图\5726-1A-001-1.jpg,222,dummy_images\WATCH\3.PATEK PHILIPPE\11.25\已整理\4.PATEK PHILIPPE NAUTILUS BLACK DIAL MEN'S WATCH 5726-1A-001\附图\5726-1A-001-1.jpg,,,
dummy_images\WATCH\3.PATEK PHILIPPE\11.25\原图\4.PATEK PHILIPPE NAUTILUS BLACK DIAL MEN'S WATCH 5726-1A-001\附图\5726-1A-001-2.jpg,222,dummy_images\WATCH\3.PATEK PHILIPPE\11.25\已整理\4.PATEK PHILIPPE NAUTILUS BLACK DIAL MEN'S WATCH 5726-1A-001\附图\5726-1A-001-2.jpg,,,
dummy_images\WATCH\3.PATEK PHILIPPE\11.25\原图\4.PATEK PHILIPPE NAUTILUS BLACK DIAL MEN'S WATCH 5726-1A-001\附图\5726-1A-001-3.jpg,222,dummy_images\WATCH\3.PATEK PHILIPPE\11.25\已整理\4.PATEK PHILIPPE NAUTILUS BLACK DIAL MEN'S WATCH 5726-1A-001\附图\5726-1A-001-3.jpg,,,
dummy_images\WATCH\3.PATEK PHILIPPE\11.25\原图\7...PATEK PHILIPPE AQUANAUT LUCE AUTOMATIC DIAMOND BROWN DIAL LADIES WATCH 5068R-001\主图\5068R-001.jpg,223,,,,
dummy_images\WATCH\3.PATEK PHILIPPE\11.25\原图\7...PATEK PHILIPPE AQUANAUT LUCE AUTOMATIC DIAMOND BROWN DIAL LADIES WATCH 5068R-001\附图\5068R-001-1.jpg,223,dummy_images\WATCH\3.PATEK PHILIPPE\11.25\已整理\7...PATEK PHILIPPE AQUANAUT LUCE AUTOMATIC DIAMOND BROWN DIAL LADIES WATCH 5068R-001\附图\5068R-001-1.jpg,,,
dummy_images\WATCH\3.PATEK PHILIPPE\11.25\原图\7...PATEK PHILIPPE AQUANAUT LUCE AUTOMATIC DIAMOND BROWN DIAL LADIES WATCH 5068R-001\附图\5068R-001-2.jpg,223,dummy_images\WATCH\3.PATEK PHILIPPE\11.25\已整理\7...PATEK PHILIPPE AQUANAUT LUCE AUTOMATIC DIAMOND BROWN DIAL LADIES WATCH 5068R-001\附图\5068R-001-2.jpg,,,
dummy_images\WATCH\3.PATEK PHILIPPE\11.25\原图\7...PATEK PHILIPPE AQUANAUT LUCE AUTOMATIC DIAMOND BROWN DIAL LADIES WATCH 5068R-001\附图\5068R-001-3.jpg,223,dummy_images\WATCH\3.PATEK PHILIPPE\11.25\已整理\7...PATEK PHILIPPE AQUANAUT LUCE AUTOMATIC DIAMOND BROWN DIAL LADIES WATCH 5068R-001\附图\5068R-001-3.jpg,,,
dummy_images\WATCH\3.PATEK PHILIPPE\11.25\原图\7...PATEK PHILIPPE AQUANAUT LUCE AUTOMATIC DIAMOND BROWN DIAL LADIES WATCH 5068R-001\附图\5068R-001-4.jpg,223,dummy_images\WATCH\3.PATEK PHILIPPE\11.25\已整理\7...PATEK PHILIPPE AQUANAUT LUCE AUTOMATIC DIAMOND BROWN DIAL LADIES WATCH 5068R-001\附图\5068R-001-4.jpg,,,
dummy_images\WATCH\3.PATEK PHILIPPE\11.25\原图\8.PATEK PHILIPPE AQUANAUT 18CT WHITE GOLD BLUE MOP WATCH 5072G-001\主图\5072G-001.jpg,224,,,,
dummy_images\WATCH\3.PATEK PHILIPPE\11.25\原图\8.PATEK PHILIPPE AQUANAUT 18CT WHITE GOLD BLUE MOP WATCH 5072G-001\附图\5072G-001-1.jpg,224,dummy_images\WATCH\3.PATEK PHILIPPE\11.25\已整理\8.PATEK PHILIPPE AQUANAUT 18CT WHITE GOLD BLUE MOP WATCH 5072G-001\附图\5072G-001-1.jpg,,,
dummy_images\WATCH\3.PATEK PHILIPPE\11.25\原图\8.PATEK PHILIPPE AQUANAUT 18CT WHITE GOLD BLUE MOP WATCH 5072G-001\附图\5072G-001-2.jpg,224,dummy_images\WATCH\3.PATEK PHILIPPE\11.25\已整理\8.PATEK PHILIPPE AQUANAUT 18CT WHITE GOLD BLUE MOP WATCH 5072G-001\附图\5072G-001-2.jpg,,,
dummy_images\WATCH\3.PATEK PHILIPPE\11.25\原图\8.PATEK PHILIPPE AQUANAUT 18CT WHITE GOLD BLUE MOP WATCH 5072G-001\附图\5072G-001-3.jpg,224,dummy_images\WATCH\3.PATEK PHILIPPE\11.25\已整理\8.PATEK PHILIPPE AQUANAUT 18CT WHITE GOLD BLUE MOP WATCH 5072G-001\附图\5072G-001-3.jpg,,,
dummy_images\WATCH\3.PATEK PHILIPPE\11.25\原图\9.PATEK PHILIPPE AQUANAUT LUCE 'HAUTE JOAILLERIE' ROSE GOLD DIAMOND DIAL WATCH 5072R-001\主图\5072R-001.jpg,225,,,,
dummy_images\WATCH\3.PATEK PHILIPPE\11.25\原图\9.PATEK PHILIPPE AQUANAUT LUCE 'HAUTE JOAILLERIE' ROSE GOLD DIAMOND DIAL WATCH 5072R-001\附图\5072R-001-1.jpg,225,dummy_images\WATCH\3.PATEK PHILIPPE\11.25\已整理\9.PATEK PHILIPPE AQUANAUT LUCE 'HAUTE JOAILLERIE' ROSE GOLD DIAMOND DIAL WATCH 5072R-001\附图\5072R-001-1.jpg,,,
dummy_images\WATCH\3.PATEK PHILIPPE\11.25\原图\9.PATEK PHILIPPE AQUANAUT LUCE 'HAUTE JOAILLERIE' ROSE GOLD DIAMOND DIAL WATCH 5072R-001\附图\5072R-001-2.jpg,225,dummy_images\WATCH\3.PATEK PHILIPPE\11.25\已整理\9.PATEK PHILIPPE AQUANAUT LUCE 'HAUTE JOAILLERIE' ROSE GOLD DIAMOND DIAL WATCH 5072R-001\附图\5072R-001-2.jpg,,,
dummy_images\WATCH\3.PATEK PHILIPPE\11.25\原图\9.PATEK PHILIPPE AQUANAUT LUCE 'HAUTE JOAILLERIE' ROSE GOLD DIAMOND DIAL WATCH 5072R-001\附图\5072R-001-3.jpg,225,dummy_images\WATCH\3.PATEK PHILIPPE\11.25\已整理\9.PATEK PHILIPPE AQUANAUT LUCE 'HAUTE JOAILLERIE' ROSE GOLD DIAMOND DIAL WATCH 5072R-001\附图\5072R-001-3.jpg,,,
dummy_images\WATCH\3.PATEK PHILIPPE\11.25\原图\11.PATEK PHILIPPE ROSE GOLD BLACK DIAL ICED OUT WATCH 5711-1A-018\主图\5711-1A-018.jpg,226,,,,
dummy_images\WATCH\3.PATEK PHILIPPE\11.25\原图\11.PATEK PHILIPPE ROSE GOLD BLACK DIAL ICED OUT WATCH 5711-1A-018\附图\5711-1A-018-1.jpg,226,dummy_images\WATCH\3.PATEK PHILIPPE\11.25\已整理\11.PATEK PHILIPPE ROSE GOLD BLACK DIAL ICED OUT WATCH 5711-1A-018\附图\5711-1A-018-1.jpg,,,
dummy_images\WATCH\3.PATEK PHILIPPE\11.25\原图\11.PATEK PHILIPPE ROSE GOLD BLACK DIAL ICED OUT WATCH 5711-1A-018\附图\5711-1A-018-2.jpg,226,dummy_images\WATCH\3.PATEK PHILIPPE\11.25\已整理\11.PATEK PHILIPPE ROSE GOLD BLACK DIAL ICED OUT WATCH 5711-1A-018\附图\5711-1A-018-2.jpg,,,
dummy_images\WATCH\3.PATEK PHILIPPE\11.25\原图\11.PATEK PHILIPPE ROSE GOLD BLACK DIAL ICED OUT WATCH 5711-1A-018\附图\5711-1A-018-3.jpg,226,dummy_images\WATCH\3.PATEK PHILIPPE\11.25\已整理\11.PATEK PHILIPPE ROSE GOLD BLACK DIAL ICED OUT WATCH 5711-1A-018\附图\5711-1A-018-3.jpg,,,
dummy_images\WATCH\3.PATEK PHILIPPE\11.25\原图\11.PATEK PHILIPPE ROSE GOLD BLACK DIAL ICED OUT WATCH 5711-1A-018\附图\5711-1A-018-4.jpg,226,dummy_images\WATCH\3.PATEK PHILIPPE\11.25\已整理\11.PATEK PHILIPPE ROSE GOLD BLACK DIAL ICED OUT WATCH 5711-1A-018\附图\5711-1A-018-4.jpg,,,
dummy_images\WATCH\3.PATEK PHILIPPE\11.25\原图\11.PATEK PHILIPPE ROSE GOLD BLACK DIAL ICED OUT WATCH 5711-1A-018\附图\10007.jpg,226,dummy_images\WATCH\3.PATEK PHILIPPE\11.25\已整理\11.PATEK PHILIPPE ROSE GOLD BLACK DIAL ICED OUT WATCH 5711-1A-018\附图\10007.jpg,,,
dummy_images\WATCH\3.PATEK PHILIPPE\11.25\原图\12.PATEK PHILIPPE AUTOMATIC BLUE DIAL TWENTY~4 (7300-1200A)\主图\7300TWENTY~4.jpg,227,,,,
dummy_images\WATCH\3.PATEK PHILIPPE\11.25\原图\12.PATEK PHILIPPE AUTOMATIC BLUE DIAL TWENTY~4 (7300-1200A)\附图\7300TWENTY~4-1.jpg,227,dummy_images\WATCH\3.PATEK PHILIPPE\11.25\已整理\12.PATEK PHILIPPE AUTOMATIC BLUE DIAL TWENTY~4 (7300-1200A)\附图\7300TWENTY~4-1.jpg,,,
dummy_images\WATCH\3.PATEK PHILIPPE\11.25\原图\12.PATEK PHILIPPE AUTOMATIC BLUE DIAL TWENTY~4 (7300-1200A)\附图\7300TWENTY~4-2.jpg,227,dummy_images\WATCH\3.PATEK PHILIPPE\11.25\已整理\12.PATEK PHILIPPE AUTOMATIC BLUE DIAL TWENTY~4 (7300-1200A)\附图\7300TWENTY~4-2.jpg,,,
dummy_images\WATCH\3.PATEK PHILIPPE\11.25\原图\12.PATEK PHILIPPE AUTOMATIC BLUE DIAL TWENTY~4 (7300-1200A)\附图\7300TWENTY~4-3.jpg,227,dummy_images\WATCH\3.PATEK PHILIPPE\11.25\已整理\12.PATEK PHILIPPE AUTOMATIC BLUE DIAL TWENTY~4 (7300-1200A)\附图\7300TWENTY~4-3.jpg,,,
dummy_images\WATCH\3.PATEK PHILIPPE\11.25\原图\12.PATEK PHILIPPE AUTOMATIC BLUE DIAL TWENTY~4 (7300-1200A)\附图\7300TWENTY~4-4.jpg,227,dummy_images\WATCH\3.PATEK PHILIPPE\11.25\已整理\12.PATEK PHILIPPE AUTOMATIC BLUE DIAL TWENTY~4 (7300-1200A)\附图\7300TWENTY~4-4.jpg,,,
dummy_images\WATCH\3.PATEK PHILIPPE\11.25\原图\13.PATEK PHILIPPE AUTOMATIC GRAY DIAL WATCH TWENTY~4 (7300-1200A)\主图\TWENTY~4 (7300-1200A).jpg,228,,,,
dummy_images\WATCH\3.PATEK PHILIPPE\11.25\原图\13.PATEK PHILIPPE AUTOMATIC GRAY DIAL WATCH TWENTY~4 (7300-1200A)\附图\TWENTY~4 (7300-1200A)-1.jpg,228,dummy_images\WATCH\3.PATEK PHILIPPE\11.25\已整理\13.PATEK PHILIPPE AUTOMATIC GRAY DIAL WATCH TWENTY~4 (7300-1200A)\附图\TWENTY~4 (7300-1200A)-1.jpg,,,
dummy_images\WATCH\3.PATEK PHILIPPE\11.25\原图\13.PATEK PHILIPPE AUTOMATIC GRAY DIAL WATCH TWENTY~4 (7300-1200A)\附图\TWENTY~4 (7300-1200A)-2.jpg,228,dummy_images\WATCH\3.PATEK PHILIPPE\11.25\已整理\13.PATEK PHILIPPE AUTOMATIC GRAY DIAL WATCH TWENTY~4 (7300-1200A)\附图\TWENTY~4 (7300-1200A)-2.jpg,,,
dummy_images\WATCH\3.PATEK PHILIPPE\11.25\原图\13.PATEK PHILIPPE AUTOMATIC GRAY DIAL WATCH TWENTY~4 (7300-1200A)\附图\TWENTY~4 (7300-1200A)-3.jpg,228,dummy_images\WATCH\3.PATEK PHILIPPE\11.25\已整理\13.PATEK PHILIPPE AUTOMATIC GRAY DIAL WATCH TWENTY~4 (7300-1200A)\附图\TWENTY~4 (7300-1200A)-3.jpg,,,
dummy_images\WATCH\3.PATEK PHILIPPE\11.25\原图\14.PATEK PHILLIPE GREEN DIAL WATCH TWENTY~4 (7300-1200A)\主图\TWENTY~4 (7300-1200A).png.jpg,229,,,,
dummy_images\WATCH\3.PATEK PHILIPPE\11.25\原图\14.PATEK PHILLIPE GREEN DIAL WATCH TWENTY~4 (7300-1200A)\附图\1TWENTY~4 (7300-1200A)-1.jpg,229,dummy_images\WATCH\3.PATEK PHILIPPE\11.25\已整理\14.PATEK PHILLIPE GREEN DIAL WATCH TWENTY~4 (7300-1200A)\附图\1TWENTY~4 (7300-1200A)-1.jpg,,,
dummy_images\WATCH\3.PATEK PHILIPPE\11.25\原图\14.PATEK PHILLIPE GREEN DIAL WATCH TWENTY~4 (7300-1200A)\附图\1TWENTY~4 (7300-1200A)-2.jpg,229,dummy_images\WATCH\3.PATEK PHILIPPE\11.25\已整理\14.PATEK PHILLIPE GREEN DIAL WATCH TWENTY~4 (7300-1200A)\附图\1TWENTY~4 (7300-1200A)-2.jpg,,,
dummy_images\WATCH\3.PATEK PHILIPPE\11.25\原图\14.PATEK PHILLIPE GREEN DIAL WATCH TWENTY~4 (7300-1200A)\附图\1TWENTY~4 (7300-1200A)-3.jpg,229,dummy_images\WATCH\3.PATEK PHILIPPE\11.25\已整理\14.PATEK PHILLIPE GREEN DIAL WATCH TWENTY~4 (7300-1200A)\附图\1TWENTY~4 (7300-1200A)-3.jpg,,,
dummy_images\WATCH\3.PATEK PHILIPPE\11.25\原图\14.PATEK PHILLIPE GREEN DIAL WATCH TWENTY~4 (7300-1200A)\附图\1TWENTY~4 (7300-1200A)-4.jpg,229,dummy_images\WATCH\3.PATEK PHILIPPE\11.25\已整理\14.PATEK PHILLIPE GREEN DIAL WATCH TWENTY~4 (7300-1200A)\附图\1TWENTY~4 (7300-1200A)-4.jpg,,,
dummy_images\WATCH\3.PATEK PHILIPPE\11.25\原图\14.PATEK PHILLIPE GREEN DIAL WATCH TWENTY~4 (7300-1200A)\附图\1TWENTY~4 (7300-1200A)-5.jpg,229,dummy_images\WATCH\3.PATEK PHILIPPE\11.25\已整理\14.PATEK PHILLIPE GREEN DIAL WATCH TWENTY~4 (7300-1200A)\附图\1TWENTY~4 (7300-1200A)-5.jpg,,,
dummy_images\WATCH\3.PATEK PHILIPPE\11.25\原图\15.PATEK PHILLIPE SAPPHIRE CRYSTAL AUTOMATIC WATCH 5740-1G-001\主图\5740-1G-001.jpg,230,,,,
dummy_images\WATCH\3.PATEK PHILIPPE\11.25\原图\15.PATEK PHILLIPE SAPPHIRE CRYSTAL AUTOMATIC WATCH 5740-1G-001\附图\5740-1G-001-1.jpg,230,dummy_images\WATCH\3.PATEK PHILIPPE\11.25\已整理\15.PATEK PHILLIPE SAPPHIRE CRYSTAL AUTOMATIC WATCH 5740-1G-001\附图\5740-1G-001-1.jpg,,,
dummy_images\WATCH\3.PATEK PHILIPPE\11.25\原图\15.PATEK PHILLIPE SAPPHIRE CRYSTAL AUTOMATIC WATCH 5740-1G-001\附图\5740-1G-001-2.jpg,230,dummy_images\WATCH\3.PATEK PHILIPPE\11.25\已整理\15.PATEK PHILLIPE SAPPHIRE CRYSTAL AUTOMATIC WATCH 5740-1G-001\附图\5740-1G-001-2.jpg,,,
dummy_images\WATCH\3.PATEK PHILIPPE\11.25\原图\15.PATEK PHILLIPE SAPPHIRE CRYSTAL AUTOMATIC WATCH 5740-1G-001\附图\5740-1G-001-3.jpg,230,dummy_images\WATCH\3.PATEK PHILIPPE\11.25\已整理\15.PATEK PHILLIPE SAPPHIRE CRYSTAL AUTOMATIC WATCH 5740-1G-001\附图\5740-1G-001-3.jpg,,,
dummy_images\WATCH\3.PATEK PHILIPPE\11.25\原图\16...PATEK PHILLIPE NAUTILUS GREY DIAL WITH DIAMOND BEZEL IN STEEL WATCH 5740-1G-001\主图\5740-1G-001.jpg,231,,,,
dummy_images\WATCH\3.PATEK PHILIPPE\11.25\原图\16...PATEK PHILLIPE NAUTILUS GREY DIAL WITH DIAMOND BEZEL IN STEEL WATCH 5740-1G-001\附图\5740-1G-001-1.jpg,231,dummy_images\WATCH\3.PATEK PHILIPPE\11.25\已整理\16.PATEK PHILLIPE NAUTILUS GREY DIAL WITH DIAMOND BEZEL IN STEEL WATCH 5740-1G-001\附图\5740-1G-001-04.jpg,,,
dummy_images\WATCH\3.PATEK PHILIPPE\11.25\原图\16...PATEK PHILLIPE NAUTILUS GREY DIAL WITH DIAMOND BEZEL IN STEEL WATCH 5740-1G-001\附图\5740-1G-001-2.jpg,231,dummy_images\WATCH\3.PATEK PHILIPPE\11.25\已整理\16.PATEK PHILLIPE NAUTILUS GREY DIAL WITH DIAMOND BEZEL IN STEEL WATCH 5740-1G-001\附图\5740-1G-001-1.jpg,,,
dummy_images\WATCH\3.PATEK PHILIPPE\11.25\原图\16...PATEK PHILLIPE NAUTILUS GREY DIAL WITH DIAMOND BEZEL IN STEEL WATCH 5740-1G-001\附图\5740-1G-001-3.jpg,231,dummy_images\WATCH\3.PATEK PHILIPPE\11.25\已整理\16.PATEK PHILLIPE NAUTILUS GREY DIAL WITH DIAMOND BEZEL IN STEEL WATCH 5740-1G-001\附图\5740-1G-001-2.jpg,,,
dummy_images\WATCH\3.PATEK PHILIPPE\11.25\原图\16...PATEK PHILLIPE NAUTILUS GREY DIAL WITH DIAMOND BEZEL IN STEEL WATCH 5740-1G-001\附图\5740-1G-001-04.jpg,231,dummy_images\WATCH\3.PATEK PHILIPPE\11.25\已整理\16.PATEK PHILLIPE NAUTILUS GREY DIAL WITH DIAMOND BEZEL IN STEEL WATCH 5740-1G-001\附图\5740-1G-001-3.jpg,,,
dummy_images\WATCH\3.PATEK PHILIPPE\11.25\原图\16...PATEK PHILLIPE NAUTILUS GREY DIAL WITH DIAMOND BEZEL IN STEEL WATCH 5740-1G-001\附图\5740-1G-001-5.jpg,231,dummy_images\WATCH\3.PATEK PHILIPPE\11.25\已整理\16.PATEK PHILLIPE NAUTILUS GREY DIAL WITH DIAMOND BEZEL IN STEEL WATCH 5740-1G-001\附图\5740-1G-001-5.jpg,,,
dummy_images\WATCH\3.PATEK PHILIPPE\11.25\原图\17...PATEK PHILIPPE NAUTILUS PLATINUM GREY DIAL RUBY BEZEL 5711-112P-001\主图\5711-112P-001.jpg,232,,,,
dummy_images\WATCH\3.PATEK PHILIPPE\11.25\原图\17...PATEK PHILIPPE NAUTILUS PLATINUM GREY DIAL RUBY BEZEL 5711-112P-001\附图\5711-112P-001-1.jpg,232,dummy_images\WATCH\3.PATEK PHILIPPE\11.25\已整理\17...PATEK PHILIPPE NAUTILUS PLATINUM GREY DIAL RUBY BEZEL 5711-112P-001\附图\5711-112P-001-1.jpg,,,
dummy_images\WATCH\3.PATEK PHILIPPE\11.25\原图\17...PATEK PHILIPPE NAUTILUS PLATINUM GREY DIAL RUBY BEZEL 5711-112P-001\附图\5711-112P-001-2.jpg,232,dummy_images\WATCH\3.PATEK PHILIPPE\11.25\已整理\17...PATEK PHILIPPE NAUTILUS PLATINUM GREY DIAL RUBY BEZEL 5711-112P-001\附图\5711-112P-001-2.jpg,,,
dummy_images\WATCH\3.PATEK PHILIPPE\11.25\原图\17...PATEK PHILIPPE NAUTILUS PLATINUM GREY DIAL RUBY BEZEL 5711-112P-001\附图\5711-112P-001-3.jpg,232,dummy_images\WATCH\3.PATEK PHILIPPE\11.25\已整理\17...PATEK PHILIPPE NAUTILUS PLATINUM GREY DIAL RUBY BEZEL 5711-112P-001\附图\5711-112P-001-3.jpg,,,
dummy_images\WATCH\3.PATEK PHILIPPE\11.25\原图\17...PATEK PHILIPPE NAUTILUS PLATINUM GREY DIAL RUBY BEZEL 5711-112P-001\附图\5711-112P-001-4.jpg,232,dummy_images\WATCH\3.PATEK PHILIPPE\11.25\已整理\17...PATEK PHILIPPE NAUTILUS PLATINUM GREY DIAL RUBY BEZEL 5711-112P-001\附图\5711-112P-001-4.jpg,,,
dummy_images\WATCH\3.PATEK PHILIPPE\11.25\原图\17...PATEK PHILIPPE NAUTILUS PLATINUM GREY DIAL RUBY BEZEL 5711-112P-001\附图\5711-112P-001-5.jpg,232,dummy_images\WATCH\3.PATEK PHILIPPE\11.25\已整理\17...PATEK PHILIPPE NAUTILUS PLATINUM GREY DIAL RUBY BEZEL 5711-112P-001\附图\5711-112P-001-5.jpg,,,
dummy_images\WATCH\3.PATEK PHILIPPE\11.25\原图\17...PATEK PHILIPPE NAUTILUS PLATINUM GREY DIAL RUBY BEZEL 5711-112P-001\附图\5711-112P-001-6.jpg,232,dummy_images\WATCH\3.PATEK PHILIPPE\11.25\已整理\17...PATEK PHILIPPE NAUTILUS PLATINUM GREY DIAL RUBY BEZEL 5711-112P-001\附图\5711-112P-001-6.jpg,,,
dummy_images\WATCH\3.PATEK PHILIPPE\11.25\原图\18.PATEK PHILIPPE NAUTILUS EDITION WHITE DIAL PURPLE DIAMONDS BEZEL ON WATCH 5711P\主图\5711P.jpg,233,,,,
dummy_images\WATCH\3.PATEK PHILIPPE\11.25\原图\18.PATEK PHILIPPE NAUTILUS EDITION WHITE DIAL PURPLE DIAMONDS BEZEL ON WATCH 5711P\附图\5711P-1.jpg,233,dummy_images\WATCH\3.PATEK PHILIPPE\11.25\已整理\18.PATEK PHILIPPE NAUTILUS EDITION WHITE DIAL PURPLE DIAMONDS BEZEL ON WATCH 5711P\附图\5711P-1.jpg,,,
dummy_images\WATCH\3.PATEK PHILIPPE\11.25\原图\18.PATEK PHILIPPE NAUTILUS EDITION WHITE DIAL PURPLE DIAMONDS BEZEL ON WATCH 5711P\附图\5711P-2.jpg,233,dummy_images\WATCH\3.PATEK PHILIPPE\11.25\已整理\18.PATEK PHILIPPE NAUTILUS EDITION WHITE DIAL PURPLE DIAMONDS BEZEL ON WATCH 5711P\附图\5711P-2.jpg,,,
dummy_images\WATCH\3.PATEK PHILIPPE\11.25\原图\18.PATEK PHILIPPE NAUTILUS EDITION WHITE DIAL PURPLE DIAMONDS BEZEL ON WATCH 5711P\附图\5711P-3.jpg,233,dummy_images\WATCH\3.PATEK PHILIPPE\11.25\已整理\18.PATEK PHILIPPE NAUTILUS EDITION WHITE DIAL PURPLE DIAMONDS BEZEL ON WATCH 5711P\附图\5711P-3.jpg,,,
dummy_images\WATCH\3.PATEK PHILIPPE\11.25\原图\18.PATEK PHILIPPE NAUTILUS EDITION WHITE DIAL PURPLE DIAMONDS BEZEL ON WATCH 5711P\附图\5711P-4.jpg,233,dummy_images\WATCH\3.PATEK PHILIPPE\11.25\已整理\18.PATEK PHILIPPE NAUTILUS EDITION WHITE DIAL PURPLE DIAMONDS BEZEL ON WATCH 5711P\附图\5711P-4.jpg,,,
dummy_images\WATCH\3.PATEK PHILIPPE\11.25\原图\18.PATEK PHILIPPE NAUTILUS EDITION WHITE DIAL PURPLE DIAMONDS BEZEL ON WATCH 5711P\附图\5711P-5.jpg,233,dummy_images\WATCH\3.PATEK PHILIPPE\11.25\已整理\18.PATEK PHILIPPE NAUTILUS EDITION WHITE DIAL PURPLE DIAMONDS BEZEL ON WATCH 5711P\附图\5711P-5.jpg,,,
dummy_images\WATCH\3.PATEK PHILIPPE\11.25\原图\18.PATEK PHILIPPE NAUTILUS EDITION WHITE DIAL PURPLE DIAMONDS BEZEL ON WATCH 5711P\附图\5711P-6.jpg,233,dummy_images\WATCH\3.PATEK PHILIPPE\11.25\已整理\18.PATEK PHILIPPE NAUTILUS EDITION WHITE DIAL PURPLE DIAMONDS BEZEL ON WATCH 5711P\附图\5711P-6.jpg,,,
dummy_images\WATCH\3.PATEK PHILIPPE\11.25\原图\19.PATEK PHILIPPE EMERALD NAUTILUS WATCH 5711P\主图\2-5711P.jpg,234,,,,
dummy_images\WATCH\3.PATEK PHILIPPE\11.25\原图\19.PATEK PHILIPPE EMERALD NAUTILUS WATCH 5711P\附图\2-5711P-1.jpg,234,dummy_images\WATCH\3.PATEK PHILIPPE\11.25\已整理\19.PATEK PHILIPPE EMERALD NAUTILUS WATCH 5711P\附图\2-5711P-1.jpg,,,
dummy_images\WATCH\3.PATEK PHILIPPE\11.25\原图\19.PATEK PHILIPPE EMERALD NAUTILUS WATCH 5711P\附图\2-5711P-2.jpg,234,dummy_images\WATCH\3.PATEK PHILIPPE\11.25\已整理\19.PATEK PHILIPPE EMERALD NAUTILUS WATCH 5711P\附图\2-5711P-2.jpg,,,
dummy_images\WATCH\3.PATEK PHILIPPE\11.25\原图\19.PATEK PHILIPPE EMERALD NAUTILUS WATCH 5711P\附图\2-5711P-3.jpg,234,dummy_images\WATCH\3.PATEK PHILIPPE\11.25\已整理\19.PATEK PHILIPPE EMERALD NAUTILUS WATCH 5711P\附图\2-5711P-3.jpg,,,
dummy_images\WATCH\3.PATEK PHILIPPE\11.25\原图\19.PATEK PHILIPPE EMERALD NAUTILUS WATCH 5711P\附图\2-5711P-4.jpg,234,dummy_images\WATCH\3.PATEK PHILIPPE\11.25\已整理\19.PATEK PHILIPPE EMERALD NAUTILUS WATCH 5711P\附图\2-5711P-4.jpg,,,
dummy_images\WATCH\3.PATEK PHILIPPE\11.25\原图\20.PATEK PHILIPPE NAUTILUS 5711-113P-001\主图\5711-113P-001.jpg,235,,,,
dummy_images\WATCH\3.PATEK PHILIPPE\11.25\原图\20.PATEK PHILIPPE NAUTILUS 5711-113P-001\附图\5711-113P-001-1.jpeg,235,dummy_images\WATCH\3.PATEK PHILIPPE\11.25\已整理\20.PATEK PHILIPPE NAUTILUS 5711-113P-001\附图\5711-113P-001-1.jpg,,,
dummy_images\WATCH\3.PATEK PHILIPPE\11.25\原图\20.PATEK PHILIPPE NAUTILUS 5711-113P-001\附图\5711-113P-001-2.jpg,235,dummy_images\WATCH\3.PATEK PHILIPPE\11.25\已整理\20.PATEK PHILIPPE NAUTILUS 5711-113P-001\附图\5711-113P-001-2.jpg,,,
dummy_images\WATCH\3.PATEK PHILIPPE\11.25\原图\20.PATEK PHILIPPE NAUTILUS 5711-113P-001\附图\5711-113P-001-3.jpg,235,dummy_images\WATCH\3.PATEK PHILIPPE\11.25\已整理\20.PATEK PHILIPPE NAUTILUS 5711-113P-001\附图\5711-113P-001-3.jpg,,,
dummy_images\WATCH\3.PATEK PHILIPPE\11.25\原图\20.PATEK PHILIPPE NAUTILUS 5711-113P-001\附图\5711-113P-001-4.jpg,235,dummy_images\WATCH\3.PATEK PHILIPPE\11.25\已整理\20.PATEK PHILIPPE NAUTILUS 5711-113P-001\附图\5711-113P-001-4.jpg,,,
dummy_images\WATCH\3.PATEK PHILIPPE\11.25\原图\21.OMEGA SPEEDMASTER RACING WATCH 329.30.44.51.06.001\主图\329.30.44.51.06.001.png.jpg,236,,,,
dummy_images\WATCH\3.PATEK PHILIPPE\11.25\原图\21.OMEGA SPEEDMASTER RACING WATCH 329.30.44.51.06.001\附图\329.30.44.51.06.001-1.png,236,dummy_images\WATCH\3.PATEK PHILIPPE\11.25\已整理\21.OMEGA SPEEDMASTER RACING WATCH 329.30.44.51.06.001\附图\329.30.44.51.06.001-1.png,,,
dummy_images\WATCH\3.PATEK PHILIPPE\11.25\原图\21.OMEGA SPEEDMASTER RACING WATCH 329.30.44.51.06.001\附图\329.30.44.51.06.001-2.png,236,dummy_images\WATCH\3.PATEK PHILIPPE\11.25\已整理\21.OMEGA SPEEDMASTER RACING WATCH 329.30.44.51.06.001\附图\329.30.44.51.06.001-2.png,,,
dummy_images\WATCH\3.PATEK PHILIPPE\11.25\原图\21.OMEGA SPEEDMASTER RACING WATCH 329.30.44.51.06.001\附图\329.30.44.51.06.001-3.png,236,dummy_images\WATCH\3.PATEK PHILIPPE\11.25\已整理\21.OMEGA SPEEDMASTER RACING WATCH 329.30.44.51.06.001\附图\329.30.44.51.06.001-3.png,,,
dummy_images\WATCH\3.PATEK PHILIPPE\11.25\原图\21.OMEGA SPEEDMASTER RACING WATCH 329.30.44.51.06.001\附图\329.30.44.51.06.001-5.png,236,dummy_images\WATCH\3.PATEK PHILIPPE\11.25\已整理\21.OMEGA SPEEDMASTER RACING WATCH 329.30.44.51.06.001\附图\329.30.44.51.06.001-5.png,,,
dummy_images\WATCH\3.PATEK PHILIPPE\11.25\原图\21.OMEGA SPEEDMASTER RACING WATCH 329.30.44.51.06.001\附图\329.30.44.51.06.0014.png,236,dummy_images\WATCH\3.PATEK PHILIPPE\11.25\已整理\21.OMEGA SPEEDMASTER RACING WATCH 329.30.44.51.06.001\附图\329.30.44.51.06.0014.png,,,
dummy_images\WATCH\3.PATEK PHILIPPE\11.25\原图\22.OMEGA SPEEDMASTER RACING WATCH 329.30.44.51.04.001\主图\329.30.44.51.04.001.png.jpg,237,,,,
dummy_images\WATCH\3.PATEK PHILIPPE\11.25\原图\22.OMEGA SPEEDMASTER RACING WATCH 329.30.44.51.04.001\附图\329.30.44.51.04.001-1.png,237,dummy_images\WATCH\3.PATEK PHILIPPE\11.25\已整理\22.OMEGA SPEEDMASTER RACING WATCH 329.30.44.51.04.001\附图\329.30.44.51.04.001-1.png,,,
dummy_images\WATCH\3.PATEK PHILIPPE\11.25\原图\22.OMEGA SPEEDMASTER RACING WATCH 329.30.44.51.04.001\附图\329.30.44.51.04.001-2.png,237,dummy_images\WATCH\3.PATEK PHILIPPE\11.25\已整理\22.OMEGA SPEEDMASTER RACING WATCH 329.30.44.51.04.001\附图\329.30.44.51.04.001-2.png,,,
dummy_images\WATCH\3.PATEK PHILIPPE\11.25\原图\22.OMEGA SPEEDMASTER RACING WATCH 329.30.44.51.04.001\附图\329.30.44.51.04.001-3.png,237,dummy_images\WATCH\3.PATEK PHILIPPE\11.25\已整理\22.OMEGA SPEEDMASTER RACING WATCH 329.30.44.51.04.001\附图\329.30.44.51.04.001-3.png,,,
dummy_images\WATCH\3.PATEK PHILIPPE\11.25\原图\22.OMEGA SPEEDMASTER RACING WATCH 329.30.44.51.04.001\附图\329.30.44.51.04.001-4.png,237,dummy_images\WATCH\3.PATEK PHILIPPE\11.25\已整理\22.OMEGA SPEEDMASTER RACING WATCH 329.30.44.51.04.001\附图\329.30.44.51.04.001-4.png,,,
dummy_images\WATCH\3.PATEK PHILIPPE\11.25\原图\22.OMEGA SPEEDMASTER RACING WATCH 329.30.44.51.04.001\附图\329.30.44.51.04.001-5.png,237,dummy_images\WATCH\3.PATEK PHILIPPE\11.25\已整理\22.OMEGA SPEEDMASTER RACING WATCH 329.30.44.51.04.001\附图\329.30.44.51.04.001-5.png,,,
dummy_images\WATCH\3.PATEK PHILIPPE\11.25\原图\23.OMEGA SPEEDMASTER RACING WATCH 329.30.44.51.01.001\主图\329.30.44.51.01.001.png.jpg,238,,,,
dummy_images\WATCH\3.PATEK PHILIPPE\11.25\原图\23.OMEGA SPEEDMASTER RACING WATCH 329.30.44.51.01.001\附图\329.30.44.51.01.001-1.png,238,dummy_images\WATCH\3.PATEK PHILIPPE\11.25\已整理\23.OMEGA SPEEDMASTER RACING WATCH 329.30.44.51.01.001\附图\329.30.44.51.01.001-1.png,,,
dummy_images\WATCH\3.PATEK PHILIPPE\11.25\原图\23.OMEGA SPEEDMASTER RACING WATCH 329.30.44.51.01.001\附图\329.30.44.51.01.001-2.png,238,dummy_images\WATCH\3.PATEK PHILIPPE\11.25\已整理\23.OMEGA SPEEDMASTER RACING WATCH 329.30.44.51.01.001\附图\329.30.44.51.01.001-2.png,,,
dummy_images\WATCH\3.PATEK PHILIPPE\11.25\原图\23.OMEGA SPEEDMASTER RACING WATCH 329.30.44.51.01.001\附图\329.30.44.51.01.001-3.png,238,dummy_images\WATCH\3.PATEK PHILIPPE\11.25\已整理\23.OMEGA SPEEDMASTER RACING WATCH 329.30.44.51.01.001\附图\329.30.44.51.01.001-3.png,,,
dummy_images\WATCH\3.PATEK PHILIPPE\11.25\原图\23.OMEGA SPEEDMASTER RACING WATCH 329.30.44.51.01.001\附图\329.30.44.51.01.001-4.png,238,dummy_images\WATCH\3.PATEK PHILIPPE\11.25\已整理\23.OMEGA SPEEDMASTER RACING WATCH 329.30.44.51.01.001\附图\329.30.44.51.01.001-4.png,,,
dummy_images\WATCH\3.PATEK PHILIPPE\11.25\原图\23.OMEGA SPEEDMASTER RACING WATCH 329.30.44.51.01.001\附图\329.30.44.51.01.001-5.png,238,dummy_images\WATCH\3.PATEK PHILIPPE\11.25\已整理\23.OMEGA SPEEDMASTER RACING WATCH 329.30.44.51.01.001\附图\329.30.44.51.01.001-5.png,,,
dummy_images\WATCH\3.PATEK PHILIPPE\11.25\原图\24.OMEGA SPEEDMASTER RACING?WATCH 329.30.44.51.01.002\主图\329.30.44.51.01.002.png.jpg,239,,,,
dummy_images\WATCH\3.PATEK PHILIPPE\11.25\原图\24.OMEGA SPEEDMASTER RACING?WATCH 329.30.44.51.01.002\附图\329.30.44.51.01.002-1.png,239,dummy_images\WATCH\3.PATEK PHILIPPE\11.25\已整理\24.OMEGA SPEEDMASTER RACING?WATCH 329.30.44.51.01.002\附图\329.30.44.51.01.002-1.png,,,
dummy_images\WATCH\3.PATEK PHILIPPE\11.25\原图\24.OMEGA SPEEDMASTER RACING?WATCH 329.30.44.51.01.002\附图\329.30.44.51.01.002-2.png,239,dummy_images\WATCH\3.PATEK PHILIPPE\11.25\已整理\24.OMEGA SPEEDMASTER RACING?WATCH 329.30.44.51.01.002\附图\329.30.44.51.01.002-2.png,,,
dummy_images\WATCH\3.PATEK PHILIPPE\11.25\原图\24.OMEGA SPEEDMASTER RACING?WATCH 329.30.44.51.01.002\附图\329.30.44.51.01.002-3.png,239,dummy_images\WATCH\3.PATEK PHILIPPE\11.25\已整理\24.OMEGA SPEEDMASTER RACING?WATCH 329.30.44.51.01.002\附图\329.30.44.51.01.002-3.png,,,
dummy_images\WATCH\3.PATEK PHILIPPE\11.25\原图\24.OMEGA SPEEDMASTER RACING?WATCH 329.30.44.51.01.002\附图\329.30.44.51.01.002-4.png,239,dummy_images\WATCH\3.PATEK PHILIPPE\11.25\已整理\24.OMEGA SPEEDMASTER RACING?WATCH 329.30.44.51.01.002\附图\329.30.44.51.01.002-4.png,,,
dummy_images\WATCH\3.PATEK PHILIPPE\11.25\原图\24.OMEGA SPEEDMASTER RACING?WATCH 329.30.44.51.01.002\附图\329.30.44.51.01.002-5.png,239,dummy_images\WATCH\3.PATEK PHILIPPE\11.25\已整理\24.OMEGA SPEEDMASTER RACING?WATCH 329.30.44.51.01.002\附图\329.30.44.51.01.002-5.png,,,
dummy_images\WATCH\3.PATEK PHILIPPE\11.25\原图\25.OMEGA SPEEDMASTER MOONPHASE WATCH 304.63.44.52.01.001\主图\304.63.44.52.01.001.png.jpg,240,,,,
dummy_images\WATCH\3.PATEK PHILIPPE\11.25\原图\25.OMEGA SPEEDMASTER MOONPHASE WATCH 304.63.44.52.01.001\附图\304.63.44.52.01.001-1.png,240,dummy_images\WATCH\3.PATEK PHILIPPE\11.25\已整理\25.OMEGA SPEEDMASTER MOONPHASE WATCH 304.63.44.52.01.001\附图\304.63.44.52.01.001-1.png,,,
dummy_images\WATCH\3.PATEK PHILIPPE\11.25\原图\25.OMEGA SPEEDMASTER MOONPHASE WATCH 304.63.44.52.01.001\附图\304.63.44.52.01.001-2.png,240,dummy_images\WATCH\3.PATEK PHILIPPE\11.25\已整理\25.OMEGA SPEEDMASTER MOONPHASE WATCH 304.63.44.52.01.001\附图\304.63.44.52.01.001-2.png,,,
dummy_images\WATCH\3.PATEK PHILIPPE\11.25\原图\25.OMEGA SPEEDMASTER MOONPHASE WATCH 304.63.44.52.01.001\附图\304.63.44.52.01.001-3.png,240,dummy_images\WATCH\3.PATEK PHILIPPE\11.25\已整理\25.OMEGA SPEEDMASTER MOONPHASE WATCH 304.63.44.52.01.001\附图\304.63.44.52.01.001-3.png,,,
dummy_images\WATCH\3.PATEK PHILIPPE\11.25\原图\27.OMEGA SPEEDMASTER MOONPHASE WATCH 304.33.44.52.03.001\主图\304.33.44.52.03.001.png.jpg,241,,,,
dummy_images\WATCH\3.PATEK PHILIPPE\11.25\原图\27.OMEGA SPEEDMASTER MOONPHASE WATCH 304.33.44.52.03.001\附图\304.33.44.52.03.001-1.png,241,dummy_images\WATCH\3.PATEK PHILIPPE\11.25\已整理\27.OMEGA SPEEDMASTER MOONPHASE WATCH 304.33.44.52.03.001\附图\304.33.44.52.03.001-1.png,,,
dummy_images\WATCH\3.PATEK PHILIPPE\11.25\原图\27.OMEGA SPEEDMASTER MOONPHASE WATCH 304.33.44.52.03.001\附图\304.33.44.52.03.001-2.png,241,dummy_images\WATCH\3.PATEK PHILIPPE\11.25\已整理\27.OMEGA SPEEDMASTER MOONPHASE WATCH 304.33.44.52.03.001\附图\304.33.44.52.03.001-2.png,,,
dummy_images\WATCH\3.PATEK PHILIPPE\11.25\原图\27.OMEGA SPEEDMASTER MOONPHASE WATCH 304.33.44.52.03.001\附图\304.33.44.52.03.001-3.png,241,dummy_images\WATCH\3.PATEK PHILIPPE\11.25\已整理\27.OMEGA SPEEDMASTER MOONPHASE WATCH 304.33.44.52.03.001\附图\304.33.44.52.03.001-3.png,,,
dummy_images\WATCH\3.PATEK PHILIPPE\11.25\原图\27.OMEGA SPEEDMASTER MOONPHASE WATCH 304.33.44.52.03.001\附图\304.33.44.52.03.001-4.png,241,dummy_images\WATCH\3.PATEK PHILIPPE\11.25\已整理\27.OMEGA SPEEDMASTER MOONPHASE WATCH 304.33.44.52.03.001\附图\304.33.44.52.03.001-4.png,,,
dummy_images\WATCH\3.PATEK PHILIPPE\11.25\原图\27.OMEGA SPEEDMASTER MOONPHASE WATCH 304.33.44.52.03.001\附图\304.33.44.52.03.001-5.jpeg,241,dummy_images\WATCH\3.PATEK PHILIPPE\11.25\已整理\27.OMEGA SPEEDMASTER MOONPHASE WATCH 304.33.44.52.03.001\附图\304.33.44.52.03.001-5.jpeg,,,
dummy_images\WATCH\3.PATEK PHILIPPE\11.25\原图\28.OMEGA SPEEDMASTER MOONPHASE WATCH 304.30.44.52.01.001\主图\304.30.44.52.01.001.png.jpg,242,,,,
dummy_images\WATCH\3.PATEK PHILIPPE\11.25\原图\28.OMEGA SPEEDMASTER MOONPHASE WATCH 304.30.44.52.01.001\附图\304.30.44.52.01.001-1.png,242,dummy_images\WATCH\3.PATEK PHILIPPE\11.25\已整理\28.OMEGA SPEEDMASTER MOONPHASE WATCH 304.30.44.52.01.001\附图\304.30.44.52.01.001-1.png,,,
dummy_images\WATCH\3.PATEK PHILIPPE\11.25\原图\28.OMEGA SPEEDMASTER MOONPHASE WATCH 304.30.44.52.01.001\附图\304.30.44.52.01.001-2.png,242,dummy_images\WATCH\3.PATEK PHILIPPE\11.25\已整理\28.OMEGA SPEEDMASTER MOONPHASE WATCH 304.30.44.52.01.001\附图\304.30.44.52.01.001-2.png,,,
dummy_images\WATCH\3.PATEK PHILIPPE\11.25\原图\28.OMEGA SPEEDMASTER MOONPHASE WATCH 304.30.44.52.01.001\附图\304.30.44.52.01.001-3.png,242,dummy_images\WATCH\3.PATEK PHILIPPE\11.25\已整理\28.OMEGA SPEEDMASTER MOONPHASE WATCH 304.30.44.52.01.001\附图\304.30.44.52.01.001-3.png,,,
dummy_images\WATCH\3.PATEK PHILIPPE\11.25\原图\28.OMEGA SPEEDMASTER MOONPHASE WATCH 304.30.44.52.01.001\附图\304.30.44.52.01.001-4.png,242,dummy_images\WATCH\3.PATEK PHILIPPE\11.25\已整理\28.OMEGA SPEEDMASTER MOONPHASE WATCH 304.30.44.52.01.001\附图\304.30.44.52.01.001-4.png,,,
dummy_images\WATCH\3.PATEK PHILIPPE\11.25\原图\28.OMEGA SPEEDMASTER MOONPHASE WATCH 304.30.44.52.01.001\附图\304.30.44.52.01.001-5.png,242,dummy_images\WATCH\3.PATEK PHILIPPE\11.25\已整理\28.OMEGA SPEEDMASTER MOONPHASE WATCH 304.30.44.52.01.001\附图\304.30.44.52.01.001-5.png,,,
dummy_images\WATCH\3.PATEK PHILIPPE\11.25\原图\29.OMEGA SPEEDMASTER MOONPHASE WATCH 304.33.44.52.03.001\主图\2-304.33.44.52.03.001.png.jpg,243,,,,
dummy_images\WATCH\3.PATEK PHILIPPE\11.25\原图\29.OMEGA SPEEDMASTER MOONPHASE WATCH 304.33.44.52.03.001\附图\2-304.33.44.52.03.001-1.png,243,dummy_images\WATCH\3.PATEK PHILIPPE\11.25\已整理\29.OMEGA SPEEDMASTER MOONPHASE WATCH 304.33.44.52.03.001\附图\2-304.33.44.52.03.001-1.png,,,
dummy_images\WATCH\3.PATEK PHILIPPE\11.25\原图\29.OMEGA SPEEDMASTER MOONPHASE WATCH 304.33.44.52.03.001\附图\2-304.33.44.52.03.001-2.png,243,dummy_images\WATCH\3.PATEK PHILIPPE\11.25\已整理\29.OMEGA SPEEDMASTER MOONPHASE WATCH 304.33.44.52.03.001\附图\2-304.33.44.52.03.001-2.png,,,
dummy_images\WATCH\3.PATEK PHILIPPE\11.25\原图\29.OMEGA SPEEDMASTER MOONPHASE WATCH 304.33.44.52.03.001\附图\2-304.33.44.52.03.001-3.png,243,dummy_images\WATCH\3.PATEK PHILIPPE\11.25\已整理\29.OMEGA SPEEDMASTER MOONPHASE WATCH 304.33.44.52.03.001\附图\2-304.33.44.52.03.001-3.png,,,
dummy_images\WATCH\3.PATEK PHILIPPE\11.25\原图\29.OMEGA SPEEDMASTER MOONPHASE WATCH 304.33.44.52.03.001\附图\2-304.33.44.52.03.001-4.png,243,dummy_images\WATCH\3.PATEK PHILIPPE\11.25\已整理\29.OMEGA SPEEDMASTER MOONPHASE WATCH 304.33.44.52.03.001\附图\2-304.33.44.52.03.001-4.png,,,
dummy_images\WATCH\4.OMEGA\11.25\原图\21.OMEGA SPEEDMASTER RACING WATCH 329.30.44.51.06.001\主图\329.30.44.51.06.001.png.jpg,251,,,,
dummy_images\WATCH\4.OMEGA\11.25\原图\21.OMEGA SPEEDMASTER RACING WATCH 329.30.44.51.06.001\附图\329.30.44.51.06.001-1.png,251,dummy_images\WATCH\4.OMEGA\11.25\已整理\21.OMEGA SPEEDMASTER RACING WATCH 329.30.44.51.06.001\附图\329.30.44.51.06.001-1.png,,,
dummy_images\WATCH\4.OMEGA\11.25\原图\21.OMEGA SPEEDMASTER RACING WATCH 329.30.44.51.06.001\附图\329.30.44.51.06.001-2.png,251,dummy_images\WATCH\4.OMEGA\11.25\已整理\21.OMEGA SPEEDMASTER RACING WATCH 329.30.44.51.06.001\附图\329.30.44.51.06.001-2.png,,,
dummy_images\WATCH\4.OMEGA\11.25\原图\21.OMEGA SPEEDMASTER RACING WATCH 329.30.44.51.06.001\附图\329.30.44.51.06.001-3.png,251,dummy_images\WATCH\4.OMEGA\11.25\已整理\21.OMEGA SPEEDMASTER RACING WATCH 329.30.44.51.06.001\附图\329.30.44.51.06.001-3.png,,,
dummy_images\WATCH\4.OMEGA\11.25\原图\21.OMEGA SPEEDMASTER RACING WATCH 329.30.44.51.06.001\附图\329.30.44.51.06.001-5.png,251,dummy_images\WATCH\4.OMEGA\11.25\已整理\21.OMEGA SPEEDMASTER RACING WATCH 329.30.44.51.06.001\附图\329.30.44.51.06.001-5.png,,,
dummy_images\WATCH\4.OMEGA\11.25\原图\21.OMEGA SPEEDMASTER RACING WATCH 329.30.44.51.06.001\附图\329.30.44.51.06.0014.png,251,dummy_images\WATCH\4.OMEGA\11.25\已整理\21.OMEGA SPEEDMASTER RACING WATCH 329.30.44.51.06.001\附图\329.30.44.51.06.0014.png,,,
dummy_images\WATCH\4.OMEGA\11.25\原图\22.OMEGA SPEEDMASTER RACING WATCH 329.30.44.51.04.001\主图\329.30.44.51.04.001.png.jpg,252,,,,
dummy_images\WATCH\4.OMEGA\11.25\原图\22.OMEGA SPEEDMASTER RACING WATCH 329.30.44.51.04.001\附图\329.30.44.51.04.001-1.png,252,dummy_images\WATCH\4.OMEGA\11.25\已整理\22.OMEGA SPEEDMASTER RACING WATCH 329.30.44.51.04.001\附图\329.30.44.51.04.001-1.png,,,
dummy_images\WATCH\4.OMEGA\11.25\原图\22.OMEGA SPEEDMASTER RACING WATCH 329.30.44.51.04.001\附图\329.30.44.51.04.001-2.png,252,dummy_images\WATCH\4.OMEGA\11.25\已整理\22.OMEGA SPEEDMASTER RACING WATCH 329.30.44.51.04.001\附图\329.30.44.51.04.001-2.png,,,
dummy_images\WATCH\4.OMEGA\11.25\原图\22.OMEGA SPEEDMASTER RACING WATCH 329.30.44.51.04.001\附图\329.30.44.51.04.001-3.png,252,dummy_images\WATCH\4.OMEGA\11.25\已整理\22.OMEGA SPEEDMASTER RACING WATCH 329.30.44.51.04.001\附图\329.30.44.51.04.001-3.png,,,
dummy_images\WATCH\4.OMEGA\11.25\原图\22.OMEGA SPEEDMASTER RACING WATCH 329.30.44.51.04.001\附图\329.30.44.51.04.001-4.png,252,dummy_images\WATCH\4.OMEGA\11.25\已整理\22.OMEGA SPEEDMASTER RACING WATCH 329.30.44.51.04.001\附图\329.30.44.51.04.001-4.png,,,
dummy_images\WATCH\4.OMEGA\11.25\原图\22.OMEGA SPEEDMASTER RACING WATCH 329.30.44.51.04.001\附图\329.30.44.51.04.001-5.png,252,dummy_images\WATCH\4.OMEGA\11.25\已整理\22.OMEGA SPEEDMASTER RACING WATCH 329.30.44.51.04.001\附图\329.30.44.51.04.001-5.png,,,
dummy_images\WATCH\4.OMEGA\11.25\原图\23.OMEGA SPEEDMASTER RACING WATCH 329.30.44.51.01.001\主图\329.30.44.51.01.001.png.jpg,253,,,,
dummy_images\WATCH\4.OMEGA\11.25\原图\23.OMEGA SPEEDMASTER RACING WATCH 329.30.44.51.01.001\附图\329.30.44.51.01.001-1.png,253,dummy_images\WATCH\4.OMEGA\11.25\已整理\23.OMEGA SPEEDMASTER RACING WATCH 329.30.44.51.01.001\附图\329.30.44.51.01.001-1.png,,,
dummy_images\WATCH\4.OMEGA\11.25\原图\23.OMEGA SPEEDMASTER RACING WATCH 329.30.44.51.01.001\附图\329.30.44.51.01.001-2.png,253,dummy_images\WATCH\4.OMEGA\11.25\已整理\23.OMEGA SPEEDMASTER RACING WATCH 329.30.44.51.01.001\附图\329.30.44.51.01.001-2.png,,,
dummy_images\WATCH\4.OMEGA\11.25\原图\23.OMEGA SPEEDMASTER RACING WATCH 329.30.44.51.01.001\附图\329.30.44.51.01.001-3.png,253,dummy_images\WATCH\4.OMEGA\11.25\已整理\23.OMEGA SPEEDMASTER RACING WATCH 329.30.44.51.01.001\附图\329.30.44.51.01.001-3.png,,,
dummy_images\WATCH\4.OMEGA\11.25\原图\23.OMEGA SPEEDMASTER RACING WATCH 329.30.44.51.01.001\附图\329.30.44.51.01.001-4.png,253,dummy_images\WATCH\4.OMEGA\11.25\已整理\23.OMEGA SPEEDMASTER RACING WATCH 329.30.44.51.01.001\附图\329.30.44.51.01.001-4.png,,,
dummy_images\WATCH\4.OMEGA\11.25\原图\23.OMEGA SPEEDMASTER RACING WATCH 329.30.44.51.01.001\附图\329.30.44.51.01.001-5.png,253,dummy_images\WATCH\4.OMEGA\11.25\已整理\23.OMEGA SPEEDMASTER RACING WATCH 329.30.44.51.01.001\附图\329.30.44.51.01.001-5.png,,,
dummy_images\WATCH\4.OMEGA\11.25\原图\24.OMEGA SPEEDMASTER RACING?WATCH 329.30.44.51.01.002\主图\329.30.44.51.01.002.png.jpg,254,,,,
dummy_images\WATCH\4.OMEGA\11.25\原图\24.OMEGA SPEEDMASTER RACING?WATCH 329.30.44.51.01.002\附图\329.30.44.51.01.002-1.png,254,dummy_images\WATCH\4.OMEGA\11.25\已整理\24.OMEGA SPEEDMASTER RACING?WATCH 329.30.44.51.01.002\附图\329.30.44.51.01.002-1.png,,,
dummy_images\WATCH\4.OMEGA\11.25\原图\24.OMEGA SPEEDMASTER RACING?WATCH 329.30.44.51.01.002\附图\329.30.44.51.01.002-2.png,254,dummy_images\WATCH\4.OMEGA\11.25\已整理\24.OMEGA SPEEDMASTER RACING?WATCH 329.30.44.51.01.002\附图\329.30.44.51.01.002-2.png,,,
dummy_images\WATCH\4.OMEGA\11.25\原图\24.OMEGA SPEEDMASTER RACING?WATCH 329.30.44.51.01.002\附图\329.30.44.51.01.002-3.png,254,dummy_images\WATCH\4.OMEGA\11.25\已整理\24.OMEGA SPEEDMASTER RACING?WATCH 329.30.44.51.01.002\附图\329.30.44.51.01.002-3.png,,,
dummy_images\WATCH\4.OMEGA\11.25\原图\24.OMEGA SPEEDMASTER RACING?WATCH 329.30.44.51.01.002\附图\329.30.44.51.01.002-4.png,254,dummy_images\WATCH\4.OMEGA\11.25\已整理\24.OMEGA SPEEDMASTER RACING?WATCH 329.30.44.51.01.002\附图\329.30.44.51.01.002-4.png,,,
dummy_images\WATCH\4.OMEGA\11.25\原图\24.OMEGA SPEEDMASTER RACING?WATCH 329.30.44.51.01.002\附图\329.30.44.51.01.002-5.png,254,dummy_images\WATCH\4.OMEGA\11.25\已整理\24.OMEGA SPEEDMASTER RACING?WATCH 329.30.44.51.01.002\附图\329.30.44.51.01.002-5.png,,,
dummy_images\WATCH\4.OMEGA\11.25\原图\25.OMEGA SPEEDMASTER MOONPHASE WATCH 304.63.44.52.01.001\主图\304.63.44.52.01.001.png.jpg,255,,,,
dummy_images\WATCH\4.OMEGA\11.25\原图\25.OMEGA SPEEDMASTER MOONPHASE WATCH 304.63.44.52.01.001\附图\304.63.44.52.01.001-1.png,255,dummy_images\WATCH\4.OMEGA\11.25\已整理\25.OMEGA SPEEDMASTER MOONPHASE WATCH 304.63.44.52.01.001\附图\304.63.44.52.01.001-1.png,,,
dummy_images\WATCH\4.OMEGA\11.25\原图\25.OMEGA SPEEDMASTER MOONPHASE WATCH 304.63.44.52.01.001\附图\304.63.44.52.01.001-2.png,255,dummy_images\WATCH\4.OMEGA\11.25\已整理\25.OMEGA SPEEDMASTER MOONPHASE WATCH 304.63.44.52.01.001\附图\304.63.44.52.01.001-2.png,,,
dummy_images\WATCH\4.OMEGA\11.25\原图\25.OMEGA SPEEDMASTER MOONPHASE WATCH 304.63.44.52.01.001\附图\304.63.44.52.01.001-3.png,255,dummy_images\WATCH\4.OMEGA\11.25\已整理\25.OMEGA SPEEDMASTER MOONPHASE WATCH 304.63.44.52.01.001\附图\304.63.44.52.01.001-3.png,,,
dummy_images\WATCH\4.OMEGA\11.25\原图\27.OMEGA SPEEDMASTER MOONPHASE WATCH 304.33.44.52.03.001\主图\304.33.44.52.03.001.png.jpg,256,,,,
dummy_images\WATCH\4.OMEGA\11.25\原图\27.OMEGA SPEEDMASTER MOONPHASE WATCH 304.33.44.52.03.001\附图\304.33.44.52.03.001-1.png,256,dummy_images\WATCH\4.OMEGA\11.25\已整理\27.OMEGA SPEEDMASTER MOONPHASE WATCH 304.33.44.52.03.001\附图\304.33.44.52.03.001-1.png,,,
dummy_images\WATCH\4.OMEGA\11.25\原图\27.OMEGA SPEEDMASTER MOONPHASE WATCH 304.33.44.52.03.001\附图\304.33.44.52.03.001-2.png,256,dummy_images\WATCH\4.OMEGA\11.25\已整理\27.OMEGA SPEEDMASTER MOONPHASE WATCH 304.33.44.52.03.001\附图\304.33.44.52.03.001-2.png,,,
dummy_images\WATCH\4.OMEGA\11.25\原图\27.OMEGA SPEEDMASTER MOONPHASE WATCH 304.33.44.52.03.001\附图\304.33.44.52.03.001-3.png,256,dummy_images\WATCH\4.OMEGA\11.25\已整理\27.OMEGA SPEEDMASTER MOONPHASE WATCH 304.33.44.52.03.001\附图\304.33.44.52.03.001-3.png,,,
dummy_images\WATCH\4.OMEGA\11.25\原图\27.OMEGA SPEEDMASTER MOONPHASE WATCH 304.33.44.52.03.001\附图\304.33.44.52.03.001-4.png,256,dummy_images\WATCH\4.OMEGA\11.25\已整理\27.OMEGA SPEEDMASTER MOONPHASE WATCH 304.33.44.52.03.001\附图\304.33.44.52.03.001-4.png,,,
dummy_images\WATCH\4.OMEGA\11.25\原图\27.OMEGA SPEEDMASTER MOONPHASE WATCH 304.33.44.52.03.001\附图\304.33.44.52.03.001-5.jpeg,256,dummy_images\WATCH\4.OMEGA\11.25\已整理\27.OMEGA SPEEDMASTER MOONPHASE WATCH 304.33.44.52.03.001\附图\304.33.44.52.03.001-5.jpeg,,,
dummy_images\WATCH\4.OMEGA\11.25\原图\28.OMEGA SPEEDMASTER MOONPHASE WATCH 304.30.44.52.01.001\主图\304.30.44.52.01.001.png.jpg,257,,,,
dummy_images\WATCH\4.OMEGA\11.25\原图\28.OMEGA SPEEDMASTER MOONPHASE WATCH 304.30.44.52.01.001\附图\304.30.44.52.01.001-1.png,257,dummy_images\WATCH\4.OMEGA\11.25\已整理\28.OMEGA SPEEDMASTER MOONPHASE WATCH 304.30.44.52.01.001\附图\304.30.44.52.01.001-1.png,,,
dummy_images\WATCH\4.OMEGA\11.25\原图\28.OMEGA SPEEDMASTER MOONPHASE WATCH 304.30.44.52.01.001\附图\304.30.44.52.01.001-2.png,257,dummy_images\WATCH\4.OMEGA\11.25\已整理\28.OMEGA SPEEDMASTER MOONPHASE WATCH 304.30.44.52.01.001\附图\304.30.44.52.01.001-2.png,,,
dummy_images\WATCH\4.OMEGA\11.25\原图\28.OMEGA SPEEDMASTER MOONPHASE WATCH 304.30.44.52.01.001\附图\304.30.44.52.01.001-3.png,257,dummy_images\WATCH\4.OMEGA\11.25\已整理\28.OMEGA SPEEDMASTER MOONPHASE WATCH 304.30.44.52.01.001\附图\304.30.44.52.01.001-3.png,,,
dummy_images\WATCH\4.OMEGA\11.25\原图\28.OMEGA SPEEDMASTER MOONPHASE WATCH 304.30.44.52.01.001\附图\304.30.44.52.01.001-4.png,257,dummy_images\WATCH\4.OMEGA\11.25\已整理\28.OMEGA SPEEDMASTER MOONPHASE WATCH 304.30.44.52.01.001\附图\304.30.44.52.01.001-4.png,,,
dummy_images\WATCH\4.OMEGA\11.25\原图\28.OMEGA SPEEDMASTER MOONPHASE WATCH 304.30.44.52.01.001\附图\304.30.44.52.01.001-5.png,257,dummy_images\WATCH\4.OMEGA\11.25\已整理\28.OMEGA SPEEDMASTER MOONPHASE WATCH 304.30.44.52.01.001\附图\304.30.44.52.01.001-5.png,,,
dummy_images\WATCH\4.OMEGA\11.25\原图\29.OMEGA SPEEDMASTER MOONPHASE WATCH 304.33.44.52.03.001\主图\2-304.33.44.52.03.001.png.jpg,258,,,,
dummy_images\WATCH\4.OMEGA\11.25\原图\29.OMEGA SPEEDMASTER MOONPHASE WATCH 304.33.44.52.03.001\附图\2-304.33.44.52.03.001-1.png,258,dummy_images\WATCH\4.OMEGA\11.25\已整理\29.OMEGA SPEEDMASTER MOONPHASE WATCH 304.33.44.52.03.001\附图\2-304.33.44.52.03.001-1.png,,,
dummy_images\WATCH\4.OMEGA\11.25\原图\29.OMEGA SPEEDMASTER MOONPHASE WATCH 304.33.44.52.03.001\附图\2-304.33.44.52.03.001-2.png,258,dummy_images\WATCH\4.OMEGA\11.25\已整理\29.OMEGA SPEEDMASTER MOONPHASE WATCH 304.33.44.52.03.001\附图\2-304.33.44.52.03.001-2.png,,,
dummy_images\WATCH\4.OMEGA\11.25\原图\29.OMEGA SPEEDMASTER MOONPHASE WATCH 304.33.44.52.03.001\附图\2-304.33.44.52.03.001-3.png,258,dummy_images\WATCH\4.OMEGA\11.25\已整理\29.OMEGA SPEEDMASTER MOONPHASE WATCH 304.33.44.52.03.001\附图\2-304.33.44.52.03.001-3.png,,,
dummy_images\WATCH\4.OMEGA\11.25\原图\29.OMEGA SPEEDMASTER MOONPHASE WATCH 304.33.44.52.03.001\附图\2-304.33.44.52.03.001-4.png,258,dummy_images\WATCH\4.OMEGA\11.25\已整理\29.OMEGA SPEEDMASTER MOONPHASE WATCH 304.33.44.52.03.001\附图\2-304.33.44.52.03.001-4.png,,,
dummy_images\WATCH\4.OMEGA\11.27\原图\3.OMEGA SEAMASTER BOUTIQUE EDITIONS WATCH 511.53.40.20.02.002\主图\511.53.40.20.02.002.jpg,260,,,,
dummy_images\WATCH\4.OMEGA\11.27\原图\3.OMEGA SEAMASTER BOUTIQUE EDITIONS WATCH 511.53.40.20.02.002\附图\511.53.40.20.02.002-1.jpg,260,dummy_images\WATCH\4.OMEGA\11.27\已整理\3.OMEGA SEAMASTER BOUTIQUE EDITIONS WATCH 511.53.40.20.02.002\附图\511.53.40.20.02.002-1.jpg,,,
dummy_images\WATCH\4.OMEGA\11.27\原图\3.OMEGA SEAMASTER BOUTIQUE EDITIONS WATCH 511.53.40.20.02.002\附图\511.53.40.20.02.002-2.jpg,260,dummy_images\WATCH\4.OMEGA\11.27\已整理\3.OMEGA SEAMASTER BOUTIQUE EDITIONS WATCH 511.53.40.20.02.002\附图\511.53.40.20.02.002-2.jpg,,,
dummy_images\WATCH\4.OMEGA\11.27\原图\3.OMEGA SEAMASTER BOUTIQUE EDITIONS WATCH 511.53.40.20.02.002\附图\511.53.40.20.02.002-3.jpg,260,dummy_images\WATCH\4.OMEGA\11.27\已整理\3.OMEGA SEAMASTER BOUTIQUE EDITIONS WATCH 511.53.40.20.02.002\附图\511.53.40.20.02.002-3.jpg,,,
dummy_images\WATCH\4.OMEGA\11.27\原图\3.OMEGA SEAMASTER BOUTIQUE EDITIONS WATCH 511.53.40.20.02.002\附图\511.53.40.20.02.002-4.jpg,260,dummy_images\WATCH\4.OMEGA\11.27\已整理\3.OMEGA SEAMASTER BOUTIQUE EDITIONS WATCH 511.53.40.20.02.002\附图\511.53.40.20.02.002-4.jpg,,,
dummy_images\WATCH\4.OMEGA\11.27\原图\3.OMEGA SEAMASTER BOUTIQUE EDITIONS WATCH 511.53.40.20.02.002\附图\511.53.40.20.02.002-5.jpg,260,dummy_images\WATCH\4.OMEGA\11.27\已整理\3.OMEGA SEAMASTER BOUTIQUE EDITIONS WATCH 511.53.40.20.02.002\附图\511.53.40.20.02.002-5.jpg,,,
dummy_images\WATCH\4.OMEGA\11.27\原图\4.OMEGA SEAMASTER BOUTIQUE EDITIONS WATCH 511.13.40.20.03.001\主图\511.13.40.20.03.001.jpg,261,,,,
dummy_images\WATCH\4.OMEGA\11.27\原图\4.OMEGA SEAMASTER BOUTIQUE EDITIONS WATCH 511.13.40.20.03.001\附图\511.13.40.20.03.001-1.jpg,261,dummy_images\WATCH\4.OMEGA\11.27\已整理\4.OMEGA SEAMASTER BOUTIQUE EDITIONS WATCH 511.13.40.20.03.001\附图\511.13.40.20.03.001-1.jpg,,,
dummy_images\WATCH\4.OMEGA\11.27\原图\4.OMEGA SEAMASTER BOUTIQUE EDITIONS WATCH 511.13.40.20.03.001\附图\511.13.40.20.03.001-2.jpg,261,dummy_images\WATCH\4.OMEGA\11.27\已整理\4.OMEGA SEAMASTER BOUTIQUE EDITIONS WATCH 511.13.40.20.03.001\附图\511.13.40.20.03.001-2.jpg,,,
dummy_images\WATCH\4.OMEGA\11.27\原图\4.OMEGA SEAMASTER BOUTIQUE EDITIONS WATCH 511.13.40.20.03.001\附图\511.13.40.20.03.001-3.jpg,261,dummy_images\WATCH\4.OMEGA\11.27\已整理\4.OMEGA SEAMASTER BOUTIQUE EDITIONS WATCH 511.13.40.20.03.001\附图\511.13.40.20.03.001-3.jpg,,,
dummy_images\WATCH\4.OMEGA\11.27\原图\4.OMEGA SEAMASTER BOUTIQUE EDITIONS WATCH 511.13.40.20.03.001\附图\511.13.40.20.03.001-4.jpg,261,dummy_images\WATCH\4.OMEGA\11.27\已整理\4.OMEGA SEAMASTER BOUTIQUE EDITIONS WATCH 511.13.40.20.03.001\附图\511.13.40.20.03.001-4.jpg,,,
dummy_images\WATCH\4.OMEGA\11.27\原图\13.OMEGA DE VILLE PRESTIGE WATCH 424.53.40.21.52.001\主图\424.53.40.21.52.001.jpg,262,,,,
dummy_images\WATCH\4.OMEGA\11.27\原图\13.OMEGA DE VILLE PRESTIGE WATCH 424.53.40.21.52.001\附图\424.53.40.21.52.001-1.jpg,262,dummy_images\WATCH\4.OMEGA\11.27\已整理\13.OMEGA DE VILLE PRESTIGE WATCH 424.53.40.21.52.001\附图\424.53.40.21.52.001-1.jpg,,,
dummy_images\WATCH\4.OMEGA\11.27\原图\13.OMEGA DE VILLE PRESTIGE WATCH 424.53.40.21.52.001\附图\424.53.40.21.52.001-2.jpg,262,dummy_images\WATCH\4.OMEGA\11.27\已整理\13.OMEGA DE VILLE PRESTIGE WATCH 424.53.40.21.52.001\附图\424.53.40.21.52.001-2.jpg,,,
dummy_images\WATCH\4.OMEGA\11.27\原图\13.OMEGA DE VILLE PRESTIGE WATCH 424.53.40.21.52.001\附图\424.53.40.21.52.001-3.jpg,262,,,,
dummy_images\WATCH\4.OMEGA\11.27\原图\16.OMEGA SEAMASTER AQUA TERRA 150 M GMT WATCH 231.10.43.22.01.001\主图\231.10.43.22.01.001.png.jpg,263,,,,
dummy_images\WATCH\4.OMEGA\11.27\原图\16.OMEGA SEAMASTER AQUA TERRA 150 M GMT WATCH 231.10.43.22.01.001\附图\231.10.43.22.01.001-1.png,263,dummy_images\WATCH\4.OMEGA\11.27\已整理\16.OMEGA SEAMASTER AQUA TERRA 150 M GMT WATCH 231.10.43.22.01.001\附图\231.10.43.22.01.001-1.png,,,
dummy_images\WATCH\4.OMEGA\11.27\原图\16.OMEGA SEAMASTER AQUA TERRA 150 M GMT WATCH 231.10.43.22.01.001\附图\231.10.43.22.01.001-2.png,263,dummy_images\WATCH\4.OMEGA\11.27\已整理\16.OMEGA SEAMASTER AQUA TERRA 150 M GMT WATCH 231.10.43.22.01.001\附图\231.10.43.22.01.001-2.png,,,
dummy_images\WATCH\4.OMEGA\11.27\原图\16.OMEGA SEAMASTER AQUA TERRA 150 M GMT WATCH 231.10.43.22.01.001\附图\231.10.43.22.01.001-3.png,263,dummy_images\WATCH\4.OMEGA\11.27\已整理\16.OMEGA SEAMASTER AQUA TERRA 150 M GMT WATCH 231.10.43.22.01.001\附图\231.10.43.22.01.001-3.png,,,
dummy_images\WATCH\4.OMEGA\11.27\原图\17.OMEGA SEAMASTER AQUA TERRA 150 M GMT WATCH 231.10.43.22.03.001\主图\231.10.43.22.03.001.jpg,264,,,,
dummy_images\WATCH\4.OMEGA\11.27\原图\17.OMEGA SEAMASTER AQUA TERRA 150 M GMT WATCH 231.10.43.22.03.001\附图\231.10.43.22.03.001-0.jpg,264,,,,
dummy_images\WATCH\4.OMEGA\11.27\原图\17.OMEGA SEAMASTER AQUA TERRA 150 M GMT WATCH 231.10.43.22.03.001\附图\231.10.43.22.03.001-1.jpg,264,dummy_images\WATCH\4.OMEGA\11.27\已整理\17.OMEGA SEAMASTER AQUA TERRA 150 M GMT WATCH 231.10.43.22.03.001\附图\231.10.43.22.03.001-1.jpg,,,
dummy_images\WATCH\4.OMEGA\11.27\原图\17.OMEGA SEAMASTER AQUA TERRA 150 M GMT WATCH 231.10.43.22.03.001\附图\231.10.43.22.03.001-2.jpg,264,dummy_images\WATCH\4.OMEGA\11.27\已整理\17.OMEGA SEAMASTER AQUA TERRA 150 M GMT WATCH 231.10.43.22.03.001\附图\231.10.43.22.03.001-2.jpg,,,
dummy_images\WATCH\4.OMEGA\11.27\原图\17.OMEGA SEAMASTER AQUA TERRA 150 M GMT WATCH 231.10.43.22.03.001\附图\231.10.43.22.03.001-3.jpg,264,dummy_images\WATCH\4.OMEGA\11.27\已整理\17.OMEGA SEAMASTER AQUA TERRA 150 M GMT WATCH 231.10.43.22.03.001\附图\231.10.43.22.03.001-3.jpg,,,
dummy_images\WATCH\4.OMEGA\11.27\原图\18.OMEGA SEAMASTER SEAMASTER PLANET OCEAN 300M WATCH 210.30.42.20.01.001\主图\210.30.42.20.01.001.jpg,265,,,,
dummy_images\WATCH\4.OMEGA\11.27\原图\18.OMEGA SEAMASTER SEAMASTER PLANET OCEAN 300M WATCH 210.30.42.20.01.001\附图\210.30.42.20.01.001-1.jpg,265,dummy_images\WATCH\4.OMEGA\11.27\已整理\18.OMEGA SEAMASTER SEAMASTER PLANET OCEAN 300M WATCH 210.30.42.20.01.001\附图\210.30.42.20.01.001-1.jpg,,,
dummy_images\WATCH\4.OMEGA\11.27\原图\18.OMEGA SEAMASTER SEAMASTER PLANET OCEAN 300M WATCH 210.30.42.20.01.001\附图\210.30.42.20.01.001-2.jpg,265,dummy_images\WATCH\4.OMEGA\11.27\已整理\18.OMEGA SEAMASTER SEAMASTER PLANET OCEAN 300M WATCH 210.30.42.20.01.001\附图\210.30.42.20.01.001-2.jpg,,,
dummy_images\WATCH\4.OMEGA\11.27\原图\18.OMEGA SEAMASTER SEAMASTER PLANET OCEAN 300M WATCH 210.30.42.20.01.001\附图\210.30.42.20.01.001-3.jpg,265,dummy_images\WATCH\4.OMEGA\11.27\已整理\18.OMEGA SEAMASTER SEAMASTER PLANET OCEAN 300M WATCH 210.30.42.20.01.001\附图\210.30.42.20.01.001-3.jpg,,,
dummy_images\WATCH\4.OMEGA\11.27\原图\21.OMEGA SEAMASTER AQUA TERRA 150M WATCH 231.10.42.21.02.004\主图\231.10.42.21.02.004.jpg,266,,,,
dummy_images\WATCH\4.OMEGA\11.27\原图\21.OMEGA SEAMASTER AQUA TERRA 150M WATCH 231.10.42.21.02.004\附图\231.10.42.21.02.004-1.jpg,266,dummy_images\WATCH\4.OMEGA\11.27\已整理\21.OMEGA SEAMASTER AQUA TERRA 150M WATCH 231.10.42.21.02.004\附图\231.10.42.21.02.004-1.jpg,,,
dummy_images\WATCH\4.OMEGA\11.27\原图\21.OMEGA SEAMASTER AQUA TERRA 150M WATCH 231.10.42.21.02.004\附图\231.10.42.21.02.004-2.jpg,266,dummy_images\WATCH\4.OMEGA\11.27\已整理\21.OMEGA SEAMASTER AQUA TERRA 150M WATCH 231.10.42.21.02.004\附图\231.10.42.21.02.004-2.jpg,,,
dummy_images\WATCH\4.OMEGA\11.27\原图\21.OMEGA SEAMASTER AQUA TERRA 150M WATCH 231.10.42.21.02.004\附图\231.10.42.21.02.004-3.jpg,266,dummy_images\WATCH\4.OMEGA\11.27\已整理\21.OMEGA SEAMASTER AQUA TERRA 150M WATCH 231.10.42.21.02.004\附图\231.10.42.21.02.004-3.jpg,,,
dummy_images\WATCH\4.OMEGA\11.27\原图\21.OMEGA SEAMASTER AQUA TERRA 150M WATCH 231.10.42.21.02.004\附图\231.10.42.21.02.004-4.jpg,266,dummy_images\WATCH\4.OMEGA\11.27\已整理\21.OMEGA SEAMASTER AQUA TERRA 150M WATCH 231.10.42.21.02.004\附图\231.10.42.21.02.004-4.jpg,,,
dummy_images\WATCH\4.OMEGA\11.27\原图\21.OMEGA SEAMASTER AQUA TERRA 150M WATCH 231.10.42.21.02.004\附图\231.10.42.21.02.004-5.jpg,266,dummy_images\WATCH\4.OMEGA\11.27\已整理\21.OMEGA SEAMASTER AQUA TERRA 150M WATCH 231.10.42.21.02.004\附图\231.10.42.21.02.004-5.jpg,,,
dummy_images\WATCH\4.OMEGA\11.27\原图\24.OMEGA SEAMASTER AQUA TERRA 231.10.42.21.01.006\主图\231.10.42.21.01.006.jpg,267,,,,
dummy_images\WATCH\4.OMEGA\11.27\原图\24.OMEGA SEAMASTER AQUA TERRA 231.10.42.21.01.006\附图\231.10.42.21.01.006-1.jpg,267,dummy_images\WATCH\4.OMEGA\11.27\已整理\24.OMEGA SEAMASTER AQUA TERRA 231.10.42.21.01.006\附图\231.10.42.21.01.006-1.jpg,,,
dummy_images\WATCH\4.OMEGA\11.27\原图\24.OMEGA SEAMASTER AQUA TERRA 231.10.42.21.01.006\附图\231.10.42.21.01.006-2.jpg,267,dummy_images\WATCH\4.OMEGA\11.27\已整理\24.OMEGA SEAMASTER AQUA TERRA 231.10.42.21.01.006\附图\231.10.42.21.01.006-2.jpg,,,
dummy_images\WATCH\4.OMEGA\11.27\原图\24.OMEGA SEAMASTER AQUA TERRA 231.10.42.21.01.006\附图\231.10.42.21.01.006-3.jpg,267,dummy_images\WATCH\4.OMEGA\11.27\已整理\24.OMEGA SEAMASTER AQUA TERRA 231.10.42.21.01.006\附图\231.10.42.21.01.006-3.jpg,,,
dummy_images\WATCH\4.OMEGA\11.27\原图\24.OMEGA SEAMASTER AQUA TERRA 231.10.42.21.01.006\附图\231.10.42.21.01.006-4.jpg,267,dummy_images\WATCH\4.OMEGA\11.27\已整理\24.OMEGA SEAMASTER AQUA TERRA 231.10.42.21.01.006\附图\231.10.42.21.01.006-4.jpg,,,
dummy_images\WATCH\4.OMEGA\11.28\原图\3.OMEGA SEAMASTER 30 SERIES WATCH 1970\主图\1970.jpg,285,,,,
dummy_images\WATCH\4.OMEGA\11.28\原图\3.OMEGA SEAMASTER 30 SERIES WATCH 1970\附图\1970-1.jpg,285,dummy_images\WATCH\4.OMEGA\11.28\已整理\3.OMEGA SEAMASTER 30 SERIES WATCH 1970\附图\1970-1.jpg,,,
dummy_images\WATCH\4.OMEGA\11.28\原图\3.OMEGA SEAMASTER 30 SERIES WATCH 1970\附图\1970-2.jpg,285,dummy_images\WATCH\4.OMEGA\11.28\已整理\3.OMEGA SEAMASTER 30 SERIES WATCH 1970\附图\1970-2.jpg,,,
dummy_images\WATCH\4.OMEGA\11.28\原图\3.OMEGA SEAMASTER 30 SERIES WATCH 1970\附图\1970-3.jpg,285,dummy_images\WATCH\4.OMEGA\11.28\已整理\3.OMEGA SEAMASTER 30 SERIES WATCH 1970\附图\1970-3.jpg,,,
dummy_images\WATCH\4.OMEGA\11.28\原图\3.OMEGA SEAMASTER 30 SERIES WATCH 1970\附图\1970-4.jpg,285,dummy_images\WATCH\4.OMEGA\11.28\已整理\3.OMEGA SEAMASTER 30 SERIES WATCH 1970\附图\1970-4.jpg,,,
dummy_images\WATCH\4.OMEGA\11.28\原图\4.OMEGA DE VILLE PRESTIGE 424.10.37.20.01.001\主图\424.10.37.20.01.001.jpg,286,,,,
dummy_images\WATCH\4.OMEGA\11.28\原图\4.OMEGA DE VILLE PRESTIGE 424.10.37.20.01.001\附图\424.10.37.20.01.001-1.jpg,286,dummy_images\WATCH\4.OMEGA\11.28\已整理\4.OMEGA DE VILLE PRESTIGE 424.10.37.20.01.001\附图\424.10.37.20.01.001-1.jpg,,,
dummy_images\WATCH\4.OMEGA\11.28\原图\4.OMEGA DE VILLE PRESTIGE 424.10.37.20.01.001\附图\424.10.37.20.01.001-2.jpg,286,dummy_images\WATCH\4.OMEGA\11.28\已整理\4.OMEGA DE VILLE PRESTIGE 424.10.37.20.01.001\附图\424.10.37.20.01.001-2.jpg,,,
dummy_images\WATCH\4.OMEGA\11.28\原图\4.OMEGA DE VILLE PRESTIGE 424.10.37.20.01.001\附图\424.10.37.20.01.001-3.jpg,286,dummy_images\WATCH\4.OMEGA\11.28\已整理\4.OMEGA DE VILLE PRESTIGE 424.10.37.20.01.001\附图\424.10.37.20.01.001-3.jpg,,,
dummy_images\WATCH\4.OMEGA\11.28\原图\5.OMEGA DE VILLE PRESTIGE CO-AXIAL WATCH 424.10.37.20.02.001\主图\10001_看图王.jpg,287,,,,
dummy_images\WATCH\4.OMEGA\11.28\原图\5.OMEGA DE VILLE PRESTIGE CO-AXIAL WATCH 424.10.37.20.02.001\附图\10002_看图王.jpg,287,dummy_images\WATCH\4.OMEGA\11.28\已整理\5.OMEGA DE VILLE PRESTIGE CO-AXIAL WATCH 424.10.37.20.02.001\附图\424.10.37.20.02.001-2.jpg,,,
dummy_images\WATCH\4.OMEGA\11.28\原图\5.OMEGA DE VILLE PRESTIGE CO-AXIAL WATCH 424.10.37.20.02.001\附图\10003_看图王.jpg,287,dummy_images\WATCH\4.OMEGA\11.28\已整理\5.OMEGA DE VILLE PRESTIGE CO-AXIAL WATCH 424.10.37.20.02.001\附图\424.10.37.20.02.001-3.jpg,,,
dummy_images\WATCH\4.OMEGA\11.28\原图\5.OMEGA DE VILLE PRESTIGE CO-AXIAL WATCH 424.10.37.20.02.001\附图\10004_看图王.jpg,287,dummy_images\WATCH\4.OMEGA\11.28\已整理\5.OMEGA DE VILLE PRESTIGE CO-AXIAL WATCH 424.10.37.20.02.001\附图\424.10.37.20.02.001-1.jpg,,,
dummy_images\WATCH\4.OMEGA\11.28\原图\7.OMEGA DE VILLE PRESTIGE CO-AXIAL WATCH 424.13.40.20.03.002\主图\10001_看图王.jpg,288,,,,
dummy_images\WATCH\4.OMEGA\11.28\原图\7.OMEGA DE VILLE PRESTIGE CO-AXIAL WATCH 424.13.40.20.03.002\附图\10001.jpg,288,dummy_images\WATCH\4.OMEGA\11.28\已整理\7.OMEGA DE VILLE PRESTIGE CO-AXIAL WATCH 424.13.40.20.03.002\附图\24.13.40.20.03.002-1.jpg,,,
dummy_images\WATCH\4.OMEGA\11.28\原图\7.OMEGA DE VILLE PRESTIGE CO-AXIAL WATCH 424.13.40.20.03.002\附图\10002.jpg,288,dummy_images\WATCH\4.OMEGA\11.28\已整理\7.OMEGA DE VILLE PRESTIGE CO-AXIAL WATCH 424.13.40.20.03.002\附图\24.13.40.20.03.002-2.jpg,,,
dummy_images\WATCH\4.OMEGA\11.28\原图\7.OMEGA DE VILLE PRESTIGE CO-AXIAL WATCH 424.13.40.20.03.002\附图\10003.jpg,288,dummy_images\WATCH\4.OMEGA\11.28\已整理\7.OMEGA DE VILLE PRESTIGE CO-AXIAL WATCH 424.13.40.20.03.002\附图\24.13.40.20.03.002-3.jpg,,,
dummy_images\WATCH\4.OMEGA\11.28\原图\12.OMEGA DE VILLE PRESTIGE CO-AXIAL WATCH 424.10.40.20.02.001\主图\424.10.40.20.02.001.png.jpg,289,,,,
dummy_images\WATCH\4.OMEGA\11.28\原图\12.OMEGA DE VILLE PRESTIGE CO-AXIAL WATCH 424.10.40.20.02.001\附图\424.10.40.20.02.001-1.jpg,289,dummy_images\WATCH\4.OMEGA\11.28\已整理\12.OMEGA DE VILLE PRESTIGE CO-AXIAL WATCH 424.10.40.20.02.001\附图\424.10.40.20.02.001-1.jpg,,,
dummy_images\WATCH\4.OMEGA\11.28\原图\12.OMEGA DE VILLE PRESTIGE CO-AXIAL WATCH 424.10.40.20.02.001\附图\424.10.40.20.02.001-2.jpg,289,dummy_images\WATCH\4.OMEGA\11.28\已整理\12.OMEGA DE VILLE PRESTIGE CO-AXIAL WATCH 424.10.40.20.02.001\附图\424.10.40.20.02.001-2.jpg,,,
dummy_images\WATCH\4.OMEGA\11.28\原图\12.OMEGA DE VILLE PRESTIGE CO-AXIAL WATCH 424.10.40.20.02.001\附图\424.10.40.20.02.001-3.jpg,289,dummy_images\WATCH\4.OMEGA\11.28\已整理\12.OMEGA DE VILLE PRESTIGE CO-AXIAL WATCH 424.10.40.20.02.001\附图\424.10.40.20.02.001-3.jpg,,,
dummy_images\WATCH\4.OMEGA\11.28\原图\12.OMEGA DE VILLE PRESTIGE CO-AXIAL WATCH 424.10.40.20.02.001\附图\424.10.40.20.02.001-4.jpg,289,dummy_images\WATCH\4.OMEGA\11.28\已整理\12.OMEGA DE VILLE PRESTIGE CO-AXIAL WATCH 424.10.40.20.02.001\附图\424.10.40.20.02.001-4.jpg,,,
dummy_images\WATCH\4.OMEGA\11.28\原图\12.OMEGA DE VILLE PRESTIGE CO-AXIAL WATCH 424.10.40.20.02.001\附图\424.10.40.20.02.001-5.jpg,289,dummy_images\WATCH\4.OMEGA\11.28\已整理\12.OMEGA DE VILLE PRESTIGE CO-AXIAL WATCH 424.10.40.20.02.001\附图\424.10.40.20.02.001-5.jpg,,,
dummy_images\WATCH\4.OMEGA\11.28\原图\12.OMEGA DE VILLE PRESTIGE CO-AXIAL WATCH 424.10.40.20.02.001\附图\424.10.40.20.02.001-6.jpg,289,dummy_images\WATCH\4.OMEGA\11.28\已整理\12.OMEGA DE VILLE PRESTIGE CO-AXIAL WATCH 424.10.40.20.02.001\附图\424.10.40.20.02.001-6.jpg,,,
dummy_images\WATCH\4.OMEGA\11.28\原图\13.OMEGA DE VILLE PRESTIGE CO-AXIAL WATCH 424.10.40.20.02.002\主图\424.10.40.20.02.002.jpg,290,,,,
dummy_images\WATCH\4.OMEGA\11.28\原图\13.OMEGA DE VILLE PRESTIGE CO-AXIAL WATCH 424.10.40.20.02.002\附图\424.10.40.20.02.002-1.jpg,290,dummy_images\WATCH\4.OMEGA\11.28\已整理\13.OMEGA DE VILLE PRESTIGE CO-AXIAL WATCH 424.10.40.20.02.002\附图\424.10.40.20.02.002-1.jpg,,,
dummy_images\WATCH\4.OMEGA\11.28\原图\13.OMEGA DE VILLE PRESTIGE CO-AXIAL WATCH 424.10.40.20.02.002\附图\424.10.40.20.02.002-2.jpg,290,dummy_images\WATCH\4.OMEGA\11.28\已整理\13.OMEGA DE VILLE PRESTIGE CO-AXIAL WATCH 424.10.40.20.02.002\附图\424.10.40.20.02.002-2.jpg,,,
dummy_images\WATCH\4.OMEGA\11.28\原图\13.OMEGA DE VILLE PRESTIGE CO-AXIAL WATCH 424.10.40.20.02.002\附图\424.10.40.20.02.002-3.jpg,290,dummy_images\WATCH\4.OMEGA\11.28\已整理\13.OMEGA DE VILLE PRESTIGE CO-AXIAL WATCH 424.10.40.20.02.002\附图\424.10.40.20.02.002-3.jpg,,,
dummy_images\WATCH\4.OMEGA\11.28\原图\13.OMEGA DE VILLE PRESTIGE CO-AXIAL WATCH 424.10.40.20.02.002\附图\424.10.40.20.02.002-4.jpg,290,dummy_images\WATCH\4.OMEGA\11.28\已整理\13.OMEGA DE VILLE PRESTIGE CO-AXIAL WATCH 424.10.40.20.02.002\附图\424.10.40.20.02.002-4.jpg,,,
dummy_images\WATCH\4.OMEGA\11.28\原图\14.OMEGA SEAMASTER AQUA TERRA 150M WATCH 231.10.42.21.03.006\主图\231.10.42.21.03.006.jpg,291,,,,
dummy_images\WATCH\4.OMEGA\11.28\原图\14.OMEGA SEAMASTER AQUA TERRA 150M WATCH 231.10.42.21.03.006\附图\231.10.42.21.03.006-1.jpg,291,dummy_images\WATCH\4.OMEGA\11.28\已整理\14.OMEGA SEAMASTER AQUA TERRA 150M WATCH 231.10.42.21.03.006\附图\231.10.42.21.03.006-1.jpg,,,
dummy_images\WATCH\4.OMEGA\11.28\原图\14.OMEGA SEAMASTER AQUA TERRA 150M WATCH 231.10.42.21.03.006\附图\231.10.42.21.03.006-2.jpg,291,dummy_images\WATCH\4.OMEGA\11.28\已整理\14.OMEGA SEAMASTER AQUA TERRA 150M WATCH 231.10.42.21.03.006\附图\231.10.42.21.03.006-2.jpg,,,
dummy_images\WATCH\4.OMEGA\11.28\原图\14.OMEGA SEAMASTER AQUA TERRA 150M WATCH 231.10.42.21.03.006\附图\231.10.42.21.03.006-3.jpg,291,dummy_images\WATCH\4.OMEGA\11.28\已整理\14.OMEGA SEAMASTER AQUA TERRA 150M WATCH 231.10.42.21.03.006\附图\231.10.42.21.03.006-3.jpg,,,
dummy_images\WATCH\4.OMEGA\11.28\原图\15...OMEGA SEAMASTER PLANET OCEAN 600M WATCH 232.30.44.22.01.001\主图\232.30.44.22.01.001.jpg,292,,,,
dummy_images\WATCH\4.OMEGA\11.28\原图\15...OMEGA SEAMASTER PLANET OCEAN 600M WATCH 232.30.44.22.01.001\附图\232.30.44.22.01.001-1.jpg,292,dummy_images\WATCH\4.OMEGA\11.28\已整理\15...OMEGA SEAMASTER PLANET OCEAN 600M WATCH 232.30.44.22.01.001\附图\232.30.44.22.01.001-1.jpg,,,
dummy_images\WATCH\4.OMEGA\11.28\原图\15...OMEGA SEAMASTER PLANET OCEAN 600M WATCH 232.30.44.22.01.001\附图\232.30.44.22.01.001-2.jpg,292,dummy_images\WATCH\4.OMEGA\11.28\已整理\15...OMEGA SEAMASTER PLANET OCEAN 600M WATCH 232.30.44.22.01.001\附图\232.30.44.22.01.001-2.jpg,,,
dummy_images\WATCH\4.OMEGA\11.28\原图\15...OMEGA SEAMASTER PLANET OCEAN 600M WATCH 232.30.44.22.01.001\附图\232.30.44.22.01.001-3.jpg,292,dummy_images\WATCH\4.OMEGA\11.28\已整理\15...OMEGA SEAMASTER PLANET OCEAN 600M WATCH 232.30.44.22.01.001\附图\232.30.44.22.01.001-3.jpg,,,
dummy_images\WATCH\4.OMEGA\11.28\原图\15...OMEGA SEAMASTER PLANET OCEAN 600M WATCH 232.30.44.22.01.001\附图\232.30.44.22.01.001-4.jpg,292,dummy_images\WATCH\4.OMEGA\11.28\已整理\15...OMEGA SEAMASTER PLANET OCEAN 600M WATCH 232.30.44.22.01.001\附图\232.30.44.22.01.001-4.jpg,,,
dummy_images\WATCH\4.OMEGA\11.28\原图\16.OMEGA SEAMASTER PLANET OCEAN 600M WATCH 232.30.44.22.03.001\主图\232.30.44.22.03.001.jpg,293,,,,
dummy_images\WATCH\4.OMEGA\11.28\原图\16.OMEGA SEAMASTER PLANET OCEAN 600M WATCH 232.30.44.22.03.001\附图\232.30.44.22.03.001-1.jpg,293,dummy_images\WATCH\4.OMEGA\11.28\已整理\16.OMEGA SEAMASTER PLANET OCEAN 600M WATCH 232.30.44.22.03.001\附图\232.30.44.22.03.001-1.jpg,,,
dummy_images\WATCH\4.OMEGA\11.28\原图\16.OMEGA SEAMASTER PLANET OCEAN 600M WATCH 232.30.44.22.03.001\附图\232.30.44.22.03.001-02.jpg,293,dummy_images\WATCH\4.OMEGA\11.28\已整理\16.OMEGA SEAMASTER PLANET OCEAN 600M WATCH 232.30.44.22.03.001\附图\232.30.44.22.03.001-02.jpg,,,
dummy_images\WATCH\4.OMEGA\11.28\原图\16.OMEGA SEAMASTER PLANET OCEAN 600M WATCH 232.30.44.22.03.001\附图\232.30.44.22.03.001-3.jpg,293,dummy_images\WATCH\4.OMEGA\11.28\已整理\16.OMEGA SEAMASTER PLANET OCEAN 600M WATCH 232.30.44.22.03.001\附图\232.30.44.22.03.001-3.jpg,,,
dummy_images\WATCH\4.OMEGA\11.28\原图\16.OMEGA SEAMASTER PLANET OCEAN 600M WATCH 232.30.44.22.03.001\附图\232.30.44.22.03.001-04.jpg,293,dummy_images\WATCH\4.OMEGA\11.28\已整理\16.OMEGA SEAMASTER PLANET OCEAN 600M WATCH 232.30.44.22.03.001\附图\232.30.44.22.03.001-04.jpg,,,
dummy_images\WATCH\4.OMEGA\11.28\原图\16.OMEGA SEAMASTER PLANET OCEAN 600M WATCH 232.30.44.22.03.001\附图\232.30.44.22.03.001-05.jpg,293,dummy_images\WATCH\4.OMEGA\11.28\已整理\16.OMEGA SEAMASTER PLANET OCEAN 600M WATCH 232.30.44.22.03.001\附图\232.30.44.22.03.001-05.jpg,,,
dummy_images\WATCH\4.OMEGA\11.28\原图\17.OMEGASEAMASTER AQUA TERRA WATCH 231.10.42.21.02.005\主图\231.10.42.21.02.005.png,294,,,,
dummy_images\WATCH\4.OMEGA\11.28\原图\17.OMEGASEAMASTER AQUA TERRA WATCH 231.10.42.21.02.005\附图\231.10.42.21.02.005-1.png,294,dummy_images\WATCH\4.OMEGA\11.28\已整理\17.OMEGASEAMASTER AQUA TERRA WATCH 231.10.42.21.02.005\附图\231.10.42.21.02.005-1.png,,,
dummy_images\WATCH\4.OMEGA\11.28\原图\17.OMEGASEAMASTER AQUA TERRA WATCH 231.10.42.21.02.005\附图\231.10.42.21.02.005-2.png,294,dummy_images\WATCH\4.OMEGA\11.28\已整理\17.OMEGASEAMASTER AQUA TERRA WATCH 231.10.42.21.02.005\附图\231.10.42.21.02.005-2.png,,,
dummy_images\WATCH\4.OMEGA\11.28\原图\17.OMEGASEAMASTER AQUA TERRA WATCH 231.10.42.21.02.005\附图\231.10.42.21.02.005-3.png,294,dummy_images\WATCH\4.OMEGA\11.28\已整理\17.OMEGASEAMASTER AQUA TERRA WATCH 231.10.42.21.02.005\附图\231.10.42.21.02.005-3.png,,,
dummy_images\WATCH\4.OMEGA\11.28\原图\18...OMEGA DE VILLE PRESTIGE ORBIS BLUE WATCH 424.10.40.20.03.003\主图\424.10.40.20.03.003.png,295,,,,
dummy_images\WATCH\4.OMEGA\11.28\原图\18...OMEGA DE VILLE PRESTIGE ORBIS BLUE WATCH 424.10.40.20.03.003\附图\424.10.40.20.03.003-1.png,295,dummy_images\WATCH\4.OMEGA\11.28\已整理\18...OMEGA DE VILLE PRESTIGE ORBIS BLUE WATCH 424.10.40.20.03.003\附图\424.10.40.20.03.003-1.png,,,
dummy_images\WATCH\4.OMEGA\11.28\原图\18...OMEGA DE VILLE PRESTIGE ORBIS BLUE WATCH 424.10.40.20.03.003\附图\424.10.40.20.03.003-2.jpg,295,dummy_images\WATCH\4.OMEGA\11.28\已整理\18...OMEGA DE VILLE PRESTIGE ORBIS BLUE WATCH 424.10.40.20.03.003\附图\424.10.40.20.03.003-2.jpg,,,
dummy_images\WATCH\4.OMEGA\11.28\原图\18...OMEGA DE VILLE PRESTIGE ORBIS BLUE WATCH 424.10.40.20.03.003\附图\424.10.40.20.03.003-3.png,295,dummy_images\WATCH\4.OMEGA\11.28\已整理\18...OMEGA DE VILLE PRESTIGE ORBIS BLUE WATCH 424.10.40.20.03.003\附图\424.10.40.20.03.003-3.png,,,
dummy_images\WATCH\4.OMEGA\11.28\原图\20.OMEGA DE VILLE PRESTIGE WATCH 4813.30.01\主图\4813.30.01.jpg,296,,,,
dummy_images\WATCH\4.OMEGA\11.28\原图\20.OMEGA DE VILLE PRESTIGE WATCH 4813.30.01\附图\4813.30.01-1.jpg,296,dummy_images\WATCH\4.OMEGA\11.28\已整理\20.OMEGA DE VILLE PRESTIGE WATCH 4813.30.01\附图\4813.30.01-1.jpg,,,
dummy_images\WATCH\4.OMEGA\11.28\原图\20.OMEGA DE VILLE PRESTIGE WATCH 4813.30.01\附图\4813.30.01-2.jpg,296,dummy_images\WATCH\4.OMEGA\11.28\已整理\20.OMEGA DE VILLE PRESTIGE WATCH 4813.30.01\附图\4813.30.01-2.jpg,,,
dummy_images\WATCH\4.OMEGA\11.28\原图\20.OMEGA DE VILLE PRESTIGE WATCH 4813.30.01\附图\4813.30.01-3.jpg,296,dummy_images\WATCH\4.OMEGA\11.28\已整理\20.OMEGA DE VILLE PRESTIGE WATCH 4813.30.01\附图\4813.30.01-3.jpg,,,
dummy_images\WATCH\4.OMEGA\11.28\原图\21.OMEGA DE VILLE PRESTIGE WATCH 4813.40.01\主图\4813.40.01.jpg,297,,,,
dummy_images\WATCH\4.OMEGA\11.28\原图\21.OMEGA DE VILLE PRESTIGE WATCH 4813.40.01\附图\4813.40.01-1.jpg,297,dummy_images\WATCH\4.OMEGA\11.28\已整理\21.OMEGA DE VILLE PRESTIGE WATCH 4813.40.01\附图\4813.40.01-1.jpg,,,
dummy_images\WATCH\4.OMEGA\11.28\原图\21.OMEGA DE VILLE PRESTIGE WATCH 4813.40.01\附图\4813.40.01-2.jpg,297,dummy_images\WATCH\4.OMEGA\11.28\已整理\21.OMEGA DE VILLE PRESTIGE WATCH 4813.40.01\附图\4813.40.01-2.jpg,,,
dummy_images\WATCH\4.OMEGA\11.28\原图\21.OMEGA DE VILLE PRESTIGE WATCH 4813.40.01\附图\4813.40.01-3.jpg,297,dummy_images\WATCH\4.OMEGA\11.28\已整理\21.OMEGA DE VILLE PRESTIGE WATCH 4813.40.01\附图\4813.40.01-3.jpg,,,
dummy_images\WATCH\4.OMEGA\11.28\原图\22.OMEGA SEAMASTER 300 MASTER CO-AXIAL 41MM 'SPECTRE' LIMITED EDITION WATCH 233.32.41.21.01.001\主图\233.32.41.21.01.001.jpg,298,,,,
dummy_images\WATCH\4.OMEGA\11.28\原图\22.OMEGA SEAMASTER 300 MASTER CO-AXIAL 41MM 'SPECTRE' LIMITED EDITION WATCH 233.32.41.21.01.001\附图\233.32.41.21.01.001-1.jpg,298,dummy_images\WATCH\4.OMEGA\11.28\已整理\22.OMEGA SEAMASTER 300 MASTER CO-AXIAL 41MM 'SPECTRE' LIMITED EDITION WATCH 233.32.41.21.01.001\附图\233.32.41.21.01.001-1.jpg,,,
dummy_images\WATCH\4.OMEGA\11.28\原图\22.OMEGA SEAMASTER 300 MASTER CO-AXIAL 41MM 'SPECTRE' LIMITED EDITION WATCH 233.32.41.21.01.001\附图\233.32.41.21.01.001-2.jpg,298,dummy_images\WATCH\4.OMEGA\11.28\已整理\22.OMEGA SEAMASTER 300 MASTER CO-AXIAL 41MM 'SPECTRE' LIMITED EDITION WATCH 233.32.41.21.01.001\附图\233.32.41.21.01.001-2.jpg,,,
dummy_images\WATCH\4.OMEGA\11.28\原图\22.OMEGA SEAMASTER 300 MASTER CO-AXIAL 41MM 'SPECTRE' LIMITED EDITION WATCH 233.32.41.21.01.001\附图\233.32.41.21.01.001-3.jpg,298,dummy_images\WATCH\4.OMEGA\11.28\已整理\22.OMEGA SEAMASTER 300 MASTER CO-AXIAL 41MM 'SPECTRE' LIMITED EDITION WATCH 233.32.41.21.01.001\附图\233.32.41.21.01.001-3.jpg,,,
dummy_images\WATCH\4.OMEGA\11.28\原图\22.OMEGA SEAMASTER 300 MASTER CO-AXIAL 41MM 'SPECTRE' LIMITED EDITION WATCH 233.32.41.21.01.001\附图\233.32.41.21.01.001-4.jpg,298,dummy_images\WATCH\4.OMEGA\11.28\已整理\22.OMEGA SEAMASTER 300 MASTER CO-AXIAL 41MM 'SPECTRE' LIMITED EDITION WATCH 233.32.41.21.01.001\附图\233.32.41.21.01.001-4.jpg,,,
dummy_images\WATCH\4.OMEGA\11.28\原图\24.OMEGA SEAMASTER AQUA TERRA WATCH 231.10.42.21.02.003\主图\231.10.42.21.02.003.jpg,299,,,,
dummy_images\WATCH\4.OMEGA\11.28\原图\24.OMEGA SEAMASTER AQUA TERRA WATCH 231.10.42.21.02.003\附图\231.10.42.21.02.003-1.jpg,299,dummy_images\WATCH\4.OMEGA\11.28\已整理\24.OMEGA SEAMASTER AQUA TERRA WATCH 231.10.42.21.02.003\附图\231.10.42.21.02.003-1.jpg,,,
dummy_images\WATCH\4.OMEGA\11.28\原图\24.OMEGA SEAMASTER AQUA TERRA WATCH 231.10.42.21.02.003\附图\231.10.42.21.02.003-2.jpg,299,dummy_images\WATCH\4.OMEGA\11.28\已整理\24.OMEGA SEAMASTER AQUA TERRA WATCH 231.10.42.21.02.003\附图\231.10.42.21.02.003-2.jpg,,,
dummy_images\WATCH\4.OMEGA\11.28\原图\24.OMEGA SEAMASTER AQUA TERRA WATCH 231.10.42.21.02.003\附图\231.10.42.21.02.003-3.jpg,299,dummy_images\WATCH\4.OMEGA\11.28\已整理\24.OMEGA SEAMASTER AQUA TERRA WATCH 231.10.42.21.02.003\附图\231.10.42.21.02.003-3.jpg,,,
dummy_images\WATCH\4.OMEGA\11.28\原图\24.OMEGA SEAMASTER AQUA TERRA WATCH 231.10.42.21.02.003\附图\231.10.42.21.02.003-4.jpg,299,dummy_images\WATCH\4.OMEGA\11.28\已整理\24.OMEGA SEAMASTER AQUA TERRA WATCH 231.10.42.21.02.003\附图\231.10.42.21.02.003-4.jpg,,,
dummy_images\WATCH\4.OMEGA\11.28\原图\25.OMEGA PLANET OCEAN WATCH 222.30.42.20.01.001\主图\222.30.42.20.01.001.jpg,300,,,,
dummy_images\WATCH\4.OMEGA\11.28\原图\25.OMEGA PLANET OCEAN WATCH 222.30.42.20.01.001\附图\222.30.42.20.01.001-1.jpg,300,dummy_images\WATCH\4.OMEGA\11.28\已整理\25.OMEGA PLANET OCEAN WATCH 222.30.42.20.01.001\附图\222.30.42.20.01.001-1.jpg,,,
dummy_images\WATCH\4.OMEGA\11.28\原图\25.OMEGA PLANET OCEAN WATCH 222.30.42.20.01.001\附图\222.30.42.20.01.001-2.jpg,300,dummy_images\WATCH\4.OMEGA\11.28\已整理\25.OMEGA PLANET OCEAN WATCH 222.30.42.20.01.001\附图\222.30.42.20.01.001-2.jpg,,,
dummy_images\WATCH\4.OMEGA\11.28\原图\25.OMEGA PLANET OCEAN WATCH 222.30.42.20.01.001\附图\222.30.42.20.01.001-3.jpg,300,dummy_images\WATCH\4.OMEGA\11.28\已整理\25.OMEGA PLANET OCEAN WATCH 222.30.42.20.01.001\附图\222.30.42.20.01.001-3.jpg,,,
dummy_images\WATCH\4.OMEGA\11.28\原图\25.OMEGA PLANET OCEAN WATCH 222.30.42.20.01.001\附图\222.30.42.20.01.001-4.jpg,300,dummy_images\WATCH\4.OMEGA\11.28\已整理\25.OMEGA PLANET OCEAN WATCH 222.30.42.20.01.001\附图\222.30.42.20.01.001-4.jpg,,,
dummy_images\WATCH\4.OMEGA\11.28\原图\30.OMEGA SEAMASTER DIVER 300M WATCH 210.32.42.20.06.001\主图\210.32.42.20.06.001.png,301,,,,
dummy_images\WATCH\4.OMEGA\11.28\原图\30.OMEGA SEAMASTER DIVER 300M WATCH 210.32.42.20.06.001\附图\210.32.42.20.06.001-1.png,301,dummy_images\WATCH\4.OMEGA\11.28\已整理\30...OMEGA SEAMASTER DIVER 300M WATCH 210.32.42.20.06.001\附图\210.32.42.20.06.001-1.png,,,
dummy_images\WATCH\4.OMEGA\11.28\原图\30.OMEGA SEAMASTER DIVER 300M WATCH 210.32.42.20.06.001\附图\210.32.42.20.06.001-2.png,301,dummy_images\WATCH\4.OMEGA\11.28\已整理\30...OMEGA SEAMASTER DIVER 300M WATCH 210.32.42.20.06.001\附图\210.32.42.20.06.001-2.png,,,
dummy_images\WATCH\4.OMEGA\11.28\原图\30.OMEGA SEAMASTER DIVER 300M WATCH 210.32.42.20.06.001\附图\210.32.42.20.06.001-3.png,301,dummy_images\WATCH\4.OMEGA\11.28\已整理\30...OMEGA SEAMASTER DIVER 300M WATCH 210.32.42.20.06.001\附图\210.32.42.20.06.001-3.png,,,
dummy_images\WATCH\4.OMEGA\11.28\原图\30.OMEGA SEAMASTER DIVER 300M WATCH 210.32.42.20.06.001\附图\210.32.42.20.06.001-4.png,301,dummy_images\WATCH\4.OMEGA\11.28\已整理\30...OMEGA SEAMASTER DIVER 300M WATCH 210.32.42.20.06.001\附图\210.32.42.20.06.001-4.png,,,
dummy_images\WATCH\4.OMEGA\11.29\原图\1...OMEGA SEAMASTER DIVER 300M WATCH 210.32.42.20.03.001\主图\210.32.42.20.03.001.png.jpg,314,,,,
dummy_images\WATCH\4.OMEGA\11.29\原图\1...OMEGA SEAMASTER DIVER 300M WATCH 210.32.42.20.03.001\附图\210.32.42.20.03.001-1.png,314,dummy_images\WATCH\4.OMEGA\11.29\已整理\1...OMEGA SEAMASTER DIVER 300M WATCH 210.32.42.20.03.001\附图\210.32.42.20.03.001-1.png,,,
dummy_images\WATCH\4.OMEGA\11.29\原图\1...OMEGA SEAMASTER DIVER 300M WATCH 210.32.42.20.03.001\附图\210.32.42.20.03.001-2.png,314,dummy_images\WATCH\4.OMEGA\11.29\已整理\1...OMEGA SEAMASTER DIVER 300M WATCH 210.32.42.20.03.001\附图\210.32.42.20.03.001-2.png,,,
dummy_images\WATCH\4.OMEGA\11.29\原图\1...OMEGA SEAMASTER DIVER 300M WATCH 210.32.42.20.03.001\附图\210.32.42.20.03.001-03.png,314,dummy_images\WATCH\4.OMEGA\11.29\已整理\1...OMEGA SEAMASTER DIVER 300M WATCH 210.32.42.20.03.001\附图\210.32.42.20.03.001-03.png,,,
dummy_images\WATCH\4.OMEGA\11.29\原图\1...OMEGA SEAMASTER DIVER 300M WATCH 210.32.42.20.03.001\附图\210.32.42.20.03.001-4.png,314,dummy_images\WATCH\4.OMEGA\11.29\已整理\1...OMEGA SEAMASTER DIVER 300M WATCH 210.32.42.20.03.001\附图\210.32.42.20.03.001-4.png,,,
dummy_images\WATCH\4.OMEGA\11.29\原图\5.OMEGA DE VILLE HOUR VISION WATCH 433.33.41.21.03.001\主图\433.33.41.21.03.001.jpg,315,,,,
dummy_images\WATCH\4.OMEGA\11.29\原图\5.OMEGA DE VILLE HOUR VISION WATCH 433.33.41.21.03.001\附图\433.33.41.21.03.001-1.jpg,315,dummy_images\WATCH\4.OMEGA\11.29\已整理\5.OMEGA DE VILLE HOUR VISION WATCH 433.33.41.21.03.001\附图\433.33.41.21.03.001-1.jpg,,,
dummy_images\WATCH\4.OMEGA\11.29\原图\5.OMEGA DE VILLE HOUR VISION WATCH 433.33.41.21.03.001\附图\433.33.41.21.03.001-2.jpeg,315,dummy_images\WATCH\4.OMEGA\11.29\已整理\5.OMEGA DE VILLE HOUR VISION WATCH 433.33.41.21.03.001\附图\433.33.41.21.03.001-2.jpeg,,,
dummy_images\WATCH\4.OMEGA\11.29\原图\5.OMEGA DE VILLE HOUR VISION WATCH 433.33.41.21.03.001\附图\433.33.41.21.03.001-3.jpeg,315,dummy_images\WATCH\4.OMEGA\11.29\已整理\5.OMEGA DE VILLE HOUR VISION WATCH 433.33.41.21.03.001\附图\433.33.41.21.03.001-3.jpeg,,,
dummy_images\WATCH\4.OMEGA\11.29\原图\8.OMEGA SEAMASTER 300M WATCH 210.92.44.20.01.001\主图\210.92.44.20.01.001.jpg,316,,,,
dummy_images\WATCH\4.OMEGA\11.29\原图\8.OMEGA SEAMASTER 300M WATCH 210.92.44.20.01.001\附图\210.92.44.20.01.001-1.jpg,316,dummy_images\WATCH\4.OMEGA\11.29\已整理\8.OMEGA SEAMASTER 300M WATCH 210.92.44.20.01.001\附图\210.92.44.20.01.001-1.jpg,,,
dummy_images\WATCH\4.OMEGA\11.29\原图\8.OMEGA SEAMASTER 300M WATCH 210.92.44.20.01.001\附图\210.92.44.20.01.001-2.jpg,316,dummy_images\WATCH\4.OMEGA\11.29\已整理\8.OMEGA SEAMASTER 300M WATCH 210.92.44.20.01.001\附图\210.92.44.20.01.001-2.jpg,,,
dummy_images\WATCH\4.OMEGA\11.29\原图\8.OMEGA SEAMASTER 300M WATCH 210.92.44.20.01.001\附图\210.92.44.20.01.001-3.jpg,316,dummy_images\WATCH\4.OMEGA\11.29\已整理\8.OMEGA SEAMASTER 300M WATCH 210.92.44.20.01.001\附图\210.92.44.20.01.001-3.jpg,,,
dummy_images\WATCH\4.OMEGA\11.29\原图\9...OMEGA SEAMASTER DIVER 300M WATCH 210.22.42.20.03.002\主图\210.22.42.20.03.002.png,317,,,,
dummy_images\WATCH\4.OMEGA\11.29\原图\9...OMEGA SEAMASTER DIVER 300M WATCH 210.22.42.20.03.002\附图\210.22.42.20.03.002-1.png,317,dummy_images\WATCH\4.OMEGA\11.29\已整理\9...OMEGA SEAMASTER DIVER 300M WATCH 210.22.42.20.03.002\附图\210.22.42.20.03.002-1.png,,,
dummy_images\WATCH\4.OMEGA\11.29\原图\9...OMEGA SEAMASTER DIVER 300M WATCH 210.22.42.20.03.002\附图\210.22.42.20.03.002-2.png,317,dummy_images\WATCH\4.OMEGA\11.29\已整理\9...OMEGA SEAMASTER DIVER 300M WATCH 210.22.42.20.03.002\附图\210.22.42.20.03.002-2.png,,,
dummy_images\WATCH\4.OMEGA\11.29\原图\9...OMEGA SEAMASTER DIVER 300M WATCH 210.22.42.20.03.002\附图\210.22.42.20.03.002-3.png,317,dummy_images\WATCH\4.OMEGA\11.29\已整理\9...OMEGA SEAMASTER DIVER 300M WATCH 210.22.42.20.03.002\附图\210.22.42.20.03.002-3.png,,,
dummy_images\WATCH\4.OMEGA\11.29\原图\9...OMEGA SEAMASTER DIVER 300M WATCH 210.22.42.20.03.002\附图\210.22.42.20.03.002-4.png,317,dummy_images\WATCH\4.OMEGA\11.29\已整理\9...OMEGA SEAMASTER DIVER 300M WATCH 210.22.42.20.03.002\附图\210.22.42.20.03.002-4.png,,,
dummy_images\WATCH\4.OMEGA\11.29\原图\10...OMEGA SEAMASTER DIVER 300M WATCH 210.20.42.20.03.002\主图\210.20.42.20.03.002.png,318,,,,
dummy_images\WATCH\4.OMEGA\11.29\原图\10...OMEGA SEAMASTER DIVER 300M WATCH 210.20.42.20.03.002\附图\210.20.42.20.03.002-1.png,318,dummy_images\WATCH\4.OMEGA\11.29\已整理\10...OMEGA SEAMASTER DIVER 300M WATCH 210.20.42.20.03.002\附图\210.20.42.20.03.002-1.png,,,
dummy_images\WATCH\4.OMEGA\11.29\原图\10...OMEGA SEAMASTER DIVER 300M WATCH 210.20.42.20.03.002\附图\210.20.42.20.03.002-2.png,318,dummy_images\WATCH\4.OMEGA\11.29\已整理\10...OMEGA SEAMASTER DIVER 300M WATCH 210.20.42.20.03.002\附图\210.20.42.20.03.002-2.png,,,
dummy_images\WATCH\4.OMEGA\11.29\原图\10...OMEGA SEAMASTER DIVER 300M WATCH 210.20.42.20.03.002\附图\210.20.42.20.03.002-3.png,318,dummy_images\WATCH\4.OMEGA\11.29\已整理\10...OMEGA SEAMASTER DIVER 300M WATCH 210.20.42.20.03.002\附图\210.20.42.20.03.002-3.png,,,
dummy_images\WATCH\4.OMEGA\11.29\原图\10...OMEGA SEAMASTER DIVER 300M WATCH 210.20.42.20.03.002\附图\210.20.42.20.03.002-4.png,318,dummy_images\WATCH\4.OMEGA\11.29\已整理\10...OMEGA SEAMASTER DIVER 300M WATCH 210.20.42.20.03.002\附图\210.20.42.20.03.002-4.png,,,
dummy_images\WATCH\4.OMEGA\11.29\原图\10...OMEGA SEAMASTER DIVER 300M WATCH 210.20.42.20.03.002\附图\210.20.42.20.03.002-5.png,318,dummy_images\WATCH\4.OMEGA\11.29\已整理\10...OMEGA SEAMASTER DIVER 300M WATCH 210.20.42.20.03.002\附图\210.20.42.20.03.002-5.png,,,
dummy_images\WATCH\4.OMEGA\11.29\原图\10...OMEGA SEAMASTER DIVER 300M WATCH 210.20.42.20.03.002\附图\210.20.42.20.03.002-6.png,318,dummy_images\WATCH\4.OMEGA\11.29\已整理\10...OMEGA SEAMASTER DIVER 300M WATCH 210.20.42.20.03.002\附图\210.20.42.20.03.002-6.png,,,
dummy_images\WATCH\4.OMEGA\11.29\原图\11...OMEGA SEAMASTER DIVER 300M WATCH 210.20.42.20.01.001\主图\210.20.42.20.01.001.png,319,,,,
dummy_images\WATCH\4.OMEGA\11.29\原图\11...OMEGA SEAMASTER DIVER 300M WATCH 210.20.42.20.01.001\附图\210.20.42.20.01.001-1.png,319,dummy_images\WATCH\4.OMEGA\11.29\已整理\11...OMEGA SEAMASTER DIVER 300M WATCH 210.20.42.20.01.001\附图\210.20.42.20.01.001-1.png,,,
dummy_images\WATCH\4.OMEGA\11.29\原图\11...OMEGA SEAMASTER DIVER 300M WATCH 210.20.42.20.01.001\附图\210.20.42.20.01.001-2.png,319,dummy_images\WATCH\4.OMEGA\11.29\已整理\11...OMEGA SEAMASTER DIVER 300M WATCH 210.20.42.20.01.001\附图\210.20.42.20.01.001-2.png,,,
dummy_images\WATCH\4.OMEGA\11.29\原图\11...OMEGA SEAMASTER DIVER 300M WATCH 210.20.42.20.01.001\附图\210.20.42.20.01.001-3.png,319,dummy_images\WATCH\4.OMEGA\11.29\已整理\11...OMEGA SEAMASTER DIVER 300M WATCH 210.20.42.20.01.001\附图\210.20.42.20.01.001-3.png,,,
dummy_images\WATCH\4.OMEGA\11.29\原图\11...OMEGA SEAMASTER DIVER 300M WATCH 210.20.42.20.01.001\附图\210.20.42.20.01.001-4.png,319,dummy_images\WATCH\4.OMEGA\11.29\已整理\11...OMEGA SEAMASTER DIVER 300M WATCH 210.20.42.20.01.001\附图\210.20.42.20.01.001-4.png,,,
dummy_images\WATCH\4.OMEGA\11.29\原图\11...OMEGA SEAMASTER DIVER 300M WATCH 210.20.42.20.01.001\附图\210.20.42.20.01.001-5.png,319,dummy_images\WATCH\4.OMEGA\11.29\已整理\11...OMEGA SEAMASTER DIVER 300M WATCH 210.20.42.20.01.001\附图\210.20.42.20.01.001-5.png,,,
dummy_images\WATCH\4.OMEGA\11.29\原图\11...OMEGA SEAMASTER DIVER 300M WATCH 210.20.42.20.01.001\附图\210.20.42.20.01.001-6.png,319,dummy_images\WATCH\4.OMEGA\11.29\已整理\11...OMEGA SEAMASTER DIVER 300M WATCH 210.20.42.20.01.001\附图\210.20.42.20.01.001-6.png,,,
dummy_images\WATCH\4.OMEGA\11.29\原图\12...OMEGA SEAMASTER DIVER 300M WATCH 210.22.42.20.01.002\主图\210.22.42.20.01.002.png,320,,,,
dummy_images\WATCH\4.OMEGA\11.29\原图\12...OMEGA SEAMASTER DIVER 300M WATCH 210.22.42.20.01.002\附图\210.22.42.20.01.002-1.png,320,dummy_images\WATCH\4.OMEGA\11.29\已整理\12.OMEGA SEAMASTER DIVER 300M WATCH 210.22.42.20.01.002\附图\210.22.42.20.01.002-1.png,,,
dummy_images\WATCH\4.OMEGA\11.29\原图\12...OMEGA SEAMASTER DIVER 300M WATCH 210.22.42.20.01.002\附图\210.22.42.20.01.002-2.png,320,dummy_images\WATCH\4.OMEGA\11.29\已整理\12.OMEGA SEAMASTER DIVER 300M WATCH 210.22.42.20.01.002\附图\210.22.42.20.01.002-2.png,,,
dummy_images\WATCH\4.OMEGA\11.29\原图\12...OMEGA SEAMASTER DIVER 300M WATCH 210.22.42.20.01.002\附图\210.22.42.20.01.002-3.png,320,dummy_images\WATCH\4.OMEGA\11.29\已整理\12.OMEGA SEAMASTER DIVER 300M WATCH 210.22.42.20.01.002\附图\210.22.42.20.01.002-3.png,,,
dummy_images\WATCH\4.OMEGA\11.29\原图\12...OMEGA SEAMASTER DIVER 300M WATCH 210.22.42.20.01.002\附图\210.22.42.20.01.002-4.png,320,dummy_images\WATCH\4.OMEGA\11.29\已整理\12.OMEGA SEAMASTER DIVER 300M WATCH 210.22.42.20.01.002\附图\210.22.42.20.01.002-4.png,,,
dummy_images\WATCH\4.OMEGA\11.29\原图\13...OMEGA SEAMASTER DIVER 300M WATCH 210.32.42.20.04.001\主图\210.32.42.20.04.001.png,321,,,,
dummy_images\WATCH\4.OMEGA\11.29\原图\13...OMEGA SEAMASTER DIVER 300M WATCH 210.32.42.20.04.001\附图\210.32.42.20.04.001-1.png,321,dummy_images\WATCH\4.OMEGA\11.29\已整理\13...OMEGA SEAMASTER DIVER 300M WATCH 210.32.42.20.04.001\附图\210.32.42.20.04.001-1.png,,,
dummy_images\WATCH\4.OMEGA\11.29\原图\13...OMEGA SEAMASTER DIVER 300M WATCH 210.32.42.20.04.001\附图\210.32.42.20.04.001-2.png,321,dummy_images\WATCH\4.OMEGA\11.29\已整理\13...OMEGA SEAMASTER DIVER 300M WATCH 210.32.42.20.04.001\附图\210.32.42.20.04.001-2.png,,,
dummy_images\WATCH\4.OMEGA\11.29\原图\13...OMEGA SEAMASTER DIVER 300M WATCH 210.32.42.20.04.001\附图\210.32.42.20.04.001-3.png,321,dummy_images\WATCH\4.OMEGA\11.29\已整理\13...OMEGA SEAMASTER DIVER 300M WATCH 210.32.42.20.04.001\附图\210.32.42.20.04.001-3.png,,,
dummy_images\WATCH\4.OMEGA\11.29\原图\13...OMEGA SEAMASTER DIVER 300M WATCH 210.32.42.20.04.001\附图\210.32.42.20.04.001-4.png,321,dummy_images\WATCH\4.OMEGA\11.29\已整理\13...OMEGA SEAMASTER DIVER 300M WATCH 210.32.42.20.04.001\附图\210.32.42.20.04.001-4.png,,,
dummy_images\WATCH\4.OMEGA\11.29\原图\14...OMEGA SEAMASTER DIVER 300M WATCH 210.30.42.20.04.001\主图\210.30.42.20.04.001.png,322,,,,
dummy_images\WATCH\4.OMEGA\11.29\原图\14...OMEGA SEAMASTER DIVER 300M WATCH 210.30.42.20.04.001\附图\210.30.42.20.04.001-1.png,322,dummy_images\WATCH\4.OMEGA\11.29\已整理\14...OMEGA SEAMASTER DIVER 300M WATCH 210.30.42.20.04.001\附图\210.30.42.20.04.001-1.png,,,
dummy_images\WATCH\4.OMEGA\11.29\原图\14...OMEGA SEAMASTER DIVER 300M WATCH 210.30.42.20.04.001\附图\210.30.42.20.04.001-2.png,322,dummy_images\WATCH\4.OMEGA\11.29\已整理\14...OMEGA SEAMASTER DIVER 300M WATCH 210.30.42.20.04.001\附图\210.30.42.20.04.001-2.png,,,
dummy_images\WATCH\4.OMEGA\11.29\原图\14...OMEGA SEAMASTER DIVER 300M WATCH 210.30.42.20.04.001\附图\210.30.42.20.04.001-3.png,322,dummy_images\WATCH\4.OMEGA\11.29\已整理\14...OMEGA SEAMASTER DIVER 300M WATCH 210.30.42.20.04.001\附图\210.30.42.20.04.001-3.png,,,
dummy_images\WATCH\4.OMEGA\11.29\原图\14...OMEGA SEAMASTER DIVER 300M WATCH 210.30.42.20.04.001\附图\210.30.42.20.04.001-4.png,322,dummy_images\WATCH\4.OMEGA\11.29\已整理\14...OMEGA SEAMASTER DIVER 300M WATCH 210.30.42.20.04.001\附图\210.30.42.20.04.001-4.png,,,
dummy_images\WATCH\4.OMEGA\11.29\原图\14...OMEGA SEAMASTER DIVER 300M WATCH 210.30.42.20.04.001\附图\210.30.42.20.04.001-5.png,322,dummy_images\WATCH\4.OMEGA\11.29\已整理\14...OMEGA SEAMASTER DIVER 300M WATCH 210.30.42.20.04.001\附图\210.30.42.20.04.001-5.png,,,
dummy_images\WATCH\4.OMEGA\11.29\原图\14...OMEGA SEAMASTER DIVER 300M WATCH 210.30.42.20.04.001\附图\210.30.42.20.04.001-6.png,322,dummy_images\WATCH\4.OMEGA\11.29\已整理\14...OMEGA SEAMASTER DIVER 300M WATCH 210.30.42.20.04.001\附图\210.30.42.20.04.001-6.png,,,
dummy_images\WATCH\4.OMEGA\11.29\原图\14...OMEGA SEAMASTER DIVER 300M WATCH 210.30.42.20.04.001\附图\210.30.42.20.04.001-7.png,322,dummy_images\WATCH\4.OMEGA\11.29\已整理\14...OMEGA SEAMASTER DIVER 300M WATCH 210.30.42.20.04.001\附图\210.30.42.20.04.001-7.png,,,
dummy_images\WATCH\4.OMEGA\11.29\原图\15...OMEGA SEAMASTER PLANET OCEAN 600M WATCH 215.63.46.22.01.001\主图\215.63.46.22.01.001.png,323,,,,
dummy_images\WATCH\4.OMEGA\11.29\原图\15...OMEGA SEAMASTER PLANET OCEAN 600M WATCH 215.63.46.22.01.001\附图\215.63.46.22.01.001-1.png,323,dummy_images\WATCH\4.OMEGA\11.29\已整理\15...OMEGA SEAMASTER PLANET OCEAN 600M WATCH 215.63.46.22.01.001\附图\215.63.46.22.01.001-1.png,,,
dummy_images\WATCH\4.OMEGA\11.29\原图\15...OMEGA SEAMASTER PLANET OCEAN 600M WATCH 215.63.46.22.01.001\附图\215.63.46.22.01.001-2.png,323,dummy_images\WATCH\4.OMEGA\11.29\已整理\15...OMEGA SEAMASTER PLANET OCEAN 600M WATCH 215.63.46.22.01.001\附图\215.63.46.22.01.001-2.png,,,
dummy_images\WATCH\4.OMEGA\11.29\原图\15...OMEGA SEAMASTER PLANET OCEAN 600M WATCH 215.63.46.22.01.001\附图\215.63.46.22.01.001-3.png,323,dummy_images\WATCH\4.OMEGA\11.29\已整理\15...OMEGA SEAMASTER PLANET OCEAN 600M WATCH 215.63.46.22.01.001\附图\215.63.46.22.01.001-3.png,,,
dummy_images\WATCH\4.OMEGA\11.29\原图\16...OMEGA SEAMASTER PLANET OCEAN 600M WATCH 215.30.44.22.01.001\主图\215.30.44.22.01.001.png,324,,,,
dummy_images\WATCH\4.OMEGA\11.29\原图\16...OMEGA SEAMASTER PLANET OCEAN 600M WATCH 215.30.44.22.01.001\附图\215.30.44.22.01.001-1.png,324,dummy_images\WATCH\4.OMEGA\11.29\已整理\16...OMEGA SEAMASTER PLANET OCEAN 600M WATCH 215.30.44.22.01.001\附图\215.30.44.22.01.001-1.png,,,
dummy_images\WATCH\4.OMEGA\11.29\原图\16...OMEGA SEAMASTER PLANET OCEAN 600M WATCH 215.30.44.22.01.001\附图\215.30.44.22.01.001-2.png,324,dummy_images\WATCH\4.OMEGA\11.29\已整理\16...OMEGA SEAMASTER PLANET OCEAN 600M WATCH 215.30.44.22.01.001\附图\215.30.44.22.01.001-2.png,,,
dummy_images\WATCH\4.OMEGA\11.29\原图\16...OMEGA SEAMASTER PLANET OCEAN 600M WATCH 215.30.44.22.01.001\附图\215.30.44.22.01.001-3.png,324,dummy_images\WATCH\4.OMEGA\11.29\已整理\16...OMEGA SEAMASTER PLANET OCEAN 600M WATCH 215.30.44.22.01.001\附图\215.30.44.22.01.001-3.png,,,
dummy_images\WATCH\4.OMEGA\11.29\原图\16...OMEGA SEAMASTER PLANET OCEAN 600M WATCH 215.30.44.22.01.001\附图\215.30.44.22.01.001-4.png,324,dummy_images\WATCH\4.OMEGA\11.29\已整理\16...OMEGA SEAMASTER PLANET OCEAN 600M WATCH 215.30.44.22.01.001\附图\215.30.44.22.01.001-4.png,,,
dummy_images\WATCH\4.OMEGA\11.29\原图\16...OMEGA SEAMASTER PLANET OCEAN 600M WATCH 215.30.44.22.01.001\附图\215.30.44.22.01.001-5.png,324,dummy_images\WATCH\4.OMEGA\11.29\已整理\16...OMEGA SEAMASTER PLANET OCEAN 600M WATCH 215.30.44.22.01.001\附图\215.30.44.22.01.001-5.png,,,
dummy_images\WATCH\4.OMEGA\11.29\原图\17...OMEGA SEAMASTER AQUA TERRA 150M WATCH 220.10.34.20.55.001\主图\220.10.34.20.55.001.png,325,,,,
dummy_images\WATCH\4.OMEGA\11.29\原图\17...OMEGA SEAMASTER AQUA TERRA 150M WATCH 220.10.34.20.55.001\附图\220.10.34.20.55.001-1.png,325,dummy_images\WATCH\4.OMEGA\11.29\已整理\17...OMEGA SEAMASTER AQUA TERRA 150M WATCH 220.10.34.20.55.001\附图\220.10.34.20.55.001-1.png,,,
dummy_images\WATCH\4.OMEGA\11.29\原图\17...OMEGA SEAMASTER AQUA TERRA 150M WATCH 220.10.34.20.55.001\附图\220.10.34.20.55.001-2.png,325,dummy_images\WATCH\4.OMEGA\11.29\已整理\17...OMEGA SEAMASTER AQUA TERRA 150M WATCH 220.10.34.20.55.001\附图\220.10.34.20.55.001-2.png,,,
dummy_images\WATCH\4.OMEGA\11.29\原图\17...OMEGA SEAMASTER AQUA TERRA 150M WATCH 220.10.34.20.55.001\附图\220.10.34.20.55.001-3.png,325,dummy_images\WATCH\4.OMEGA\11.29\已整理\17...OMEGA SEAMASTER AQUA TERRA 150M WATCH 220.10.34.20.55.001\附图\220.10.34.20.55.001-3.png,,,
dummy_images\WATCH\4.OMEGA\11.29\原图\17...OMEGA SEAMASTER AQUA TERRA 150M WATCH 220.10.34.20.55.001\附图\220.10.34.20.55.001-4.png,325,dummy_images\WATCH\4.OMEGA\11.29\已整理\17...OMEGA SEAMASTER AQUA TERRA 150M WATCH 220.10.34.20.55.001\附图\220.10.34.20.55.001-4.png,,,
dummy_images\WATCH\4.OMEGA\11.29\原图\19.OMEGA SEAMASTER JAMES BOND LIMITED EDITION WATCH 210.22.42.20.01.004\主图\1-210.22.42.20.01.004.jpg,326,,,,
dummy_images\WATCH\4.OMEGA\11.29\原图\19.OMEGA SEAMASTER JAMES BOND LIMITED EDITION WATCH 210.22.42.20.01.004\附图\1-210.22.42.20.01.004-1.jpg,326,dummy_images\WATCH\4.OMEGA\11.29\已整理\19.OMEGA SEAMASTER JAMES BOND LIMITED EDITION WATCH 210.22.42.20.01.004\附图\1-210.22.42.20.01.004-1.jpg,,,
dummy_images\WATCH\4.OMEGA\11.29\原图\19.OMEGA SEAMASTER JAMES BOND LIMITED EDITION WATCH 210.22.42.20.01.004\附图\1-210.22.42.20.01.004-2.jpg,326,dummy_images\WATCH\4.OMEGA\11.29\已整理\19.OMEGA SEAMASTER JAMES BOND LIMITED EDITION WATCH 210.22.42.20.01.004\附图\1-210.22.42.20.01.004-2.jpg,,,
dummy_images\WATCH\4.OMEGA\11.29\原图\19.OMEGA SEAMASTER JAMES BOND LIMITED EDITION WATCH 210.22.42.20.01.004\附图\1-210.22.42.20.01.004-3.jpg,326,dummy_images\WATCH\4.OMEGA\11.29\已整理\19.OMEGA SEAMASTER JAMES BOND LIMITED EDITION WATCH 210.22.42.20.01.004\附图\1-210.22.42.20.01.004-3.jpg,,,
dummy_images\WATCH\4.OMEGA\11.29\原图\20...OMEGA SEAMASTER DIVER 300M WATCH 210.20.42.20.01.002\主图\210.20.42.20.01.002.png,327,,,,
dummy_images\WATCH\4.OMEGA\11.29\原图\20...OMEGA SEAMASTER DIVER 300M WATCH 210.20.42.20.01.002\附图\210.20.42.20.01.002-1.png,327,dummy_images\WATCH\4.OMEGA\11.29\已整理\20...OMEGA SEAMASTER DIVER 300M WATCH 210.20.42.20.01.002\附图\210.20.42.20.01.002-1.png,,,
dummy_images\WATCH\4.OMEGA\11.29\原图\20...OMEGA SEAMASTER DIVER 300M WATCH 210.20.42.20.01.002\附图\210.20.42.20.01.002-2.png,327,dummy_images\WATCH\4.OMEGA\11.29\已整理\20...OMEGA SEAMASTER DIVER 300M WATCH 210.20.42.20.01.002\附图\210.20.42.20.01.002-2.png,,,
dummy_images\WATCH\4.OMEGA\11.29\原图\20...OMEGA SEAMASTER DIVER 300M WATCH 210.20.42.20.01.002\附图\210.20.42.20.01.002-3.png,327,dummy_images\WATCH\4.OMEGA\11.29\已整理\20...OMEGA SEAMASTER DIVER 300M WATCH 210.20.42.20.01.002\附图\210.20.42.20.01.002-3.png,,,
dummy_images\WATCH\4.OMEGA\11.29\原图\20...OMEGA SEAMASTER DIVER 300M WATCH 210.20.42.20.01.002\附图\210.20.42.20.01.002-4.png,327,dummy_images\WATCH\4.OMEGA\11.29\已整理\20...OMEGA SEAMASTER DIVER 300M WATCH 210.20.42.20.01.002\附图\210.20.42.20.01.002-4.png,,,
dummy_images\WATCH\4.OMEGA\11.29\原图\20...OMEGA SEAMASTER DIVER 300M WATCH 210.20.42.20.01.002\附图\210.20.42.20.01.002-5.png,327,dummy_images\WATCH\4.OMEGA\11.29\已整理\20...OMEGA SEAMASTER DIVER 300M WATCH 210.20.42.20.01.002\附图\210.20.42.20.01.002-5.png,,,
dummy_images\WATCH\4.OMEGA\11.29\原图\21...OMEGA SEAMASTER DIVER 300M WATCH 210.22.42.20.01.001\主图\210.22.42.20.01.001.png,328,,,,
dummy_images\WATCH\4.OMEGA\11.29\原图\21...OMEGA SEAMASTER DIVER 300M WATCH 210.22.42.20.01.001\附图\210.22.42.20.01.001-1.png,328,dummy_images\WATCH\4.OMEGA\11.29\已整理\21...OMEGA SEAMASTER DIVER 300M WATCH 210.22.42.20.01.001\附图\210.22.42.20.01.001-1.png,,,
dummy_images\WATCH\4.OMEGA\11.29\原图\21...OMEGA SEAMASTER DIVER 300M WATCH 210.22.42.20.01.001\附图\210.22.42.20.01.001-2.png,328,dummy_images\WATCH\4.OMEGA\11.29\已整理\21...OMEGA SEAMASTER DIVER 300M WATCH 210.22.42.20.01.001\附图\210.22.42.20.01.001-2.png,,,
dummy_images\WATCH\4.OMEGA\11.29\原图\21...OMEGA SEAMASTER DIVER 300M WATCH 210.22.42.20.01.001\附图\210.22.42.20.01.001-3.png,328,dummy_images\WATCH\4.OMEGA\11.29\已整理\21...OMEGA SEAMASTER DIVER 300M WATCH 210.22.42.20.01.001\附图\210.22.42.20.01.001-3.png,,,
dummy_images\WATCH\4.OMEGA\11.29\原图\21...OMEGA SEAMASTER DIVER 300M WATCH 210.22.42.20.01.001\附图\210.22.42.20.01.001-4.png,328,dummy_images\WATCH\4.OMEGA\11.29\已整理\21...OMEGA SEAMASTER DIVER 300M WATCH 210.22.42.20.01.001\附图\210.22.42.20.01.001-4.png,,,
dummy_images\WATCH\4.OMEGA\11.29\原图\22...OMEGA DE VILLE TRéSOR WATCH 428.17.36.60.04.001\主图\428.17.36.60.04.001.png,329,,,,
dummy_images\WATCH\4.OMEGA\11.29\原图\22...OMEGA DE VILLE TRéSOR WATCH 428.17.36.60.04.001\附图\428.17.36.60.04.001-1.png,329,dummy_images\WATCH\4.OMEGA\11.29\已整理\22...OMEGA DE VILLE TRéSOR WATCH 428.17.36.60.04.001\附图\428.17.36.60.04.001-1.png,,,
dummy_images\WATCH\4.OMEGA\11.29\原图\22...OMEGA DE VILLE TRéSOR WATCH 428.17.36.60.04.001\附图\428.17.36.60.04.001-2.png,329,dummy_images\WATCH\4.OMEGA\11.29\已整理\22...OMEGA DE VILLE TRéSOR WATCH 428.17.36.60.04.001\附图\428.17.36.60.04.001-2.png,,,
dummy_images\WATCH\4.OMEGA\11.29\原图\22...OMEGA DE VILLE TRéSOR WATCH 428.17.36.60.04.001\附图\428.17.36.60.04.001-3.png,329,dummy_images\WATCH\4.OMEGA\11.29\已整理\22...OMEGA DE VILLE TRéSOR WATCH 428.17.36.60.04.001\附图\428.17.36.60.04.001-3.png,,,
dummy_images\WATCH\4.OMEGA\11.29\原图\23...OMEGA SEAMASTER PLANET OCEAN 600M WATCH 215.92.46.22.03.001\主图\215.92.46.22.03.001.png,330,,,,
dummy_images\WATCH\4.OMEGA\11.29\原图\23...OMEGA SEAMASTER PLANET OCEAN 600M WATCH 215.92.46.22.03.001\附图\215.92.46.22.03.001-1.png,330,dummy_images\WATCH\4.OMEGA\11.29\已整理\23...OMEGA SEAMASTER PLANET OCEAN 600M WATCH 215.92.46.22.03.001\附图\215.92.46.22.03.001-1.png,,,
dummy_images\WATCH\4.OMEGA\11.29\原图\23...OMEGA SEAMASTER PLANET OCEAN 600M WATCH 215.92.46.22.03.001\附图\215.92.46.22.03.001-2.png,330,dummy_images\WATCH\4.OMEGA\11.29\已整理\23...OMEGA SEAMASTER PLANET OCEAN 600M WATCH 215.92.46.22.03.001\附图\215.92.46.22.03.001-2.png,,,
dummy_images\WATCH\4.OMEGA\11.29\原图\23...OMEGA SEAMASTER PLANET OCEAN 600M WATCH 215.92.46.22.03.001\附图\215.92.46.22.03.001-3.png,330,dummy_images\WATCH\4.OMEGA\11.29\已整理\23...OMEGA SEAMASTER PLANET OCEAN 600M WATCH 215.92.46.22.03.001\附图\215.92.46.22.03.001-3.png,,,
dummy_images\WATCH\4.OMEGA\11.29\原图\23...OMEGA SEAMASTER PLANET OCEAN 600M WATCH 215.92.46.22.03.001\附图\215.92.46.22.03.001-4.png,330,dummy_images\WATCH\4.OMEGA\11.29\已整理\23...OMEGA SEAMASTER PLANET OCEAN 600M WATCH 215.92.46.22.03.001\附图\215.92.46.22.03.001-4.png,,,
dummy_images\WATCH\4.OMEGA\11.29\原图\24...OMEGA SEAMASTER DIVER 300M WATCH 210.90.42.20.01.001\主图\210.90.42.20.01.001.png,331,,,,
dummy_images\WATCH\4.OMEGA\11.29\原图\24...OMEGA SEAMASTER DIVER 300M WATCH 210.90.42.20.01.001\附图\210.90.42.20.01.001-01.png,331,dummy_images\WATCH\4.OMEGA\11.29\已整理\24...OMEGA SEAMASTER DIVER 300M WATCH 210.90.42.20.01.001\附图\210.90.42.20.01.001-01.png,,,
dummy_images\WATCH\4.OMEGA\11.29\原图\24...OMEGA SEAMASTER DIVER 300M WATCH 210.90.42.20.01.001\附图\210.90.42.20.01.001-02.png,331,dummy_images\WATCH\4.OMEGA\11.29\已整理\24...OMEGA SEAMASTER DIVER 300M WATCH 210.90.42.20.01.001\附图\210.90.42.20.01.001-02.png,,,
dummy_images\WATCH\4.OMEGA\11.29\原图\24...OMEGA SEAMASTER DIVER 300M WATCH 210.90.42.20.01.001\附图\210.90.42.20.01.001-03.png,331,dummy_images\WATCH\4.OMEGA\11.29\已整理\24...OMEGA SEAMASTER DIVER 300M WATCH 210.90.42.20.01.001\附图\210.90.42.20.01.001-03.png,,,
dummy_images\WATCH\4.OMEGA\11.29\原图\26.OMEGA SEAMASTER AQUA TERRA GREEN WATCH 220.12.38.20.10.001\主图\220.12.38.20.10.001.jpg,332,,,,
dummy_images\WATCH\4.OMEGA\11.29\原图\26.OMEGA SEAMASTER AQUA TERRA GREEN WATCH 220.12.38.20.10.001\附图\220.12.38.20.10.001-1.jpg,332,dummy_images\WATCH\4.OMEGA\11.29\已整理\26.OMEGA SEAMASTER AQUA TERRA GREEN WATCH 220.12.38.20.10.001\附图\220.12.38.20.10.001-1.jpg,,,
dummy_images\WATCH\4.OMEGA\11.29\原图\26.OMEGA SEAMASTER AQUA TERRA GREEN WATCH 220.12.38.20.10.001\附图\220.12.38.20.10.001-2.jpg,332,dummy_images\WATCH\4.OMEGA\11.29\已整理\26.OMEGA SEAMASTER AQUA TERRA GREEN WATCH 220.12.38.20.10.001\附图\220.12.38.20.10.001-2.jpg,,,
dummy_images\WATCH\4.OMEGA\11.29\原图\26.OMEGA SEAMASTER AQUA TERRA GREEN WATCH 220.12.38.20.10.001\附图\220.12.38.20.10.001-3.jpg,332,dummy_images\WATCH\4.OMEGA\11.29\已整理\26.OMEGA SEAMASTER AQUA TERRA GREEN WATCH 220.12.38.20.10.001\附图\220.12.38.20.10.001-3.jpg,,,
dummy_images\WATCH\4.OMEGA\11.29\原图\27...OMEGA SEAMASTER DIVER 300M WATCH 210.62.42.20.03.001\主图\210.62.42.20.03.001.png,333,,,,
dummy_images\WATCH\4.OMEGA\11.29\原图\27...OMEGA SEAMASTER DIVER 300M WATCH 210.62.42.20.03.001\附图\210.62.42.20.03.001-1.png,333,dummy_images\WATCH\4.OMEGA\11.29\已整理\27...OMEGA SEAMASTER DIVER 300M WATCH 210.62.42.20.03.001\附图\210.62.42.20.03.001-1.png,,,
dummy_images\WATCH\4.OMEGA\11.29\原图\27...OMEGA SEAMASTER DIVER 300M WATCH 210.62.42.20.03.001\附图\210.62.42.20.03.001-2.png,333,dummy_images\WATCH\4.OMEGA\11.29\已整理\27...OMEGA SEAMASTER DIVER 300M WATCH 210.62.42.20.03.001\附图\210.62.42.20.03.001-2.png,,,
dummy_images\WATCH\4.OMEGA\11.29\原图\27...OMEGA SEAMASTER DIVER 300M WATCH 210.62.42.20.03.001\附图\210.62.42.20.03.001-3.png,333,dummy_images\WATCH\4.OMEGA\11.29\已整理\27...OMEGA SEAMASTER DIVER 300M WATCH 210.62.42.20.03.001\附图\210.62.42.20.03.001-3.png,,,
dummy_images\WATCH\4.OMEGA\11.29\原图\28.OMEGA SEAMASTER DIVER 300M WATCH 210.20.42.20.03.001\主图\210.20.42.20.03.001.png,334,,,,
dummy_images\WATCH\4.OMEGA\11.29\原图\28.OMEGA SEAMASTER DIVER 300M WATCH 210.20.42.20.03.001\附图\210.20.42.20.03.001-1.png,334,dummy_images\WATCH\4.OMEGA\11.29\已整理\28.OMEGA SEAMASTER DIVER 300M WATCH 210.20.42.20.03.001\附图\210.20.42.20.03.001-1.png,,,
dummy_images\WATCH\4.OMEGA\11.29\原图\28.OMEGA SEAMASTER DIVER 300M WATCH 210.20.42.20.03.001\附图\210.20.42.20.03.001-2.png,334,dummy_images\WATCH\4.OMEGA\11.29\已整理\28.OMEGA SEAMASTER DIVER 300M WATCH 210.20.42.20.03.001\附图\210.20.42.20.03.001-2.png,,,
dummy_images\WATCH\4.OMEGA\11.29\原图\28.OMEGA SEAMASTER DIVER 300M WATCH 210.20.42.20.03.001\附图\210.20.42.20.03.001-3.png,334,dummy_images\WATCH\4.OMEGA\11.29\已整理\28.OMEGA SEAMASTER DIVER 300M WATCH 210.20.42.20.03.001\附图\210.20.42.20.03.001-3.png,,,
dummy_images\WATCH\4.OMEGA\11.29\原图\28.OMEGA SEAMASTER DIVER 300M WATCH 210.20.42.20.03.001\附图\210.20.42.20.03.001-4.png,334,dummy_images\WATCH\4.OMEGA\11.29\已整理\28.OMEGA SEAMASTER DIVER 300M WATCH 210.20.42.20.03.001\附图\210.20.42.20.03.001-4.png,,,
dummy_images\WATCH\4.OMEGA\11.29\原图\28.OMEGA SEAMASTER DIVER 300M WATCH 210.20.42.20.03.001\附图\210.20.42.20.03.001-5.png,334,dummy_images\WATCH\4.OMEGA\11.29\已整理\28.OMEGA SEAMASTER DIVER 300M WATCH 210.20.42.20.03.001\附图\210.20.42.20.03.001-5.png,,,
dummy_images\WATCH\4.OMEGA\11.29\原图\29.OMEGA SEAMASTER AQUA TERRA AUTOMATIC BLUE DIAL WATCH 220.10.43.22.03.001\主图\220.10.43.22.03.001.png,335,,,,
dummy_images\WATCH\4.OMEGA\11.29\原图\29.OMEGA SEAMASTER AQUA TERRA AUTOMATIC BLUE DIAL WATCH 220.10.43.22.03.001\附图\220.10.43.22.03.001-1.jpeg,335,dummy_images\WATCH\4.OMEGA\11.29\已整理\29.OMEGA SEAMASTER AQUA TERRA AUTOMATIC BLUE DIAL WATCH 220.10.43.22.03.001\附图\220.10.43.22.03.001-1.jpeg,,,
dummy_images\WATCH\4.OMEGA\11.29\原图\29.OMEGA SEAMASTER AQUA TERRA AUTOMATIC BLUE DIAL WATCH 220.10.43.22.03.001\附图\220.10.43.22.03.001-2.jpeg,335,dummy_images\WATCH\4.OMEGA\11.29\已整理\29.OMEGA SEAMASTER AQUA TERRA AUTOMATIC BLUE DIAL WATCH 220.10.43.22.03.001\附图\220.10.43.22.03.001-2.jpeg,,,
dummy_images\WATCH\4.OMEGA\11.29\原图\29.OMEGA SEAMASTER AQUA TERRA AUTOMATIC BLUE DIAL WATCH 220.10.43.22.03.001\附图\220.10.43.22.03.001-3.png,335,dummy_images\WATCH\4.OMEGA\11.29\已整理\29.OMEGA SEAMASTER AQUA TERRA AUTOMATIC BLUE DIAL WATCH 220.10.43.22.03.001\附图\220.10.43.22.03.001-3.png,,,
dummy_images\WATCH\4.OMEGA\11.29\原图\32.OMEGA SEAMASTER AQUA TERRA AUTOMATIC BLUE DIAL WATCH 220.12.43.22.03.002\主图\220.12.43.22.03.002.jpg,336,,,,
dummy_images\WATCH\4.OMEGA\11.29\原图\32.OMEGA SEAMASTER AQUA TERRA AUTOMATIC BLUE DIAL WATCH 220.12.43.22.03.002\附图\220.12.43.22.03.002-1.jpg,336,dummy_images\WATCH\4.OMEGA\11.29\已整理\32.OMEGA SEAMASTER AQUA TERRA AUTOMATIC BLUE DIAL WATCH 220.12.43.22.03.002\附图\220.12.43.22.03.002-1.jpg,,,
dummy_images\WATCH\4.OMEGA\11.29\原图\32.OMEGA SEAMASTER AQUA TERRA AUTOMATIC BLUE DIAL WATCH 220.12.43.22.03.002\附图\220.12.43.22.03.002-2.jpg,336,dummy_images\WATCH\4.OMEGA\11.29\已整理\32.OMEGA SEAMASTER AQUA TERRA AUTOMATIC BLUE DIAL WATCH 220.12.43.22.03.002\附图\220.12.43.22.03.002-2.jpg,,,
dummy_images\WATCH\4.OMEGA\11.29\原图\32.OMEGA SEAMASTER AQUA TERRA AUTOMATIC BLUE DIAL WATCH 220.12.43.22.03.002\附图\220.12.43.22.03.002-3.jpg,336,dummy_images\WATCH\4.OMEGA\11.29\已整理\32.OMEGA SEAMASTER AQUA TERRA AUTOMATIC BLUE DIAL WATCH 220.12.43.22.03.002\附图\220.12.43.22.03.002-3.jpg,,,
dummy_images\WATCH\4.OMEGA\11.30\原图\4...OMEGA SEAMASTER DIVER 300M WATCH 210.30.42.20.01.002\主图\210.30.42.20.01.002.png,346,,,,
dummy_images\WATCH\4.OMEGA\11.30\原图\4...OMEGA SEAMASTER DIVER 300M WATCH 210.30.42.20.01.002\附图\210.30.42.20.01.002-1.png,346,dummy_images\WATCH\4.OMEGA\11.30\已整理\4...OMEGA SEAMASTER DIVER 300M WATCH 210.30.42.20.01.002\附图\210.30.42.20.01.002-1.png,,,
dummy_images\WATCH\4.OMEGA\11.30\原图\4...OMEGA SEAMASTER DIVER 300M WATCH 210.30.42.20.01.002\附图\210.30.42.20.01.002-2.png,346,dummy_images\WATCH\4.OMEGA\11.30\已整理\4...OMEGA SEAMASTER DIVER 300M WATCH 210.30.42.20.01.002\附图\210.30.42.20.01.002-2.png,,,
dummy_images\WATCH\4.OMEGA\11.30\原图\4...OMEGA SEAMASTER DIVER 300M WATCH 210.30.42.20.01.002\附图\210.30.42.20.01.002-3.png,346,dummy_images\WATCH\4.OMEGA\11.30\已整理\4...OMEGA SEAMASTER DIVER 300M WATCH 210.30.42.20.01.002\附图\210.30.42.20.01.002-3.png,,,
dummy_images\WATCH\4.OMEGA\11.30\原图\4...OMEGA SEAMASTER DIVER 300M WATCH 210.30.42.20.01.002\附图\210.30.42.20.01.002-4.png,346,dummy_images\WATCH\4.OMEGA\11.30\已整理\4...OMEGA SEAMASTER DIVER 300M WATCH 210.30.42.20.01.002\附图\210.30.42.20.01.002-4.png,,,
dummy_images\WATCH\4.OMEGA\11.30\原图\4...OMEGA SEAMASTER DIVER 300M WATCH 210.30.42.20.01.002\附图\210.30.42.20.01.002-5.png,346,dummy_images\WATCH\4.OMEGA\11.30\已整理\4...OMEGA SEAMASTER DIVER 300M WATCH 210.30.42.20.01.002\附图\210.30.42.20.01.002-5.png,,,
dummy_images\WATCH\4.OMEGA\11.30\原图\4...OMEGA SEAMASTER DIVER 300M WATCH 210.30.42.20.01.002\附图\210.30.42.20.01.002-6.png,346,dummy_images\WATCH\4.OMEGA\11.30\已整理\4...OMEGA SEAMASTER DIVER 300M WATCH 210.30.42.20.01.002\附图\210.30.42.20.01.002-6.png,,,
dummy_images\WATCH\4.OMEGA\11.30\原图\5...OMEGA SEAMASTER DIVER 300M WATCH 210.32.42.20.01.002\主图\210.32.42.20.01.002.png,347,,,,
dummy_images\WATCH\4.OMEGA\11.30\原图\5...OMEGA SEAMASTER DIVER 300M WATCH 210.32.42.20.01.002\附图\210.32.42.20.01.002-1.png,347,dummy_images\WATCH\4.OMEGA\11.30\已整理\5...OMEGA SEAMASTER DIVER 300M WATCH 210.32.42.20.01.002\附图\210.32.42.20.01.002-1.png,,,
dummy_images\WATCH\4.OMEGA\11.30\原图\5...OMEGA SEAMASTER DIVER 300M WATCH 210.32.42.20.01.002\附图\210.32.42.20.01.002-2.png,347,dummy_images\WATCH\4.OMEGA\11.30\已整理\5...OMEGA SEAMASTER DIVER 300M WATCH 210.32.42.20.01.002\附图\210.32.42.20.01.002-2.png,,,
dummy_images\WATCH\4.OMEGA\11.30\原图\5...OMEGA SEAMASTER DIVER 300M WATCH 210.32.42.20.01.002\附图\210.32.42.20.01.002-3.jpeg,347,dummy_images\WATCH\4.OMEGA\11.30\已整理\5...OMEGA SEAMASTER DIVER 300M WATCH 210.32.42.20.01.002\附图\210.32.42.20.01.002-3.jpeg,,,
dummy_images\WATCH\4.OMEGA\11.30\原图\5...OMEGA SEAMASTER DIVER 300M WATCH 210.32.42.20.01.002\附图\210.32.42.20.01.002-4.png,347,dummy_images\WATCH\4.OMEGA\11.30\已整理\5...OMEGA SEAMASTER DIVER 300M WATCH 210.32.42.20.01.002\附图\210.32.42.20.01.002-4.png,,,
dummy_images\WATCH\4.OMEGA\11.30\原图\9...OMEGA SEAMASTER DIVER 300M WATCH 522.30.42.20.04.001\主图\522.30.42.20.04.001.png,348,,,,
dummy_images\WATCH\4.OMEGA\11.30\原图\9...OMEGA SEAMASTER DIVER 300M WATCH 522.30.42.20.04.001\附图\522.30.42.20.04.001-1.png,348,dummy_images\WATCH\4.OMEGA\11.30\已整理\9...OMEGA SEAMASTER DIVER 300M WATCH 522.30.42.20.04.001\附图\522.30.42.20.04.001-1.png,,,
dummy_images\WATCH\4.OMEGA\11.30\原图\9...OMEGA SEAMASTER DIVER 300M WATCH 522.30.42.20.04.001\附图\522.30.42.20.04.001-2.png,348,dummy_images\WATCH\4.OMEGA\11.30\已整理\9...OMEGA SEAMASTER DIVER 300M WATCH 522.30.42.20.04.001\附图\522.30.42.20.04.001-2.png,,,
dummy_images\WATCH\4.OMEGA\11.30\原图\9...OMEGA SEAMASTER DIVER 300M WATCH 522.30.42.20.04.001\附图\522.30.42.20.04.001-3.jpg,348,dummy_images\WATCH\4.OMEGA\11.30\已整理\9...OMEGA SEAMASTER DIVER 300M WATCH 522.30.42.20.04.001\附图\522.30.42.20.04.001-3.jpg,,,
dummy_images\WATCH\4.OMEGA\11.30\原图\9...OMEGA SEAMASTER DIVER 300M WATCH 522.30.42.20.04.001\附图\522.30.42.20.04.001-4.png,348,dummy_images\WATCH\4.OMEGA\11.30\已整理\9...OMEGA SEAMASTER DIVER 300M WATCH 522.30.42.20.04.001\附图\522.30.42.20.04.001-4.png,,,
dummy_images\WATCH\4.OMEGA\11.30\原图\9...OMEGA SEAMASTER DIVER 300M WATCH 522.30.42.20.04.001\附图\522.30.42.20.04.001-5.png,348,dummy_images\WATCH\4.OMEGA\11.30\已整理\9...OMEGA SEAMASTER DIVER 300M WATCH 522.30.42.20.04.001\附图\522.30.42.20.04.001-5.png,,,
dummy_images\WATCH\4.OMEGA\11.30\原图\9...OMEGA SEAMASTER DIVER 300M WATCH 522.30.42.20.04.001\附图\522.30.42.20.04.001-6.png,348,dummy_images\WATCH\4.OMEGA\11.30\已整理\9...OMEGA SEAMASTER DIVER 300M WATCH 522.30.42.20.04.001\附图\522.30.42.20.04.001-6.png,,,
dummy_images\WATCH\4.OMEGA\11.30\原图\10...OMEGA SEAMASTER PLANET OCEAN 600M WATCH 215.30.44.21.01.002\主图\215.30.44.21.01.002.png,349,,,,
dummy_images\WATCH\4.OMEGA\11.30\原图\10...OMEGA SEAMASTER PLANET OCEAN 600M WATCH 215.30.44.21.01.002\附图\215.30.44.21.01.002-1.png,349,dummy_images\WATCH\4.OMEGA\11.30\已整理\10...OMEGA SEAMASTER PLANET OCEAN 600M WATCH 215.30.44.21.01.002\附图\215.30.44.21.01.002-1.png,,,
dummy_images\WATCH\4.OMEGA\11.30\原图\10...OMEGA SEAMASTER PLANET OCEAN 600M WATCH 215.30.44.21.01.002\附图\215.30.44.21.01.002-2.png,349,dummy_images\WATCH\4.OMEGA\11.30\已整理\10...OMEGA SEAMASTER PLANET OCEAN 600M WATCH 215.30.44.21.01.002\附图\215.30.44.21.01.002-2.png,,,
dummy_images\WATCH\4.OMEGA\11.30\原图\10...OMEGA SEAMASTER PLANET OCEAN 600M WATCH 215.30.44.21.01.002\附图\215.30.44.21.01.002-3.png,349,dummy_images\WATCH\4.OMEGA\11.30\已整理\10...OMEGA SEAMASTER PLANET OCEAN 600M WATCH 215.30.44.21.01.002\附图\215.30.44.21.01.002-3.png,,,
dummy_images\WATCH\4.OMEGA\11.30\原图\10...OMEGA SEAMASTER PLANET OCEAN 600M WATCH 215.30.44.21.01.002\附图\215.30.44.21.01.002-4.png,349,dummy_images\WATCH\4.OMEGA\11.30\已整理\10...OMEGA SEAMASTER PLANET OCEAN 600M WATCH 215.30.44.21.01.002\附图\215.30.44.21.01.002-4.png,,,
dummy_images\WATCH\4.OMEGA\11.30\原图\10...OMEGA SEAMASTER PLANET OCEAN 600M WATCH 215.30.44.21.01.002\附图\215.30.44.21.01.002-5.png,349,dummy_images\WATCH\4.OMEGA\11.30\已整理\10...OMEGA SEAMASTER PLANET OCEAN 600M WATCH 215.30.44.21.01.002\附图\215.30.44.21.01.002-5.png,,,
dummy_images\WATCH\4.OMEGA\11.30\原图\10...OMEGA SEAMASTER PLANET OCEAN 600M WATCH 215.30.44.21.01.002\附图\215.30.44.21.01.002-6.png,349,dummy_images\WATCH\4.OMEGA\11.30\已整理\10...OMEGA SEAMASTER PLANET OCEAN 600M WATCH 215.30.44.21.01.002\附图\215.30.44.21.01.002-6.png,,,
dummy_images\WATCH\4.OMEGA\11.30\原图\11...OMEGA SEAMASTER PLANET OCEAN 600M WATCH 215.30.44.21.03.001\主图\215.30.44.21.03.001.png,350,,,,
dummy_images\WATCH\4.OMEGA\11.30\原图\11...OMEGA SEAMASTER PLANET OCEAN 600M WATCH 215.30.44.21.03.001\附图\215.30.44.21.03.001-1.png,350,dummy_images\WATCH\4.OMEGA\11.30\已整理\11...OMEGA SEAMASTER PLANET OCEAN 600M WATCH 215.30.44.21.03.001\附图\215.30.44.21.03.001-1.png,,,
dummy_images\WATCH\4.OMEGA\11.30\原图\11...OMEGA SEAMASTER PLANET OCEAN 600M WATCH 215.30.44.21.03.001\附图\215.30.44.21.03.001-2.png,350,dummy_images\WATCH\4.OMEGA\11.30\已整理\11...OMEGA SEAMASTER PLANET OCEAN 600M WATCH 215.30.44.21.03.001\附图\215.30.44.21.03.001-2.png,,,
dummy_images\WATCH\4.OMEGA\11.30\原图\11...OMEGA SEAMASTER PLANET OCEAN 600M WATCH 215.30.44.21.03.001\附图\215.30.44.21.03.001-3.png,350,dummy_images\WATCH\4.OMEGA\11.30\已整理\11...OMEGA SEAMASTER PLANET OCEAN 600M WATCH 215.30.44.21.03.001\附图\215.30.44.21.03.001-3.png,,,
dummy_images\WATCH\4.OMEGA\11.30\原图\11...OMEGA SEAMASTER PLANET OCEAN 600M WATCH 215.30.44.21.03.001\附图\215.30.44.21.03.001-4.png,350,dummy_images\WATCH\4.OMEGA\11.30\已整理\11...OMEGA SEAMASTER PLANET OCEAN 600M WATCH 215.30.44.21.03.001\附图\215.30.44.21.03.001-4.png,,,
dummy_images\WATCH\4.OMEGA\11.30\原图\11...OMEGA SEAMASTER PLANET OCEAN 600M WATCH 215.30.44.21.03.001\附图\215.30.44.21.03.001-5.png,350,dummy_images\WATCH\4.OMEGA\11.30\已整理\11...OMEGA SEAMASTER PLANET OCEAN 600M WATCH 215.30.44.21.03.001\附图\215.30.44.21.03.001-5.png,,,
dummy_images\WATCH\4.OMEGA\11.30\原图\12...OMEGA SEAMASTER AQUA TERRA 150M WATCH 231.10.42.21.02.002\主图\231.10.42.21.02.002.png,351,,,,
dummy_images\WATCH\4.OMEGA\11.30\原图\12...OMEGA SEAMASTER AQUA TERRA 150M WATCH 231.10.42.21.02.002\附图\231.10.42.21.02.002-1.jpg,351,dummy_images\WATCH\4.OMEGA\11.30\已整理\12...OMEGA SEAMASTER AQUA TERRA 150M WATCH 231.10.42.21.02.002\附图\231.10.42.21.02.002-1.jpg,,,
dummy_images\WATCH\4.OMEGA\11.30\原图\12...OMEGA SEAMASTER AQUA TERRA 150M WATCH 231.10.42.21.02.002\附图\231.10.42.21.02.002-2.jpg,351,dummy_images\WATCH\4.OMEGA\11.30\已整理\12...OMEGA SEAMASTER AQUA TERRA 150M WATCH 231.10.42.21.02.002\附图\231.10.42.21.02.002-2.jpg,,,
dummy_images\WATCH\4.OMEGA\11.30\原图\12...OMEGA SEAMASTER AQUA TERRA 150M WATCH 231.10.42.21.02.002\附图\231.10.42.21.02.002-3.jpg,351,dummy_images\WATCH\4.OMEGA\11.30\已整理\12...OMEGA SEAMASTER AQUA TERRA 150M WATCH 231.10.42.21.02.002\附图\231.10.42.21.02.002-3.jpg,,,
dummy_images\WATCH\4.OMEGA\11.30\原图\13...OMEGA SEAMASTER PLANET OCEAN 600M WATCH 215.92.46.22.01.001\主图\215.92.46.22.01.001.png,352,,,,
dummy_images\WATCH\4.OMEGA\11.30\原图\13...OMEGA SEAMASTER PLANET OCEAN 600M WATCH 215.92.46.22.01.001\附图\215.92.46.22.01.001-1.png,352,dummy_images\WATCH\4.OMEGA\11.30\已整理\13...OMEGA SEAMASTER PLANET OCEAN 600M WATCH 215.92.46.22.01.001\附图\215.92.46.22.01.001-1.png,,,
dummy_images\WATCH\4.OMEGA\11.30\原图\13...OMEGA SEAMASTER PLANET OCEAN 600M WATCH 215.92.46.22.01.001\附图\215.92.46.22.01.001-2.jpeg,352,dummy_images\WATCH\4.OMEGA\11.30\已整理\13...OMEGA SEAMASTER PLANET OCEAN 600M WATCH 215.92.46.22.01.001\附图\215.92.46.22.01.001-2.jpeg,,,
dummy_images\WATCH\4.OMEGA\11.30\原图\13...OMEGA SEAMASTER PLANET OCEAN 600M WATCH 215.92.46.22.01.001\附图\215.92.46.22.01.001-3.png,352,dummy_images\WATCH\4.OMEGA\11.30\已整理\13...OMEGA SEAMASTER PLANET OCEAN 600M WATCH 215.92.46.22.01.001\附图\215.92.46.22.01.001-3.png,,,
dummy_images\WATCH\4.OMEGA\11.30\原图\13...OMEGA SEAMASTER PLANET OCEAN 600M WATCH 215.92.46.22.01.001\附图\215.92.46.22.01.001-4.png,352,dummy_images\WATCH\4.OMEGA\11.30\已整理\13...OMEGA SEAMASTER PLANET OCEAN 600M WATCH 215.92.46.22.01.001\附图\215.92.46.22.01.001-4.png,,,
dummy_images\WATCH\4.OMEGA\11.30\原图\14...OMEGA SEAMASTER DIVER 300M WATCH 210.30.42.20.03.001\主图\210.30.42.20.03.001.png,353,,,,
dummy_images\WATCH\4.OMEGA\11.30\原图\14...OMEGA SEAMASTER DIVER 300M WATCH 210.30.42.20.03.001\附图\210.30.42.20.03.001-1.png,353,dummy_images\WATCH\4.OMEGA\11.30\已整理\14...OMEGA SEAMASTER DIVER 300M WATCH 210.30.42.20.03.001\附图\210.30.42.20.03.001-1.png,,,
dummy_images\WATCH\4.OMEGA\11.30\原图\14...OMEGA SEAMASTER DIVER 300M WATCH 210.30.42.20.03.001\附图\210.30.42.20.03.001-2.png,353,dummy_images\WATCH\4.OMEGA\11.30\已整理\14...OMEGA SEAMASTER DIVER 300M WATCH 210.30.42.20.03.001\附图\210.30.42.20.03.001-2.png,,,
dummy_images\WATCH\4.OMEGA\11.30\原图\14...OMEGA SEAMASTER DIVER 300M WATCH 210.30.42.20.03.001\附图\210.30.42.20.03.001-3.png,353,dummy_images\WATCH\4.OMEGA\11.30\已整理\14...OMEGA SEAMASTER DIVER 300M WATCH 210.30.42.20.03.001\附图\210.30.42.20.03.001-3.png,,,
dummy_images\WATCH\4.OMEGA\11.30\原图\14...OMEGA SEAMASTER DIVER 300M WATCH 210.30.42.20.03.001\附图\210.30.42.20.03.001-4.png,353,dummy_images\WATCH\4.OMEGA\11.30\已整理\14...OMEGA SEAMASTER DIVER 300M WATCH 210.30.42.20.03.001\附图\210.30.42.20.03.001-4.png,,,
dummy_images\WATCH\4.OMEGA\11.30\原图\14...OMEGA SEAMASTER DIVER 300M WATCH 210.30.42.20.03.001\附图\210.30.42.20.03.001-5.png,353,dummy_images\WATCH\4.OMEGA\11.30\已整理\14...OMEGA SEAMASTER DIVER 300M WATCH 210.30.42.20.03.001\附图\210.30.42.20.03.001-5.png,,,
dummy_images\WATCH\4.OMEGA\11.30\原图\14...OMEGA SEAMASTER DIVER 300M WATCH 210.30.42.20.03.001\附图\210.30.42.20.03.001-6.png,353,dummy_images\WATCH\4.OMEGA\11.30\已整理\14...OMEGA SEAMASTER DIVER 300M WATCH 210.30.42.20.03.001\附图\210.30.42.20.03.001-6.png,,,
dummy_images\WATCH\4.OMEGA\11.30\原图\15...OMEGA SPEEDMASTER ANNIVERSARY SERIES WATCH 310.32.42.50.02.001\主图\310.32.42.50.02.001.png,354,,,,
dummy_images\WATCH\4.OMEGA\11.30\原图\15...OMEGA SPEEDMASTER ANNIVERSARY SERIES WATCH 310.32.42.50.02.001\附图\310.32.42.50.02.001-1.png,354,dummy_images\WATCH\4.OMEGA\11.30\已整理\15...OMEGA SPEEDMASTER ANNIVERSARY SERIES WATCH 310.32.42.50.02.001\附图\310.32.42.50.02.001-1.png,,,
dummy_images\WATCH\4.OMEGA\11.30\原图\15...OMEGA SPEEDMASTER ANNIVERSARY SERIES WATCH 310.32.42.50.02.001\附图\310.32.42.50.02.001-2.jpeg,354,dummy_images\WATCH\4.OMEGA\11.30\已整理\15...OMEGA SPEEDMASTER ANNIVERSARY SERIES WATCH 310.32.42.50.02.001\附图\310.32.42.50.02.001-2.jpeg,,,
dummy_images\WATCH\4.OMEGA\11.30\原图\15...OMEGA SPEEDMASTER ANNIVERSARY SERIES WATCH 310.32.42.50.02.001\附图\310.32.42.50.02.001-3.png,354,dummy_images\WATCH\4.OMEGA\11.30\已整理\15...OMEGA SPEEDMASTER ANNIVERSARY SERIES WATCH 310.32.42.50.02.001\附图\310.32.42.50.02.001-3.png,,,
dummy_images\WATCH\4.OMEGA\11.30\原图\15...OMEGA SPEEDMASTER ANNIVERSARY SERIES WATCH 310.32.42.50.02.001\附图\310.32.42.50.02.001-4.jpeg,354,dummy_images\WATCH\4.OMEGA\11.30\已整理\15...OMEGA SPEEDMASTER ANNIVERSARY SERIES WATCH 310.32.42.50.02.001\附图\310.32.42.50.02.001-4.jpeg,,,
dummy_images\WATCH\4.OMEGA\11.30\原图\15...OMEGA SPEEDMASTER ANNIVERSARY SERIES WATCH 310.32.42.50.02.001\附图\310.32.42.50.02.001-5.png,354,dummy_images\WATCH\4.OMEGA\11.30\已整理\15...OMEGA SPEEDMASTER ANNIVERSARY SERIES WATCH 310.32.42.50.02.001\附图\310.32.42.50.02.001-5.png,,,
dummy_images\WATCH\4.OMEGA\11.30\原图\16.OMEGA SPEEDMASTER WATCH 310.32.42.50.02.001\主图\310.32.42.50.02.001.jpg,355,,,,
dummy_images\WATCH\4.OMEGA\11.30\原图\16.OMEGA SPEEDMASTER WATCH 310.32.42.50.02.001\附图\310.32.42.50.02.001-1.jpg,355,dummy_images\WATCH\4.OMEGA\11.30\已整理\16.OMEGA SPEEDMASTER WATCH 310.32.42.50.02.001\附图\310.32.42.50.02.001-1.jpg,,,
dummy_images\WATCH\4.OMEGA\11.30\原图\16.OMEGA SPEEDMASTER WATCH 310.32.42.50.02.001\附图\310.32.42.50.02.001-2.jpg,355,dummy_images\WATCH\4.OMEGA\11.30\已整理\16.OMEGA SPEEDMASTER WATCH 310.32.42.50.02.001\附图\310.32.42.50.02.001-2.jpg,,,
dummy_images\WATCH\4.OMEGA\11.30\原图\16.OMEGA SPEEDMASTER WATCH 310.32.42.50.02.001\附图\310.32.42.50.02.001-3.jpg,355,dummy_images\WATCH\4.OMEGA\11.30\已整理\16.OMEGA SPEEDMASTER WATCH 310.32.42.50.02.001\附图\310.32.42.50.02.001-3.jpg,,,
dummy_images\WATCH\4.OMEGA\11.30\原图\16.OMEGA SPEEDMASTER WATCH 310.32.42.50.02.001\附图\310.32.42.50.02.001-4.jpg,355,dummy_images\WATCH\4.OMEGA\11.30\已整理\16.OMEGA SPEEDMASTER WATCH 310.32.42.50.02.001\附图\310.32.42.50.02.001-4.jpg,,,
dummy_images\WATCH\4.OMEGA\11.30\原图\16.OMEGA SPEEDMASTER WATCH 310.32.42.50.02.001\附图\310.32.42.50.02.001-5.jpg,355,dummy_images\WATCH\4.OMEGA\11.30\已整理\16.OMEGA SPEEDMASTER WATCH 310.32.42.50.02.001\附图\310.32.42.50.02.001-5.jpg,,,
dummy_images\WATCH\4.OMEGA\11.30\原图\17.OMEGA SEAMASTER DIVER 300M WATCH 210.30.42.20.06.001\主图\210.30.42.20.06.001.png,356,,,,
dummy_images\WATCH\4.OMEGA\11.30\原图\17.OMEGA SEAMASTER DIVER 300M WATCH 210.30.42.20.06.001\附图\210.30.42.20.06.001-1.png,356,dummy_images\WATCH\4.OMEGA\11.30\已整理\17.OMEGA SEAMASTER DIVER 300M WATCH 210.30.42.20.06.001\附图\210.30.42.20.06.001-1.png,,,
dummy_images\WATCH\4.OMEGA\11.30\原图\17.OMEGA SEAMASTER DIVER 300M WATCH 210.30.42.20.06.001\附图\210.30.42.20.06.001-2.png,356,dummy_images\WATCH\4.OMEGA\11.30\已整理\17.OMEGA SEAMASTER DIVER 300M WATCH 210.30.42.20.06.001\附图\210.30.42.20.06.001-2.png,,,
dummy_images\WATCH\4.OMEGA\11.30\原图\17.OMEGA SEAMASTER DIVER 300M WATCH 210.30.42.20.06.001\附图\210.30.42.20.06.001-3.png,356,dummy_images\WATCH\4.OMEGA\11.30\已整理\17.OMEGA SEAMASTER DIVER 300M WATCH 210.30.42.20.06.001\附图\210.30.42.20.06.001-3.png,,,
dummy_images\WATCH\4.OMEGA\11.30\原图\17.OMEGA SEAMASTER DIVER 300M WATCH 210.30.42.20.06.001\附图\210.30.42.20.06.001-4.png,356,dummy_images\WATCH\4.OMEGA\11.30\已整理\17.OMEGA SEAMASTER DIVER 300M WATCH 210.30.42.20.06.001\附图\210.30.42.20.06.001-4.png,,,
dummy_images\WATCH\4.OMEGA\11.30\原图\17.OMEGA SEAMASTER DIVER 300M WATCH 210.30.42.20.06.001\附图\210.30.42.20.06.001-5.png,356,dummy_images\WATCH\4.OMEGA\11.30\已整理\17.OMEGA SEAMASTER DIVER 300M WATCH 210.30.42.20.06.001\附图\210.30.42.20.06.001-5.png,,,
dummy_images\WATCH\4.OMEGA\11.30\原图\19.OMEGA DEVILLE HOUR VISION BLUE DIAL MENS WATCH 431.33.41.21.03.001\主图\431.33.41.21.03.001.jpg,357,,,,
dummy_images\WATCH\4.OMEGA\11.30\原图\19.OMEGA DEVILLE HOUR VISION BLUE DIAL MENS WATCH 431.33.41.21.03.001\附图\431.33.41.21.03.001-1.jpg,357,dummy_images\WATCH\4.OMEGA\11.30\已整理\19.OMEGA DEVILLE HOUR VISION BLUE DIAL MENS WATCH 431.33.41.21.03.001\附图\431.33.41.21.03.001-1.jpg,,,
dummy_images\WATCH\4.OMEGA\11.30\原图\19.OMEGA DEVILLE HOUR VISION BLUE DIAL MENS WATCH 431.33.41.21.03.001\附图\431.33.41.21.03.001-2.jpg,357,dummy_images\WATCH\4.OMEGA\11.30\已整理\19.OMEGA DEVILLE HOUR VISION BLUE DIAL MENS WATCH 431.33.41.21.03.001\附图\431.33.41.21.03.001-2.jpg,,,
dummy_images\WATCH\4.OMEGA\11.30\原图\19.OMEGA DEVILLE HOUR VISION BLUE DIAL MENS WATCH 431.33.41.21.03.001\附图\431.33.41.21.03.001-3.jpg,357,dummy_images\WATCH\4.OMEGA\11.30\已整理\19.OMEGA DEVILLE HOUR VISION BLUE DIAL MENS WATCH 431.33.41.21.03.001\附图\431.33.41.21.03.001-3.jpg,,,
dummy_images\WATCH\4.OMEGA\11.30\原图\20...OMEGA SEAMASTER PLANET OCEAN 600M WATCH 215.23.40.20.04.001\主图\215.23.40.20.04.001.png,358,,,,
dummy_images\WATCH\4.OMEGA\11.30\原图\20...OMEGA SEAMASTER PLANET OCEAN 600M WATCH 215.23.40.20.04.001\附图\215.23.40.20.04.001-1.png,358,dummy_images\WATCH\4.OMEGA\11.30\已整理\20...OMEGA SEAMASTER PLANET OCEAN 600M WATCH 215.23.40.20.04.001\附图\215.23.40.20.04.001-1.png,,,
dummy_images\WATCH\4.OMEGA\11.30\原图\20...OMEGA SEAMASTER PLANET OCEAN 600M WATCH 215.23.40.20.04.001\附图\215.23.40.20.04.001-2.png,358,dummy_images\WATCH\4.OMEGA\11.30\已整理\20...OMEGA SEAMASTER PLANET OCEAN 600M WATCH 215.23.40.20.04.001\附图\215.23.40.20.04.001-2.png,,,
dummy_images\WATCH\4.OMEGA\11.30\原图\20...OMEGA SEAMASTER PLANET OCEAN 600M WATCH 215.23.40.20.04.001\附图\215.23.40.20.04.001-3.png,358,dummy_images\WATCH\4.OMEGA\11.30\已整理\20...OMEGA SEAMASTER PLANET OCEAN 600M WATCH 215.23.40.20.04.001\附图\215.23.40.20.04.001-3.png,,,
dummy_images\WATCH\4.OMEGA\11.30\原图\21.OMEGA SEAMASTER PLANET OCEAN 600M CO-AXIAL WATCH 215.30.44.21.01.001\主图\215.30.44.21.01.001.jpg,359,,,,
dummy_images\WATCH\4.OMEGA\11.30\原图\21.OMEGA SEAMASTER PLANET OCEAN 600M CO-AXIAL WATCH 215.30.44.21.01.001\附图\215.30.44.21.01.001-1.jpg,359,dummy_images\WATCH\4.OMEGA\11.30\已整理\21.OMEGA SEAMASTER PLANET OCEAN 600M CO-AXIAL WATCH 215.30.44.21.01.001\附图\215.30.44.21.01.001-1.jpg,,,
dummy_images\WATCH\4.OMEGA\11.30\原图\21.OMEGA SEAMASTER PLANET OCEAN 600M CO-AXIAL WATCH 215.30.44.21.01.001\附图\215.30.44.21.01.001-2.jpg,359,dummy_images\WATCH\4.OMEGA\11.30\已整理\21.OMEGA SEAMASTER PLANET OCEAN 600M CO-AXIAL WATCH 215.30.44.21.01.001\附图\215.30.44.21.01.001-2.jpg,,,
dummy_images\WATCH\4.OMEGA\11.30\原图\21.OMEGA SEAMASTER PLANET OCEAN 600M CO-AXIAL WATCH 215.30.44.21.01.001\附图\215.30.44.21.01.001-3.jpg,359,dummy_images\WATCH\4.OMEGA\11.30\已整理\21.OMEGA SEAMASTER PLANET OCEAN 600M CO-AXIAL WATCH 215.30.44.21.01.001\附图\215.30.44.21.01.001-3.jpg,,,
dummy_images\WATCH\4.OMEGA\11.30\原图\24.OMEGA SPEEDMASTER WATCH 310.20.42.50.01.001\主图\310.20.42.50.01.001.jpg,360,,,,
dummy_images\WATCH\4.OMEGA\11.30\原图\24.OMEGA SPEEDMASTER WATCH 310.20.42.50.01.001\附图\310.20.42.50.01.001-1.jpg,360,dummy_images\WATCH\4.OMEGA\11.30\已整理\24.OMEGA SPEEDMASTER WATCH 310.20.42.50.01.001\附图\310.20.42.50.01.001-1.jpg,,,
dummy_images\WATCH\4.OMEGA\11.30\原图\24.OMEGA SPEEDMASTER WATCH 310.20.42.50.01.001\附图\310.20.42.50.01.001-2.jpg,360,dummy_images\WATCH\4.OMEGA\11.30\已整理\24.OMEGA SPEEDMASTER WATCH 310.20.42.50.01.001\附图\310.20.42.50.01.001-2.jpg,,,
dummy_images\WATCH\4.OMEGA\11.30\原图\24.OMEGA SPEEDMASTER WATCH 310.20.42.50.01.001\附图\310.20.42.50.01.001-3.jpg,360,dummy_images\WATCH\4.OMEGA\11.30\已整理\24.OMEGA SPEEDMASTER WATCH 310.20.42.50.01.001\附图\310.20.42.50.01.001-3.jpg,,,
dummy_images\WATCH\4.OMEGA\11.30\原图\24.OMEGA SPEEDMASTER WATCH 310.20.42.50.01.001\附图\310.20.42.50.01.001-4.jpg,360,dummy_images\WATCH\4.OMEGA\11.30\已整理\24.OMEGA SPEEDMASTER WATCH 310.20.42.50.01.001\附图\310.20.42.50.01.001-4.jpg,,,
dummy_images\WATCH\4.OMEGA\11.30\原图\26.水印OMEGA CONSTELLATION QUARTZ 123.10.24.60.55.001\主图\123.10.24.60.55.001.jpg,361,,,,
dummy_images\WATCH\4.OMEGA\11.30\原图\26.水印OMEGA CONSTELLATION QUARTZ 123.10.24.60.55.001\附图\123.10.24.60.55.001-1.jpg,361,dummy_images\WATCH\4.OMEGA\11.30\已整理\26.OMEGA CONSTELLATION QUARTZ 123.10.24.60.55.001\附图\123.10.24.60.55.001-1.jpg,,,
dummy_images\WATCH\4.OMEGA\11.30\原图\26.水印OMEGA CONSTELLATION QUARTZ 123.10.24.60.55.001\附图\123.10.24.60.55.001-2.jpg,361,dummy_images\WATCH\4.OMEGA\11.30\已整理\26.OMEGA CONSTELLATION QUARTZ 123.10.24.60.55.001\附图\123.10.24.60.55.001-2.jpg,,,
dummy_images\WATCH\4.OMEGA\11.30\原图\26.水印OMEGA CONSTELLATION QUARTZ 123.10.24.60.55.001\附图\123.10.24.60.55.001-3.jpg,361,dummy_images\WATCH\4.OMEGA\11.30\已整理\26.OMEGA CONSTELLATION QUARTZ 123.10.24.60.55.001\附图\123.10.24.60.55.001-3.jpg,,,
dummy_images\WATCH\4.OMEGA\11.30\原图\28.OMEGA CONSTELLATION WATCH 123.20.27.60.55.006\主图\123.20.27.60.55.006.jpg,362,,,,
dummy_images\WATCH\4.OMEGA\11.30\原图\28.OMEGA CONSTELLATION WATCH 123.20.27.60.55.006\附图\123.20.27.60.55.006-1.jpg,362,dummy_images\WATCH\4.OMEGA\11.30\已整理\28.OMEGA CONSTELLATION WATCH 123.20.27.60.55.006\附图\123.20.27.60.55.006-1.jpg,,,
dummy_images\WATCH\4.OMEGA\11.30\原图\28.OMEGA CONSTELLATION WATCH 123.20.27.60.55.006\附图\123.20.27.60.55.006-2.jpg,362,dummy_images\WATCH\4.OMEGA\11.30\已整理\28.OMEGA CONSTELLATION WATCH 123.20.27.60.55.006\附图\123.20.27.60.55.006-2.jpg,,,
dummy_images\WATCH\4.OMEGA\11.30\原图\28.OMEGA CONSTELLATION WATCH 123.20.27.60.55.006\附图\123.20.27.60.55.006-3.jpg,362,dummy_images\WATCH\4.OMEGA\11.30\已整理\28.OMEGA CONSTELLATION WATCH 123.20.27.60.55.006\附图\123.20.27.60.55.006-3.jpg,,,
dummy_images\WATCH\4.OMEGA\11.30\原图\28.OMEGA CONSTELLATION WATCH 123.20.27.60.55.006\附图\123.20.27.60.55.006-4.jpg,362,dummy_images\WATCH\4.OMEGA\11.30\已整理\28.OMEGA CONSTELLATION WATCH 123.20.27.60.55.006\附图\123.20.27.60.55.006-4.jpg,,,
dummy_images\WATCH\4.OMEGA\11.30\原图\30.OMEGA SEAMASTER PLANET OCEAN 6000M WATCH 215.30.46.21.03.001\主图\215.30.46.21.03.001.png,363,,,,
dummy_images\WATCH\4.OMEGA\11.30\原图\30.OMEGA SEAMASTER PLANET OCEAN 6000M WATCH 215.30.46.21.03.001\附图\215.30.46.21.03.001-1.png,363,dummy_images\WATCH\4.OMEGA\11.30\已整理\30.OMEGA SEAMASTER PLANET OCEAN 6000M WATCH 215.30.46.21.03.001\附图\215.30.46.21.03.001-1.png,,,
dummy_images\WATCH\4.OMEGA\11.30\原图\30.OMEGA SEAMASTER PLANET OCEAN 6000M WATCH 215.30.46.21.03.001\附图\215.30.46.21.03.001-2.png,363,dummy_images\WATCH\4.OMEGA\11.30\已整理\30.OMEGA SEAMASTER PLANET OCEAN 6000M WATCH 215.30.46.21.03.001\附图\215.30.46.21.03.001-2.png,,,
dummy_images\WATCH\4.OMEGA\11.30\原图\30.OMEGA SEAMASTER PLANET OCEAN 6000M WATCH 215.30.46.21.03.001\附图\215.30.46.21.03.001-3.png,363,dummy_images\WATCH\4.OMEGA\11.30\已整理\30.OMEGA SEAMASTER PLANET OCEAN 6000M WATCH 215.30.46.21.03.001\附图\215.30.46.21.03.001-3.png,,,
dummy_images\WATCH\4.OMEGA\11.30\原图\30.OMEGA SEAMASTER PLANET OCEAN 6000M WATCH 215.30.46.21.03.001\附图\215.30.46.21.03.001-4.png,363,dummy_images\WATCH\4.OMEGA\11.30\已整理\30.OMEGA SEAMASTER PLANET OCEAN 6000M WATCH 215.30.46.21.03.001\附图\215.30.46.21.03.001-4.png,,,
dummy_images\WATCH\4.OMEGA\11.30\原图\30.OMEGA SEAMASTER PLANET OCEAN 6000M WATCH 215.30.46.21.03.001\附图\215.30.46.21.03.001-5.png,363,dummy_images\WATCH\4.OMEGA\11.30\已整理\30.OMEGA SEAMASTER PLANET OCEAN 6000M WATCH 215.30.46.21.03.001\附图\215.30.46.21.03.001-5.png,,,
dummy_images\WATCH\4.OMEGA\11.30\原图\30.OMEGA SEAMASTER PLANET OCEAN 6000M WATCH 215.30.46.21.03.001\附图\215.30.46.21.03.001-6.png,363,dummy_images\WATCH\4.OMEGA\11.30\已整理\30.OMEGA SEAMASTER PLANET OCEAN 6000M WATCH 215.30.46.21.03.001\附图\215.30.46.21.03.001-6.png,,,
dummy_images\WATCH\4.OMEGA\12.2\原图\1.OMEGA SEAMASTER AQUA TERRA 150M WATCH 231.10.42.21.01.003\主图\231.10.42.21.01.003.jpg,372,,,,
dummy_images\WATCH\4.OMEGA\12.2\原图\1.OMEGA SEAMASTER AQUA TERRA 150M WATCH 231.10.42.21.01.003\附图\231.10.42.21.01.003-1.jpg,372,dummy_images\WATCH\4.OMEGA\12.2\已整理\1.OMEGA SEAMASTER AQUA TERRA 150M WATCH 231.10.42.21.01.003\附图\231.10.42.21.01.003-1.jpg,,,
dummy_images\WATCH\4.OMEGA\12.2\原图\1.OMEGA SEAMASTER AQUA TERRA 150M WATCH 231.10.42.21.01.003\附图\231.10.42.21.01.003-2.jpg,372,dummy_images\WATCH\4.OMEGA\12.2\已整理\1.OMEGA SEAMASTER AQUA TERRA 150M WATCH 231.10.42.21.01.003\附图\231.10.42.21.01.003-2.jpg,,,
dummy_images\WATCH\4.OMEGA\12.2\原图\1.OMEGA SEAMASTER AQUA TERRA 150M WATCH 231.10.42.21.01.003\附图\231.10.42.21.01.003-3.jpg,372,dummy_images\WATCH\4.OMEGA\12.2\已整理\1.OMEGA SEAMASTER AQUA TERRA 150M WATCH 231.10.42.21.01.003\附图\231.10.42.21.01.003-3.jpg,,,
dummy_images\WATCH\4.OMEGA\12.2\原图\2.OMEGA DE VILLE PRESTIGE AUTOMATIC CO-AXIAL WATCH 424.10.33.20.52.001\主图\424.10.33.20.52.001.jpg,373,,,,
dummy_images\WATCH\4.OMEGA\12.2\原图\2.OMEGA DE VILLE PRESTIGE AUTOMATIC CO-AXIAL WATCH 424.10.33.20.52.001\附图\424.10.33.20.52.001-1.jpg,373,dummy_images\WATCH\4.OMEGA\12.2\已整理\2.OMEGA DE VILLE PRESTIGE AUTOMATIC CO-AXIAL WATCH 424.10.33.20.52.001\附图\424.10.33.20.52.001-1.jpg,,,
dummy_images\WATCH\4.OMEGA\12.2\原图\2.OMEGA DE VILLE PRESTIGE AUTOMATIC CO-AXIAL WATCH 424.10.33.20.52.001\附图\424.10.33.20.52.001-2.jpg,373,dummy_images\WATCH\4.OMEGA\12.2\已整理\2.OMEGA DE VILLE PRESTIGE AUTOMATIC CO-AXIAL WATCH 424.10.33.20.52.001\附图\424.10.33.20.52.001-2.jpg,,,
dummy_images\WATCH\4.OMEGA\12.2\原图\2.OMEGA DE VILLE PRESTIGE AUTOMATIC CO-AXIAL WATCH 424.10.33.20.52.001\附图\424.10.33.20.52.001-3.jpg,373,dummy_images\WATCH\4.OMEGA\12.2\已整理\2.OMEGA DE VILLE PRESTIGE AUTOMATIC CO-AXIAL WATCH 424.10.33.20.52.001\附图\424.10.33.20.52.001-3.jpg,,,
dummy_images\WATCH\4.OMEGA\12.2\原图\3.OMEGA SILVER STAINLESS STEEL DE VILLE PRESTIGE WATCH 424.10.40.20.02.003\主图\424.10.40.20.02.003.jpg,374,,,,
dummy_images\WATCH\4.OMEGA\12.2\原图\3.OMEGA SILVER STAINLESS STEEL DE VILLE PRESTIGE WATCH 424.10.40.20.02.003\附图\424.10.40.20.02.003-1.jpg,374,dummy_images\WATCH\4.OMEGA\12.2\已整理\3.OMEGA SILVER STAINLESS STEEL DE VILLE PRESTIGE WATCH 424.10.40.20.02.003\附图\424.10.40.20.02.003-1.jpg,,,
dummy_images\WATCH\4.OMEGA\12.2\原图\3.OMEGA SILVER STAINLESS STEEL DE VILLE PRESTIGE WATCH 424.10.40.20.02.003\附图\424.10.40.20.02.003-2.jpg,374,dummy_images\WATCH\4.OMEGA\12.2\已整理\3.OMEGA SILVER STAINLESS STEEL DE VILLE PRESTIGE WATCH 424.10.40.20.02.003\附图\424.10.40.20.02.003-2.jpg,,,
dummy_images\WATCH\4.OMEGA\12.2\原图\3.OMEGA SILVER STAINLESS STEEL DE VILLE PRESTIGE WATCH 424.10.40.20.02.003\附图\424.10.40.20.02.003-3.jpg,374,dummy_images\WATCH\4.OMEGA\12.2\已整理\3.OMEGA SILVER STAINLESS STEEL DE VILLE PRESTIGE WATCH 424.10.40.20.02.003\附图\424.10.40.20.02.003-3.jpg,,,
dummy_images\WATCH\4.OMEGA\12.2\原图\3.OMEGA SILVER STAINLESS STEEL DE VILLE PRESTIGE WATCH 424.10.40.20.02.003\附图\424.10.40.20.02.003-4.jpg,374,dummy_images\WATCH\4.OMEGA\12.2\已整理\3.OMEGA SILVER STAINLESS STEEL DE VILLE PRESTIGE WATCH 424.10.40.20.02.003\附图\424.10.40.20.02.003-4.jpg,,,
dummy_images\WATCH\4.OMEGA\12.2\原图\7.OMEGA SEAMASTER PLANET OCEAN GMT 600M WATCH 232.30.44.22.01.002\主图\232.30.44.22.01.002.jpg,375,,,,
dummy_images\WATCH\4.OMEGA\12.2\原图\7.OMEGA SEAMASTER PLANET OCEAN GMT 600M WATCH 232.30.44.22.01.002\附图\232.30.44.22.01.002-1.jpg,375,dummy_images\WATCH\4.OMEGA\12.2\已整理\7.OMEGA SEAMASTER PLANET OCEAN GMT 600M WATCH 232.30.44.22.01.002\附图\232.30.44.22.01.002-1.jpg,,,
dummy_images\WATCH\4.OMEGA\12.2\原图\7.OMEGA SEAMASTER PLANET OCEAN GMT 600M WATCH 232.30.44.22.01.002\附图\232.30.44.22.01.002-2.jpg,375,dummy_images\WATCH\4.OMEGA\12.2\已整理\7.OMEGA SEAMASTER PLANET OCEAN GMT 600M WATCH 232.30.44.22.01.002\附图\232.30.44.22.01.002-2.jpg,,,
dummy_images\WATCH\4.OMEGA\12.2\原图\7.OMEGA SEAMASTER PLANET OCEAN GMT 600M WATCH 232.30.44.22.01.002\附图\232.30.44.22.01.002-3.jpg,375,dummy_images\WATCH\4.OMEGA\12.2\已整理\7.OMEGA SEAMASTER PLANET OCEAN GMT 600M WATCH 232.30.44.22.01.002\附图\232.30.44.22.01.002-3.jpg,,,
dummy_images\WATCH\4.OMEGA\12.2\原图\7.OMEGA SEAMASTER PLANET OCEAN GMT 600M WATCH 232.30.44.22.01.002\附图\232.30.44.22.01.002-4.jpg,375,dummy_images\WATCH\4.OMEGA\12.2\已整理\7.OMEGA SEAMASTER PLANET OCEAN GMT 600M WATCH 232.30.44.22.01.002\附图\232.30.44.22.01.002-4.jpg,,,
dummy_images\WATCH\4.OMEGA\12.2\原图\7.OMEGA SEAMASTER PLANET OCEAN GMT 600M WATCH 232.30.44.22.01.002\附图\232.30.44.22.01.002-5.jpg,375,dummy_images\WATCH\4.OMEGA\12.2\已整理\7.OMEGA SEAMASTER PLANET OCEAN GMT 600M WATCH 232.30.44.22.01.002\附图\232.30.44.22.01.002-5.jpg,,,
dummy_images\WATCH\4.OMEGA\12.2\原图\9.OMEGA RELOJ DE VILLE PRESTIGE AUTOMáTICO CON ESFERA WATCH 424.23.40.21.02.001\主图\424.23.40.21.02.001.jpg,376,,,,
dummy_images\WATCH\4.OMEGA\12.2\原图\9.OMEGA RELOJ DE VILLE PRESTIGE AUTOMáTICO CON ESFERA WATCH 424.23.40.21.02.001\附图\424.23.40.21.02.001-1.jpg,376,dummy_images\WATCH\4.OMEGA\12.2\已整理\9.OMEGA RELOJ DE VILLE PRESTIGE AUTOMáTICO CON ESFERA WATCH 424.23.40.21.02.001\附图\424.23.40.21.02.001-1.jpg,,,
dummy_images\WATCH\4.OMEGA\12.2\原图\9.OMEGA RELOJ DE VILLE PRESTIGE AUTOMáTICO CON ESFERA WATCH 424.23.40.21.02.001\附图\424.23.40.21.02.001-2.jpg,376,dummy_images\WATCH\4.OMEGA\12.2\已整理\9.OMEGA RELOJ DE VILLE PRESTIGE AUTOMáTICO CON ESFERA WATCH 424.23.40.21.02.001\附图\424.23.40.21.02.001-2.jpg,,,
dummy_images\WATCH\4.OMEGA\12.2\原图\9.OMEGA RELOJ DE VILLE PRESTIGE AUTOMáTICO CON ESFERA WATCH 424.23.40.21.02.001\附图\424.23.40.21.02.001-3.jpg,376,dummy_images\WATCH\4.OMEGA\12.2\已整理\9.OMEGA RELOJ DE VILLE PRESTIGE AUTOMáTICO CON ESFERA WATCH 424.23.40.21.02.001\附图\424.23.40.21.02.001-3.jpg,,,
dummy_images\WATCH\4.OMEGA\12.2\原图\10.OMEGA DE VILLE PRESTIGE CO-AXIAL WATCH 424.10.33.20.53.001\主图\424.10.33.20.53.001.jpg,377,,,,
dummy_images\WATCH\4.OMEGA\12.2\原图\10.OMEGA DE VILLE PRESTIGE CO-AXIAL WATCH 424.10.33.20.53.001\附图\424.10.33.20.53.001-1.jpg,377,dummy_images\WATCH\4.OMEGA\12.2\已整理\10.OMEGA DE VILLE PRESTIGE CO-AXIAL WATCH 424.10.33.20.53.001\附图\424.10.33.20.53.001-1.jpg,,,
dummy_images\WATCH\4.OMEGA\12.2\原图\10.OMEGA DE VILLE PRESTIGE CO-AXIAL WATCH 424.10.33.20.53.001\附图\424.10.33.20.53.001-2.jpg,377,dummy_images\WATCH\4.OMEGA\12.2\已整理\10.OMEGA DE VILLE PRESTIGE CO-AXIAL WATCH 424.10.33.20.53.001\附图\424.10.33.20.53.001-2.jpg,,,
dummy_images\WATCH\4.OMEGA\12.2\原图\10.OMEGA DE VILLE PRESTIGE CO-AXIAL WATCH 424.10.33.20.53.001\附图\424.10.33.20.53.001-3.jpg,377,dummy_images\WATCH\4.OMEGA\12.2\已整理\10.OMEGA DE VILLE PRESTIGE CO-AXIAL WATCH 424.10.33.20.53.001\附图\424.10.33.20.53.001-3.jpg,,,
dummy_images\WATCH\4.OMEGA\12.2\原图\14.OMEGA CONSTELLATION WATCH 123.10.38.21.06.002\主图\123.10.38.21.06.002.jpg,378,,,,
dummy_images\WATCH\4.OMEGA\12.2\原图\14.OMEGA CONSTELLATION WATCH 123.10.38.21.06.002\附图\123.10.38.21.06.002-1.jpg,378,dummy_images\WATCH\4.OMEGA\12.2\已整理\14.OMEGA CONSTELLATION WATCH 123.10.38.21.06.002\附图\123.10.38.21.06.002-1.jpg,,,
dummy_images\WATCH\4.OMEGA\12.2\原图\14.OMEGA CONSTELLATION WATCH 123.10.38.21.06.002\附图\123.10.38.21.06.002-2.jpg,378,dummy_images\WATCH\4.OMEGA\12.2\已整理\14.OMEGA CONSTELLATION WATCH 123.10.38.21.06.002\附图\123.10.38.21.06.002-2.jpg,,,
dummy_images\WATCH\4.OMEGA\12.2\原图\14.OMEGA CONSTELLATION WATCH 123.10.38.21.06.002\附图\123.10.38.21.06.002-3.jpg,378,dummy_images\WATCH\4.OMEGA\12.2\已整理\14.OMEGA CONSTELLATION WATCH 123.10.38.21.06.002\附图\123.10.38.21.06.002-3.jpg,,,
dummy_images\WATCH\4.OMEGA\12.2\原图\16...OMEGA CONSTELLATION WATCH 131.63.41.21.01.001\主图\131.63.41.21.01.001.png,379,,,,
dummy_images\WATCH\4.OMEGA\12.2\原图\16...OMEGA CONSTELLATION WATCH 131.63.41.21.01.001\附图\131.63.41.21.01.001-1.jpeg,379,dummy_images\WATCH\4.OMEGA\12.2\已整理\16...OMEGA CONSTELLATION WATCH 131.63.41.21.01.001\附图\131.63.41.21.01.001-1.jpeg,,,
dummy_images\WATCH\4.OMEGA\12.2\原图\16...OMEGA CONSTELLATION WATCH 131.63.41.21.01.001\附图\131.63.41.21.01.001-2.png,379,dummy_images\WATCH\4.OMEGA\12.2\已整理\16...OMEGA CONSTELLATION WATCH 131.63.41.21.01.001\附图\131.63.41.21.01.001-2.png,,,
dummy_images\WATCH\4.OMEGA\12.2\原图\16...OMEGA CONSTELLATION WATCH 131.63.41.21.01.001\附图\131.63.41.21.01.001-3.png,379,dummy_images\WATCH\4.OMEGA\12.2\已整理\16...OMEGA CONSTELLATION WATCH 131.63.41.21.01.001\附图\131.63.41.21.01.001-3.png,,,
dummy_images\WATCH\4.OMEGA\12.2\原图\16...OMEGA CONSTELLATION WATCH 131.63.41.21.01.001\附图\131.63.41.21.01.001-4.png,379,dummy_images\WATCH\4.OMEGA\12.2\已整理\16...OMEGA CONSTELLATION WATCH 131.63.41.21.01.001\附图\131.63.41.21.01.001-4.png,,,
dummy_images\WATCH\4.OMEGA\12.2\原图\17.OMEGA SEAMASTER DIVER 300M ‘JAMES BOND’ 60TH ANNIVERSARY WATCH 210.30.42.20.03.002\主图\210.30.42.20.03.002.png,380,,,,
dummy_images\WATCH\4.OMEGA\12.2\原图\17.OMEGA SEAMASTER DIVER 300M ‘JAMES BOND’ 60TH ANNIVERSARY WATCH 210.30.42.20.03.002\附图\210.30.42.20.03.002-1.png,380,dummy_images\WATCH\4.OMEGA\12.2\已整理\17.OMEGA SEAMASTER DIVER 300M ‘JAMES BOND’ 60TH ANNIVERSARY WATCH 210.30.42.20.03.002\附图\210.30.42.20.03.002-1.png,,,
dummy_images\WATCH\4.OMEGA\12.2\原图\17.OMEGA SEAMASTER DIVER 300M ‘JAMES BOND’ 60TH ANNIVERSARY WATCH 210.30.42.20.03.002\附图\210.30.42.20.03.002-2.png,380,dummy_images\WATCH\4.OMEGA\12.2\已整理\17.OMEGA SEAMASTER DIVER 300M ‘JAMES BOND’ 60TH ANNIVERSARY WATCH 210.30.42.20.03.002\附图\210.30.42.20.03.002-2.png,,,
dummy_images\WATCH\4.OMEGA\12.2\原图\17.OMEGA SEAMASTER DIVER 300M ‘JAMES BOND’ 60TH ANNIVERSARY WATCH 210.30.42.20.03.002\附图\210.30.42.20.03.002-3.png,380,dummy_images\WATCH\4.OMEGA\12.2\已整理\17.OMEGA SEAMASTER DIVER 300M ‘JAMES BOND’ 60TH ANNIVERSARY WATCH 210.30.42.20.03.002\附图\210.30.42.20.03.002-3.png,,,
dummy_images\WATCH\4.OMEGA\12.2\原图\19...OMEGA CONSTELLATION WATCH 131.23.41.21.03.001\主图\131.23.41.21.03.001.png,381,,,,
dummy_images\WATCH\4.OMEGA\12.2\原图\19...OMEGA CONSTELLATION WATCH 131.23.41.21.03.001\附图\131.23.41.21.03.001-1.png,381,dummy_images\WATCH\4.OMEGA\12.2\已整理\19...OMEGA CONSTELLATION WATCH 131.23.41.21.03.001\附图\131.23.41.21.03.001-1.png,,,
dummy_images\WATCH\4.OMEGA\12.2\原图\19...OMEGA CONSTELLATION WATCH 131.23.41.21.03.001\附图\131.23.41.21.03.001-2.png,381,dummy_images\WATCH\4.OMEGA\12.2\已整理\19...OMEGA CONSTELLATION WATCH 131.23.41.21.03.001\附图\131.23.41.21.03.001-2.png,,,
dummy_images\WATCH\4.OMEGA\12.2\原图\19...OMEGA CONSTELLATION WATCH 131.23.41.21.03.001\附图\131.23.41.21.03.001-3.png,381,dummy_images\WATCH\4.OMEGA\12.2\已整理\19...OMEGA CONSTELLATION WATCH 131.23.41.21.03.001\附图\131.23.41.21.03.001-3.png,,,
dummy_images\WATCH\4.OMEGA\12.2\原图\20...OMEGA CONSTELLATION WATCH 131.63.41.21.03.001\主图\131.63.41.21.03.001.png,382,,,,
dummy_images\WATCH\4.OMEGA\12.2\原图\20...OMEGA CONSTELLATION WATCH 131.63.41.21.03.001\附图\131.63.41.21.03.001-1.jpeg,382,dummy_images\WATCH\4.OMEGA\12.2\已整理\20...OMEGA CONSTELLATION WATCH 131.63.41.21.03.001\附图\131.63.41.21.03.001-1.jpeg,,,
dummy_images\WATCH\4.OMEGA\12.2\原图\20...OMEGA CONSTELLATION WATCH 131.63.41.21.03.001\附图\131.63.41.21.03.001-2.png,382,dummy_images\WATCH\4.OMEGA\12.2\已整理\20...OMEGA CONSTELLATION WATCH 131.63.41.21.03.001\附图\131.63.41.21.03.001-2.png,,,
dummy_images\WATCH\4.OMEGA\12.2\原图\20...OMEGA CONSTELLATION WATCH 131.63.41.21.03.001\附图\131.63.41.21.03.001-3.png,382,dummy_images\WATCH\4.OMEGA\12.2\已整理\20...OMEGA CONSTELLATION WATCH 131.63.41.21.03.001\附图\131.63.41.21.03.001-3.png,,,
dummy_images\WATCH\4.OMEGA\12.2\原图\21.OMEGA SEAMASTER DIVER 300M WATCH 210.92.44.20.01.003\主图\210.92.44.20.01.003.jpg,383,,,,
dummy_images\WATCH\4.OMEGA\12.2\原图\21.OMEGA SEAMASTER DIVER 300M WATCH 210.92.44.20.01.003\附图\210.92.44.20.01.003-1.jpg,383,dummy_images\WATCH\4.OMEGA\12.2\已整理\21.OMEGA SEAMASTER DIVER 300M WATCH 210.92.44.20.01.003\附图\210.92.44.20.01.003-1.jpg,,,
dummy_images\WATCH\4.OMEGA\12.2\原图\21.OMEGA SEAMASTER DIVER 300M WATCH 210.92.44.20.01.003\附图\210.92.44.20.01.003-2.jpg,383,dummy_images\WATCH\4.OMEGA\12.2\已整理\21.OMEGA SEAMASTER DIVER 300M WATCH 210.92.44.20.01.003\附图\210.92.44.20.01.003-2.jpg,,,
dummy_images\WATCH\4.OMEGA\12.2\原图\21.OMEGA SEAMASTER DIVER 300M WATCH 210.92.44.20.01.003\附图\210.92.44.20.01.003-3.jpg,383,dummy_images\WATCH\4.OMEGA\12.2\已整理\21.OMEGA SEAMASTER DIVER 300M WATCH 210.92.44.20.01.003\附图\210.92.44.20.01.003-3.jpg,,,
dummy_images\WATCH\4.OMEGA\12.2\原图\21.OMEGA SEAMASTER DIVER 300M WATCH 210.92.44.20.01.003\附图\210.92.44.20.01.003-4.jpg,383,dummy_images\WATCH\4.OMEGA\12.2\已整理\21.OMEGA SEAMASTER DIVER 300M WATCH 210.92.44.20.01.003\附图\210.92.44.20.01.003-4.jpg,,,
dummy_images\WATCH\4.OMEGA\12.2\原图\21.OMEGA SEAMASTER DIVER 300M WATCH 210.92.44.20.01.003\附图\210.92.44.20.01.003-5.jpg,383,dummy_images\WATCH\4.OMEGA\12.2\已整理\21.OMEGA SEAMASTER DIVER 300M WATCH 210.92.44.20.01.003\附图\210.92.44.20.01.003-5.jpg,,,
dummy_images\WATCH\4.OMEGA\12.2\原图\22.OMEGA SEAMASTER 300 MASTER CO-AXIAL JAMES BOND SPECTRE WATCH 233.32.41.21.01.001\主图\233.32.41.21.01.001.jpg,384,,,,
dummy_images\WATCH\4.OMEGA\12.2\原图\22.OMEGA SEAMASTER 300 MASTER CO-AXIAL JAMES BOND SPECTRE WATCH 233.32.41.21.01.001\附图\233.32.41.21.01.001-1.jpg,384,dummy_images\WATCH\4.OMEGA\12.2\已整理\22.OMEGA SEAMASTER 300 MASTER CO-AXIAL JAMES BOND SPECTRE WATCH 233.32.41.21.01.001\附图\233.32.41.21.01.001-1.jpg,,,
dummy_images\WATCH\4.OMEGA\12.2\原图\22.OMEGA SEAMASTER 300 MASTER CO-AXIAL JAMES BOND SPECTRE WATCH 233.32.41.21.01.001\附图\233.32.41.21.01.001-2.jpg,384,dummy_images\WATCH\4.OMEGA\12.2\已整理\22.OMEGA SEAMASTER 300 MASTER CO-AXIAL JAMES BOND SPECTRE WATCH 233.32.41.21.01.001\附图\233.32.41.21.01.001-2.jpg,,,
dummy_images\WATCH\4.OMEGA\12.2\原图\22.OMEGA SEAMASTER 300 MASTER CO-AXIAL JAMES BOND SPECTRE WATCH 233.32.41.21.01.001\附图\233.32.41.21.01.001-3.jpg,384,dummy_images\WATCH\4.OMEGA\12.2\已整理\22.OMEGA SEAMASTER 300 MASTER CO-AXIAL JAMES BOND SPECTRE WATCH 233.32.41.21.01.001\附图\233.32.41.21.01.001-3.jpg,,,
dummy_images\WATCH\4.OMEGA\12.2\原图\23.OMEGA SPEEDMASTER MOONWATCH PROFESSIONAL WATCH 310.63.42.50.10.001\主图\310.63.42.50.10.001.jpg,385,,,,
dummy_images\WATCH\4.OMEGA\12.2\原图\23.OMEGA SPEEDMASTER MOONWATCH PROFESSIONAL WATCH 310.63.42.50.10.001\附图\310.63.42.50.10.001-1.png,385,dummy_images\WATCH\4.OMEGA\12.2\已整理\23.OMEGA SPEEDMASTER MOONWATCH PROFESSIONAL WATCH 310.63.42.50.10.001\附图\310.63.42.50.10.001-1.png,,,
dummy_images\WATCH\4.OMEGA\12.2\原图\23.OMEGA SPEEDMASTER MOONWATCH PROFESSIONAL WATCH 310.63.42.50.10.001\附图\310.63.42.50.10.001-2.png,385,dummy_images\WATCH\4.OMEGA\12.2\已整理\23.OMEGA SPEEDMASTER MOONWATCH PROFESSIONAL WATCH 310.63.42.50.10.001\附图\310.63.42.50.10.001-2.png,,,
dummy_images\WATCH\4.OMEGA\12.2\原图\23.OMEGA SPEEDMASTER MOONWATCH PROFESSIONAL WATCH 310.63.42.50.10.001\附图\310.63.42.50.10.001-3.png,385,dummy_images\WATCH\4.OMEGA\12.2\已整理\23.OMEGA SPEEDMASTER MOONWATCH PROFESSIONAL WATCH 310.63.42.50.10.001\附图\310.63.42.50.10.001-3.png,,,
dummy_images\WATCH\4.OMEGA\12.2\原图\23.OMEGA SPEEDMASTER MOONWATCH PROFESSIONAL WATCH 310.63.42.50.10.001\附图\310.63.42.50.10.001-4.png,385,dummy_images\WATCH\4.OMEGA\12.2\已整理\23.OMEGA SPEEDMASTER MOONWATCH PROFESSIONAL WATCH 310.63.42.50.10.001\附图\310.63.42.50.10.001-4.png,,,
dummy_images\WATCH\4.OMEGA\12.2\原图\25...OMEGA SPEEDMASTER MOONWATCH PROFESSIONAL WATCH 310.62.42.50.99.001\主图\310.62.42.50.99.001.png,386,,,,
dummy_images\WATCH\4.OMEGA\12.2\原图\25...OMEGA SPEEDMASTER MOONWATCH PROFESSIONAL WATCH 310.62.42.50.99.001\附图\310.62.42.50.99.001-1.png,386,dummy_images\WATCH\4.OMEGA\12.2\已整理\25...OMEGA SPEEDMASTER MOONWATCH PROFESSIONAL WATCH 310.62.42.50.99.001\附图\310.62.42.50.99.001-1.png,,,
dummy_images\WATCH\4.OMEGA\12.2\原图\25...OMEGA SPEEDMASTER MOONWATCH PROFESSIONAL WATCH 310.62.42.50.99.001\附图\310.62.42.50.99.001-2.png,386,dummy_images\WATCH\4.OMEGA\12.2\已整理\25...OMEGA SPEEDMASTER MOONWATCH PROFESSIONAL WATCH 310.62.42.50.99.001\附图\310.62.42.50.99.001-2.png,,,
dummy_images\WATCH\4.OMEGA\12.2\原图\25...OMEGA SPEEDMASTER MOONWATCH PROFESSIONAL WATCH 310.62.42.50.99.001\附图\310.62.42.50.99.001-3.png,386,dummy_images\WATCH\4.OMEGA\12.2\已整理\25...OMEGA SPEEDMASTER MOONWATCH PROFESSIONAL WATCH 310.62.42.50.99.001\附图\310.62.42.50.99.001-3.png,,,
dummy_images\WATCH\4.OMEGA\12.2\原图\26...OMEGA SPEEDMASTER MOONWATCH PROFESSIONAL WATCH 310.63.42.50.01.001\主图\310.63.42.50.01.001.jpg,387,,,,
dummy_images\WATCH\4.OMEGA\12.2\原图\26...OMEGA SPEEDMASTER MOONWATCH PROFESSIONAL WATCH 310.63.42.50.01.001\附图\310.63.42.50.01.001-1.png,387,dummy_images\WATCH\4.OMEGA\12.2\已整理\26...OMEGA SPEEDMASTER MOONWATCH PROFESSIONAL WATCH 310.63.42.50.01.001\附图\310.63.42.50.01.001-1.png,,,
dummy_images\WATCH\4.OMEGA\12.2\原图\26...OMEGA SPEEDMASTER MOONWATCH PROFESSIONAL WATCH 310.63.42.50.01.001\附图\310.63.42.50.01.001-2.png,387,dummy_images\WATCH\4.OMEGA\12.2\已整理\26...OMEGA SPEEDMASTER MOONWATCH PROFESSIONAL WATCH 310.63.42.50.01.001\附图\310.63.42.50.01.001-2.png,,,
dummy_images\WATCH\4.OMEGA\12.2\原图\26...OMEGA SPEEDMASTER MOONWATCH PROFESSIONAL WATCH 310.63.42.50.01.001\附图\310.63.42.50.01.001-3.png,387,dummy_images\WATCH\4.OMEGA\12.2\已整理\26...OMEGA SPEEDMASTER MOONWATCH PROFESSIONAL WATCH 310.63.42.50.01.001\附图\310.63.42.50.01.001-3.png,,,
dummy_images\WATCH\4.OMEGA\12.2\原图\27...OMEGA DE VILLE PRESTIGE WATCH 434.20.40.20.08.001\主图\434.20.40.20.08.001.png,388,,,,
dummy_images\WATCH\4.OMEGA\12.2\原图\27...OMEGA DE VILLE PRESTIGE WATCH 434.20.40.20.08.001\附图\434.20.40.20.08.001-1.png,388,dummy_images\WATCH\4.OMEGA\12.2\已整理\27...OMEGA DE VILLE PRESTIGE WATCH 434.20.40.20.08.001\附图\434.20.40.20.08.001-1.png,,,
dummy_images\WATCH\4.OMEGA\12.2\原图\27...OMEGA DE VILLE PRESTIGE WATCH 434.20.40.20.08.001\附图\434.20.40.20.08.001-2.png,388,dummy_images\WATCH\4.OMEGA\12.2\已整理\27...OMEGA DE VILLE PRESTIGE WATCH 434.20.40.20.08.001\附图\434.20.40.20.08.001-2.png,,,
dummy_images\WATCH\4.OMEGA\12.2\原图\27...OMEGA DE VILLE PRESTIGE WATCH 434.20.40.20.08.001\附图\434.20.40.20.08.001-3.png,388,dummy_images\WATCH\4.OMEGA\12.2\已整理\27...OMEGA DE VILLE PRESTIGE WATCH 434.20.40.20.08.001\附图\434.20.40.20.08.001-3.png,,,
dummy_images\WATCH\4.OMEGA\12.2\原图\28...OMEGA DE VILLE PRESTIGE WATCH 434.20.40.20.02.001\主图\434.20.40.20.02.001.png,389,,,,
dummy_images\WATCH\4.OMEGA\12.2\原图\28...OMEGA DE VILLE PRESTIGE WATCH 434.20.40.20.02.001\附图\434.20.40.20.02.001-1.png,389,dummy_images\WATCH\4.OMEGA\12.2\已整理\28...OMEGA DE VILLE PRESTIGE WATCH 434.20.40.20.02.001\附图\434.20.40.20.02.001-1.png,,,
dummy_images\WATCH\4.OMEGA\12.2\原图\28...OMEGA DE VILLE PRESTIGE WATCH 434.20.40.20.02.001\附图\434.20.40.20.02.001-2.png,389,dummy_images\WATCH\4.OMEGA\12.2\已整理\28...OMEGA DE VILLE PRESTIGE WATCH 434.20.40.20.02.001\附图\434.20.40.20.02.001-2.png,,,
dummy_images\WATCH\4.OMEGA\12.2\原图\28...OMEGA DE VILLE PRESTIGE WATCH 434.20.40.20.02.001\附图\434.20.40.20.02.001-3.png,389,dummy_images\WATCH\4.OMEGA\12.2\已整理\28...OMEGA DE VILLE PRESTIGE WATCH 434.20.40.20.02.001\附图\434.20.40.20.02.001-3.png,,,
dummy_images\WATCH\4.OMEGA\12.2\原图\28...OMEGA DE VILLE PRESTIGE WATCH 434.20.40.20.02.001\附图\434.20.40.20.02.001-4.png,389,dummy_images\WATCH\4.OMEGA\12.2\已整理\28...OMEGA DE VILLE PRESTIGE WATCH 434.20.40.20.02.001\附图\434.20.40.20.02.001-4.png,,,
dummy_images\WATCH\4.OMEGA\12.2\原图\29...OMEGA DE VILLE PRESTIGE WATCH 434.10.40.20.03.001\主图\434.10.40.20.03.001.png,390,,,,
dummy_images\WATCH\4.OMEGA\12.2\原图\29...OMEGA DE VILLE PRESTIGE WATCH 434.10.40.20.03.001\附图\434.10.40.20.03.001-1.png,390,dummy_images\WATCH\4.OMEGA\12.2\已整理\29...OMEGA DE VILLE PRESTIGE WATCH 434.10.40.20.03.001\附图\434.10.40.20.03.001-1.png,,,
dummy_images\WATCH\4.OMEGA\12.2\原图\29...OMEGA DE VILLE PRESTIGE WATCH 434.10.40.20.03.001\附图\434.10.40.20.03.001-2.png,390,dummy_images\WATCH\4.OMEGA\12.2\已整理\29...OMEGA DE VILLE PRESTIGE WATCH 434.10.40.20.03.001\附图\434.10.40.20.03.001-2.png,,,
dummy_images\WATCH\4.OMEGA\12.2\原图\29...OMEGA DE VILLE PRESTIGE WATCH 434.10.40.20.03.001\附图\434.10.40.20.03.001-3.png,390,dummy_images\WATCH\4.OMEGA\12.2\已整理\29...OMEGA DE VILLE PRESTIGE WATCH 434.10.40.20.03.001\附图\434.10.40.20.03.001-3.png,,,
dummy_images\WATCH\4.OMEGA\12.2\原图\29...OMEGA DE VILLE PRESTIGE WATCH 434.10.40.20.03.001\附图\434.10.40.20.03.001-4.png,390,dummy_images\WATCH\4.OMEGA\12.2\已整理\29...OMEGA DE VILLE PRESTIGE WATCH 434.10.40.20.03.001\附图\434.10.40.20.03.001-4.png,,,
dummy_images\WATCH\4.OMEGA\12.2\原图\29...OMEGA DE VILLE PRESTIGE WATCH 434.10.40.20.03.001\附图\434.10.40.20.03.001-5.png,390,dummy_images\WATCH\4.OMEGA\12.2\已整理\29...OMEGA DE VILLE PRESTIGE WATCH 434.10.40.20.03.001\附图\434.10.40.20.03.001-5.png,,,
dummy_images\WATCH\4.OMEGA\12.2\原图\30...OMEGA DE VILLE PRESTIGE WATCH 434.10.40.20.01.001\主图\434.10.40.20.01.001.png,391,,,,
dummy_images\WATCH\4.OMEGA\12.2\原图\30...OMEGA DE VILLE PRESTIGE WATCH 434.10.40.20.01.001\附图\434.10.40.20.01.001-1.png,391,dummy_images\WATCH\4.OMEGA\12.2\已整理\30...OMEGA DE VILLE PRESTIGE WATCH 434.10.40.20.01.001\附图\434.10.40.20.01.001-1.png,,,
dummy_images\WATCH\4.OMEGA\12.2\原图\30...OMEGA DE VILLE PRESTIGE WATCH 434.10.40.20.01.001\附图\434.10.40.20.01.001-2.png,391,dummy_images\WATCH\4.OMEGA\12.2\已整理\30...OMEGA DE VILLE PRESTIGE WATCH 434.10.40.20.01.001\附图\434.10.40.20.01.001-2.png,,,
dummy_images\WATCH\4.OMEGA\12.2\原图\30...OMEGA DE VILLE PRESTIGE WATCH 434.10.40.20.01.001\附图\434.10.40.20.01.001-3.png,391,dummy_images\WATCH\4.OMEGA\12.2\已整理\30...OMEGA DE VILLE PRESTIGE WATCH 434.10.40.20.01.001\附图\434.10.40.20.01.001-3.png,,,
dummy_images\WATCH\4.OMEGA\12.2\原图\30...OMEGA DE VILLE PRESTIGE WATCH 434.10.40.20.01.001\附图\434.10.40.20.01.001-4.png,391,dummy_images\WATCH\4.OMEGA\12.2\已整理\30...OMEGA DE VILLE PRESTIGE WATCH 434.10.40.20.01.001\附图\434.10.40.20.01.001-4.png,,,
dummy_images\WATCH\4.OMEGA\12.2\原图\30...OMEGA DE VILLE PRESTIGE WATCH 434.10.40.20.01.001\附图\434.10.40.20.01.001-5.png,391,dummy_images\WATCH\4.OMEGA\12.2\已整理\30...OMEGA DE VILLE PRESTIGE WATCH 434.10.40.20.01.001\附图\434.10.40.20.01.001-5.png,,,
dummy_images\WATCH\4.OMEGA\12.2\原图\31...OMEGA DE VILLE PRESTIGE WATCH 434.10.40.20.10.001\主图\434.10.40.20.10.001.png,392,,,,
dummy_images\WATCH\4.OMEGA\12.2\原图\31...OMEGA DE VILLE PRESTIGE WATCH 434.10.40.20.10.001\附图\434.10.40.20.10.001-1.png,392,dummy_images\WATCH\4.OMEGA\12.2\已整理\31...OMEGA DE VILLE PRESTIGE WATCH 434.10.40.20.10.001\附图\434.10.40.20.10.001-1.png,,,
dummy_images\WATCH\4.OMEGA\12.2\原图\31...OMEGA DE VILLE PRESTIGE WATCH 434.10.40.20.10.001\附图\434.10.40.20.10.001-2.png,392,dummy_images\WATCH\4.OMEGA\12.2\已整理\31...OMEGA DE VILLE PRESTIGE WATCH 434.10.40.20.10.001\附图\434.10.40.20.10.001-2.png,,,
dummy_images\WATCH\4.OMEGA\12.2\原图\31...OMEGA DE VILLE PRESTIGE WATCH 434.10.40.20.10.001\附图\434.10.40.20.10.001-3.png,392,dummy_images\WATCH\4.OMEGA\12.2\已整理\31...OMEGA DE VILLE PRESTIGE WATCH 434.10.40.20.10.001\附图\434.10.40.20.10.001-3.png,,,
dummy_images\WATCH\4.OMEGA\12.2\原图\31...OMEGA DE VILLE PRESTIGE WATCH 434.10.40.20.10.001\附图\434.10.40.20.10.001-4.png,392,dummy_images\WATCH\4.OMEGA\12.2\已整理\31...OMEGA DE VILLE PRESTIGE WATCH 434.10.40.20.10.001\附图\434.10.40.20.10.001-4.png,,,
dummy_images\WATCH\4.OMEGA\12.2\原图\31...OMEGA DE VILLE PRESTIGE WATCH 434.10.40.20.10.001\附图\434.10.40.20.10.001-5.png,392,dummy_images\WATCH\4.OMEGA\12.2\已整理\31...OMEGA DE VILLE PRESTIGE WATCH 434.10.40.20.10.001\附图\434.10.40.20.10.001-5.png,,,
dummy_images\WATCH\4.OMEGA\12.2\原图\32...OMEGA DE VILLE PRESTIGE WATCH 434.10.40.20.02.001\主图\434.10.40.20.02.001.png,393,,,,
dummy_images\WATCH\4.OMEGA\12.2\原图\32...OMEGA DE VILLE PRESTIGE WATCH 434.10.40.20.02.001\附图\434.10.40.20.02.001-1.png,393,dummy_images\WATCH\4.OMEGA\12.2\已整理\32...OMEGA DE VILLE PRESTIGE WATCH 434.10.40.20.02.001\附图\434.10.40.20.02.001-1.png,,,
dummy_images\WATCH\4.OMEGA\12.2\原图\32...OMEGA DE VILLE PRESTIGE WATCH 434.10.40.20.02.001\附图\434.10.40.20.02.001-2.png,393,dummy_images\WATCH\4.OMEGA\12.2\已整理\32...OMEGA DE VILLE PRESTIGE WATCH 434.10.40.20.02.001\附图\434.10.40.20.02.001-2.png,,,
dummy_images\WATCH\4.OMEGA\12.2\原图\32...OMEGA DE VILLE PRESTIGE WATCH 434.10.40.20.02.001\附图\434.10.40.20.02.001-3.png,393,dummy_images\WATCH\4.OMEGA\12.2\已整理\32...OMEGA DE VILLE PRESTIGE WATCH 434.10.40.20.02.001\附图\434.10.40.20.02.001-3.png,,,
dummy_images\WATCH\4.OMEGA\12.2\原图\32...OMEGA DE VILLE PRESTIGE WATCH 434.10.40.20.02.001\附图\434.10.40.20.02.001-4.png,393,dummy_images\WATCH\4.OMEGA\12.2\已整理\32...OMEGA DE VILLE PRESTIGE WATCH 434.10.40.20.02.001\附图\434.10.40.20.02.001-4.png,,,
dummy_images\WATCH\4.OMEGA\12.2\原图\32...OMEGA DE VILLE PRESTIGE WATCH 434.10.40.20.02.001\附图\434.10.40.20.02.001-5.png,393,dummy_images\WATCH\4.OMEGA\12.2\已整理\32...OMEGA DE VILLE PRESTIGE WATCH 434.10.40.20.02.001\附图\434.10.40.20.02.001-5.png,,,
dummy_images\WATCH\4.OMEGA\12.2\原图\33...OMEGA DE VILLE PRESTIGE WATCH 434.10.40.20.06.001\主图\434.10.40.20.06.001.png,394,,,,
dummy_images\WATCH\4.OMEGA\12.2\原图\33...OMEGA DE VILLE PRESTIGE WATCH 434.10.40.20.06.001\附图\434.10.40.20.06.001-1.png,394,dummy_images\WATCH\4.OMEGA\12.2\已整理\33...OMEGA DE VILLE PRESTIGE WATCH 434.10.40.20.06.001\附图\434.10.40.20.06.001-1.png,,,
dummy_images\WATCH\4.OMEGA\12.2\原图\33...OMEGA DE VILLE PRESTIGE WATCH 434.10.40.20.06.001\附图\434.10.40.20.06.001-2.png,394,dummy_images\WATCH\4.OMEGA\12.2\已整理\33...OMEGA DE VILLE PRESTIGE WATCH 434.10.40.20.06.001\附图\434.10.40.20.06.001-2.png,,,
dummy_images\WATCH\4.OMEGA\12.2\原图\33...OMEGA DE VILLE PRESTIGE WATCH 434.10.40.20.06.001\附图\434.10.40.20.06.001-3.png,394,dummy_images\WATCH\4.OMEGA\12.2\已整理\33...OMEGA DE VILLE PRESTIGE WATCH 434.10.40.20.06.001\附图\434.10.40.20.06.001-3.png,,,
dummy_images\WATCH\4.OMEGA\12.2\原图\33...OMEGA DE VILLE PRESTIGE WATCH 434.10.40.20.06.001\附图\434.10.40.20.06.001-4.png,394,dummy_images\WATCH\4.OMEGA\12.2\已整理\33...OMEGA DE VILLE PRESTIGE WATCH 434.10.40.20.06.001\附图\434.10.40.20.06.001-4.png,,,
dummy_images\WATCH\4.OMEGA\12.2\原图\33...OMEGA DE VILLE PRESTIGE WATCH 434.10.40.20.06.001\附图\434.10.40.20.06.001-5.png,394,dummy_images\WATCH\4.OMEGA\12.2\已整理\33...OMEGA DE VILLE PRESTIGE WATCH 434.10.40.20.06.001\附图\434.10.40.20.06.001-5.png,,,
dummy_images\WATCH\4.OMEGA\12.2\原图\34...OMEGA DE VILLE PRESTIGE WATCH 434.20.40.20.06.001\主图\434.20.40.20.06.001.png,395,,,,
dummy_images\WATCH\4.OMEGA\12.2\原图\34...OMEGA DE VILLE PRESTIGE WATCH 434.20.40.20.06.001\附图\434.20.40.20.06.001-1.png,395,dummy_images\WATCH\4.OMEGA\12.2\已整理\34...OMEGA DE VILLE PRESTIGE WATCH 434.20.40.20.06.001\附图\434.20.40.20.06.001-1.png,,,
dummy_images\WATCH\4.OMEGA\12.2\原图\34...OMEGA DE VILLE PRESTIGE WATCH 434.20.40.20.06.001\附图\434.20.40.20.06.001-2.png,395,dummy_images\WATCH\4.OMEGA\12.2\已整理\34...OMEGA DE VILLE PRESTIGE WATCH 434.20.40.20.06.001\附图\434.20.40.20.06.001-2.png,,,
dummy_images\WATCH\4.OMEGA\12.2\原图\34...OMEGA DE VILLE PRESTIGE WATCH 434.20.40.20.06.001\附图\434.20.40.20.06.001-3.png,395,dummy_images\WATCH\4.OMEGA\12.2\已整理\34...OMEGA DE VILLE PRESTIGE WATCH 434.20.40.20.06.001\附图\434.20.40.20.06.001-3.png,,,
dummy_images\WATCH\4.OMEGA\12.2\原图\35...OMEGA DE VILLE PRESTIGE WATCH 434.53.40.20.02.001\主图\434.53.40.20.02.001.png.jpg,396,,,,
dummy_images\WATCH\4.OMEGA\12.2\原图\35...OMEGA DE VILLE PRESTIGE WATCH 434.53.40.20.02.001\附图\434.53.40.20.02.001-1.png,396,dummy_images\WATCH\4.OMEGA\12.2\已整理\35...OMEGA DE VILLE PRESTIGE WATCH 434.53.40.20.02.001\附图\434.53.40.20.02.001-1.png,,,
dummy_images\WATCH\4.OMEGA\12.2\原图\35...OMEGA DE VILLE PRESTIGE WATCH 434.53.40.20.02.001\附图\434.53.40.20.02.001-2.png,396,dummy_images\WATCH\4.OMEGA\12.2\已整理\35...OMEGA DE VILLE PRESTIGE WATCH 434.53.40.20.02.001\附图\434.53.40.20.02.001-2.png,,,
dummy_images\WATCH\4.OMEGA\12.2\原图\35...OMEGA DE VILLE PRESTIGE WATCH 434.53.40.20.02.001\附图\434.53.40.20.02.001-3.png,396,dummy_images\WATCH\4.OMEGA\12.2\已整理\35...OMEGA DE VILLE PRESTIGE WATCH 434.53.40.20.02.001\附图\434.53.40.20.02.001-3.png,,,
dummy_images\WATCH\4.OMEGA\12.3\原图\1...OMEGA DE VILLE PRESTIGE WATCH 434.20.40.20.06.001\主图\434.20.40.20.06.001.png,406,,,,
dummy_images\WATCH\4.OMEGA\12.3\原图\1...OMEGA DE VILLE PRESTIGE WATCH 434.20.40.20.06.001\附图\434.20.40.20.06.001-1.png,406,dummy_images\WATCH\4.OMEGA\12.3\已整理\1...OMEGA DE VILLE PRESTIGE WATCH 434.20.40.20.06.001\附图\434.20.40.20.06.001-1.png,,,
dummy_images\WATCH\4.OMEGA\12.3\原图\1...OMEGA DE VILLE PRESTIGE WATCH 434.20.40.20.06.001\附图\434.20.40.20.06.001-2.png,406,dummy_images\WATCH\4.OMEGA\12.3\已整理\1...OMEGA DE VILLE PRESTIGE WATCH 434.20.40.20.06.001\附图\434.20.40.20.06.001-2.png,,,
dummy_images\WATCH\4.OMEGA\12.3\原图\1...OMEGA DE VILLE PRESTIGE WATCH 434.20.40.20.06.001\附图\434.20.40.20.06.001-3.png,406,dummy_images\WATCH\4.OMEGA\12.3\已整理\1...OMEGA DE VILLE PRESTIGE WATCH 434.20.40.20.06.001\附图\434.20.40.20.06.001-3.png,,,
dummy_images\WATCH\4.OMEGA\12.3\原图\2...OMEGA DE VILLE PRESTIGE WATCH 434.53.40.20.02.001\主图\434.53.40.20.02.001.png.jpg,407,,,,
dummy_images\WATCH\4.OMEGA\12.3\原图\2...OMEGA DE VILLE PRESTIGE WATCH 434.53.40.20.02.001\附图\434.53.40.20.02.001-1.png,407,dummy_images\WATCH\4.OMEGA\12.3\已整理\2...OMEGA DE VILLE PRESTIGE WATCH 434.53.40.20.02.001\附图\434.53.40.20.02.001-1.png,,,
dummy_images\WATCH\4.OMEGA\12.3\原图\2...OMEGA DE VILLE PRESTIGE WATCH 434.53.40.20.02.001\附图\434.53.40.20.02.001-2.png,407,dummy_images\WATCH\4.OMEGA\12.3\已整理\2...OMEGA DE VILLE PRESTIGE WATCH 434.53.40.20.02.001\附图\434.53.40.20.02.001-2.png,,,
dummy_images\WATCH\4.OMEGA\12.3\原图\2...OMEGA DE VILLE PRESTIGE WATCH 434.53.40.20.02.001\附图\434.53.40.20.02.001-3.png,407,dummy_images\WATCH\4.OMEGA\12.3\已整理\2...OMEGA DE VILLE PRESTIGE WATCH 434.53.40.20.02.001\附图\434.53.40.20.02.001-3.png,,,
dummy_images\WATCH\4.OMEGA\12.3\原图\3...OMEGA DE VILLE PRESTIGE WATCH 434.23.40.20.02.001\主图\434.23.40.20.02.001.png.jpg,408,,,,
dummy_images\WATCH\4.OMEGA\12.3\原图\3...OMEGA DE VILLE PRESTIGE WATCH 434.23.40.20.02.001\附图\434.23.40.20.02.001-1.png,408,dummy_images\WATCH\4.OMEGA\12.3\已整理\3...OMEGA DE VILLE PRESTIGE WATCH 434.23.40.20.02.001\附图\434.23.40.20.02.001-1.png,,,
dummy_images\WATCH\4.OMEGA\12.3\原图\3...OMEGA DE VILLE PRESTIGE WATCH 434.23.40.20.02.001\附图\434.23.40.20.02.001-2.png,408,dummy_images\WATCH\4.OMEGA\12.3\已整理\3...OMEGA DE VILLE PRESTIGE WATCH 434.23.40.20.02.001\附图\434.23.40.20.02.001-2.png,,,
dummy_images\WATCH\4.OMEGA\12.3\原图\3...OMEGA DE VILLE PRESTIGE WATCH 434.23.40.20.02.001\附图\434.23.40.20.02.001-3.png,408,dummy_images\WATCH\4.OMEGA\12.3\已整理\3...OMEGA DE VILLE PRESTIGE WATCH 434.23.40.20.02.001\附图\434.23.40.20.02.001-3.png,,,
dummy_images\WATCH\4.OMEGA\12.3\原图\4...OMEGA DE VILLE PRESTIGE WATCH 434.13.40.20.03.001\主图\434.13.40.20.03.001.png.jpg,409,,,,
dummy_images\WATCH\4.OMEGA\12.3\原图\4...OMEGA DE VILLE PRESTIGE WATCH 434.13.40.20.03.001\附图\434.13.40.20.03.001-1.png,409,dummy_images\WATCH\4.OMEGA\12.3\已整理\4...OMEGA DE VILLE PRESTIGE WATCH 434.13.40.20.03.001\附图\434.13.40.20.03.001-1.png,,,
dummy_images\WATCH\4.OMEGA\12.3\原图\4...OMEGA DE VILLE PRESTIGE WATCH 434.13.40.20.03.001\附图\434.13.40.20.03.001-2.png,409,dummy_images\WATCH\4.OMEGA\12.3\已整理\4...OMEGA DE VILLE PRESTIGE WATCH 434.13.40.20.03.001\附图\434.13.40.20.03.001-2.png,,,
dummy_images\WATCH\4.OMEGA\12.3\原图\4...OMEGA DE VILLE PRESTIGE WATCH 434.13.40.20.03.001\附图\434.13.40.20.03.001-3.png,409,dummy_images\WATCH\4.OMEGA\12.3\已整理\4...OMEGA DE VILLE PRESTIGE WATCH 434.13.40.20.03.001\附图\434.13.40.20.03.001-3.png,,,
dummy_images\WATCH\4.OMEGA\12.3\原图\5...OMEGA DE VILLE PRESTIGE WATCH 434.23.40.20.06.001\主图\434.23.40.20.06.001.png.jpg,410,,,,
dummy_images\WATCH\4.OMEGA\12.3\原图\5...OMEGA DE VILLE PRESTIGE WATCH 434.23.40.20.06.001\附图\434.23.40.20.06.001-1.png,410,dummy_images\WATCH\4.OMEGA\12.3\已整理\5...OMEGA DE VILLE PRESTIGE WATCH 434.23.40.20.06.001\附图\434.23.40.20.06.001-1.png,,,
dummy_images\WATCH\4.OMEGA\12.3\原图\5...OMEGA DE VILLE PRESTIGE WATCH 434.23.40.20.06.001\附图\434.23.40.20.06.001-2.png,410,dummy_images\WATCH\4.OMEGA\12.3\已整理\5...OMEGA DE VILLE PRESTIGE WATCH 434.23.40.20.06.001\附图\434.23.40.20.06.001-2.png,,,
dummy_images\WATCH\4.OMEGA\12.3\原图\5...OMEGA DE VILLE PRESTIGE WATCH 434.23.40.20.06.001\附图\434.23.40.20.06.001-3.png,410,dummy_images\WATCH\4.OMEGA\12.3\已整理\5...OMEGA DE VILLE PRESTIGE WATCH 434.23.40.20.06.001\附图\434.23.40.20.06.001-3.png,,,
dummy_images\WATCH\4.OMEGA\12.3\原图\6...OMEGA DE VILLE PRESTIGE WATCH 434.13.40.20.10.001\主图\434.13.40.20.10.001.png.jpg,411,,,,
dummy_images\WATCH\4.OMEGA\12.3\原图\6...OMEGA DE VILLE PRESTIGE WATCH 434.13.40.20.10.001\附图\434.13.40.20.10.001-1.png,411,dummy_images\WATCH\4.OMEGA\12.3\已整理\6...OMEGA DE VILLE PRESTIGE WATCH 434.13.40.20.10.001\附图\434.13.40.20.10.001-1.png,,,
dummy_images\WATCH\4.OMEGA\12.3\原图\6...OMEGA DE VILLE PRESTIGE WATCH 434.13.40.20.10.001\附图\434.13.40.20.10.001-2.png,411,dummy_images\WATCH\4.OMEGA\12.3\已整理\6...OMEGA DE VILLE PRESTIGE WATCH 434.13.40.20.10.001\附图\434.13.40.20.10.001-2.png,,,
dummy_images\WATCH\4.OMEGA\12.3\原图\6...OMEGA DE VILLE PRESTIGE WATCH 434.13.40.20.10.001\附图\434.13.40.20.10.001-3.png,411,dummy_images\WATCH\4.OMEGA\12.3\已整理\6...OMEGA DE VILLE PRESTIGE WATCH 434.13.40.20.10.001\附图\434.13.40.20.10.001-3.png,,,
dummy_images\WATCH\4.OMEGA\12.3\原图\6...OMEGA DE VILLE PRESTIGE WATCH 434.13.40.20.10.001\附图\434.13.40.20.10.001-4.png,411,dummy_images\WATCH\4.OMEGA\12.3\已整理\6...OMEGA DE VILLE PRESTIGE WATCH 434.13.40.20.10.001\附图\434.13.40.20.10.001-4.png,,,
dummy_images\WATCH\4.OMEGA\12.3\原图\7...OMEGA DE VILLE PRESTIGE WATCH 434.13.40.20.06.001\主图\434.13.40.20.06.001.png.jpg,412,,,,
dummy_images\WATCH\4.OMEGA\12.3\原图\7...OMEGA DE VILLE PRESTIGE WATCH 434.13.40.20.06.001\附图\434.13.40.20.06.001-1.png,412,dummy_images\WATCH\4.OMEGA\12.3\已整理\7...OMEGA DE VILLE PRESTIGE WATCH 434.13.40.20.06.001\附图\434.13.40.20.06.001-1.png,,,
dummy_images\WATCH\4.OMEGA\12.3\原图\7...OMEGA DE VILLE PRESTIGE WATCH 434.13.40.20.06.001\附图\434.13.40.20.06.001-2.png,412,dummy_images\WATCH\4.OMEGA\12.3\已整理\7...OMEGA DE VILLE PRESTIGE WATCH 434.13.40.20.06.001\附图\434.13.40.20.06.001-2.png,,,
dummy_images\WATCH\4.OMEGA\12.3\原图\7...OMEGA DE VILLE PRESTIGE WATCH 434.13.40.20.06.001\附图\434.13.40.20.06.001-3.png,412,dummy_images\WATCH\4.OMEGA\12.3\已整理\7...OMEGA DE VILLE PRESTIGE WATCH 434.13.40.20.06.001\附图\434.13.40.20.06.001-3.png,,,
dummy_images\WATCH\4.OMEGA\12.3\原图\8...OMEGA DE VILLE PRESTIGE WATCH 434.23.40.20.59.001\主图\434.23.40.20.59.001.png.jpg,413,,,,
dummy_images\WATCH\4.OMEGA\12.3\原图\8...OMEGA DE VILLE PRESTIGE WATCH 434.23.40.20.59.001\附图\434.23.40.20.59.001-1.png,413,dummy_images\WATCH\4.OMEGA\12.3\已整理\8...OMEGA DE VILLE PRESTIGE WATCH 434.23.40.20.59.001\附图\434.23.40.20.59.001-1.png,,,
dummy_images\WATCH\4.OMEGA\12.3\原图\8...OMEGA DE VILLE PRESTIGE WATCH 434.23.40.20.59.001\附图\434.23.40.20.59.001-2.png,413,dummy_images\WATCH\4.OMEGA\12.3\已整理\8...OMEGA DE VILLE PRESTIGE WATCH 434.23.40.20.59.001\附图\434.23.40.20.59.001-2.png,,,
dummy_images\WATCH\4.OMEGA\12.3\原图\8...OMEGA DE VILLE PRESTIGE WATCH 434.23.40.20.59.001\附图\434.23.40.20.59.001-3.png,413,dummy_images\WATCH\4.OMEGA\12.3\已整理\8...OMEGA DE VILLE PRESTIGE WATCH 434.23.40.20.59.001\附图\434.23.40.20.59.001-3.png,,,
dummy_images\WATCH\4.OMEGA\12.3\原图\8...OMEGA DE VILLE PRESTIGE WATCH 434.23.40.20.59.001\附图\434.23.40.20.59.001-4.png,413,dummy_images\WATCH\4.OMEGA\12.3\已整理\8...OMEGA DE VILLE PRESTIGE WATCH 434.23.40.20.59.001\附图\434.23.40.20.59.001-4.png,,,
dummy_images\WATCH\4.OMEGA\12.3\原图\10...OMEGA SEAMASTER DIVER 300M WATCH 210.32.42.20.03.002\主图\210.32.42.20.03.002.png.jpg,414,,,,
dummy_images\WATCH\4.OMEGA\12.3\原图\10...OMEGA SEAMASTER DIVER 300M WATCH 210.32.42.20.03.002\附图\210.32.42.20.03.002-1.png,414,dummy_images\WATCH\4.OMEGA\12.3\已整理\10...OMEGA SEAMASTER DIVER 300M WATCH 210.32.42.20.03.002\附图\210.32.42.20.03.002-1.png,,,
dummy_images\WATCH\4.OMEGA\12.3\原图\10...OMEGA SEAMASTER DIVER 300M WATCH 210.32.42.20.03.002\附图\210.32.42.20.03.002-2.png,414,dummy_images\WATCH\4.OMEGA\12.3\已整理\10...OMEGA SEAMASTER DIVER 300M WATCH 210.32.42.20.03.002\附图\210.32.42.20.03.002-2.png,,,
dummy_images\WATCH\4.OMEGA\12.3\原图\10...OMEGA SEAMASTER DIVER 300M WATCH 210.32.42.20.03.002\附图\210.32.42.20.03.002-3.png,414,dummy_images\WATCH\4.OMEGA\12.3\已整理\10...OMEGA SEAMASTER DIVER 300M WATCH 210.32.42.20.03.002\附图\210.32.42.20.03.002-3.png,,,
dummy_images\WATCH\4.OMEGA\12.3\原图\10...OMEGA SEAMASTER DIVER 300M WATCH 210.32.42.20.03.002\附图\210.32.42.20.03.002-4.png,414,dummy_images\WATCH\4.OMEGA\12.3\已整理\10...OMEGA SEAMASTER DIVER 300M WATCH 210.32.42.20.03.002\附图\210.32.42.20.03.002-4.png,,,
dummy_images\WATCH\4.OMEGA\12.3\原图\10...OMEGA SEAMASTER DIVER 300M WATCH 210.32.42.20.03.002\附图\210.32.42.20.03.002-5.png,414,dummy_images\WATCH\4.OMEGA\12.3\已整理\10...OMEGA SEAMASTER DIVER 300M WATCH 210.32.42.20.03.002\附图\210.32.42.20.03.002-5.png,,,
dummy_images\WATCH\4.OMEGA\12.3\原图\11...OMEGA SEAMASTER DIVER 300M WATCH 210.30.42.20.03.003\主图\210.30.42.20.03.003.png.jpg,415,,,,
dummy_images\WATCH\4.OMEGA\12.3\原图\11...OMEGA SEAMASTER DIVER 300M WATCH 210.30.42.20.03.003\附图\210.30.42.20.03.003-1.png,415,dummy_images\WATCH\4.OMEGA\12.3\已整理\11...OMEGA SEAMASTER DIVER 300M WATCH 210.30.42.20.03.003\附图\210.30.42.20.03.003-1.png,,,
dummy_images\WATCH\4.OMEGA\12.3\原图\11...OMEGA SEAMASTER DIVER 300M WATCH 210.30.42.20.03.003\附图\210.30.42.20.03.003-2.png,415,dummy_images\WATCH\4.OMEGA\12.3\已整理\11...OMEGA SEAMASTER DIVER 300M WATCH 210.30.42.20.03.003\附图\210.30.42.20.03.003-2.png,,,
dummy_images\WATCH\4.OMEGA\12.3\原图\11...OMEGA SEAMASTER DIVER 300M WATCH 210.30.42.20.03.003\附图\210.30.42.20.03.003-3.png,415,dummy_images\WATCH\4.OMEGA\12.3\已整理\11...OMEGA SEAMASTER DIVER 300M WATCH 210.30.42.20.03.003\附图\210.30.42.20.03.003-3.png,,,
dummy_images\WATCH\4.OMEGA\12.3\原图\11...OMEGA SEAMASTER DIVER 300M WATCH 210.30.42.20.03.003\附图\210.30.42.20.03.003-4.png,415,dummy_images\WATCH\4.OMEGA\12.3\已整理\11...OMEGA SEAMASTER DIVER 300M WATCH 210.30.42.20.03.003\附图\210.30.42.20.03.003-4.png,,,
dummy_images\WATCH\4.OMEGA\12.3\原图\11...OMEGA SEAMASTER DIVER 300M WATCH 210.30.42.20.03.003\附图\210.30.42.20.03.003-5.png,415,dummy_images\WATCH\4.OMEGA\12.3\已整理\11...OMEGA SEAMASTER DIVER 300M WATCH 210.30.42.20.03.003\附图\210.30.42.20.03.003-5.png,,,
dummy_images\WATCH\4.OMEGA\12.3\原图\11...OMEGA SEAMASTER DIVER 300M WATCH 210.30.42.20.03.003\附图\210.30.42.20.03.003-6.png,415,dummy_images\WATCH\4.OMEGA\12.3\已整理\11...OMEGA SEAMASTER DIVER 300M WATCH 210.30.42.20.03.003\附图\210.30.42.20.03.003-6.png,,,
dummy_images\WATCH\4.OMEGA\12.3\原图\11...OMEGA SEAMASTER DIVER 300M WATCH 210.30.42.20.03.003\附图\210.30.42.20.03.003-7.png,415,dummy_images\WATCH\4.OMEGA\12.3\已整理\11...OMEGA SEAMASTER DIVER 300M WATCH 210.30.42.20.03.003\附图\210.30.42.20.03.003-7.png,,,
dummy_images\WATCH\4.OMEGA\12.3\原图\11...OMEGA SEAMASTER DIVER 300M WATCH 210.30.42.20.03.003\附图\210.30.42.20.03.003-8.png,415,dummy_images\WATCH\4.OMEGA\12.3\已整理\11...OMEGA SEAMASTER DIVER 300M WATCH 210.30.42.20.03.003\附图\210.30.42.20.03.003-8.png,,,
dummy_images\WATCH\4.OMEGA\12.3\原图\12.OMEGA SEAMASTER AQUA TERRA 150M WATCH 220.10.41.21.03.005\主图\220.10.41.21.03.005.png.jpg,416,,,,
dummy_images\WATCH\4.OMEGA\12.3\原图\12.OMEGA SEAMASTER AQUA TERRA 150M WATCH 220.10.41.21.03.005\附图\220.10.41.21.03.005-1.jpg,416,dummy_images\WATCH\4.OMEGA\12.3\已整理\12.OMEGA SEAMASTER AQUA TERRA 150M WATCH 220.10.41.21.03.005\附图\220.10.41.21.03.005-1.jpg,,,
dummy_images\WATCH\4.OMEGA\12.3\原图\12.OMEGA SEAMASTER AQUA TERRA 150M WATCH 220.10.41.21.03.005\附图\220.10.41.21.03.005-2.jpg,416,dummy_images\WATCH\4.OMEGA\12.3\已整理\12.OMEGA SEAMASTER AQUA TERRA 150M WATCH 220.10.41.21.03.005\附图\220.10.41.21.03.005-2.jpg,,,
dummy_images\WATCH\4.OMEGA\12.3\原图\12.OMEGA SEAMASTER AQUA TERRA 150M WATCH 220.10.41.21.03.005\附图\220.10.41.21.03.005-3.jpg,416,dummy_images\WATCH\4.OMEGA\12.3\已整理\12.OMEGA SEAMASTER AQUA TERRA 150M WATCH 220.10.41.21.03.005\附图\220.10.41.21.03.005-3.jpg,,,
dummy_images\WATCH\4.OMEGA\12.3\原图\13...OMEGA SEAMASTER AQUA TERRA 150M WATCH 220.10.43.22.03.002\主图\220.10.43.22.03.002.png.jpg,417,,,,
dummy_images\WATCH\4.OMEGA\12.3\原图\13...OMEGA SEAMASTER AQUA TERRA 150M WATCH 220.10.43.22.03.002\附图\220.10.43.22.03.002-1.jpeg,417,dummy_images\WATCH\4.OMEGA\12.3\已整理\13...OMEGA SEAMASTER AQUA TERRA 150M WATCH 220.10.43.22.03.002\附图\220.10.43.22.03.002-1.jpeg,,,
dummy_images\WATCH\4.OMEGA\12.3\原图\13...OMEGA SEAMASTER AQUA TERRA 150M WATCH 220.10.43.22.03.002\附图\220.10.43.22.03.002-2.png,417,dummy_images\WATCH\4.OMEGA\12.3\已整理\13...OMEGA SEAMASTER AQUA TERRA 150M WATCH 220.10.43.22.03.002\附图\220.10.43.22.03.002-2.png,,,
dummy_images\WATCH\4.OMEGA\12.3\原图\13...OMEGA SEAMASTER AQUA TERRA 150M WATCH 220.10.43.22.03.002\附图\220.10.43.22.03.002-3.png,417,dummy_images\WATCH\4.OMEGA\12.3\已整理\13...OMEGA SEAMASTER AQUA TERRA 150M WATCH 220.10.43.22.03.002\附图\220.10.43.22.03.002-3.png,,,
dummy_images\WATCH\4.OMEGA\12.3\原图\13...OMEGA SEAMASTER AQUA TERRA 150M WATCH 220.10.43.22.03.002\附图\220.10.43.22.03.002-4.jpeg,417,dummy_images\WATCH\4.OMEGA\12.3\已整理\13...OMEGA SEAMASTER AQUA TERRA 150M WATCH 220.10.43.22.03.002\附图\220.10.43.22.03.002-4.jpeg,,,
dummy_images\WATCH\4.OMEGA\12.3\原图\13...OMEGA SEAMASTER AQUA TERRA 150M WATCH 220.10.43.22.03.002\附图\220.10.43.22.03.002-5.jpeg,417,dummy_images\WATCH\4.OMEGA\12.3\已整理\13...OMEGA SEAMASTER AQUA TERRA 150M WATCH 220.10.43.22.03.002\附图\220.10.43.22.03.002-5.jpeg,,,
dummy_images\WATCH\4.OMEGA\12.3\原图\13...OMEGA SEAMASTER AQUA TERRA 150M WATCH 220.10.43.22.03.002\附图\220.10.43.22.03.002-6.png,417,dummy_images\WATCH\4.OMEGA\12.3\已整理\13...OMEGA SEAMASTER AQUA TERRA 150M WATCH 220.10.43.22.03.002\附图\220.10.43.22.03.002-6.png,,,
dummy_images\WATCH\4.OMEGA\12.3\原图\14...OMEGA SEAMASTER PLANET OCEAN 600M WATCH 215.32.44.21.06.001\主图\215.32.44.21.06.001.png.jpg,418,,,,
dummy_images\WATCH\4.OMEGA\12.3\原图\14...OMEGA SEAMASTER PLANET OCEAN 600M WATCH 215.32.44.21.06.001\附图\215.32.44.21.06.001-1.png,418,dummy_images\WATCH\4.OMEGA\12.3\已整理\14...OMEGA SEAMASTER PLANET OCEAN 600M WATCH 215.32.44.21.06.001\附图\215.32.44.21.06.001-1.png,,,
dummy_images\WATCH\4.OMEGA\12.3\原图\14...OMEGA SEAMASTER PLANET OCEAN 600M WATCH 215.32.44.21.06.001\附图\215.32.44.21.06.001-2.png,418,dummy_images\WATCH\4.OMEGA\12.3\已整理\14...OMEGA SEAMASTER PLANET OCEAN 600M WATCH 215.32.44.21.06.001\附图\215.32.44.21.06.001-2.png,,,
dummy_images\WATCH\4.OMEGA\12.3\原图\14...OMEGA SEAMASTER PLANET OCEAN 600M WATCH 215.32.44.21.06.001\附图\215.32.44.21.06.001-3.png,418,dummy_images\WATCH\4.OMEGA\12.3\已整理\14...OMEGA SEAMASTER PLANET OCEAN 600M WATCH 215.32.44.21.06.001\附图\215.32.44.21.06.001-3.png,,,
dummy_images\WATCH\4.OMEGA\12.3\原图\15...OMEGA SEAMASTER PLANET OCEAN 600M WATCH 215.32.44.21.09.001\主图\215.32.44.21.09.001.png.jpg,419,,,,
dummy_images\WATCH\4.OMEGA\12.3\原图\15...OMEGA SEAMASTER PLANET OCEAN 600M WATCH 215.32.44.21.09.001\附图\215.32.44.21.09.001-1.png,419,dummy_images\WATCH\4.OMEGA\12.3\已整理\15...OMEGA SEAMASTER PLANET OCEAN 600M WATCH 215.32.44.21.09.001\附图\215.32.44.21.09.001-1.png,,,
dummy_images\WATCH\4.OMEGA\12.3\原图\15...OMEGA SEAMASTER PLANET OCEAN 600M WATCH 215.32.44.21.09.001\附图\215.32.44.21.09.001-2.png,419,dummy_images\WATCH\4.OMEGA\12.3\已整理\15...OMEGA SEAMASTER PLANET OCEAN 600M WATCH 215.32.44.21.09.001\附图\215.32.44.21.09.001-2.png,,,
dummy_images\WATCH\4.OMEGA\12.3\原图\15...OMEGA SEAMASTER PLANET OCEAN 600M WATCH 215.32.44.21.09.001\附图\215.32.44.21.09.001-3.png,419,dummy_images\WATCH\4.OMEGA\12.3\已整理\15...OMEGA SEAMASTER PLANET OCEAN 600M WATCH 215.32.44.21.09.001\附图\215.32.44.21.09.001-3.png,,,
dummy_images\WATCH\4.OMEGA\12.3\原图\17...OMEGA SEAMASTER PLANET OCEAN 600M WATCH 215.92.46.51.01.003\主图\215.92.46.51.01.003.png.jpg,420,,,,
dummy_images\WATCH\4.OMEGA\12.3\原图\17...OMEGA SEAMASTER PLANET OCEAN 600M WATCH 215.92.46.51.01.003\附图\215.92.46.51.01.003-1.jpeg,420,dummy_images\WATCH\4.OMEGA\12.3\已整理\17...OMEGA SEAMASTER PLANET OCEAN 600M WATCH 215.92.46.51.01.003\附图\215.92.46.51.01.003-1.jpeg,,,
dummy_images\WATCH\4.OMEGA\12.3\原图\17...OMEGA SEAMASTER PLANET OCEAN 600M WATCH 215.92.46.51.01.003\附图\215.92.46.51.01.003-2.png,420,dummy_images\WATCH\4.OMEGA\12.3\已整理\17...OMEGA SEAMASTER PLANET OCEAN 600M WATCH 215.92.46.51.01.003\附图\215.92.46.51.01.003-2.png,,,
dummy_images\WATCH\4.OMEGA\12.3\原图\17...OMEGA SEAMASTER PLANET OCEAN 600M WATCH 215.92.46.51.01.003\附图\215.92.46.51.01.003-3.png,420,dummy_images\WATCH\4.OMEGA\12.3\已整理\17...OMEGA SEAMASTER PLANET OCEAN 600M WATCH 215.92.46.51.01.003\附图\215.92.46.51.01.003-3.png,,,
dummy_images\WATCH\4.OMEGA\12.3\原图\17...OMEGA SEAMASTER PLANET OCEAN 600M WATCH 215.92.46.51.01.003\附图\215.92.46.51.01.003-4.jpeg,420,dummy_images\WATCH\4.OMEGA\12.3\已整理\17...OMEGA SEAMASTER PLANET OCEAN 600M WATCH 215.92.46.51.01.003\附图\215.92.46.51.01.003-4.jpeg,,,
dummy_images\WATCH\4.OMEGA\12.3\原图\18.OMEGA DE VILLE PRESTIGE CO-AXIAL MASTER CHRONOMETER SMALL SECONDS WATCH 434.10.41.20.10.001\主图\434.10.41.20.10.001.jpg,421,,,,
dummy_images\WATCH\4.OMEGA\12.3\原图\18.OMEGA DE VILLE PRESTIGE CO-AXIAL MASTER CHRONOMETER SMALL SECONDS WATCH 434.10.41.20.10.001\附图\434.10.41.20.10.001-1.jpg,421,dummy_images\WATCH\4.OMEGA\12.3\已整理\18.OMEGA DE VILLE PRESTIGE CO-AXIAL MASTER CHRONOMETER SMALL SECONDS WATCH 434.10.41.20.10.001\附图\434.10.41.20.10.001-1.jpg,,,
dummy_images\WATCH\4.OMEGA\12.3\原图\18.OMEGA DE VILLE PRESTIGE CO-AXIAL MASTER CHRONOMETER SMALL SECONDS WATCH 434.10.41.20.10.001\附图\434.10.41.20.10.001-2.jpg,421,dummy_images\WATCH\4.OMEGA\12.3\已整理\18.OMEGA DE VILLE PRESTIGE CO-AXIAL MASTER CHRONOMETER SMALL SECONDS WATCH 434.10.41.20.10.001\附图\434.10.41.20.10.001-2.jpg,,,
dummy_images\WATCH\4.OMEGA\12.3\原图\18.OMEGA DE VILLE PRESTIGE CO-AXIAL MASTER CHRONOMETER SMALL SECONDS WATCH 434.10.41.20.10.001\附图\434.10.41.20.10.001-3.jpg,421,dummy_images\WATCH\4.OMEGA\12.3\已整理\18.OMEGA DE VILLE PRESTIGE CO-AXIAL MASTER CHRONOMETER SMALL SECONDS WATCH 434.10.41.20.10.001\附图\434.10.41.20.10.001-3.jpg,,,
"dummy_images\WATCH\4.OMEGA\12.3\原图\19.ROLEX DATEJUST 41 OYSTER, 41 MM, OYSTERSTEEL AND WHITE GOLD WATCH 126334\主图\1-126334.jpeg.jpg",422,,,,
"dummy_images\WATCH\4.OMEGA\12.3\原图\19.ROLEX DATEJUST 41 OYSTER, 41 MM, OYSTERSTEEL AND WHITE GOLD WATCH 126334\附图\1-126334-1.jpeg",422,"dummy_images\WATCH\4.OMEGA\12.3\已整理\19.ROLEX DATEJUST 41 OYSTER, 41 MM, OYSTERSTEEL AND WHITE GOLD WATCH 126334\附图\1-126334-1.jpeg",,,
"dummy_images\WATCH\4.OMEGA\12.3\原图\19.ROLEX DATEJUST 41 OYSTER, 41 MM, OYSTERSTEEL AND WHITE GOLD WATCH 126334\附图\1-126334-2.jpeg",422,"dummy_images\WATCH\4.OMEGA\12.3\已整理\19.ROLEX DATEJUST 41 OYSTER, 41 MM, OYSTERSTEEL AND WHITE GOLD WATCH 126334\附图\1-126334-2.jpeg",,,
"dummy_images\WATCH\4.OMEGA\12.3\原图\19.ROLEX DATEJUST 41 OYSTER, 41 MM, OYSTERSTEEL AND WHITE GOLD WATCH 126334\附图\1-126334-3.png",422,"dummy_images\WATCH\4.OMEGA\12.3\已整理\19.ROLEX DATEJUST 41 OYSTER, 41 MM, OYSTERSTEEL AND WHITE GOLD WATCH 126334\附图\1-126334-3.png",,,
"dummy_images\WATCH\4.OMEGA\12.3\原图\19.ROLEX DATEJUST 41 OYSTER, 41 MM, OYSTERSTEEL AND WHITE GOLD WATCH 126334\附图\1-126334-4.png",422,"dummy_images\WATCH\4.OMEGA\12.3\已整理\19.ROLEX DATEJUST 41 OYSTER, 41 MM, OYSTERSTEEL AND WHITE GOLD WATCH 126334\附图\1-126334-4.png",,,
"dummy_images\WATCH\4.OMEGA\12.3\原图\20...ROLEX DATEJUST 41 OYSTER, 41 MM, OYSTERSTEEL AND WHITE GOLD WATCH 126334\主图\2-126334.png.jpg",423,,,,
"dummy_images\WATCH\4.OMEGA\12.3\原图\20...ROLEX DATEJUST 41 OYSTER, 41 MM, OYSTERSTEEL AND WHITE GOLD WATCH 126334\附图\2-126334-1.jpeg",423,"dummy_images\WATCH\4.OMEGA\12.3\已整理\20...ROLEX DATEJUST 41 OYSTER, 41 MM, OYSTERSTEEL AND WHITE GOLD WATCH 126334\附图\2-126334-1.jpeg",,,
"dummy_images\WATCH\4.OMEGA\12.3\原图\20...ROLEX DATEJUST 41 OYSTER, 41 MM, OYSTERSTEEL AND WHITE GOLD WATCH 126334\附图\2-126334-2.png",423,"dummy_images\WATCH\4.OMEGA\12.3\已整理\20...ROLEX DATEJUST 41 OYSTER, 41 MM, OYSTERSTEEL AND WHITE GOLD WATCH 126334\附图\2-126334-2.png",,,
"dummy_images\WATCH\4.OMEGA\12.3\原图\20...ROLEX DATEJUST 41 OYSTER, 41 MM, OYSTERSTEEL AND WHITE GOLD WATCH 126334\附图\2-126334-3.png",423,"dummy_images\WATCH\4.OMEGA\12.3\已整理\20...ROLEX DATEJUST 41 OYSTER, 41 MM, OYSTERSTEEL AND WHITE GOLD WATCH 126334\附图\2-126334-3.png",,,
"dummy_images\WATCH\4.OMEGA\12.3\原图\21...ROLEX DATEJUST 41 OYSTER, 41 MM, OYSTERSTEEL AND WHITE GOLD WATCH 126334\主图\3-126334.png.jpg",424,,,,
"dummy_images\WATCH\4.OMEGA\12.3\原图\21...ROLEX DATEJUST 41 OYSTER, 41 MM, OYSTERSTEEL AND WHITE GOLD WATCH 126334\附图\3-126334-1.jpeg",424,"dummy_images\WATCH\4.OMEGA\12.3\已整理\21...ROLEX DATEJUST 41 OYSTER, 41 MM, OYSTERSTEEL AND WHITE GOLD WATCH 126334\附图\3-126334-1.jpeg",,,
"dummy_images\WATCH\4.OMEGA\12.3\原图\21...ROLEX DATEJUST 41 OYSTER, 41 MM, OYSTERSTEEL AND WHITE GOLD WATCH 126334\附图\3-126334-2.png",424,"dummy_images\WATCH\4.OMEGA\12.3\已整理\21...ROLEX DATEJUST 41 OYSTER, 41 MM, OYSTERSTEEL AND WHITE GOLD WATCH 126334\附图\3-126334-2.png",,,
"dummy_images\WATCH\4.OMEGA\12.3\原图\21...ROLEX DATEJUST 41 OYSTER, 41 MM, OYSTERSTEEL AND WHITE GOLD WATCH 126334\附图\3-126334-3.png",424,"dummy_images\WATCH\4.OMEGA\12.3\已整理\21...ROLEX DATEJUST 41 OYSTER, 41 MM, OYSTERSTEEL AND WHITE GOLD WATCH 126334\附图\3-126334-3.png",,,
"dummy_images\WATCH\4.OMEGA\12.3\原图\22...ROLEX DATEJUST 41 OYSTER, 41 MM, OYSTERSTEEL AND WHITE GOLD WATCH 126334\主图\4-126334.png.jpg",425,,,,
"dummy_images\WATCH\4.OMEGA\12.3\原图\22...ROLEX DATEJUST 41 OYSTER, 41 MM, OYSTERSTEEL AND WHITE GOLD WATCH 126334\附图\4-126334-1.jpeg",425,"dummy_images\WATCH\4.OMEGA\12.3\已整理\22...ROLEX DATEJUST 41 OYSTER, 41 MM, OYSTERSTEEL AND WHITE GOLD WATCH 126334\附图\4-126334-1.jpeg",,,
"dummy_images\WATCH\4.OMEGA\12.3\原图\22...ROLEX DATEJUST 41 OYSTER, 41 MM, OYSTERSTEEL AND WHITE GOLD WATCH 126334\附图\4-126334-2.png",425,"dummy_images\WATCH\4.OMEGA\12.3\已整理\22...ROLEX DATEJUST 41 OYSTER, 41 MM, OYSTERSTEEL AND WHITE GOLD WATCH 126334\附图\4-126334-2.png",,,
"dummy_images\WATCH\4.OMEGA\12.3\原图\22...ROLEX DATEJUST 41 OYSTER, 41 MM, OYSTERSTEEL AND WHITE GOLD WATCH 126334\附图\4-126334-3.png",425,"dummy_images\WATCH\4.OMEGA\12.3\已整理\22...ROLEX DATEJUST 41 OYSTER, 41 MM, OYSTERSTEEL AND WHITE GOLD WATCH 126334\附图\4-126334-3.png",,,
"dummy_images\WATCH\4.OMEGA\12.3\原图\22...ROLEX DATEJUST 41 OYSTER, 41 MM, OYSTERSTEEL AND WHITE GOLD WATCH 126334\附图\4-126334-4.png",425,"dummy_images\WATCH\4.OMEGA\12.3\已整理\22...ROLEX DATEJUST 41 OYSTER, 41 MM, OYSTERSTEEL AND WHITE GOLD WATCH 126334\附图\4-126334-4.png",,,
dummy_images\WATCH\4.OMEGA\12.3\原图\23.ROLEX DATEJUST GMF WHITE DIAL DIAMOND MARKER JUBILEE BRACELET WATCH 126334\主图\5-126334.jpg,426,,,,
dummy_images\WATCH\4.OMEGA\12.3\原图\23.ROLEX DATEJUST GMF WHITE DIAL DIAMOND MARKER JUBILEE BRACELET WATCH 126334\附图\5-126334-1.jpg,426,dummy_images\WATCH\4.OMEGA\12.3\已整理\23.ROLEX DATEJUST GMF WHITE DIAL DIAMOND MARKER JUBILEE BRACELET WATCH 126334\附图\5-126334-1.jpg,,,
dummy_images\WATCH\4.OMEGA\12.3\原图\23.ROLEX DATEJUST GMF WHITE DIAL DIAMOND MARKER JUBILEE BRACELET WATCH 126334\附图\5-126334-2.jpg,426,dummy_images\WATCH\4.OMEGA\12.3\已整理\23.ROLEX DATEJUST GMF WHITE DIAL DIAMOND MARKER JUBILEE BRACELET WATCH 126334\附图\5-126334-2.jpg,,,
dummy_images\WATCH\4.OMEGA\12.3\原图\23.ROLEX DATEJUST GMF WHITE DIAL DIAMOND MARKER JUBILEE BRACELET WATCH 126334\附图\5-126334-3.jpg,426,dummy_images\WATCH\4.OMEGA\12.3\已整理\23.ROLEX DATEJUST GMF WHITE DIAL DIAMOND MARKER JUBILEE BRACELET WATCH 126334\附图\5-126334-3.jpg,,,
"dummy_images\WATCH\4.OMEGA\12.3\原图\24...ROLEX DATEJUST 41 OYSTER, 41 MM, OYSTERSTEEL AND WHITE GOLD WATCH 126334\主图\6-126334.png.jpg",427,,,,
"dummy_images\WATCH\4.OMEGA\12.3\原图\24...ROLEX DATEJUST 41 OYSTER, 41 MM, OYSTERSTEEL AND WHITE GOLD WATCH 126334\附图\6-126334-1.jpeg",427,"dummy_images\WATCH\4.OMEGA\12.3\已整理\24...ROLEX DATEJUST 41 OYSTER, 41 MM, OYSTERSTEEL AND WHITE GOLD WATCH 126334\附图\6-126334-1.jpeg",,,
"dummy_images\WATCH\4.OMEGA\12.3\原图\24...ROLEX DATEJUST 41 OYSTER, 41 MM, OYSTERSTEEL AND WHITE GOLD WATCH 126334\附图\6-126334-2.png",427,"dummy_images\WATCH\4.OMEGA\12.3\已整理\24...ROLEX DATEJUST 41 OYSTER, 41 MM, OYSTERSTEEL AND WHITE GOLD WATCH 126334\附图\6-126334-2.png",,,
"dummy_images\WATCH\4.OMEGA\12.3\原图\24...ROLEX DATEJUST 41 OYSTER, 41 MM, OYSTERSTEEL AND WHITE GOLD WATCH 126334\附图\6-126334-3.png",427,"dummy_images\WATCH\4.OMEGA\12.3\已整理\24...ROLEX DATEJUST 41 OYSTER, 41 MM, OYSTERSTEEL AND WHITE GOLD WATCH 126334\附图\6-126334-3.png",,,
"dummy_images\WATCH\4.OMEGA\12.3\原图\24...ROLEX DATEJUST 41 OYSTER, 41 MM, OYSTERSTEEL AND WHITE GOLD WATCH 126334\附图\6-126334-4.png",427,"dummy_images\WATCH\4.OMEGA\12.3\已整理\24...ROLEX DATEJUST 41 OYSTER, 41 MM, OYSTERSTEEL AND WHITE GOLD WATCH 126334\附图\6-126334-4.png",,,
"dummy_images\WATCH\4.OMEGA\12.3\原图\26...ROLEX DATEJUST 41 OYSTER, 41 MM, OYSTERSTEEL AND WHITE GOLD WATCH 126334\主图\8-126334.png.jpg",428,,,,
"dummy_images\WATCH\4.OMEGA\12.3\原图\26...ROLEX DATEJUST 41 OYSTER, 41 MM, OYSTERSTEEL AND WHITE GOLD WATCH 126334\附图\8-126334-1.jpeg",428,"dummy_images\WATCH\4.OMEGA\12.3\已整理\26...ROLEX DATEJUST 41 OYSTER, 41 MM, OYSTERSTEEL AND WHITE GOLD WATCH 126334\附图\8-126334-1.jpeg",,,
"dummy_images\WATCH\4.OMEGA\12.3\原图\26...ROLEX DATEJUST 41 OYSTER, 41 MM, OYSTERSTEEL AND WHITE GOLD WATCH 126334\附图\8-126334-2.png",428,"dummy_images\WATCH\4.OMEGA\12.3\已整理\26...ROLEX DATEJUST 41 OYSTER, 41 MM, OYSTERSTEEL AND WHITE GOLD WATCH 126334\附图\8-126334-2.png",,,
"dummy_images\WATCH\4.OMEGA\12.3\原图\26...ROLEX DATEJUST 41 OYSTER, 41 MM, OYSTERSTEEL AND WHITE GOLD WATCH 126334\附图\8-126334-3.png",428,"dummy_images\WATCH\4.OMEGA\12.3\已整理\26...ROLEX DATEJUST 41 OYSTER, 41 MM, OYSTERSTEEL AND WHITE GOLD WATCH 126334\附图\8-126334-3.png",,,
"dummy_images\WATCH\4.OMEGA\12.3\原图\26...ROLEX DATEJUST 41 OYSTER, 41 MM, OYSTERSTEEL AND WHITE GOLD WATCH 126334\附图\8-126334-4.png",428,"dummy_images\WATCH\4.OMEGA\12.3\已整理\26...ROLEX DATEJUST 41 OYSTER, 41 MM, OYSTERSTEEL AND WHITE GOLD WATCH 126334\附图\8-126334-4.png",,,
"dummy_images\WATCH\4.OMEGA\12.3\原图\27...ROLEX DATEJUST 36 OYSTER, 36 MM, OYSTERSTEEL AND YELLOW GOLD WATCH 126233\主图\1-126233.png.jpg",429,,,,
"dummy_images\WATCH\4.OMEGA\12.3\原图\27...ROLEX DATEJUST 36 OYSTER, 36 MM, OYSTERSTEEL AND YELLOW GOLD WATCH 126233\附图\1-126233-1.jpeg",429,"dummy_images\WATCH\4.OMEGA\12.3\已整理\27...ROLEX DATEJUST 36 OYSTER, 36 MM, OYSTERSTEEL AND YELLOW GOLD WATCH 126233\附图\1-126233-1.jpeg",,,
"dummy_images\WATCH\4.OMEGA\12.3\原图\27...ROLEX DATEJUST 36 OYSTER, 36 MM, OYSTERSTEEL AND YELLOW GOLD WATCH 126233\附图\1-126233-2.png",429,"dummy_images\WATCH\4.OMEGA\12.3\已整理\27...ROLEX DATEJUST 36 OYSTER, 36 MM, OYSTERSTEEL AND YELLOW GOLD WATCH 126233\附图\1-126233-2.png",,,
"dummy_images\WATCH\4.OMEGA\12.3\原图\27...ROLEX DATEJUST 36 OYSTER, 36 MM, OYSTERSTEEL AND YELLOW GOLD WATCH 126233\附图\1-126233-3.png",429,"dummy_images\WATCH\4.OMEGA\12.3\已整理\27...ROLEX DATEJUST 36 OYSTER, 36 MM, OYSTERSTEEL AND YELLOW GOLD WATCH 126233\附图\1-126233-3.png",,,
"dummy_images\WATCH\4.OMEGA\12.3\原图\27...ROLEX DATEJUST 36 OYSTER, 36 MM, OYSTERSTEEL AND YELLOW GOLD WATCH 126233\附图\1-126233-4.png",429,"dummy_images\WATCH\4.OMEGA\12.3\已整理\27...ROLEX DATEJUST 36 OYSTER, 36 MM, OYSTERSTEEL AND YELLOW GOLD WATCH 126233\附图\1-126233-4.png",,,
dummy_images\WATCH\4.OMEGA\12.3\原图\32.ROLEX DATEJUST 36 DIAMOND-SET WATCH 116233\主图\3-116233.jpg,430,,,,
dummy_images\WATCH\4.OMEGA\12.3\原图\32.ROLEX DATEJUST 36 DIAMOND-SET WATCH 116233\附图\3-116233-1.jpg,430,dummy_images\WATCH\4.OMEGA\12.3\已整理\32.ROLEX DATEJUST 36 DIAMOND-SET WATCH 116233\附图\3-116233-1.jpg,,,
dummy_images\WATCH\4.OMEGA\12.3\原图\32.ROLEX DATEJUST 36 DIAMOND-SET WATCH 116233\附图\3-116233-2.jpg,430,dummy_images\WATCH\4.OMEGA\12.3\已整理\32.ROLEX DATEJUST 36 DIAMOND-SET WATCH 116233\附图\3-116233-2.jpg,,,
dummy_images\WATCH\4.OMEGA\12.3\原图\32.ROLEX DATEJUST 36 DIAMOND-SET WATCH 116233\附图\3-116233-3.jpg,430,dummy_images\WATCH\4.OMEGA\12.3\已整理\32.ROLEX DATEJUST 36 DIAMOND-SET WATCH 116233\附图\3-116233-3.jpg,,,
dummy_images\WATCH\4.OMEGA\12.4\原图\2.OMEGA DE VILLE PRESTIGE WATCH 424.20.37.20.02.001\主图\424.20.37.20.02.001.jpg,436,,,,
dummy_images\WATCH\4.OMEGA\12.4\原图\2.OMEGA DE VILLE PRESTIGE WATCH 424.20.37.20.02.001\附图\424.20.37.20.02.001-1.jpg,436,dummy_images\WATCH\4.OMEGA\12.4\已整理\2.OMEGA DE VILLE PRESTIGE WATCH 424.20.37.20.02.001\附图\424.20.37.20.02.001-1.jpg,,,
dummy_images\WATCH\4.OMEGA\12.4\原图\2.OMEGA DE VILLE PRESTIGE WATCH 424.20.37.20.02.001\附图\424.20.37.20.02.001-2.jpg,436,dummy_images\WATCH\4.OMEGA\12.4\已整理\2.OMEGA DE VILLE PRESTIGE WATCH 424.20.37.20.02.001\附图\424.20.37.20.02.001-2.jpg,,,
dummy_images\WATCH\4.OMEGA\12.4\原图\2.OMEGA DE VILLE PRESTIGE WATCH 424.20.37.20.02.001\附图\424.20.37.20.02.001-3.jpg,436,dummy_images\WATCH\4.OMEGA\12.4\已整理\2.OMEGA DE VILLE PRESTIGE WATCH 424.20.37.20.02.001\附图\424.20.37.20.02.001-3.jpg,,,
dummy_images\WATCH\4.OMEGA\12.4\原图\10...OMEGA DE VILLE PRESTIGE WATCH 434.23.40.20.02.002\主图\434.23.40.20.02.002.png,437,,,,
dummy_images\WATCH\4.OMEGA\12.4\原图\10...OMEGA DE VILLE PRESTIGE WATCH 434.23.40.20.02.002\附图\434.23.40.20.02.002-1.png,437,dummy_images\WATCH\4.OMEGA\12.4\已整理\10...OMEGA DE VILLE PRESTIGE WATCH 434.23.40.20.02.002\附图\434.23.40.20.02.002-1.png,,,
dummy_images\WATCH\4.OMEGA\12.4\原图\10...OMEGA DE VILLE PRESTIGE WATCH 434.23.40.20.02.002\附图\434.23.40.20.02.002-2.png,437,dummy_images\WATCH\4.OMEGA\12.4\已整理\10...OMEGA DE VILLE PRESTIGE WATCH 434.23.40.20.02.002\附图\434.23.40.20.02.002-2.png,,,
dummy_images\WATCH\4.OMEGA\12.4\原图\10...OMEGA DE VILLE PRESTIGE WATCH 434.23.40.20.02.002\附图\434.23.40.20.02.002-3.png,437,dummy_images\WATCH\4.OMEGA\12.4\已整理\10...OMEGA DE VILLE PRESTIGE WATCH 434.23.40.20.02.002\附图\434.23.40.20.02.002-3.png,,,
dummy_images\WATCH\4.OMEGA\12.4\原图\11...OMEGA SEAMASTER AQUA TERRA 150M WATCH 220.10.41.21.02.001\主图\220.10.41.21.02.001.png,438,,,,
dummy_images\WATCH\4.OMEGA\12.4\原图\11...OMEGA SEAMASTER AQUA TERRA 150M WATCH 220.10.41.21.02.001\附图\220.10.41.21.02.001-1.png,438,dummy_images\WATCH\4.OMEGA\12.4\已整理\11...OMEGA SEAMASTER AQUA TERRA 150M WATCH 220.10.41.21.02.001\附图\220.10.41.21.02.001-1.png,,,
dummy_images\WATCH\4.OMEGA\12.4\原图\11...OMEGA SEAMASTER AQUA TERRA 150M WATCH 220.10.41.21.02.001\附图\220.10.41.21.02.001-2.png,438,dummy_images\WATCH\4.OMEGA\12.4\已整理\11...OMEGA SEAMASTER AQUA TERRA 150M WATCH 220.10.41.21.02.001\附图\220.10.41.21.02.001-2.png,,,
dummy_images\WATCH\4.OMEGA\12.4\原图\11...OMEGA SEAMASTER AQUA TERRA 150M WATCH 220.10.41.21.02.001\附图\220.10.41.21.02.001-3.png,438,dummy_images\WATCH\4.OMEGA\12.4\已整理\11...OMEGA SEAMASTER AQUA TERRA 150M WATCH 220.10.41.21.02.001\附图\220.10.41.21.02.001-3.png,,,
dummy_images\WATCH\4.OMEGA\12.4\原图\11...OMEGA SEAMASTER AQUA TERRA 150M WATCH 220.10.41.21.02.001\附图\220.10.41.21.02.001-4.png,438,dummy_images\WATCH\4.OMEGA\12.4\已整理\11...OMEGA SEAMASTER AQUA TERRA 150M WATCH 220.10.41.21.02.001\附图\220.10.41.21.02.001-4.png,,,
dummy_images\WATCH\4.OMEGA\12.4\原图\13...OMEGA SEAMASTER AQUA TERRA 150M WATCH 220.10.41.21.01.001\主图\220.10.41.21.01.001.png,439,,,,
dummy_images\WATCH\4.OMEGA\12.4\原图\13...OMEGA SEAMASTER AQUA TERRA 150M WATCH 220.10.41.21.01.001\附图\220.10.41.21.01.001-1.png,439,dummy_images\WATCH\4.OMEGA\12.4\已整理\13...OMEGA SEAMASTER AQUA TERRA 150M WATCH 220.10.41.21.01.001\附图\220.10.41.21.01.001-1.png,,,
dummy_images\WATCH\4.OMEGA\12.4\原图\13...OMEGA SEAMASTER AQUA TERRA 150M WATCH 220.10.41.21.01.001\附图\220.10.41.21.01.001-2.png,439,dummy_images\WATCH\4.OMEGA\12.4\已整理\13...OMEGA SEAMASTER AQUA TERRA 150M WATCH 220.10.41.21.01.001\附图\220.10.41.21.01.001-2.png,,,
dummy_images\WATCH\4.OMEGA\12.4\原图\13...OMEGA SEAMASTER AQUA TERRA 150M WATCH 220.10.41.21.01.001\附图\220.10.41.21.01.001-3.png,439,dummy_images\WATCH\4.OMEGA\12.4\已整理\13...OMEGA SEAMASTER AQUA TERRA 150M WATCH 220.10.41.21.01.001\附图\220.10.41.21.01.001-3.png,,,
dummy_images\WATCH\4.OMEGA\12.4\原图\13...OMEGA SEAMASTER AQUA TERRA 150M WATCH 220.10.41.21.01.001\附图\220.10.41.21.01.001-4.png,439,dummy_images\WATCH\4.OMEGA\12.4\已整理\13...OMEGA SEAMASTER AQUA TERRA 150M WATCH 220.10.41.21.01.001\附图\220.10.41.21.01.001-4.png,,,
dummy_images\WATCH\4.OMEGA\12.4\原图\15...OMEGA SEAMASTER AQUA TERRA 150M WATCH 220.10.41.21.06.001\主图\220.10.41.21.06.001.jpg,440,,,,
dummy_images\WATCH\4.OMEGA\12.4\原图\15...OMEGA SEAMASTER AQUA TERRA 150M WATCH 220.10.41.21.06.001\附图\220.10.41.21.06.001-1.png,440,dummy_images\WATCH\4.OMEGA\12.4\已整理\15...OMEGA SEAMASTER AQUA TERRA 150M WATCH 220.10.41.21.06.001\附图\220.10.41.21.06.001-1.png,,,
dummy_images\WATCH\4.OMEGA\12.4\原图\15...OMEGA SEAMASTER AQUA TERRA 150M WATCH 220.10.41.21.06.001\附图\220.10.41.21.06.001-2.png,440,dummy_images\WATCH\4.OMEGA\12.4\已整理\15...OMEGA SEAMASTER AQUA TERRA 150M WATCH 220.10.41.21.06.001\附图\220.10.41.21.06.001-2.png,,,
dummy_images\WATCH\4.OMEGA\12.4\原图\15...OMEGA SEAMASTER AQUA TERRA 150M WATCH 220.10.41.21.06.001\附图\220.10.41.21.06.001-3.png,440,dummy_images\WATCH\4.OMEGA\12.4\已整理\15...OMEGA SEAMASTER AQUA TERRA 150M WATCH 220.10.41.21.06.001\附图\220.10.41.21.06.001-3.png,,,
dummy_images\WATCH\4.OMEGA\12.4\原图\15...OMEGA SEAMASTER AQUA TERRA 150M WATCH 220.10.41.21.06.001\附图\220.10.41.21.06.001-4.png,440,dummy_images\WATCH\4.OMEGA\12.4\已整理\15...OMEGA SEAMASTER AQUA TERRA 150M WATCH 220.10.41.21.06.001\附图\220.10.41.21.06.001-4.png,,,
dummy_images\WATCH\4.OMEGA\12.4\原图\18.OMEGA SEAMASTER AQUA TERRA WATCH 220.12.41.21.01.002\主图\220.12.41.21.01.002.png,441,,,,
dummy_images\WATCH\4.OMEGA\12.4\原图\18.OMEGA SEAMASTER AQUA TERRA WATCH 220.12.41.21.01.002\附图\220.12.41.21.01.002-1.jpg,441,dummy_images\WATCH\4.OMEGA\12.4\已整理\18.OMEGA SEAMASTER AQUA TERRA WATCH 220.12.41.21.01.002\附图\220.12.41.21.01.002-1.jpg,,,
dummy_images\WATCH\4.OMEGA\12.4\原图\18.OMEGA SEAMASTER AQUA TERRA WATCH 220.12.41.21.01.002\附图\220.12.41.21.01.002-2.jpg,441,dummy_images\WATCH\4.OMEGA\12.4\已整理\18.OMEGA SEAMASTER AQUA TERRA WATCH 220.12.41.21.01.002\附图\220.12.41.21.01.002-2.jpg,,,
dummy_images\WATCH\4.OMEGA\12.4\原图\18.OMEGA SEAMASTER AQUA TERRA WATCH 220.12.41.21.01.002\附图\220.12.41.21.01.002-3.jpg,441,dummy_images\WATCH\4.OMEGA\12.4\已整理\18.OMEGA SEAMASTER AQUA TERRA WATCH 220.12.41.21.01.002\附图\220.12.41.21.01.002-3.jpg,,,
dummy_images\WATCH\4.OMEGA\12.4\原图\18.OMEGA SEAMASTER AQUA TERRA WATCH 220.12.41.21.01.002\附图\220.12.41.21.01.002-4.jpg,441,dummy_images\WATCH\4.OMEGA\12.4\已整理\18.OMEGA SEAMASTER AQUA TERRA WATCH 220.12.41.21.01.002\附图\220.12.41.21.01.002-4.jpg,,,
dummy_images\WATCH\4.OMEGA\12.4\原图\19...OMEGA SEAMASTER AQUA TERRA 150M WATCH 220.10.41.21.03.002\主图\220.10.41.21.03.002.png,442,,,,
dummy_images\WATCH\4.OMEGA\12.4\原图\19...OMEGA SEAMASTER AQUA TERRA 150M WATCH 220.10.41.21.03.002\附图\220.10.41.21.03.002-1.png,442,dummy_images\WATCH\4.OMEGA\12.4\已整理\19...OMEGA SEAMASTER AQUA TERRA 150M WATCH 220.10.41.21.03.002\附图\220.10.41.21.03.002-1.png,,,
dummy_images\WATCH\4.OMEGA\12.4\原图\19...OMEGA SEAMASTER AQUA TERRA 150M WATCH 220.10.41.21.03.002\附图\220.10.41.21.03.002-2.png,442,dummy_images\WATCH\4.OMEGA\12.4\已整理\19...OMEGA SEAMASTER AQUA TERRA 150M WATCH 220.10.41.21.03.002\附图\220.10.41.21.03.002-2.png,,,
dummy_images\WATCH\4.OMEGA\12.4\原图\19...OMEGA SEAMASTER AQUA TERRA 150M WATCH 220.10.41.21.03.002\附图\220.10.41.21.03.002-3.png,442,dummy_images\WATCH\4.OMEGA\12.4\已整理\19...OMEGA SEAMASTER AQUA TERRA 150M WATCH 220.10.41.21.03.002\附图\220.10.41.21.03.002-3.png,,,
dummy_images\WATCH\4.OMEGA\12.4\原图\19...OMEGA SEAMASTER AQUA TERRA 150M WATCH 220.10.41.21.03.002\附图\220.10.41.21.03.002-4.png,442,dummy_images\WATCH\4.OMEGA\12.4\已整理\19...OMEGA SEAMASTER AQUA TERRA 150M WATCH 220.10.41.21.03.002\附图\220.10.41.21.03.002-4.png,,,
dummy_images\WATCH\4.OMEGA\12.4\原图\21.OMEGA SEAMASTER AQUA TERRA 150M WATCH 220.10.41.21.03.004\主图\220.10.41.21.03.004.jpg,443,,,,
dummy_images\WATCH\4.OMEGA\12.4\原图\21.OMEGA SEAMASTER AQUA TERRA 150M WATCH 220.10.41.21.03.004\附图\220.10.41.21.03.004-1.jpg,443,dummy_images\WATCH\4.OMEGA\12.4\已整理\21.OMEGA SEAMASTER AQUA TERRA 150M WATCH 220.10.41.21.03.004\附图\220.10.41.21.03.004-1.jpg,,,
dummy_images\WATCH\4.OMEGA\12.4\原图\21.OMEGA SEAMASTER AQUA TERRA 150M WATCH 220.10.41.21.03.004\附图\220.10.41.21.03.004-2.jpg,443,dummy_images\WATCH\4.OMEGA\12.4\已整理\21.OMEGA SEAMASTER AQUA TERRA 150M WATCH 220.10.41.21.03.004\附图\220.10.41.21.03.004-2.jpg,,,
dummy_images\WATCH\4.OMEGA\12.4\原图\21.OMEGA SEAMASTER AQUA TERRA 150M WATCH 220.10.41.21.03.004\附图\220.10.41.21.03.004-3.jpg,443,dummy_images\WATCH\4.OMEGA\12.4\已整理\21.OMEGA SEAMASTER AQUA TERRA 150M WATCH 220.10.41.21.03.004\附图\220.10.41.21.03.004-3.jpg,,,
dummy_images\WATCH\4.OMEGA\12.4\原图\22.OMEGA SEAMASTER AQUA TERRA 150M WATCH 220.12.41.21.03.001\主图\220.12.41.21.03.001.jpg,444,,,,
dummy_images\WATCH\4.OMEGA\12.4\原图\22.OMEGA SEAMASTER AQUA TERRA 150M WATCH 220.12.41.21.03.001\附图\220.12.41.21.03.001-1.jpg,444,dummy_images\WATCH\4.OMEGA\12.4\已整理\22.OMEGA SEAMASTER AQUA TERRA 150M WATCH 220.12.41.21.03.001\附图\220.12.41.21.03.001-1.jpg,,,
dummy_images\WATCH\4.OMEGA\12.4\原图\22.OMEGA SEAMASTER AQUA TERRA 150M WATCH 220.12.41.21.03.001\附图\220.12.41.21.03.001-2.jpg,444,dummy_images\WATCH\4.OMEGA\12.4\已整理\22.OMEGA SEAMASTER AQUA TERRA 150M WATCH 220.12.41.21.03.001\附图\220.12.41.21.03.001-2.jpg,,,
dummy_images\WATCH\4.OMEGA\12.4\原图\22.OMEGA SEAMASTER AQUA TERRA 150M WATCH 220.12.41.21.03.001\附图\220.12.41.21.03.001-3.jpg,444,dummy_images\WATCH\4.OMEGA\12.4\已整理\22.OMEGA SEAMASTER AQUA TERRA 150M WATCH 220.12.41.21.03.001\附图\220.12.41.21.03.001-3.jpg,,,
dummy_images\WATCH\4.OMEGA\12.4\原图\23...OMEGA SEAMASTER AQUA TERRA 150M WATCH 220.10.38.20.10.003\主图\220.10.38.20.10.003.png,445,,,,
dummy_images\WATCH\4.OMEGA\12.4\原图\23...OMEGA SEAMASTER AQUA TERRA 150M WATCH 220.10.38.20.10.003\附图\220.10.38.20.10.003-1.png,445,dummy_images\WATCH\4.OMEGA\12.4\已整理\23...OMEGA SEAMASTER AQUA TERRA 150M WATCH 220.10.38.20.10.003\附图\220.10.38.20.10.003-1.png,,,
dummy_images\WATCH\4.OMEGA\12.4\原图\23...OMEGA SEAMASTER AQUA TERRA 150M WATCH 220.10.38.20.10.003\附图\220.10.38.20.10.003-2.png,445,dummy_images\WATCH\4.OMEGA\12.4\已整理\23...OMEGA SEAMASTER AQUA TERRA 150M WATCH 220.10.38.20.10.003\附图\220.10.38.20.10.003-2.png,,,
dummy_images\WATCH\4.OMEGA\12.4\原图\23...OMEGA SEAMASTER AQUA TERRA 150M WATCH 220.10.38.20.10.003\附图\220.10.38.20.10.003-3.png,445,dummy_images\WATCH\4.OMEGA\12.4\已整理\23...OMEGA SEAMASTER AQUA TERRA 150M WATCH 220.10.38.20.10.003\附图\220.10.38.20.10.003-3.png,,,
dummy_images\WATCH\4.OMEGA\12.4\原图\23...OMEGA SEAMASTER AQUA TERRA 150M WATCH 220.10.38.20.10.003\附图\220.10.38.20.10.003-4.png,445,dummy_images\WATCH\4.OMEGA\12.4\已整理\23...OMEGA SEAMASTER AQUA TERRA 150M WATCH 220.10.38.20.10.003\附图\220.10.38.20.10.003-4.png,,,
dummy_images\WATCH\4.OMEGA\12.4\原图\23...OMEGA SEAMASTER AQUA TERRA 150M WATCH 220.10.38.20.10.003\附图\220.10.38.20.10.003-5.png,445,dummy_images\WATCH\4.OMEGA\12.4\已整理\23...OMEGA SEAMASTER AQUA TERRA 150M WATCH 220.10.38.20.10.003\附图\220.10.38.20.10.003-5.png,,,
dummy_images\WATCH\4.OMEGA\12.4\原图\23...OMEGA SEAMASTER AQUA TERRA 150M WATCH 220.10.38.20.10.003\附图\220.10.38.20.10.003-6.png,445,dummy_images\WATCH\4.OMEGA\12.4\已整理\23...OMEGA SEAMASTER AQUA TERRA 150M WATCH 220.10.38.20.10.003\附图\220.10.38.20.10.003-6.png,,,
dummy_images\WATCH\4.OMEGA\12.4\原图\24.OMEGA SEAMASTER AQUA TERRA 150M WATCH 220.10.34.20.53.001\主图\220.10.34.20.53.001.png,446,,,,
dummy_images\WATCH\4.OMEGA\12.4\原图\24.OMEGA SEAMASTER AQUA TERRA 150M WATCH 220.10.34.20.53.001\附图\220.10.34.20.53.001-1.png,446,dummy_images\WATCH\4.OMEGA\12.4\已整理\24.OMEGA SEAMASTER AQUA TERRA 150M WATCH 220.10.34.20.53.001\附图\220.10.34.20.53.001-1.png,,,
dummy_images\WATCH\4.OMEGA\12.4\原图\24.OMEGA SEAMASTER AQUA TERRA 150M WATCH 220.10.34.20.53.001\附图\220.10.34.20.53.001-2.png,446,dummy_images\WATCH\4.OMEGA\12.4\已整理\24.OMEGA SEAMASTER AQUA TERRA 150M WATCH 220.10.34.20.53.001\附图\220.10.34.20.53.001-2.png,,,
dummy_images\WATCH\4.OMEGA\12.4\原图\24.OMEGA SEAMASTER AQUA TERRA 150M WATCH 220.10.34.20.53.001\附图\220.10.34.20.53.001-3.png,446,dummy_images\WATCH\4.OMEGA\12.4\已整理\24.OMEGA SEAMASTER AQUA TERRA 150M WATCH 220.10.34.20.53.001\附图\220.10.34.20.53.001-3.png,,,
dummy_images\WATCH\4.OMEGA\12.4\原图\24.OMEGA SEAMASTER AQUA TERRA 150M WATCH 220.10.34.20.53.001\附图\220.10.34.20.53.001-4.png,446,dummy_images\WATCH\4.OMEGA\12.4\已整理\24.OMEGA SEAMASTER AQUA TERRA 150M WATCH 220.10.34.20.53.001\附图\220.10.34.20.53.001-4.png,,,
dummy_images\WATCH\4.OMEGA\12.4\原图\26...OMEGA SEAMASTER AQUA TERRA 150M WATCH 220.10.34.20.02.001\主图\220.10.34.20.02.001.png,447,,,,
dummy_images\WATCH\4.OMEGA\12.4\原图\26...OMEGA SEAMASTER AQUA TERRA 150M WATCH 220.10.34.20.02.001\附图\220.10.34.20.02.001-1.png,447,dummy_images\WATCH\4.OMEGA\12.4\已整理\26...OMEGA SEAMASTER AQUA TERRA 150M WATCH 220.10.34.20.02.001\附图\220.10.34.20.02.001-1.png,,,
dummy_images\WATCH\4.OMEGA\12.4\原图\26...OMEGA SEAMASTER AQUA TERRA 150M WATCH 220.10.34.20.02.001\附图\220.10.34.20.02.001-2.png,447,dummy_images\WATCH\4.OMEGA\12.4\已整理\26...OMEGA SEAMASTER AQUA TERRA 150M WATCH 220.10.34.20.02.001\附图\220.10.34.20.02.001-2.png,,,
dummy_images\WATCH\4.OMEGA\12.4\原图\26...OMEGA SEAMASTER AQUA TERRA 150M WATCH 220.10.34.20.02.001\附图\220.10.34.20.02.001-3.png,447,dummy_images\WATCH\4.OMEGA\12.4\已整理\26...OMEGA SEAMASTER AQUA TERRA 150M WATCH 220.10.34.20.02.001\附图\220.10.34.20.02.001-3.png,,,
dummy_images\WATCH\4.OMEGA\12.4\原图\26...OMEGA SEAMASTER AQUA TERRA 150M WATCH 220.10.34.20.02.001\附图\220.10.34.20.02.001-4.png,447,dummy_images\WATCH\4.OMEGA\12.4\已整理\26...OMEGA SEAMASTER AQUA TERRA 150M WATCH 220.10.34.20.02.001\附图\220.10.34.20.02.001-4.png,,,
dummy_images\WATCH\4.OMEGA\12.4\原图\26...OMEGA SEAMASTER AQUA TERRA 150M WATCH 220.10.34.20.02.001\附图\220.10.34.20.02.001-5.png,447,dummy_images\WATCH\4.OMEGA\12.4\已整理\26...OMEGA SEAMASTER AQUA TERRA 150M WATCH 220.10.34.20.02.001\附图\220.10.34.20.02.001-5.png,,,
dummy_images\WATCH\4.OMEGA\12.4\原图\27...OMEGA SEAMASTER AQUA TERRA 150M WATCH 220.10.34.20.02.002\主图\220.10.34.20.02.002.png,448,,,,
dummy_images\WATCH\4.OMEGA\12.4\原图\27...OMEGA SEAMASTER AQUA TERRA 150M WATCH 220.10.34.20.02.002\附图\220.10.34.20.02.002-1.png,448,dummy_images\WATCH\4.OMEGA\12.4\已整理\27...OMEGA SEAMASTER AQUA TERRA 150M WATCH 220.10.34.20.02.002\附图\220.10.34.20.02.002-1.png,,,
dummy_images\WATCH\4.OMEGA\12.4\原图\27...OMEGA SEAMASTER AQUA TERRA 150M WATCH 220.10.34.20.02.002\附图\220.10.34.20.02.002-2.png,448,dummy_images\WATCH\4.OMEGA\12.4\已整理\27...OMEGA SEAMASTER AQUA TERRA 150M WATCH 220.10.34.20.02.002\附图\220.10.34.20.02.002-2.png,,,
dummy_images\WATCH\4.OMEGA\12.4\原图\27...OMEGA SEAMASTER AQUA TERRA 150M WATCH 220.10.34.20.02.002\附图\220.10.34.20.02.002-3.png,448,dummy_images\WATCH\4.OMEGA\12.4\已整理\27...OMEGA SEAMASTER AQUA TERRA 150M WATCH 220.10.34.20.02.002\附图\220.10.34.20.02.002-3.png,,,
dummy_images\WATCH\4.OMEGA\12.4\原图\27...OMEGA SEAMASTER AQUA TERRA 150M WATCH 220.10.34.20.02.002\附图\220.10.34.20.02.002-4.png,448,dummy_images\WATCH\4.OMEGA\12.4\已整理\27...OMEGA SEAMASTER AQUA TERRA 150M WATCH 220.10.34.20.02.002\附图\220.10.34.20.02.002-4.png,,,
dummy_images\WATCH\4.OMEGA\12.4\原图\27...OMEGA SEAMASTER AQUA TERRA 150M WATCH 220.10.34.20.02.002\附图\220.10.34.20.02.002-5.png,448,dummy_images\WATCH\4.OMEGA\12.4\已整理\27...OMEGA SEAMASTER AQUA TERRA 150M WATCH 220.10.34.20.02.002\附图\220.10.34.20.02.002-5.png,,,
dummy_images\WATCH\4.OMEGA\12.4\原图\29...OMEGA SEAMASTER PLANET OCEAN 600M WATCH 215.32.44.21.01.001\主图\215.32.44.21.01.001.png,449,,,,
dummy_images\WATCH\4.OMEGA\12.4\原图\29...OMEGA SEAMASTER PLANET OCEAN 600M WATCH 215.32.44.21.01.001\附图\215.32.44.21.01.001-1.png,449,dummy_images\WATCH\4.OMEGA\12.4\已整理\29...OMEGA SEAMASTER PLANET OCEAN 600M WATCH 215.32.44.21.01.001\附图\215.32.44.21.01.001-1.png,,,
dummy_images\WATCH\4.OMEGA\12.4\原图\29...OMEGA SEAMASTER PLANET OCEAN 600M WATCH 215.32.44.21.01.001\附图\215.32.44.21.01.001-2.png,449,dummy_images\WATCH\4.OMEGA\12.4\已整理\29...OMEGA SEAMASTER PLANET OCEAN 600M WATCH 215.32.44.21.01.001\附图\215.32.44.21.01.001-2.png,,,
dummy_images\WATCH\4.OMEGA\12.4\原图\29...OMEGA SEAMASTER PLANET OCEAN 600M WATCH 215.32.44.21.01.001\附图\215.32.44.21.01.001-3.png,449,dummy_images\WATCH\4.OMEGA\12.4\已整理\29...OMEGA SEAMASTER PLANET OCEAN 600M WATCH 215.32.44.21.01.001\附图\215.32.44.21.01.001-3.png,,,
dummy_images\WATCH\4.OMEGA\12.4\原图\29...OMEGA SEAMASTER PLANET OCEAN 600M WATCH 215.32.44.21.01.001\附图\215.32.44.21.01.001-4.png,449,dummy_images\WATCH\4.OMEGA\12.4\已整理\29...OMEGA SEAMASTER PLANET OCEAN 600M WATCH 215.32.44.21.01.001\附图\215.32.44.21.01.001-4.png,,,
dummy_images\WATCH\4.OMEGA\12.4\原图\32.OMEGA SEAMASTER PLANET OCEAN GMT WATCH 232.32.44.22.01.002\主图\232.32.44.22.01.002.jpg,450,,,,
dummy_images\WATCH\4.OMEGA\12.4\原图\32.OMEGA SEAMASTER PLANET OCEAN GMT WATCH 232.32.44.22.01.002\附图\232.32.44.22.01.002-1.jpg,450,dummy_images\WATCH\4.OMEGA\12.4\已整理\32.OMEGA SEAMASTER PLANET OCEAN GMT WATCH 232.32.44.22.01.002\附图\232.32.44.22.01.002-1.jpg,,,
dummy_images\WATCH\4.OMEGA\12.4\原图\32.OMEGA SEAMASTER PLANET OCEAN GMT WATCH 232.32.44.22.01.002\附图\232.32.44.22.01.002-2.jpg,450,dummy_images\WATCH\4.OMEGA\12.4\已整理\32.OMEGA SEAMASTER PLANET OCEAN GMT WATCH 232.32.44.22.01.002\附图\232.32.44.22.01.002-2.jpg,,,
dummy_images\WATCH\4.OMEGA\12.4\原图\32.OMEGA SEAMASTER PLANET OCEAN GMT WATCH 232.32.44.22.01.002\附图\232.32.44.22.01.002-3.jpg,450,dummy_images\WATCH\4.OMEGA\12.4\已整理\32.OMEGA SEAMASTER PLANET OCEAN GMT WATCH 232.32.44.22.01.002\附图\232.32.44.22.01.002-3.jpg,,,
dummy_images\WATCH\4.OMEGA\12.5\原图\1...OMEGA CONSTELACION WATCH 131.33.41.21.06.001\主图\131.33.41.21.06.001.png,465,,,,
dummy_images\WATCH\4.OMEGA\12.5\原图\1...OMEGA CONSTELACION WATCH 131.33.41.21.06.001\附图\131.33.41.21.06.001-1.jpeg,465,dummy_images\WATCH\4.OMEGA\12.5\已处理\1...OMEGA CONSTELACION WATCH 131.33.41.21.06.001\附图\131.33.41.21.06.001-1.jpeg,,,
dummy_images\WATCH\4.OMEGA\12.5\原图\1...OMEGA CONSTELACION WATCH 131.33.41.21.06.001\附图\131.33.41.21.06.001-2.jpeg,465,dummy_images\WATCH\4.OMEGA\12.5\已处理\1...OMEGA CONSTELACION WATCH 131.33.41.21.06.001\附图\131.33.41.21.06.001-2.jpeg,,,
dummy_images\WATCH\4.OMEGA\12.5\原图\1...OMEGA CONSTELACION WATCH 131.33.41.21.06.001\附图\131.33.41.21.06.001-3.png,465,dummy_images\WATCH\4.OMEGA\12.5\已处理\1...OMEGA CONSTELACION WATCH 131.33.41.21.06.001\附图\131.33.41.21.06.001-3.png,,,
dummy_images\WATCH\4.OMEGA\12.5\原图\1...OMEGA CONSTELACION WATCH 131.33.41.21.06.001\附图\131.33.41.21.06.001-4.png,465,dummy_images\WATCH\4.OMEGA\12.5\已处理\1...OMEGA CONSTELACION WATCH 131.33.41.21.06.001\附图\131.33.41.21.06.001-4.png,,,
dummy_images\WATCH\4.OMEGA\12.5\原图\1...OMEGA CONSTELACION WATCH 131.33.41.21.06.001\附图\131.33.41.21.06.001-5.png,465,dummy_images\WATCH\4.OMEGA\12.5\已处理\1...OMEGA CONSTELACION WATCH 131.33.41.21.06.001\附图\131.33.41.21.06.001-5.png,,,
dummy_images\WATCH\4.OMEGA\12.5\原图\2.OMEGA CONSTELLATION WATCH 131.10.28.60.56.001\主图\131.10.28.60.56.001.png,466,,,,
dummy_images\WATCH\4.OMEGA\12.5\原图\2.OMEGA CONSTELLATION WATCH 131.10.28.60.56.001\附图\131.10.28.60.56.001-1.png,466,dummy_images\WATCH\4.OMEGA\12.5\已处理\2.OMEGA CONSTELLATION WATCH 131.10.28.60.56.001\附图\131.10.28.60.56.001-1.png,,,
dummy_images\WATCH\4.OMEGA\12.5\原图\2.OMEGA CONSTELLATION WATCH 131.10.28.60.56.001\附图\131.10.28.60.56.001-2.png,466,dummy_images\WATCH\4.OMEGA\12.5\已处理\2.OMEGA CONSTELLATION WATCH 131.10.28.60.56.001\附图\131.10.28.60.56.001-2.png,,,
dummy_images\WATCH\4.OMEGA\12.5\原图\2.OMEGA CONSTELLATION WATCH 131.10.28.60.56.001\附图\131.10.28.60.56.001-3.png,466,dummy_images\WATCH\4.OMEGA\12.5\已处理\2.OMEGA CONSTELLATION WATCH 131.10.28.60.56.001\附图\131.10.28.60.56.001-3.png,,,
dummy_images\WATCH\4.OMEGA\12.5\原图\2.OMEGA CONSTELLATION WATCH 131.10.28.60.56.001\附图\131.10.28.60.56.001-4.png,466,dummy_images\WATCH\4.OMEGA\12.5\已处理\2.OMEGA CONSTELLATION WATCH 131.10.28.60.56.001\附图\131.10.28.60.56.001-4.png,,,
dummy_images\WATCH\4.OMEGA\12.5\原图\2.OMEGA CONSTELLATION WATCH 131.10.28.60.56.001\附图\131.10.28.60.56.001-5.png,466,dummy_images\WATCH\4.OMEGA\12.5\已处理\2.OMEGA CONSTELLATION WATCH 131.10.28.60.56.001\附图\131.10.28.60.56.001-5.png,,,
dummy_images\WATCH\4.OMEGA\12.5\原图\4.OMEGA CONSTELLATION WATCH 131.10.28.60.55.001\主图\131.10.28.60.55.001.png,467,,,,
dummy_images\WATCH\4.OMEGA\12.5\原图\4.OMEGA CONSTELLATION WATCH 131.10.28.60.55.001\附图\131.10.28.60.55.001-1.png,467,dummy_images\WATCH\4.OMEGA\12.5\已处理\4.OMEGA CONSTELLATION WATCH 131.10.28.60.55.001\附图\131.10.28.60.55.001-1.png,,,
dummy_images\WATCH\4.OMEGA\12.5\原图\4.OMEGA CONSTELLATION WATCH 131.10.28.60.55.001\附图\131.10.28.60.55.001-2.png,467,dummy_images\WATCH\4.OMEGA\12.5\已处理\4.OMEGA CONSTELLATION WATCH 131.10.28.60.55.001\附图\131.10.28.60.55.001-2.png,,,
dummy_images\WATCH\4.OMEGA\12.5\原图\4.OMEGA CONSTELLATION WATCH 131.10.28.60.55.001\附图\131.10.28.60.55.001-3.png,467,dummy_images\WATCH\4.OMEGA\12.5\已处理\4.OMEGA CONSTELLATION WATCH 131.10.28.60.55.001\附图\131.10.28.60.55.001-3.png,,,
dummy_images\WATCH\4.OMEGA\12.5\原图\4.OMEGA CONSTELLATION WATCH 131.10.28.60.55.001\附图\131.10.28.60.55.001-4.png,467,dummy_images\WATCH\4.OMEGA\12.5\已处理\4.OMEGA CONSTELLATION WATCH 131.10.28.60.55.001\附图\131.10.28.60.55.001-4.png,,,
dummy_images\WATCH\4.OMEGA\12.5\原图\4.OMEGA CONSTELLATION WATCH 131.10.28.60.55.001\附图\131.10.28.60.55.001-5.png,467,dummy_images\WATCH\4.OMEGA\12.5\已处理\4.OMEGA CONSTELLATION WATCH 131.10.28.60.55.001\附图\131.10.28.60.55.001-5.png,,,
dummy_images\WATCH\4.OMEGA\12.5\原图\5.OMEGA CONSTELLATION WATCH 131.15.28.60.55.001\主图\131.15.28.60.55.001.png,468,,,,
dummy_images\WATCH\4.OMEGA\12.5\原图\5.OMEGA CONSTELLATION WATCH 131.15.28.60.55.001\附图\131.15.28.60.55.001-1.png,468,dummy_images\WATCH\4.OMEGA\12.5\已处理\5.OMEGA CONSTELLATION WATCH 131.15.28.60.55.001\附图\131.15.28.60.55.001-1.png,,,
dummy_images\WATCH\4.OMEGA\12.5\原图\5.OMEGA CONSTELLATION WATCH 131.15.28.60.55.001\附图\131.15.28.60.55.001-2.png,468,dummy_images\WATCH\4.OMEGA\12.5\已处理\5.OMEGA CONSTELLATION WATCH 131.15.28.60.55.001\附图\131.15.28.60.55.001-2.png,,,
dummy_images\WATCH\4.OMEGA\12.5\原图\5.OMEGA CONSTELLATION WATCH 131.15.28.60.55.001\附图\131.15.28.60.55.001-3.png,468,dummy_images\WATCH\4.OMEGA\12.5\已处理\5.OMEGA CONSTELLATION WATCH 131.15.28.60.55.001\附图\131.15.28.60.55.001-3.png,,,
dummy_images\WATCH\4.OMEGA\12.5\原图\5.OMEGA CONSTELLATION WATCH 131.15.28.60.55.001\附图\131.15.28.60.55.001-4.png,468,dummy_images\WATCH\4.OMEGA\12.5\已处理\5.OMEGA CONSTELLATION WATCH 131.15.28.60.55.001\附图\131.15.28.60.55.001-4.png,,,
dummy_images\WATCH\4.OMEGA\12.5\原图\5.OMEGA CONSTELLATION WATCH 131.15.28.60.55.001\附图\131.15.28.60.55.001-5.png,468,dummy_images\WATCH\4.OMEGA\12.5\已处理\5.OMEGA CONSTELLATION WATCH 131.15.28.60.55.001\附图\131.15.28.60.55.001-5.png,,,
dummy_images\WATCH\4.OMEGA\12.5\原图\6...OMEGA CONSTELLATION WATCH 131.20.28.60.52.001\主图\131.20.28.60.52.001.png,469,,,,
dummy_images\WATCH\4.OMEGA\12.5\原图\6...OMEGA CONSTELLATION WATCH 131.20.28.60.52.001\附图\131.20.28.60.52.001-1.png,469,dummy_images\WATCH\4.OMEGA\12.5\已处理\6.OMEGA CONSTELLATION WATCH 131.20.28.60.52.001\附图\131.20.28.60.52.001-1.png,,,
dummy_images\WATCH\4.OMEGA\12.5\原图\6...OMEGA CONSTELLATION WATCH 131.20.28.60.52.001\附图\131.20.28.60.52.001-2.png,469,dummy_images\WATCH\4.OMEGA\12.5\已处理\6.OMEGA CONSTELLATION WATCH 131.20.28.60.52.001\附图\131.20.28.60.52.001-2.png,,,
dummy_images\WATCH\4.OMEGA\12.5\原图\6...OMEGA CONSTELLATION WATCH 131.20.28.60.52.001\附图\131.20.28.60.52.001-3.png,469,dummy_images\WATCH\4.OMEGA\12.5\已处理\6.OMEGA CONSTELLATION WATCH 131.20.28.60.52.001\附图\131.20.28.60.52.001-3.png,,,
dummy_images\WATCH\4.OMEGA\12.5\原图\6...OMEGA CONSTELLATION WATCH 131.20.28.60.52.001\附图\131.20.28.60.52.001-4.png,469,dummy_images\WATCH\4.OMEGA\12.5\已处理\6.OMEGA CONSTELLATION WATCH 131.20.28.60.52.001\附图\131.20.28.60.52.001-4.png,,,
dummy_images\WATCH\4.OMEGA\12.5\原图\6...OMEGA CONSTELLATION WATCH 131.20.28.60.52.001\附图\131.20.28.60.52.001-5.png,469,dummy_images\WATCH\4.OMEGA\12.5\已处理\6.OMEGA CONSTELLATION WATCH 131.20.28.60.52.001\附图\131.20.28.60.52.001-5.png,,,
dummy_images\WATCH\4.OMEGA\12.5\原图\7.OMEGA CONSTELLATION WATCH 131.25.28.60.55.001\主图\131.25.28.60.55.001.png,470,,,,
dummy_images\WATCH\4.OMEGA\12.5\原图\7.OMEGA CONSTELLATION WATCH 131.25.28.60.55.001\附图\131.25.28.60.55.001-1.png,470,dummy_images\WATCH\4.OMEGA\12.5\已处理\7.OMEGA CONSTELLATION WATCH 131.25.28.60.55.001\附图\131.25.28.60.55.001-1.png,,,
dummy_images\WATCH\4.OMEGA\12.5\原图\7.OMEGA CONSTELLATION WATCH 131.25.28.60.55.001\附图\131.25.28.60.55.001-2.png,470,dummy_images\WATCH\4.OMEGA\12.5\已处理\7.OMEGA CONSTELLATION WATCH 131.25.28.60.55.001\附图\131.25.28.60.55.001-2.png,,,
dummy_images\WATCH\4.OMEGA\12.5\原图\7.OMEGA CONSTELLATION WATCH 131.25.28.60.55.001\附图\131.25.28.60.55.001-3.png,470,dummy_images\WATCH\4.OMEGA\12.5\已处理\7.OMEGA CONSTELLATION WATCH 131.25.28.60.55.001\附图\131.25.28.60.55.001-3.png,,,
dummy_images\WATCH\4.OMEGA\12.5\原图\7.OMEGA CONSTELLATION WATCH 131.25.28.60.55.001\附图\131.25.28.60.55.001-4.png,470,dummy_images\WATCH\4.OMEGA\12.5\已处理\7.OMEGA CONSTELLATION WATCH 131.25.28.60.55.001\附图\131.25.28.60.55.001-4.png,,,
dummy_images\WATCH\4.OMEGA\12.5\原图\7.OMEGA CONSTELLATION WATCH 131.25.28.60.55.001\附图\131.25.28.60.55.001-5.png,470,dummy_images\WATCH\4.OMEGA\12.5\已处理\7.OMEGA CONSTELLATION WATCH 131.25.28.60.55.001\附图\131.25.28.60.55.001-5.png,,,
dummy_images\WATCH\4.OMEGA\12.5\原图\8...OMEGA CONSTELLATION WATCH 131.20.28.60.63.001\主图\131.20.28.60.63.001.png,471,,,,
dummy_images\WATCH\4.OMEGA\12.5\原图\8...OMEGA CONSTELLATION WATCH 131.20.28.60.63.001\附图\131.20.28.60.63.001-1.png,471,dummy_images\WATCH\4.OMEGA\12.5\已处理\8...OMEGA CONSTELLATION WATCH 131.20.28.60.63.001\附图\131.20.28.60.63.001-1.png,,,
dummy_images\WATCH\4.OMEGA\12.5\原图\8...OMEGA CONSTELLATION WATCH 131.20.28.60.63.001\附图\131.20.28.60.63.001-2.png,471,dummy_images\WATCH\4.OMEGA\12.5\已处理\8...OMEGA CONSTELLATION WATCH 131.20.28.60.63.001\附图\131.20.28.60.63.001-2.png,,,
dummy_images\WATCH\4.OMEGA\12.5\原图\8...OMEGA CONSTELLATION WATCH 131.20.28.60.63.001\附图\131.20.28.60.63.001-3.png,471,dummy_images\WATCH\4.OMEGA\12.5\已处理\8...OMEGA CONSTELLATION WATCH 131.20.28.60.63.001\附图\131.20.28.60.63.001-3.png,,,
dummy_images\WATCH\4.OMEGA\12.5\原图\8...OMEGA CONSTELLATION WATCH 131.20.28.60.63.001\附图\131.20.28.60.63.001-4.png,471,dummy_images\WATCH\4.OMEGA\12.5\已处理\8...OMEGA CONSTELLATION WATCH 131.20.28.60.63.001\附图\131.20.28.60.63.001-4.png,,,
dummy_images\WATCH\4.OMEGA\12.5\原图\8...OMEGA CONSTELLATION WATCH 131.20.28.60.63.001\附图\131.20.28.60.63.001-5.png,471,dummy_images\WATCH\4.OMEGA\12.5\已处理\8...OMEGA CONSTELLATION WATCH 131.20.28.60.63.001\附图\131.20.28.60.63.001-5.png,,,
dummy_images\WATCH\4.OMEGA\12.5\原图\9...OMEGA CONSTELLATION WATCH 131.25.28.60.63.001\主图\131.25.28.60.63.001.png,472,,,,
dummy_images\WATCH\4.OMEGA\12.5\原图\9...OMEGA CONSTELLATION WATCH 131.25.28.60.63.001\附图\131.25.28.60.63.001-1.png,472,dummy_images\WATCH\4.OMEGA\12.5\已处理\9...OMEGA CONSTELLATION WATCH 131.25.28.60.63.001\附图\131.25.28.60.63.001-1.png,,,
dummy_images\WATCH\4.OMEGA\12.5\原图\9...OMEGA CONSTELLATION WATCH 131.25.28.60.63.001\附图\131.25.28.60.63.001-2.png,472,dummy_images\WATCH\4.OMEGA\12.5\已处理\9...OMEGA CONSTELLATION WATCH 131.25.28.60.63.001\附图\131.25.28.60.63.001-2.png,,,
dummy_images\WATCH\4.OMEGA\12.5\原图\9...OMEGA CONSTELLATION WATCH 131.25.28.60.63.001\附图\131.25.28.60.63.001-3.png,472,dummy_images\WATCH\4.OMEGA\12.5\已处理\9...OMEGA CONSTELLATION WATCH 131.25.28.60.63.001\附图\131.25.28.60.63.001-3.png,,,
dummy_images\WATCH\4.OMEGA\12.5\原图\9...OMEGA CONSTELLATION WATCH 131.25.28.60.63.001\附图\131.25.28.60.63.001-4.png,472,dummy_images\WATCH\4.OMEGA\12.5\已处理\9...OMEGA CONSTELLATION WATCH 131.25.28.60.63.001\附图\131.25.28.60.63.001-4.png,,,
dummy_images\WATCH\4.OMEGA\12.5\原图\9...OMEGA CONSTELLATION WATCH 131.25.28.60.63.001\附图\131.25.28.60.63.001-5.png,472,dummy_images\WATCH\4.OMEGA\12.5\已处理\9...OMEGA CONSTELLATION WATCH 131.25.28.60.63.001\附图\131.25.28.60.63.001-5.png,,,
dummy_images\WATCH\4.OMEGA\12.5\原图\10...OMEGA CONSTELLATION WATCH 131.20.28.60.58.001\主图\131.20.28.60.58.001.png,473,,,,
dummy_images\WATCH\4.OMEGA\12.5\原图\10...OMEGA CONSTELLATION WATCH 131.20.28.60.58.001\附图\131.20.28.60.58.001-1.png,473,dummy_images\WATCH\4.OMEGA\12.5\已处理\10...OMEGA CONSTELLATION WATCH 131.20.28.60.58.001\附图\131.20.28.60.58.001-1.png,,,
dummy_images\WATCH\4.OMEGA\12.5\原图\10...OMEGA CONSTELLATION WATCH 131.20.28.60.58.001\附图\131.20.28.60.58.001-2.png,473,dummy_images\WATCH\4.OMEGA\12.5\已处理\10...OMEGA CONSTELLATION WATCH 131.20.28.60.58.001\附图\131.20.28.60.58.001-2.png,,,
dummy_images\WATCH\4.OMEGA\12.5\原图\10...OMEGA CONSTELLATION WATCH 131.20.28.60.58.001\附图\131.20.28.60.58.001-3.png,473,dummy_images\WATCH\4.OMEGA\12.5\已处理\10...OMEGA CONSTELLATION WATCH 131.20.28.60.58.001\附图\131.20.28.60.58.001-3.png,,,
dummy_images\WATCH\4.OMEGA\12.5\原图\10...OMEGA CONSTELLATION WATCH 131.20.28.60.58.001\附图\131.20.28.60.58.001-4.png,473,dummy_images\WATCH\4.OMEGA\12.5\已处理\10...OMEGA CONSTELLATION WATCH 131.20.28.60.58.001\附图\131.20.28.60.58.001-4.png,,,
dummy_images\WATCH\4.OMEGA\12.5\原图\10...OMEGA CONSTELLATION WATCH 131.20.28.60.58.001\附图\131.20.28.60.58.001-5.png,473,dummy_images\WATCH\4.OMEGA\12.5\已处理\10...OMEGA CONSTELLATION WATCH 131.20.28.60.58.001\附图\131.20.28.60.58.001-5.png,,,
dummy_images\WATCH\4.OMEGA\12.5\原图\11...OMEGA CONSTELLATION WATCH 131.25.28.60.58.001\主图\131.25.28.60.58.001.png,474,,,,
dummy_images\WATCH\4.OMEGA\12.5\原图\11...OMEGA CONSTELLATION WATCH 131.25.28.60.58.001\附图\131.25.28.60.58.001-1.png,474,dummy_images\WATCH\4.OMEGA\12.5\已处理\11...OMEGA CONSTELLATION WATCH 131.25.28.60.58.001\附图\131.25.28.60.58.001-1.png,,,
dummy_images\WATCH\4.OMEGA\12.5\原图\11...OMEGA CONSTELLATION WATCH 131.25.28.60.58.001\附图\131.25.28.60.58.001-2.png,474,dummy_images\WATCH\4.OMEGA\12.5\已处理\11...OMEGA CONSTELLATION WATCH 131.25.28.60.58.001\附图\131.25.28.60.58.001-2.png,,,
dummy_images\WATCH\4.OMEGA\12.5\原图\11...OMEGA CONSTELLATION WATCH 131.25.28.60.58.001\附图\131.25.28.60.58.001-3.png,474,dummy_images\WATCH\4.OMEGA\12.5\已处理\11...OMEGA CONSTELLATION WATCH 131.25.28.60.58.001\附图\131.25.28.60.58.001-3.png,,,
dummy_images\WATCH\4.OMEGA\12.5\原图\11...OMEGA CONSTELLATION WATCH 131.25.28.60.58.001\附图\131.25.28.60.58.001-4.png,474,dummy_images\WATCH\4.OMEGA\12.5\已处理\11...OMEGA CONSTELLATION WATCH 131.25.28.60.58.001\附图\131.25.28.60.58.001-4.png,,,
dummy_images\WATCH\4.OMEGA\12.5\原图\11...OMEGA CONSTELLATION WATCH 131.25.28.60.58.001\附图\131.25.28.60.58.001-5.png,474,dummy_images\WATCH\4.OMEGA\12.5\已处理\11...OMEGA CONSTELLATION WATCH 131.25.28.60.58.001\附图\131.25.28.60.58.001-5.png,,,
dummy_images\WATCH\4.OMEGA\12.5\原图\12.OMEGA CONSTELLATION WATCH 131.20.28.60.02.002\主图\131.20.28.60.02.002.jpg,475,,,,
dummy_images\WATCH\4.OMEGA\12.5\原图\12.OMEGA CONSTELLATION WATCH 131.20.28.60.02.002\附图\131.20.28.60.02.002-1.png,475,dummy_images\WATCH\4.OMEGA\12.5\已处理\12.OMEGA CONSTELLATION WATCH 131.20.28.60.02.002\附图\131.20.28.60.02.002-1.png,,,
dummy_images\WATCH\4.OMEGA\12.5\原图\12.OMEGA CONSTELLATION WATCH 131.20.28.60.02.002\附图\131.20.28.60.02.002-2.png,475,dummy_images\WATCH\4.OMEGA\12.5\已处理\12.OMEGA CONSTELLATION WATCH 131.20.28.60.02.002\附图\131.20.28.60.02.002-2.png,,,
dummy_images\WATCH\4.OMEGA\12.5\原图\12.OMEGA CONSTELLATION WATCH 131.20.28.60.02.002\附图\131.20.28.60.02.002-3.png,475,dummy_images\WATCH\4.OMEGA\12.5\已处理\12.OMEGA CONSTELLATION WATCH 131.20.28.60.02.002\附图\131.20.28.60.02.002-3.png,,,
dummy_images\WATCH\4.OMEGA\12.5\原图\12.OMEGA CONSTELLATION WATCH 131.20.28.60.02.002\附图\131.20.28.60.02.002-4.png,475,dummy_images\WATCH\4.OMEGA\12.5\已处理\12.OMEGA CONSTELLATION WATCH 131.20.28.60.02.002\附图\131.20.28.60.02.002-4.png,,,
dummy_images\WATCH\4.OMEGA\12.5\原图\12.OMEGA CONSTELLATION WATCH 131.20.28.60.02.002\附图\131.20.28.60.02.002-5.png,475,dummy_images\WATCH\4.OMEGA\12.5\已处理\12.OMEGA CONSTELLATION WATCH 131.20.28.60.02.002\附图\131.20.28.60.02.002-5.png,,,
dummy_images\WATCH\4.OMEGA\12.5\原图\13.OMEGA CONSTELLATION WATCH 131.20.28.60.02.001\主图\131.20.28.60.02.001.jpg,476,,,,
dummy_images\WATCH\4.OMEGA\12.5\原图\13.OMEGA CONSTELLATION WATCH 131.20.28.60.02.001\附图\131.20.28.60.02.001-1.png,476,dummy_images\WATCH\4.OMEGA\12.5\已处理\13.OMEGA CONSTELLATION WATCH 131.20.28.60.02.001\附图\131.20.28.60.02.001-1.png,,,
dummy_images\WATCH\4.OMEGA\12.5\原图\13.OMEGA CONSTELLATION WATCH 131.20.28.60.02.001\附图\131.20.28.60.02.001-2.png,476,dummy_images\WATCH\4.OMEGA\12.5\已处理\13.OMEGA CONSTELLATION WATCH 131.20.28.60.02.001\附图\131.20.28.60.02.001-2.png,,,
dummy_images\WATCH\4.OMEGA\12.5\原图\13.OMEGA CONSTELLATION WATCH 131.20.28.60.02.001\附图\131.20.28.60.02.001-3.png,476,dummy_images\WATCH\4.OMEGA\12.5\已处理\13.OMEGA CONSTELLATION WATCH 131.20.28.60.02.001\附图\131.20.28.60.02.001-3.png,,,
dummy_images\WATCH\4.OMEGA\12.5\原图\13.OMEGA CONSTELLATION WATCH 131.20.28.60.02.001\附图\131.20.28.60.02.001-4.png,476,dummy_images\WATCH\4.OMEGA\12.5\已处理\13.OMEGA CONSTELLATION WATCH 131.20.28.60.02.001\附图\131.20.28.60.02.001-4.png,,,
dummy_images\WATCH\4.OMEGA\12.5\原图\13.OMEGA CONSTELLATION WATCH 131.20.28.60.02.001\附图\131.20.28.60.02.001-5.png,476,dummy_images\WATCH\4.OMEGA\12.5\已处理\13.OMEGA CONSTELLATION WATCH 131.20.28.60.02.001\附图\131.20.28.60.02.001-5.png,,,
dummy_images\WATCH\4.OMEGA\12.5\原图\14.OMEGA CONSTELLATION WATCH 131.20.28.60.08.001\主图\131.20.28.60.08.001.jpg,477,,,,
dummy_images\WATCH\4.OMEGA\12.5\原图\14.OMEGA CONSTELLATION WATCH 131.20.28.60.08.001\附图\131.20.28.60.08.001-1.jpg,477,dummy_images\WATCH\4.OMEGA\12.5\已处理\14.OMEGA CONSTELLATION WATCH 131.20.28.60.08.001\附图\131.20.28.60.08.001-1.jpg,,,
dummy_images\WATCH\4.OMEGA\12.5\原图\14.OMEGA CONSTELLATION WATCH 131.20.28.60.08.001\附图\131.20.28.60.08.001-2.jpg,477,dummy_images\WATCH\4.OMEGA\12.5\已处理\14.OMEGA CONSTELLATION WATCH 131.20.28.60.08.001\附图\131.20.28.60.08.001-2.jpg,,,
dummy_images\WATCH\4.OMEGA\12.5\原图\14.OMEGA CONSTELLATION WATCH 131.20.28.60.08.001\附图\131.20.28.60.08.001-3.jpg,477,dummy_images\WATCH\4.OMEGA\12.5\已处理\14.OMEGA CONSTELLATION WATCH 131.20.28.60.08.001\附图\131.20.28.60.08.001-3.jpg,,,
"dummy_images\WATCH\4.OMEGA\12.5\原图\16...ROLEX SKY-DWELLER OYSTER, 42 MM, OYSTERSTEEL AND YELLOW GOLD WATCH 336933\主图\336933.png",478,,,,
"dummy_images\WATCH\4.OMEGA\12.5\原图\16...ROLEX SKY-DWELLER OYSTER, 42 MM, OYSTERSTEEL AND YELLOW GOLD WATCH 336933\附图\336933-1.jpeg",478,"dummy_images\WATCH\4.OMEGA\12.5\已处理\16...ROLEX SKY-DWELLER OYSTER, 42 MM, OYSTERSTEEL AND YELLOW GOLD WATCH 336933\附图\336933-1.jpeg",,,
"dummy_images\WATCH\4.OMEGA\12.5\原图\16...ROLEX SKY-DWELLER OYSTER, 42 MM, OYSTERSTEEL AND YELLOW GOLD WATCH 336933\附图\336933-2.png",478,"dummy_images\WATCH\4.OMEGA\12.5\已处理\16...ROLEX SKY-DWELLER OYSTER, 42 MM, OYSTERSTEEL AND YELLOW GOLD WATCH 336933\附图\336933-2.png",,,
"dummy_images\WATCH\4.OMEGA\12.5\原图\16...ROLEX SKY-DWELLER OYSTER, 42 MM, OYSTERSTEEL AND YELLOW GOLD WATCH 336933\附图\336933-3.png",478,"dummy_images\WATCH\4.OMEGA\12.5\已处理\16...ROLEX SKY-DWELLER OYSTER, 42 MM, OYSTERSTEEL AND YELLOW GOLD WATCH 336933\附图\336933-3.png",,,
"dummy_images\WATCH\4.OMEGA\12.5\原图\16...ROLEX SKY-DWELLER OYSTER, 42 MM, OYSTERSTEEL AND YELLOW GOLD WATCH 336933\附图\336933-4.png",478,"dummy_images\WATCH\4.OMEGA\12.5\已处理\16...ROLEX SKY-DWELLER OYSTER, 42 MM, OYSTERSTEEL AND YELLOW GOLD WATCH 336933\附图\336933-4.png",,,
"dummy_images\WATCH\4.OMEGA\12.5\原图\19...ROLEX SKY-DWELLER OYSTER, 42 MM, OYSTERSTEEL AND WHITE GOLD WATCH 336934\主图\336934.png",479,,,,
"dummy_images\WATCH\4.OMEGA\12.5\原图\19...ROLEX SKY-DWELLER OYSTER, 42 MM, OYSTERSTEEL AND WHITE GOLD WATCH 336934\附图\336934-1.jpeg",479,"dummy_images\WATCH\4.OMEGA\12.5\已处理\19...ROLEX SKY-DWELLER OYSTER, 42 MM, OYSTERSTEEL AND WHITE GOLD WATCH 336934\附图\336934-1.jpeg",,,
"dummy_images\WATCH\4.OMEGA\12.5\原图\19...ROLEX SKY-DWELLER OYSTER, 42 MM, OYSTERSTEEL AND WHITE GOLD WATCH 336934\附图\336934-2.png",479,"dummy_images\WATCH\4.OMEGA\12.5\已处理\19...ROLEX SKY-DWELLER OYSTER, 42 MM, OYSTERSTEEL AND WHITE GOLD WATCH 336934\附图\336934-2.png",,,
"dummy_images\WATCH\4.OMEGA\12.5\原图\19...ROLEX SKY-DWELLER OYSTER, 42 MM, OYSTERSTEEL AND WHITE GOLD WATCH 336934\附图\336934-3.png",479,"dummy_images\WATCH\4.OMEGA\12.5\已处理\19...ROLEX SKY-DWELLER OYSTER, 42 MM, OYSTERSTEEL AND WHITE GOLD WATCH 336934\附图\336934-3.png",,,
"dummy_images\WATCH\4.OMEGA\12.5\原图\19...ROLEX SKY-DWELLER OYSTER, 42 MM, OYSTERSTEEL AND WHITE GOLD WATCH 336934\附图\336934-4.png",479,"dummy_images\WATCH\4.OMEGA\12.5\已处理\19...ROLEX SKY-DWELLER OYSTER, 42 MM, OYSTERSTEEL AND WHITE GOLD WATCH 336934\附图\336934-4.png",,,
dummy_images\WATCH\4.OMEGA\12.5\原图\20.ROLEX SKY-DWELLER 42MM WHITE GOLD WHITE ROMAN DIAL WATCH 326939\主图\1-326939.jpg,480,,,,
dummy_images\WATCH\4.OMEGA\12.5\原图\20.ROLEX SKY-DWELLER 42MM WHITE GOLD WHITE ROMAN DIAL WATCH 326939\附图\1-326939-1.jpg,480,dummy_images\WATCH\4.OMEGA\12.5\已处理\20.ROLEX SKY-DWELLER 42MM WHITE GOLD WHITE ROMAN DIAL WATCH 326939\附图\1-326939-1.jpg,,,
dummy_images\WATCH\4.OMEGA\12.5\原图\20.ROLEX SKY-DWELLER 42MM WHITE GOLD WHITE ROMAN DIAL WATCH 326939\附图\1-326939-2.jpg,480,dummy_images\WATCH\4.OMEGA\12.5\已处理\20.ROLEX SKY-DWELLER 42MM WHITE GOLD WHITE ROMAN DIAL WATCH 326939\附图\1-326939-2.jpg,,,
dummy_images\WATCH\4.OMEGA\12.5\原图\20.ROLEX SKY-DWELLER 42MM WHITE GOLD WHITE ROMAN DIAL WATCH 326939\附图\1-326939-3.jpg,480,dummy_images\WATCH\4.OMEGA\12.5\已处理\20.ROLEX SKY-DWELLER 42MM WHITE GOLD WHITE ROMAN DIAL WATCH 326939\附图\1-326939-3.jpg,,,
"dummy_images\WATCH\4.OMEGA\12.5\原图\21...ROLEX SKY-DWELLER OYSTER, 42 MM, OYSTERSTEEL AND WHITE GOLD WATCH 336934\主图\1-336934.png",481,,,,
"dummy_images\WATCH\4.OMEGA\12.5\原图\21...ROLEX SKY-DWELLER OYSTER, 42 MM, OYSTERSTEEL AND WHITE GOLD WATCH 336934\附图\1-336934-1.jpeg",481,"dummy_images\WATCH\4.OMEGA\12.5\已处理\21...ROLEX SKY-DWELLER OYSTER, 42 MM, OYSTERSTEEL AND WHITE GOLD WATCH 336934\附图\1-336934-1.jpeg",,,
"dummy_images\WATCH\4.OMEGA\12.5\原图\21...ROLEX SKY-DWELLER OYSTER, 42 MM, OYSTERSTEEL AND WHITE GOLD WATCH 336934\附图\1-336934-2.png",481,"dummy_images\WATCH\4.OMEGA\12.5\已处理\21...ROLEX SKY-DWELLER OYSTER, 42 MM, OYSTERSTEEL AND WHITE GOLD WATCH 336934\附图\1-336934-2.png",,,
"dummy_images\WATCH\4.OMEGA\12.5\原图\21...ROLEX SKY-DWELLER OYSTER, 42 MM, OYSTERSTEEL AND WHITE GOLD WATCH 336934\附图\1-336934-3.png",481,"dummy_images\WATCH\4.OMEGA\12.5\已处理\21...ROLEX SKY-DWELLER OYSTER, 42 MM, OYSTERSTEEL AND WHITE GOLD WATCH 336934\附图\1-336934-3.png",,,
"dummy_images\WATCH\4.OMEGA\12.5\原图\22...ROLEX SKY-DWELLER OYSTER, 42 MM, OYSTERSTEEL AND YELLOW GOLD WATCH 336933\主图\1-336933.png",482,,,,
"dummy_images\WATCH\4.OMEGA\12.5\原图\22...ROLEX SKY-DWELLER OYSTER, 42 MM, OYSTERSTEEL AND YELLOW GOLD WATCH 336933\附图\1-336933-1.jpeg",482,"dummy_images\WATCH\4.OMEGA\12.5\已处理\22...ROLEX SKY-DWELLER OYSTER, 42 MM, OYSTERSTEEL AND YELLOW GOLD WATCH 336933\附图\1-336933-1.jpeg",,,
"dummy_images\WATCH\4.OMEGA\12.5\原图\22...ROLEX SKY-DWELLER OYSTER, 42 MM, OYSTERSTEEL AND YELLOW GOLD WATCH 336933\附图\1-336933-2.png",482,"dummy_images\WATCH\4.OMEGA\12.5\已处理\22...ROLEX SKY-DWELLER OYSTER, 42 MM, OYSTERSTEEL AND YELLOW GOLD WATCH 336933\附图\1-336933-2.png",,,
"dummy_images\WATCH\4.OMEGA\12.5\原图\22...ROLEX SKY-DWELLER OYSTER, 42 MM, OYSTERSTEEL AND YELLOW GOLD WATCH 336933\附图\1-336933-3.png",482,"dummy_images\WATCH\4.OMEGA\12.5\已处理\22...ROLEX SKY-DWELLER OYSTER, 42 MM, OYSTERSTEEL AND YELLOW GOLD WATCH 336933\附图\1-336933-3.png",,,
"dummy_images\WATCH\4.OMEGA\12.5\原图\22...ROLEX SKY-DWELLER OYSTER, 42 MM, OYSTERSTEEL AND YELLOW GOLD WATCH 336933\附图\1-336933-4.png",482,"dummy_images\WATCH\4.OMEGA\12.5\已处理\22...ROLEX SKY-DWELLER OYSTER, 42 MM, OYSTERSTEEL AND YELLOW GOLD WATCH 336933\附图\1-336933-4.png",,,
"dummy_images\WATCH\4.OMEGA\12.5\原图\23...ROLEX DATEJUST 41 OYSTER, 41 MM, OYSTERSTEEL AND YELLOW GOLD WATCH 126333\主图\1-126333.png",483,,,,
"dummy_images\WATCH\4.OMEGA\12.5\原图\23...ROLEX DATEJUST 41 OYSTER, 41 MM, OYSTERSTEEL AND YELLOW GOLD WATCH 126333\附图\1-126333-1.jpeg",483,"dummy_images\WATCH\4.OMEGA\12.5\已处理\23...ROLEX DATEJUST 41 OYSTER, 41 MM, OYSTERSTEEL AND YELLOW GOLD WATCH 126333\附图\1-126333-1.jpeg",,,
"dummy_images\WATCH\4.OMEGA\12.5\原图\23...ROLEX DATEJUST 41 OYSTER, 41 MM, OYSTERSTEEL AND YELLOW GOLD WATCH 126333\附图\1-126333-2.png",483,"dummy_images\WATCH\4.OMEGA\12.5\已处理\23...ROLEX DATEJUST 41 OYSTER, 41 MM, OYSTERSTEEL AND YELLOW GOLD WATCH 126333\附图\1-126333-2.png",,,
"dummy_images\WATCH\4.OMEGA\12.5\原图\23...ROLEX DATEJUST 41 OYSTER, 41 MM, OYSTERSTEEL AND YELLOW GOLD WATCH 126333\附图\1-126333-3.png",483,"dummy_images\WATCH\4.OMEGA\12.5\已处理\23...ROLEX DATEJUST 41 OYSTER, 41 MM, OYSTERSTEEL AND YELLOW GOLD WATCH 126333\附图\1-126333-3.png",,,
"dummy_images\WATCH\4.OMEGA\12.5\原图\23...ROLEX DATEJUST 41 OYSTER, 41 MM, OYSTERSTEEL AND YELLOW GOLD WATCH 126333\附图\1-126333-4.png",483,"dummy_images\WATCH\4.OMEGA\12.5\已处理\23...ROLEX DATEJUST 41 OYSTER, 41 MM, OYSTERSTEEL AND YELLOW GOLD WATCH 126333\附图\1-126333-4.png",,,
"dummy_images\WATCH\4.OMEGA\12.5\原图\24...ROLEX DATEJUST 41 OYSTER, 41 MM, OYSTERSTEEL AND EVEROSE GOLD WATCH 126331\主图\126331.png",484,,,,
"dummy_images\WATCH\4.OMEGA\12.5\原图\24...ROLEX DATEJUST 41 OYSTER, 41 MM, OYSTERSTEEL AND EVEROSE GOLD WATCH 126331\附图\126331-1.jpeg",484,"dummy_images\WATCH\4.OMEGA\12.5\已处理\24...ROLEX DATEJUST 41 OYSTER, 41 MM, OYSTERSTEEL AND EVEROSE GOLD WATCH 126331\附图\126331-1.jpeg",,,
"dummy_images\WATCH\4.OMEGA\12.5\原图\24...ROLEX DATEJUST 41 OYSTER, 41 MM, OYSTERSTEEL AND EVEROSE GOLD WATCH 126331\附图\126331-2.png",484,"dummy_images\WATCH\4.OMEGA\12.5\已处理\24...ROLEX DATEJUST 41 OYSTER, 41 MM, OYSTERSTEEL AND EVEROSE GOLD WATCH 126331\附图\126331-2.png",,,
"dummy_images\WATCH\4.OMEGA\12.5\原图\24...ROLEX DATEJUST 41 OYSTER, 41 MM, OYSTERSTEEL AND EVEROSE GOLD WATCH 126331\附图\126331-3.png",484,"dummy_images\WATCH\4.OMEGA\12.5\已处理\24...ROLEX DATEJUST 41 OYSTER, 41 MM, OYSTERSTEEL AND EVEROSE GOLD WATCH 126331\附图\126331-3.png",,,
"dummy_images\WATCH\4.OMEGA\12.5\原图\24...ROLEX DATEJUST 41 OYSTER, 41 MM, OYSTERSTEEL AND EVEROSE GOLD WATCH 126331\附图\126331-4.png",484,"dummy_images\WATCH\4.OMEGA\12.5\已处理\24...ROLEX DATEJUST 41 OYSTER, 41 MM, OYSTERSTEEL AND EVEROSE GOLD WATCH 126331\附图\126331-4.png",,,
dummy_images\WATCH\4.OMEGA\12.5\原图\25.ROLEX DATEJUST 41 WATCH 126331\主图\1-126331.jpg,485,,,,
dummy_images\WATCH\4.OMEGA\12.5\原图\25.ROLEX DATEJUST 41 WATCH 126331\附图\1-126331-1.jpg,485,dummy_images\WATCH\4.OMEGA\12.5\已处理\25.ROLEX DATEJUST 41 WATCH 126331\附图\1-126331-1.jpg,,,
dummy_images\WATCH\4.OMEGA\12.5\原图\25.ROLEX DATEJUST 41 WATCH 126331\附图\1-126331-2.jpg,485,dummy_images\WATCH\4.OMEGA\12.5\已处理\25.ROLEX DATEJUST 41 WATCH 126331\附图\1-126331-2.jpg,,,
dummy_images\WATCH\4.OMEGA\12.5\原图\25.ROLEX DATEJUST 41 WATCH 126331\附图\1-126331-3.jpg,485,dummy_images\WATCH\4.OMEGA\12.5\已处理\25.ROLEX DATEJUST 41 WATCH 126331\附图\1-126331-3.jpg,,,
"dummy_images\WATCH\4.OMEGA\12.5\原图\26...ROLEX DATEJUST 41 OYSTER, 41 MM, OYSTERSTEEL AND EVEROSE GOLD WATCH 126331\主图\2-126331.png",486,,,,
"dummy_images\WATCH\4.OMEGA\12.5\原图\26...ROLEX DATEJUST 41 OYSTER, 41 MM, OYSTERSTEEL AND EVEROSE GOLD WATCH 126331\附图\2-126331-1.jpeg",486,"dummy_images\WATCH\4.OMEGA\12.5\已处理\26...ROLEX DATEJUST 41 OYSTER, 41 MM, OYSTERSTEEL AND EVEROSE GOLD WATCH 126331\附图\2-126331-1.jpeg",,,
"dummy_images\WATCH\4.OMEGA\12.5\原图\26...ROLEX DATEJUST 41 OYSTER, 41 MM, OYSTERSTEEL AND EVEROSE GOLD WATCH 126331\附图\2-126331-2.png",486,"dummy_images\WATCH\4.OMEGA\12.5\已处理\26...ROLEX DATEJUST 41 OYSTER, 41 MM, OYSTERSTEEL AND EVEROSE GOLD WATCH 126331\附图\2-126331-2.png",,,
"dummy_images\WATCH\4.OMEGA\12.5\原图\26...ROLEX DATEJUST 41 OYSTER, 41 MM, OYSTERSTEEL AND EVEROSE GOLD WATCH 126331\附图\2-126331-3.png",486,"dummy_images\WATCH\4.OMEGA\12.5\已处理\26...ROLEX DATEJUST 41 OYSTER, 41 MM, OYSTERSTEEL AND EVEROSE GOLD WATCH 126331\附图\2-126331-3.png",,,
"dummy_images\WATCH\4.OMEGA\12.5\原图\26...ROLEX DATEJUST 41 OYSTER, 41 MM, OYSTERSTEEL AND EVEROSE GOLD WATCH 126331\附图\2-126331-4.png",486,"dummy_images\WATCH\4.OMEGA\12.5\已处理\26...ROLEX DATEJUST 41 OYSTER, 41 MM, OYSTERSTEEL AND EVEROSE GOLD WATCH 126331\附图\2-126331-4.png",,,
"dummy_images\WATCH\4.OMEGA\12.5\原图\27.ROLEX DATEJUST 41 OYSTER, 41 MM, OYSTERSTEEL AND YELLOW GOLD WATCH 126333\主图\126333.png",487,,,,
"dummy_images\WATCH\4.OMEGA\12.5\原图\27.ROLEX DATEJUST 41 OYSTER, 41 MM, OYSTERSTEEL AND YELLOW GOLD WATCH 126333\附图\126333-1.jpeg",487,"dummy_images\WATCH\4.OMEGA\12.5\已处理\27...ROLEX DATEJUST 41 OYSTER, 41 MM, OYSTERSTEEL AND YELLOW GOLD WATCH 126333\附图\126333-1.jpeg",,,
"dummy_images\WATCH\4.OMEGA\12.5\原图\27.ROLEX DATEJUST 41 OYSTER, 41 MM, OYSTERSTEEL AND YELLOW GOLD WATCH 126333\附图\126333-2.png",487,"dummy_images\WATCH\4.OMEGA\12.5\已处理\27...ROLEX DATEJUST 41 OYSTER, 41 MM, OYSTERSTEEL AND YELLOW GOLD WATCH 126333\附图\126333-2.png",,,
"dummy_images\WATCH\4.OMEGA\12.5\原图\27.ROLEX DATEJUST 41 OYSTER, 41 MM, OYSTERSTEEL AND YELLOW GOLD WATCH 126333\附图\126333-3.png",487,"dummy_images\WATCH\4.OMEGA\12.5\已处理\27...ROLEX DATEJUST 41 OYSTER, 41 MM, OYSTERSTEEL AND YELLOW GOLD WATCH 126333\附图\126333-3.png",,,
"dummy_images\WATCH\4.OMEGA\12.5\原图\27.ROLEX DATEJUST 41 OYSTER, 41 MM, OYSTERSTEEL AND YELLOW GOLD WATCH 126333\附图\126333-4.png",487,"dummy_images\WATCH\4.OMEGA\12.5\已处理\27...ROLEX DATEJUST 41 OYSTER, 41 MM, OYSTERSTEEL AND YELLOW GOLD WATCH 126333\附图\126333-4.png",,,
dummy_images\WATCH\4.OMEGA\12.5\原图\28.ROLEX YACHT-MASTER II 44MM SEVEROSE GOLD BLUE CERAMIC BEZEL WATCH 116681\主图\116681.jpg,488,,,,
dummy_images\WATCH\4.OMEGA\12.5\原图\28.ROLEX YACHT-MASTER II 44MM SEVEROSE GOLD BLUE CERAMIC BEZEL WATCH 116681\附图\116681-1.jpg,488,dummy_images\WATCH\4.OMEGA\12.5\已处理\28.ROLEX YACHT-MASTER II 44MM SEVEROSE GOLD BLUE CERAMIC BEZEL WATCH 116681\附图\116681-1.jpg,,,
dummy_images\WATCH\4.OMEGA\12.5\原图\28.ROLEX YACHT-MASTER II 44MM SEVEROSE GOLD BLUE CERAMIC BEZEL WATCH 116681\附图\116681-2.jpg,488,dummy_images\WATCH\4.OMEGA\12.5\已处理\28.ROLEX YACHT-MASTER II 44MM SEVEROSE GOLD BLUE CERAMIC BEZEL WATCH 116681\附图\116681-2.jpg,,,
dummy_images\WATCH\4.OMEGA\12.5\原图\28.ROLEX YACHT-MASTER II 44MM SEVEROSE GOLD BLUE CERAMIC BEZEL WATCH 116681\附图\116681-3.jpg,488,dummy_images\WATCH\4.OMEGA\12.5\已处理\28.ROLEX YACHT-MASTER II 44MM SEVEROSE GOLD BLUE CERAMIC BEZEL WATCH 116681\附图\116681-3.jpg,,,
dummy_images\WATCH\4.OMEGA\12.5\原图\29.ROLEX YACHT-MASTER II 44MM WATCH 116688\主图\116688.jpeg,489,,,,
dummy_images\WATCH\4.OMEGA\12.5\原图\29.ROLEX YACHT-MASTER II 44MM WATCH 116688\附图\116688-1.jpeg,489,dummy_images\WATCH\4.OMEGA\12.5\已处理\29.ROLEX YACHT-MASTER II 44MM WATCH 116688\附图\116688-1.jpeg,,,
dummy_images\WATCH\4.OMEGA\12.5\原图\29.ROLEX YACHT-MASTER II 44MM WATCH 116688\附图\116688-2.jpeg,489,dummy_images\WATCH\4.OMEGA\12.5\已处理\29.ROLEX YACHT-MASTER II 44MM WATCH 116688\附图\116688-2.jpeg,,,
dummy_images\WATCH\4.OMEGA\12.5\原图\29.ROLEX YACHT-MASTER II 44MM WATCH 116688\附图\116688-3.jpeg,489,dummy_images\WATCH\4.OMEGA\12.5\已处理\29.ROLEX YACHT-MASTER II 44MM WATCH 116688\附图\116688-3.jpeg,,,
dummy_images\WATCH\4.OMEGA\12.5\原图\30.ROLEX YACHT-MASTER II 44MM WATCH 116689\主图\116689.jpg,490,,,,
dummy_images\WATCH\4.OMEGA\12.5\原图\30.ROLEX YACHT-MASTER II 44MM WATCH 116689\附图\116689-1.jpg,490,dummy_images\WATCH\4.OMEGA\12.5\已处理\30.ROLEX YACHT-MASTER II 44MM WATCH 116689\附图\116689-1.jpg,,,
dummy_images\WATCH\4.OMEGA\12.5\原图\30.ROLEX YACHT-MASTER II 44MM WATCH 116689\附图\116689-2.jpg,490,dummy_images\WATCH\4.OMEGA\12.5\已处理\30.ROLEX YACHT-MASTER II 44MM WATCH 116689\附图\116689-2.jpg,,,
dummy_images\WATCH\4.OMEGA\12.5\原图\30.ROLEX YACHT-MASTER II 44MM WATCH 116689\附图\116689-3.jpg,490,dummy_images\WATCH\4.OMEGA\12.5\已处理\30.ROLEX YACHT-MASTER II 44MM WATCH 116689\附图\116689-3.jpg,,,
dummy_images\WATCH\4.OMEGA\12.5\原图\30.ROLEX YACHT-MASTER II 44MM WATCH 116689\附图\116689-4.jpg,490,dummy_images\WATCH\4.OMEGA\12.5\已处理\30.ROLEX YACHT-MASTER II 44MM WATCH 116689\附图\116689-4.jpg,,,
dummy_images\WATCH\5.VACHERON CONSTANTIN\12.10\原图\1...VACHERON CONSTANTIN OVERSEAS CHRONOGRAPH 42.5 MM WATCH 5520V-210A-B481\主图\5520V-210A-B481.png,491,,,,
dummy_images\WATCH\5.VACHERON CONSTANTIN\12.10\原图\1...VACHERON CONSTANTIN OVERSEAS CHRONOGRAPH 42.5 MM WATCH 5520V-210A-B481\附图\5520V-210A-B481-1.jpeg,491,dummy_images\WATCH\5.VACHERON CONSTANTIN\12.10\已整理\1...VACHERON CONSTANTIN OVERSEAS CHRONOGRAPH 42.5 MM WATCH 5520V-210A-B481\附图\5520V-210A-B481-1.jpeg,,,
dummy_images\WATCH\5.VACHERON CONSTANTIN\12.10\原图\1...VACHERON CONSTANTIN OVERSEAS CHRONOGRAPH 42.5 MM WATCH 5520V-210A-B481\附图\5520V-210A-B481-2.jpeg,491,dummy_images\WATCH\5.VACHERON CONSTANTIN\12.10\已整理\1...VACHERON CONSTANTIN OVERSEAS CHRONOGRAPH 42.5 MM WATCH 5520V-210A-B481\附图\5520V-210A-B481-2.jpeg,,,
dummy_images\WATCH\5.VACHERON CONSTANTIN\12.10\原图\1...VACHERON CONSTANTIN OVERSEAS CHRONOGRAPH 42.5 MM WATCH 5520V-210A-B481\附图\5520V-210A-B481-3.png,491,dummy_images\WATCH\5.VACHERON CONSTANTIN\12.10\已整理\1...VACHERON CONSTANTIN OVERSEAS CHRONOGRAPH 42.5 MM WATCH 5520V-210A-B481\附图\5520V-210A-B481-3.png,,,
dummy_images\WATCH\5.VACHERON CONSTANTIN\12.10\原图\1...VACHERON CONSTANTIN OVERSEAS CHRONOGRAPH 42.5 MM WATCH 5520V-210A-B481\附图\5520V-210A-B481-4.png,491,dummy_images\WATCH\5.VACHERON CONSTANTIN\12.10\已整理\1...VACHERON CONSTANTIN OVERSEAS CHRONOGRAPH 42.5 MM WATCH 5520V-210A-B481\附图\5520V-210A-B481-4.png,,,
dummy_images\WATCH\5.VACHERON CONSTANTIN\12.10\原图\1...VACHERON CONSTANTIN OVERSEAS CHRONOGRAPH 42.5 MM WATCH 5520V-210A-B481\附图\5520V-210A-B481-5.png,491,dummy_images\WATCH\5.VACHERON CONSTANTIN\12.10\已整理\1...VACHERON CONSTANTIN OVERSEAS CHRONOGRAPH 42.5 MM WATCH 5520V-210A-B481\附图\5520V-210A-B481-5.png,,,
dummy_images\WATCH\5.VACHERON CONSTANTIN\12.10\原图\1...VACHERON CONSTANTIN OVERSEAS CHRONOGRAPH 42.5 MM WATCH 5520V-210A-B481\附图\5520V-210A-B481-6.png,491,dummy_images\WATCH\5.VACHERON CONSTANTIN\12.10\已整理\1...VACHERON CONSTANTIN OVERSEAS CHRONOGRAPH 42.5 MM WATCH 5520V-210A-B481\附图\5520V-210A-B481-6.png,,,
dummy_images\WATCH\5.VACHERON CONSTANTIN\12.10\原图\3...VACHERON CONSTANTIN OVERSEAS CHRONOGRAPH 42.5 MM WATCH 5520V-210A-B148\主图\5520V-210A-B148.png,492,,,,
dummy_images\WATCH\5.VACHERON CONSTANTIN\12.10\原图\3...VACHERON CONSTANTIN OVERSEAS CHRONOGRAPH 42.5 MM WATCH 5520V-210A-B148\附图\5520V-210A-B148-1.jpeg,492,dummy_images\WATCH\5.VACHERON CONSTANTIN\12.10\已整理\3...VACHERON CONSTANTIN OVERSEAS CHRONOGRAPH 42.5 MM WATCH 5520V-210A-B148\附图\5520V-210A-B148-1.jpeg,,,
dummy_images\WATCH\5.VACHERON CONSTANTIN\12.10\原图\3...VACHERON CONSTANTIN OVERSEAS CHRONOGRAPH 42.5 MM WATCH 5520V-210A-B148\附图\5520V-210A-B148-2.jpeg,492,dummy_images\WATCH\5.VACHERON CONSTANTIN\12.10\已整理\3...VACHERON CONSTANTIN OVERSEAS CHRONOGRAPH 42.5 MM WATCH 5520V-210A-B148\附图\5520V-210A-B148-2.jpeg,,,
dummy_images\WATCH\5.VACHERON CONSTANTIN\12.10\原图\3...VACHERON CONSTANTIN OVERSEAS CHRONOGRAPH 42.5 MM WATCH 5520V-210A-B148\附图\5520V-210A-B148-3.png,492,dummy_images\WATCH\5.VACHERON CONSTANTIN\12.10\已整理\3...VACHERON CONSTANTIN OVERSEAS CHRONOGRAPH 42.5 MM WATCH 5520V-210A-B148\附图\5520V-210A-B148-3.png,,,
dummy_images\WATCH\5.VACHERON CONSTANTIN\12.10\原图\3...VACHERON CONSTANTIN OVERSEAS CHRONOGRAPH 42.5 MM WATCH 5520V-210A-B148\附图\5520V-210A-B148-4.png,492,dummy_images\WATCH\5.VACHERON CONSTANTIN\12.10\已整理\3...VACHERON CONSTANTIN OVERSEAS CHRONOGRAPH 42.5 MM WATCH 5520V-210A-B148\附图\5520V-210A-B148-4.png,,,
dummy_images\WATCH\5.VACHERON CONSTANTIN\12.10\原图\3...VACHERON CONSTANTIN OVERSEAS CHRONOGRAPH 42.5 MM WATCH 5520V-210A-B148\附图\5520V-210A-B148-5.png,492,dummy_images\WATCH\5.VACHERON CONSTANTIN\12.10\已整理\3...VACHERON CONSTANTIN OVERSEAS CHRONOGRAPH 42.5 MM WATCH 5520V-210A-B148\附图\5520V-210A-B148-5.png,,,
dummy_images\WATCH\5.VACHERON CONSTANTIN\12.10\原图\3...VACHERON CONSTANTIN OVERSEAS CHRONOGRAPH 42.5 MM WATCH 5520V-210A-B148\附图\5520V-210A-B148-6.png,492,dummy_images\WATCH\5.VACHERON CONSTANTIN\12.10\已整理\3...VACHERON CONSTANTIN OVERSEAS CHRONOGRAPH 42.5 MM WATCH 5520V-210A-B148\附图\5520V-210A-B148-6.png,,,
dummy_images\WATCH\5.VACHERON CONSTANTIN\12.10\原图\5...VACHERON CONSTANTIN OVERSEAS CHRONOGRAPH 42.5 MM PINK GOLD WATCH 5520V-210R-B966\主图\5520V-210R-B966.png,493,,,,
dummy_images\WATCH\5.VACHERON CONSTANTIN\12.10\原图\5...VACHERON CONSTANTIN OVERSEAS CHRONOGRAPH 42.5 MM PINK GOLD WATCH 5520V-210R-B966\附图\5520V-210R-B966-1.jpeg,493,dummy_images\WATCH\5.VACHERON CONSTANTIN\12.10\已整理\5...VACHERON CONSTANTIN OVERSEAS CHRONOGRAPH 42.5 MM PINK GOLD WATCH 5520V-210R-B966\附图\5520V-210R-B966-1.jpeg,,,
dummy_images\WATCH\5.VACHERON CONSTANTIN\12.10\原图\5...VACHERON CONSTANTIN OVERSEAS CHRONOGRAPH 42.5 MM PINK GOLD WATCH 5520V-210R-B966\附图\5520V-210R-B966-2.jpeg,493,dummy_images\WATCH\5.VACHERON CONSTANTIN\12.10\已整理\5...VACHERON CONSTANTIN OVERSEAS CHRONOGRAPH 42.5 MM PINK GOLD WATCH 5520V-210R-B966\附图\5520V-210R-B966-2.jpeg,,,
dummy_images\WATCH\5.VACHERON CONSTANTIN\12.10\原图\5...VACHERON CONSTANTIN OVERSEAS CHRONOGRAPH 42.5 MM PINK GOLD WATCH 5520V-210R-B966\附图\5520V-210R-B966-3.jpg,493,dummy_images\WATCH\5.VACHERON CONSTANTIN\12.10\已整理\5...VACHERON CONSTANTIN OVERSEAS CHRONOGRAPH 42.5 MM PINK GOLD WATCH 5520V-210R-B966\附图\5520V-210R-B966-3.jpg,,,
dummy_images\WATCH\5.VACHERON CONSTANTIN\12.10\原图\5...VACHERON CONSTANTIN OVERSEAS CHRONOGRAPH 42.5 MM PINK GOLD WATCH 5520V-210R-B966\附图\5520V-210R-B966-4.png,493,dummy_images\WATCH\5.VACHERON CONSTANTIN\12.10\已整理\5...VACHERON CONSTANTIN OVERSEAS CHRONOGRAPH 42.5 MM PINK GOLD WATCH 5520V-210R-B966\附图\5520V-210R-B966-4.png,,,
dummy_images\WATCH\5.VACHERON CONSTANTIN\12.10\原图\5...VACHERON CONSTANTIN OVERSEAS CHRONOGRAPH 42.5 MM PINK GOLD WATCH 5520V-210R-B966\附图\5520V-210R-B966-5.png,493,dummy_images\WATCH\5.VACHERON CONSTANTIN\12.10\已整理\5...VACHERON CONSTANTIN OVERSEAS CHRONOGRAPH 42.5 MM PINK GOLD WATCH 5520V-210R-B966\附图\5520V-210R-B966-5.png,,,
dummy_images\WATCH\5.VACHERON CONSTANTIN\12.10\原图\5...VACHERON CONSTANTIN OVERSEAS CHRONOGRAPH 42.5 MM PINK GOLD WATCH 5520V-210R-B966\附图\5520V-210R-B966-6.png,493,dummy_images\WATCH\5.VACHERON CONSTANTIN\12.10\已整理\5...VACHERON CONSTANTIN OVERSEAS CHRONOGRAPH 42.5 MM PINK GOLD WATCH 5520V-210R-B966\附图\5520V-210R-B966-6.png,,,
dummy_images\WATCH\5.VACHERON CONSTANTIN\12.10\原图\7.VACHERON CONSTANTIN OVERSEAS WATCH 47040-000W-9500\主图\47040-000W-9500.jpg,494,,,,
dummy_images\WATCH\5.VACHERON CONSTANTIN\12.10\原图\7.VACHERON CONSTANTIN OVERSEAS WATCH 47040-000W-9500\附图\47040-000W-9500-1.jpg,494,dummy_images\WATCH\5.VACHERON CONSTANTIN\12.10\已整理\7.VACHERON CONSTANTIN OVERSEAS WATCH 47040-000W-9500\附图\47040-000W-9500-1.jpg,,,
dummy_images\WATCH\5.VACHERON CONSTANTIN\12.10\原图\7.VACHERON CONSTANTIN OVERSEAS WATCH 47040-000W-9500\附图\47040-000W-9500-2.jpg,494,dummy_images\WATCH\5.VACHERON CONSTANTIN\12.10\已整理\7.VACHERON CONSTANTIN OVERSEAS WATCH 47040-000W-9500\附图\47040-000W-9500-2.jpg,,,
dummy_images\WATCH\5.VACHERON CONSTANTIN\12.10\原图\7.VACHERON CONSTANTIN OVERSEAS WATCH 47040-000W-9500\附图\47040-000W-9500-3.jpg,494,dummy_images\WATCH\5.VACHERON CONSTANTIN\12.10\已整理\7.VACHERON CONSTANTIN OVERSEAS WATCH 47040-000W-9500\附图\47040-000W-9500-3.jpg,,,
dummy_images\WATCH\5.VACHERON CONSTANTIN\12.10\原图\7.VACHERON CONSTANTIN OVERSEAS WATCH 47040-000W-9500\附图\47040-000W-9500-4.jpg,494,dummy_images\WATCH\5.VACHERON CONSTANTIN\12.10\已整理\7.VACHERON CONSTANTIN OVERSEAS WATCH 47040-000W-9500\附图\47040-000W-9500-4.jpg,,,
dummy_images\WATCH\5.VACHERON CONSTANTIN\12.10\原图\13.VACHERON CONSTANTIN OVERSEAS WATCH 4300V-120G-B102\主图\4300V-120G-B102.jpg,495,,,,
dummy_images\WATCH\5.VACHERON CONSTANTIN\12.10\原图\13.VACHERON CONSTANTIN OVERSEAS WATCH 4300V-120G-B102\附图\4300V-120G-B102-1.jpg,495,dummy_images\WATCH\5.VACHERON CONSTANTIN\12.10\已整理\13.VACHERON CONSTANTIN OVERSEAS WATCH 4300V-120G-B102\附图\4300V-120G-B102-1.jpg,,,
dummy_images\WATCH\5.VACHERON CONSTANTIN\12.10\原图\13.VACHERON CONSTANTIN OVERSEAS WATCH 4300V-120G-B102\附图\4300V-120G-B102-2.jpg,495,dummy_images\WATCH\5.VACHERON CONSTANTIN\12.10\已整理\13.VACHERON CONSTANTIN OVERSEAS WATCH 4300V-120G-B102\附图\4300V-120G-B102-2.jpg,,,
dummy_images\WATCH\5.VACHERON CONSTANTIN\12.10\原图\13.VACHERON CONSTANTIN OVERSEAS WATCH 4300V-120G-B102\附图\4300V-120G-B102-3.jpg,495,dummy_images\WATCH\5.VACHERON CONSTANTIN\12.10\已整理\13.VACHERON CONSTANTIN OVERSEAS WATCH 4300V-120G-B102\附图\4300V-120G-B102-3.jpg,,,
dummy_images\WATCH\5.VACHERON CONSTANTIN\12.10\原图\22...VACHERON CONSTANTIN OVERSEAS SELF-WINDING 41 MM WATCH 4520V-210A-B126\主图\4520V-210A-B126.png,496,,,,
dummy_images\WATCH\5.VACHERON CONSTANTIN\12.10\原图\22...VACHERON CONSTANTIN OVERSEAS SELF-WINDING 41 MM WATCH 4520V-210A-B126\附图\4520V-210A-B126-1.jpeg,496,dummy_images\WATCH\5.VACHERON CONSTANTIN\12.10\已整理\22...VACHERON CONSTANTIN OVERSEAS SELF-WINDING 41 MM WATCH 4520V-210A-B126\附图\4520V-210A-B126-1.jpeg,,,
dummy_images\WATCH\5.VACHERON CONSTANTIN\12.10\原图\22...VACHERON CONSTANTIN OVERSEAS SELF-WINDING 41 MM WATCH 4520V-210A-B126\附图\4520V-210A-B126-2.jpeg,496,dummy_images\WATCH\5.VACHERON CONSTANTIN\12.10\已整理\22...VACHERON CONSTANTIN OVERSEAS SELF-WINDING 41 MM WATCH 4520V-210A-B126\附图\4520V-210A-B126-2.jpeg,,,
dummy_images\WATCH\5.VACHERON CONSTANTIN\12.10\原图\22...VACHERON CONSTANTIN OVERSEAS SELF-WINDING 41 MM WATCH 4520V-210A-B126\附图\4520V-210A-B126-3.jpeg,496,dummy_images\WATCH\5.VACHERON CONSTANTIN\12.10\已整理\22...VACHERON CONSTANTIN OVERSEAS SELF-WINDING 41 MM WATCH 4520V-210A-B126\附图\4520V-210A-B126-3.jpeg,,,
dummy_images\WATCH\5.VACHERON CONSTANTIN\12.10\原图\22...VACHERON CONSTANTIN OVERSEAS SELF-WINDING 41 MM WATCH 4520V-210A-B126\附图\4520V-210A-B126-4.png,496,dummy_images\WATCH\5.VACHERON CONSTANTIN\12.10\已整理\22...VACHERON CONSTANTIN OVERSEAS SELF-WINDING 41 MM WATCH 4520V-210A-B126\附图\4520V-210A-B126-4.png,,,
dummy_images\WATCH\5.VACHERON CONSTANTIN\12.10\原图\22...VACHERON CONSTANTIN OVERSEAS SELF-WINDING 41 MM WATCH 4520V-210A-B126\附图\4520V-210A-B126-5.png,496,dummy_images\WATCH\5.VACHERON CONSTANTIN\12.10\已整理\22...VACHERON CONSTANTIN OVERSEAS SELF-WINDING 41 MM WATCH 4520V-210A-B126\附图\4520V-210A-B126-5.png,,,
dummy_images\WATCH\5.VACHERON CONSTANTIN\12.10\原图\23...VACHERON CONSTANTIN OVERSEAS SELF-WINDING 41 MM WATCH 4520V-210A-B128\主图\4520V-210A-B128.png,497,,,,
dummy_images\WATCH\5.VACHERON CONSTANTIN\12.10\原图\23...VACHERON CONSTANTIN OVERSEAS SELF-WINDING 41 MM WATCH 4520V-210A-B128\附图\4520V-210A-B128-1.jpeg,497,dummy_images\WATCH\5.VACHERON CONSTANTIN\12.10\已整理\23...VACHERON CONSTANTIN OVERSEAS SELF-WINDING 41 MM WATCH 4520V-210A-B128\附图\4520V-210A-B128-1.jpeg,,,
dummy_images\WATCH\5.VACHERON CONSTANTIN\12.10\原图\23...VACHERON CONSTANTIN OVERSEAS SELF-WINDING 41 MM WATCH 4520V-210A-B128\附图\4520V-210A-B128-2.jpeg,497,dummy_images\WATCH\5.VACHERON CONSTANTIN\12.10\已整理\23...VACHERON CONSTANTIN OVERSEAS SELF-WINDING 41 MM WATCH 4520V-210A-B128\附图\4520V-210A-B128-2.jpeg,,,
dummy_images\WATCH\5.VACHERON CONSTANTIN\12.10\原图\23...VACHERON CONSTANTIN OVERSEAS SELF-WINDING 41 MM WATCH 4520V-210A-B128\附图\4520V-210A-B128-3.png,497,dummy_images\WATCH\5.VACHERON CONSTANTIN\12.10\已整理\23...VACHERON CONSTANTIN OVERSEAS SELF-WINDING 41 MM WATCH 4520V-210A-B128\附图\4520V-210A-B128-3.png,,,
dummy_images\WATCH\5.VACHERON CONSTANTIN\12.10\原图\23...VACHERON CONSTANTIN OVERSEAS SELF-WINDING 41 MM WATCH 4520V-210A-B128\附图\4520V-210A-B128-4.png,497,dummy_images\WATCH\5.VACHERON CONSTANTIN\12.10\已整理\23...VACHERON CONSTANTIN OVERSEAS SELF-WINDING 41 MM WATCH 4520V-210A-B128\附图\4520V-210A-B128-4.png,,,
dummy_images\WATCH\5.VACHERON CONSTANTIN\12.10\原图\23...VACHERON CONSTANTIN OVERSEAS SELF-WINDING 41 MM WATCH 4520V-210A-B128\附图\4520V-210A-B128-5.png,497,dummy_images\WATCH\5.VACHERON CONSTANTIN\12.10\已整理\23...VACHERON CONSTANTIN OVERSEAS SELF-WINDING 41 MM WATCH 4520V-210A-B128\附图\4520V-210A-B128-5.png,,,
dummy_images\WATCH\5.VACHERON CONSTANTIN\12.10\原图\23...VACHERON CONSTANTIN OVERSEAS SELF-WINDING 41 MM WATCH 4520V-210A-B128\附图\4520V-210A-B128-6.png,497,dummy_images\WATCH\5.VACHERON CONSTANTIN\12.10\已整理\23...VACHERON CONSTANTIN OVERSEAS SELF-WINDING 41 MM WATCH 4520V-210A-B128\附图\4520V-210A-B128-6.png,,,
dummy_images\WATCH\5.VACHERON CONSTANTIN\12.10\原图\24...VACHERON CONSTANTIN OVERSEAS SELF-WINDING 41 MM PINK GOLD 4520V-210R-B705\主图\4520V-210R-B705.png,498,,,,
dummy_images\WATCH\5.VACHERON CONSTANTIN\12.10\原图\24...VACHERON CONSTANTIN OVERSEAS SELF-WINDING 41 MM PINK GOLD 4520V-210R-B705\附图\4520V-210R-B705-1.jpeg,498,dummy_images\WATCH\5.VACHERON CONSTANTIN\12.10\已整理\24...VACHERON CONSTANTIN OVERSEAS SELF-WINDING 41 MM PINK GOLD 4520V-210R-B705\附图\4520V-210R-B705-1.jpeg,,,
dummy_images\WATCH\5.VACHERON CONSTANTIN\12.10\原图\24...VACHERON CONSTANTIN OVERSEAS SELF-WINDING 41 MM PINK GOLD 4520V-210R-B705\附图\4520V-210R-B705-2.jpeg,498,dummy_images\WATCH\5.VACHERON CONSTANTIN\12.10\已整理\24...VACHERON CONSTANTIN OVERSEAS SELF-WINDING 41 MM PINK GOLD 4520V-210R-B705\附图\4520V-210R-B705-2.jpeg,,,
dummy_images\WATCH\5.VACHERON CONSTANTIN\12.10\原图\24...VACHERON CONSTANTIN OVERSEAS SELF-WINDING 41 MM PINK GOLD 4520V-210R-B705\附图\4520V-210R-B705-3.png,498,dummy_images\WATCH\5.VACHERON CONSTANTIN\12.10\已整理\24...VACHERON CONSTANTIN OVERSEAS SELF-WINDING 41 MM PINK GOLD 4520V-210R-B705\附图\4520V-210R-B705-3.png,,,
dummy_images\WATCH\5.VACHERON CONSTANTIN\12.10\原图\24...VACHERON CONSTANTIN OVERSEAS SELF-WINDING 41 MM PINK GOLD 4520V-210R-B705\附图\4520V-210R-B705-4.png,498,dummy_images\WATCH\5.VACHERON CONSTANTIN\12.10\已整理\24...VACHERON CONSTANTIN OVERSEAS SELF-WINDING 41 MM PINK GOLD 4520V-210R-B705\附图\4520V-210R-B705-4.png,,,
dummy_images\WATCH\5.VACHERON CONSTANTIN\12.10\原图\24...VACHERON CONSTANTIN OVERSEAS SELF-WINDING 41 MM PINK GOLD 4520V-210R-B705\附图\4520V-210R-B705-5.png,498,dummy_images\WATCH\5.VACHERON CONSTANTIN\12.10\已整理\24...VACHERON CONSTANTIN OVERSEAS SELF-WINDING 41 MM PINK GOLD 4520V-210R-B705\附图\4520V-210R-B705-5.png,,,
dummy_images\WATCH\5.VACHERON CONSTANTIN\12.10\原图\24...VACHERON CONSTANTIN OVERSEAS SELF-WINDING 41 MM PINK GOLD 4520V-210R-B705\附图\4520V-210R-B705-6.png,498,dummy_images\WATCH\5.VACHERON CONSTANTIN\12.10\已整理\24...VACHERON CONSTANTIN OVERSEAS SELF-WINDING 41 MM PINK GOLD 4520V-210R-B705\附图\4520V-210R-B705-6.png,,,
dummy_images\WATCH\5.VACHERON CONSTANTIN\12.10\原图\25...VACHERON CONSTANTIN OVERSEAS SELF-WINDING 41 MM PINK GOLD WATCH 4520V-210R-B967\主图\4520V-210R-B967.png,499,,,,
dummy_images\WATCH\5.VACHERON CONSTANTIN\12.10\原图\25...VACHERON CONSTANTIN OVERSEAS SELF-WINDING 41 MM PINK GOLD WATCH 4520V-210R-B967\附图\4520V-210R-B967-1.jpeg,499,dummy_images\WATCH\5.VACHERON CONSTANTIN\12.10\已整理\25...VACHERON CONSTANTIN OVERSEAS SELF-WINDING 41 MM PINK GOLD WATCH 4520V-210R-B967\附图\4520V-210R-B967-1.jpeg,,,
dummy_images\WATCH\5.VACHERON CONSTANTIN\12.10\原图\25...VACHERON CONSTANTIN OVERSEAS SELF-WINDING 41 MM PINK GOLD WATCH 4520V-210R-B967\附图\4520V-210R-B967-2.jpeg,499,dummy_images\WATCH\5.VACHERON CONSTANTIN\12.10\已整理\25...VACHERON CONSTANTIN OVERSEAS SELF-WINDING 41 MM PINK GOLD WATCH 4520V-210R-B967\附图\4520V-210R-B967-2.jpeg,,,
dummy_images\WATCH\5.VACHERON CONSTANTIN\12.10\原图\25...VACHERON CONSTANTIN OVERSEAS SELF-WINDING 41 MM PINK GOLD WATCH 4520V-210R-B967\附图\4520V-210R-B967-3.png,499,dummy_images\WATCH\5.VACHERON CONSTANTIN\12.10\已整理\25...VACHERON CONSTANTIN OVERSEAS SELF-WINDING 41 MM PINK GOLD WATCH 4520V-210R-B967\附图\4520V-210R-B967-3.png,,,
dummy_images\WATCH\5.VACHERON CONSTANTIN\12.10\原图\25...VACHERON CONSTANTIN OVERSEAS SELF-WINDING 41 MM PINK GOLD WATCH 4520V-210R-B967\附图\4520V-210R-B967-4.png,499,dummy_images\WATCH\5.VACHERON CONSTANTIN\12.10\已整理\25...VACHERON CONSTANTIN OVERSEAS SELF-WINDING 41 MM PINK GOLD WATCH 4520V-210R-B967\附图\4520V-210R-B967-4.png,,,
dummy_images\WATCH\5.VACHERON CONSTANTIN\12.10\原图\25...VACHERON CONSTANTIN OVERSEAS SELF-WINDING 41 MM PINK GOLD WATCH 4520V-210R-B967\附图\4520V-210R-B967-5.png,499,dummy_images\WATCH\5.VACHERON CONSTANTIN\12.10\已整理\25...VACHERON CONSTANTIN OVERSEAS SELF-WINDING 41 MM PINK GOLD WATCH 4520V-210R-B967\附图\4520V-210R-B967-5.png,,,
dummy_images\WATCH\5.VACHERON CONSTANTIN\12.10\原图\25...VACHERON CONSTANTIN OVERSEAS SELF-WINDING 41 MM PINK GOLD WATCH 4520V-210R-B967\附图\4520V-210R-B967-6.png,499,dummy_images\WATCH\5.VACHERON CONSTANTIN\12.10\已整理\25...VACHERON CONSTANTIN OVERSEAS SELF-WINDING 41 MM PINK GOLD WATCH 4520V-210R-B967\附图\4520V-210R-B967-6.png,,,
dummy_images\WATCH\5.VACHERON CONSTANTIN\12.10\原图\28...VACHERON CONSTANTIN FIFTYSIX COMPLETE CALENDAR 40 MM PINK GOLD WATCH 4000E-000R-B065\主图\4000E-000R-B065.png,500,,,,
dummy_images\WATCH\5.VACHERON CONSTANTIN\12.10\原图\28...VACHERON CONSTANTIN FIFTYSIX COMPLETE CALENDAR 40 MM PINK GOLD WATCH 4000E-000R-B065\附图\4000E-000R-B065-1.jpeg,500,dummy_images\WATCH\5.VACHERON CONSTANTIN\12.10\已整理\28...VACHERON CONSTANTIN FIFTYSIX COMPLETE CALENDAR 40 MM PINK GOLD WATCH 4000E-000R-B065\附图\4000E-000R-B065-1.jpeg,,,
dummy_images\WATCH\5.VACHERON CONSTANTIN\12.10\原图\28...VACHERON CONSTANTIN FIFTYSIX COMPLETE CALENDAR 40 MM PINK GOLD WATCH 4000E-000R-B065\附图\4000E-000R-B065-2.jpeg,500,dummy_images\WATCH\5.VACHERON CONSTANTIN\12.10\已整理\28...VACHERON CONSTANTIN FIFTYSIX COMPLETE CALENDAR 40 MM PINK GOLD WATCH 4000E-000R-B065\附图\4000E-000R-B065-2.jpeg,,,
dummy_images\WATCH\5.VACHERON CONSTANTIN\12.10\原图\28...VACHERON CONSTANTIN FIFTYSIX COMPLETE CALENDAR 40 MM PINK GOLD WATCH 4000E-000R-B065\附图\4000E-000R-B065-3.jpeg,500,dummy_images\WATCH\5.VACHERON CONSTANTIN\12.10\已整理\28...VACHERON CONSTANTIN FIFTYSIX COMPLETE CALENDAR 40 MM PINK GOLD WATCH 4000E-000R-B065\附图\4000E-000R-B065-3.jpeg,,,
dummy_images\WATCH\5.VACHERON CONSTANTIN\12.10\原图\28...VACHERON CONSTANTIN FIFTYSIX COMPLETE CALENDAR 40 MM PINK GOLD WATCH 4000E-000R-B065\附图\4000E-000R-B065-4.jpeg,500,dummy_images\WATCH\5.VACHERON CONSTANTIN\12.10\已整理\28...VACHERON CONSTANTIN FIFTYSIX COMPLETE CALENDAR 40 MM PINK GOLD WATCH 4000E-000R-B065\附图\4000E-000R-B065-4.jpeg,,,
dummy_images\WATCH\5.VACHERON CONSTANTIN\12.10\原图\28...VACHERON CONSTANTIN FIFTYSIX COMPLETE CALENDAR 40 MM PINK GOLD WATCH 4000E-000R-B065\附图\4000E-000R-B065-5.png,500,dummy_images\WATCH\5.VACHERON CONSTANTIN\12.10\已整理\28...VACHERON CONSTANTIN FIFTYSIX COMPLETE CALENDAR 40 MM PINK GOLD WATCH 4000E-000R-B065\附图\4000E-000R-B065-5.png,,,
dummy_images\WATCH\5.VACHERON CONSTANTIN\12.10\原图\28...VACHERON CONSTANTIN FIFTYSIX COMPLETE CALENDAR 40 MM PINK GOLD WATCH 4000E-000R-B065\附图\4000E-000R-B065-6.png,500,dummy_images\WATCH\5.VACHERON CONSTANTIN\12.10\已整理\28...VACHERON CONSTANTIN FIFTYSIX COMPLETE CALENDAR 40 MM PINK GOLD WATCH 4000E-000R-B065\附图\4000E-000R-B065-6.png,,,
dummy_images\WATCH\5.VACHERON CONSTANTIN\12.10\原图\29...VACHERON CONSTANTIN FIFTYSIX COMPLETE CALENDAR 40 MM PINK GOLD WATCH 4000E-000R-B438\主图\4000E-000R-B438.png,501,,,,
dummy_images\WATCH\5.VACHERON CONSTANTIN\12.10\原图\29...VACHERON CONSTANTIN FIFTYSIX COMPLETE CALENDAR 40 MM PINK GOLD WATCH 4000E-000R-B438\附图\4000E-000R-B438-1.jpeg,501,dummy_images\WATCH\5.VACHERON CONSTANTIN\12.10\已整理\29...VACHERON CONSTANTIN FIFTYSIX COMPLETE CALENDAR 40 MM PINK GOLD WATCH 4000E-000R-B438\附图\4000E-000R-B438-1.jpeg,,,
dummy_images\WATCH\5.VACHERON CONSTANTIN\12.10\原图\29...VACHERON CONSTANTIN FIFTYSIX COMPLETE CALENDAR 40 MM PINK GOLD WATCH 4000E-000R-B438\附图\4000E-000R-B438-2.jpeg,501,dummy_images\WATCH\5.VACHERON CONSTANTIN\12.10\已整理\29...VACHERON CONSTANTIN FIFTYSIX COMPLETE CALENDAR 40 MM PINK GOLD WATCH 4000E-000R-B438\附图\4000E-000R-B438-2.jpeg,,,
dummy_images\WATCH\5.VACHERON CONSTANTIN\12.10\原图\29...VACHERON CONSTANTIN FIFTYSIX COMPLETE CALENDAR 40 MM PINK GOLD WATCH 4000E-000R-B438\附图\4000E-000R-B438-3.jpeg,501,dummy_images\WATCH\5.VACHERON CONSTANTIN\12.10\已整理\29...VACHERON CONSTANTIN FIFTYSIX COMPLETE CALENDAR 40 MM PINK GOLD WATCH 4000E-000R-B438\附图\4000E-000R-B438-3.jpeg,,,
dummy_images\WATCH\5.VACHERON CONSTANTIN\12.10\原图\29...VACHERON CONSTANTIN FIFTYSIX COMPLETE CALENDAR 40 MM PINK GOLD WATCH 4000E-000R-B438\附图\4000E-000R-B438-4.jpeg,501,dummy_images\WATCH\5.VACHERON CONSTANTIN\12.10\已整理\29...VACHERON CONSTANTIN FIFTYSIX COMPLETE CALENDAR 40 MM PINK GOLD WATCH 4000E-000R-B438\附图\4000E-000R-B438-4.jpeg,,,
dummy_images\WATCH\5.VACHERON CONSTANTIN\12.10\原图\29...VACHERON CONSTANTIN FIFTYSIX COMPLETE CALENDAR 40 MM PINK GOLD WATCH 4000E-000R-B438\附图\4000E-000R-B438-5.png,501,dummy_images\WATCH\5.VACHERON CONSTANTIN\12.10\已整理\29...VACHERON CONSTANTIN FIFTYSIX COMPLETE CALENDAR 40 MM PINK GOLD WATCH 4000E-000R-B438\附图\4000E-000R-B438-5.png,,,
dummy_images\WATCH\5.VACHERON CONSTANTIN\12.10\原图\29...VACHERON CONSTANTIN FIFTYSIX COMPLETE CALENDAR 40 MM PINK GOLD WATCH 4000E-000R-B438\附图\4000E-000R-B438-6.png,501,dummy_images\WATCH\5.VACHERON CONSTANTIN\12.10\已整理\29...VACHERON CONSTANTIN FIFTYSIX COMPLETE CALENDAR 40 MM PINK GOLD WATCH 4000E-000R-B438\附图\4000E-000R-B438-6.png,,,
dummy_images\WATCH\5.VACHERON CONSTANTIN\12.10\原图\29...VACHERON CONSTANTIN FIFTYSIX COMPLETE CALENDAR 40 MM PINK GOLD WATCH 4000E-000R-B438\附图\4000E-000R-B438-7.png,501,dummy_images\WATCH\5.VACHERON CONSTANTIN\12.10\已整理\29...VACHERON CONSTANTIN FIFTYSIX COMPLETE CALENDAR 40 MM PINK GOLD WATCH 4000E-000R-B438\附图\4000E-000R-B438-7.png,,,
dummy_images\WATCH\5.VACHERON CONSTANTIN\12.10\原图\30...VACHERON CONSTANTIN PATRIMONY PERPETUAL CALENDAR ULTRA-THIN 41 MM PINK GOLD WATCH 43175-000R-9687\主图\43175-000R-9687.png,502,,,,
dummy_images\WATCH\5.VACHERON CONSTANTIN\12.10\原图\30...VACHERON CONSTANTIN PATRIMONY PERPETUAL CALENDAR ULTRA-THIN 41 MM PINK GOLD WATCH 43175-000R-9687\附图\43175-000R-9687-1.jpeg,502,dummy_images\WATCH\5.VACHERON CONSTANTIN\12.10\已整理\30...VACHERON CONSTANTIN PATRIMONY PERPETUAL CALENDAR ULTRA-THIN 41 MM PINK GOLD WATCH 43175-000R-9687\附图\43175-000R-9687-1.jpeg,,,
dummy_images\WATCH\5.VACHERON CONSTANTIN\12.10\原图\30...VACHERON CONSTANTIN PATRIMONY PERPETUAL CALENDAR ULTRA-THIN 41 MM PINK GOLD WATCH 43175-000R-9687\附图\43175-000R-9687-2.jpeg,502,dummy_images\WATCH\5.VACHERON CONSTANTIN\12.10\已整理\30...VACHERON CONSTANTIN PATRIMONY PERPETUAL CALENDAR ULTRA-THIN 41 MM PINK GOLD WATCH 43175-000R-9687\附图\43175-000R-9687-2.jpeg,,,
dummy_images\WATCH\5.VACHERON CONSTANTIN\12.10\原图\30...VACHERON CONSTANTIN PATRIMONY PERPETUAL CALENDAR ULTRA-THIN 41 MM PINK GOLD WATCH 43175-000R-9687\附图\43175-000R-9687-3.png,502,dummy_images\WATCH\5.VACHERON CONSTANTIN\12.10\已整理\30...VACHERON CONSTANTIN PATRIMONY PERPETUAL CALENDAR ULTRA-THIN 41 MM PINK GOLD WATCH 43175-000R-9687\附图\43175-000R-9687-3.png,,,
dummy_images\WATCH\5.VACHERON CONSTANTIN\12.10\原图\30...VACHERON CONSTANTIN PATRIMONY PERPETUAL CALENDAR ULTRA-THIN 41 MM PINK GOLD WATCH 43175-000R-9687\附图\43175-000R-9687-4.png,502,dummy_images\WATCH\5.VACHERON CONSTANTIN\12.10\已整理\30...VACHERON CONSTANTIN PATRIMONY PERPETUAL CALENDAR ULTRA-THIN 41 MM PINK GOLD WATCH 43175-000R-9687\附图\43175-000R-9687-4.png,,,
dummy_images\WATCH\5.VACHERON CONSTANTIN\12.10\原图\30...VACHERON CONSTANTIN PATRIMONY PERPETUAL CALENDAR ULTRA-THIN 41 MM PINK GOLD WATCH 43175-000R-9687\附图\43175-000R-9687-5.png,502,dummy_images\WATCH\5.VACHERON CONSTANTIN\12.10\已整理\30...VACHERON CONSTANTIN PATRIMONY PERPETUAL CALENDAR ULTRA-THIN 41 MM PINK GOLD WATCH 43175-000R-9687\附图\43175-000R-9687-5.png,,,
dummy_images\WATCH\5.VACHERON CONSTANTIN\12.10\原图\30...VACHERON CONSTANTIN PATRIMONY PERPETUAL CALENDAR ULTRA-THIN 41 MM PINK GOLD WATCH 43175-000R-9687\附图\43175-000R-9687-6.png,502,dummy_images\WATCH\5.VACHERON CONSTANTIN\12.10\已整理\30...VACHERON CONSTANTIN PATRIMONY PERPETUAL CALENDAR ULTRA-THIN 41 MM PINK GOLD WATCH 43175-000R-9687\附图\43175-000R-9687-6.png,,,
dummy_images\WATCH\5.VACHERON CONSTANTIN\12.10\原图\31...VACHERON CONSTANTIN PATRIMONY PERPETUAL CALENDAR ULTRA-THIN 41 MM PINK GOLD WATCH 43175-000R-B519\主图\43175-000R-B519.png,503,,,,
dummy_images\WATCH\5.VACHERON CONSTANTIN\12.10\原图\31...VACHERON CONSTANTIN PATRIMONY PERPETUAL CALENDAR ULTRA-THIN 41 MM PINK GOLD WATCH 43175-000R-B519\附图\43175-000R-B519-1.jpeg,503,dummy_images\WATCH\5.VACHERON CONSTANTIN\12.10\已整理\31...VACHERON CONSTANTIN PATRIMONY PERPETUAL CALENDAR ULTRA-THIN 41 MM PINK GOLD WATCH 43175-000R-B519\附图\43175-000R-B519-1.jpeg,,,
dummy_images\WATCH\5.VACHERON CONSTANTIN\12.10\原图\31...VACHERON CONSTANTIN PATRIMONY PERPETUAL CALENDAR ULTRA-THIN 41 MM PINK GOLD WATCH 43175-000R-B519\附图\43175-000R-B519-2.jpeg,503,dummy_images\WATCH\5.VACHERON CONSTANTIN\12.10\已整理\31...VACHERON CONSTANTIN PATRIMONY PERPETUAL CALENDAR ULTRA-THIN 41 MM PINK GOLD WATCH 43175-000R-B519\附图\43175-000R-B519-2.jpeg,,,
dummy_images\WATCH\5.VACHERON CONSTANTIN\12.10\原图\31...VACHERON CONSTANTIN PATRIMONY PERPETUAL CALENDAR ULTRA-THIN 41 MM PINK GOLD WATCH 43175-000R-B519\附图\43175-000R-B519-3.png,503,dummy_images\WATCH\5.VACHERON CONSTANTIN\12.10\已整理\31...VACHERON CONSTANTIN PATRIMONY PERPETUAL CALENDAR ULTRA-THIN 41 MM PINK GOLD WATCH 43175-000R-B519\附图\43175-000R-B519-3.png,,,
dummy_images\WATCH\5.VACHERON CONSTANTIN\12.10\原图\31...VACHERON CONSTANTIN PATRIMONY PERPETUAL CALENDAR ULTRA-THIN 41 MM PINK GOLD WATCH 43175-000R-B519\附图\43175-000R-B519-4.png,503,dummy_images\WATCH\5.VACHERON CONSTANTIN\12.10\已整理\31...VACHERON CONSTANTIN PATRIMONY PERPETUAL CALENDAR ULTRA-THIN 41 MM PINK GOLD WATCH 43175-000R-B519\附图\43175-000R-B519-4.png,,,
dummy_images\WATCH\5.VACHERON CONSTANTIN\12.10\原图\31...VACHERON CONSTANTIN PATRIMONY PERPETUAL CALENDAR ULTRA-THIN 41 MM PINK GOLD WATCH 43175-000R-B519\附图\43175-000R-B519-5.png,503,dummy_images\WATCH\5.VACHERON CONSTANTIN\12.10\已整理\31...VACHERON CONSTANTIN PATRIMONY PERPETUAL CALENDAR ULTRA-THIN 41 MM PINK GOLD WATCH 43175-000R-B519\附图\43175-000R-B519-5.png,,,
dummy_images\WATCH\5.VACHERON CONSTANTIN\12.10\原图\32.VACHERON CONSTANTIN OVERSEAS QUARTZ 33 MM PINK GOLD WATCH 1225V-200R-H031\主图\1225V-200R-H031.png,504,,,,
dummy_images\WATCH\5.VACHERON CONSTANTIN\12.10\原图\32.VACHERON CONSTANTIN OVERSEAS QUARTZ 33 MM PINK GOLD WATCH 1225V-200R-H031\附图\1225V-200R-H031-1.jpeg,504,dummy_images\WATCH\5.VACHERON CONSTANTIN\12.10\已整理\32.VACHERON CONSTANTIN OVERSEAS QUARTZ 33 MM PINK GOLD WATCH 1225V-200R-H031\附图\1225V-200R-H031-1.jpeg,,,
dummy_images\WATCH\5.VACHERON CONSTANTIN\12.10\原图\32.VACHERON CONSTANTIN OVERSEAS QUARTZ 33 MM PINK GOLD WATCH 1225V-200R-H031\附图\1225V-200R-H031-2.jpeg,504,dummy_images\WATCH\5.VACHERON CONSTANTIN\12.10\已整理\32.VACHERON CONSTANTIN OVERSEAS QUARTZ 33 MM PINK GOLD WATCH 1225V-200R-H031\附图\1225V-200R-H031-2.jpeg,,,
dummy_images\WATCH\5.VACHERON CONSTANTIN\12.10\原图\32.VACHERON CONSTANTIN OVERSEAS QUARTZ 33 MM PINK GOLD WATCH 1225V-200R-H031\附图\1225V-200R-H031-3.png,504,dummy_images\WATCH\5.VACHERON CONSTANTIN\12.10\已整理\32.VACHERON CONSTANTIN OVERSEAS QUARTZ 33 MM PINK GOLD WATCH 1225V-200R-H031\附图\1225V-200R-H031-3.png,,,
dummy_images\WATCH\5.VACHERON CONSTANTIN\12.10\原图\32.VACHERON CONSTANTIN OVERSEAS QUARTZ 33 MM PINK GOLD WATCH 1225V-200R-H031\附图\1225V-200R-H031-4.png,504,dummy_images\WATCH\5.VACHERON CONSTANTIN\12.10\已整理\32.VACHERON CONSTANTIN OVERSEAS QUARTZ 33 MM PINK GOLD WATCH 1225V-200R-H031\附图\1225V-200R-H031-4.png,,,
dummy_images\WATCH\5.VACHERON CONSTANTIN\12.10\原图\32.VACHERON CONSTANTIN OVERSEAS QUARTZ 33 MM PINK GOLD WATCH 1225V-200R-H031\附图\1225V-200R-H031-5.png,504,dummy_images\WATCH\5.VACHERON CONSTANTIN\12.10\已整理\32.VACHERON CONSTANTIN OVERSEAS QUARTZ 33 MM PINK GOLD WATCH 1225V-200R-H031\附图\1225V-200R-H031-5.png,,,
dummy_images\WATCH\5.VACHERON CONSTANTIN\12.10\原图\33.VACHERON CONSTANTIN OVERSEAS 33 QUARTZ STAINLESS STEEL DIAMOND BLACK DIAL WATCH 1205V-100A-B591\主图\1205V-100A-B591.jpg,505,,,,
dummy_images\WATCH\5.VACHERON CONSTANTIN\12.10\原图\33.VACHERON CONSTANTIN OVERSEAS 33 QUARTZ STAINLESS STEEL DIAMOND BLACK DIAL WATCH 1205V-100A-B591\附图\1205V-100A-B591-1.jpg,505,dummy_images\WATCH\5.VACHERON CONSTANTIN\12.10\已整理\33.VACHERON CONSTANTIN OVERSEAS 33 QUARTZ STAINLESS STEEL DIAMOND BLACK DIAL WATCH 1205V-100A-B591\附图\1205V-100A-B591-1.jpg,,,
dummy_images\WATCH\5.VACHERON CONSTANTIN\12.10\原图\33.VACHERON CONSTANTIN OVERSEAS 33 QUARTZ STAINLESS STEEL DIAMOND BLACK DIAL WATCH 1205V-100A-B591\附图\1205V-100A-B591-2.jpg,505,dummy_images\WATCH\5.VACHERON CONSTANTIN\12.10\已整理\33.VACHERON CONSTANTIN OVERSEAS 33 QUARTZ STAINLESS STEEL DIAMOND BLACK DIAL WATCH 1205V-100A-B591\附图\1205V-100A-B591-2.jpg,,,
dummy_images\WATCH\5.VACHERON CONSTANTIN\12.10\原图\33.VACHERON CONSTANTIN OVERSEAS 33 QUARTZ STAINLESS STEEL DIAMOND BLACK DIAL WATCH 1205V-100A-B591\附图\1205V-100A-B591-3.jpg,505,dummy_images\WATCH\5.VACHERON CONSTANTIN\12.10\已整理\33.VACHERON CONSTANTIN OVERSEAS 33 QUARTZ STAINLESS STEEL DIAMOND BLACK DIAL WATCH 1205V-100A-B591\附图\1205V-100A-B591-3.jpg,,,
dummy_images\WATCH\5.VACHERON CONSTANTIN\12.10\原图\34.VACHERON CONSTANTIN OVERSEAS QUARTZ 33 MM PINK GOLD WATCH 1225V-200R-H015\主图\1225V-200R-H015.jpg,506,,,,
dummy_images\WATCH\5.VACHERON CONSTANTIN\12.10\原图\34.VACHERON CONSTANTIN OVERSEAS QUARTZ 33 MM PINK GOLD WATCH 1225V-200R-H015\附图\1225V-200R-H015-1.jpeg,506,dummy_images\WATCH\5.VACHERON CONSTANTIN\12.10\已整理\34.VACHERON CONSTANTIN OVERSEAS QUARTZ 33 MM PINK GOLD WATCH 1225V-200R-H015\附图\1225V-200R-H015-1.jpeg,,,
dummy_images\WATCH\5.VACHERON CONSTANTIN\12.10\原图\34.VACHERON CONSTANTIN OVERSEAS QUARTZ 33 MM PINK GOLD WATCH 1225V-200R-H015\附图\1225V-200R-H015-2.png,506,dummy_images\WATCH\5.VACHERON CONSTANTIN\12.10\已整理\34.VACHERON CONSTANTIN OVERSEAS QUARTZ 33 MM PINK GOLD WATCH 1225V-200R-H015\附图\1225V-200R-H015-2.png,,,
dummy_images\WATCH\5.VACHERON CONSTANTIN\12.10\原图\34.VACHERON CONSTANTIN OVERSEAS QUARTZ 33 MM PINK GOLD WATCH 1225V-200R-H015\附图\1225V-200R-H015-3.png,506,dummy_images\WATCH\5.VACHERON CONSTANTIN\12.10\已整理\34.VACHERON CONSTANTIN OVERSEAS QUARTZ 33 MM PINK GOLD WATCH 1225V-200R-H015\附图\1225V-200R-H015-3.png,,,
dummy_images\WATCH\5.VACHERON CONSTANTIN\12.10\原图\34.VACHERON CONSTANTIN OVERSEAS QUARTZ 33 MM PINK GOLD WATCH 1225V-200R-H015\附图\1225V-200R-H015-4.png,506,dummy_images\WATCH\5.VACHERON CONSTANTIN\12.10\已整理\34.VACHERON CONSTANTIN OVERSEAS QUARTZ 33 MM PINK GOLD WATCH 1225V-200R-H015\附图\1225V-200R-H015-4.png,,,
dummy_images\WATCH\5.VACHERON CONSTANTIN\12.10\原图\35...VACHERON CONSTANTIN OVERSEAS QUARTZ 33 MM STEEL WATCH 1225V-200A-B590\主图\1225V-200A-B590.jpg,507,,,,
dummy_images\WATCH\5.VACHERON CONSTANTIN\12.10\原图\35...VACHERON CONSTANTIN OVERSEAS QUARTZ 33 MM STEEL WATCH 1225V-200A-B590\附图\1225V-200A-B590-1.jpeg,507,dummy_images\WATCH\5.VACHERON CONSTANTIN\12.10\已整理\35...VACHERON CONSTANTIN OVERSEAS QUARTZ 33 MM STEEL WATCH 1225V-200A-B590\附图\1225V-200A-B590-1.jpeg,,,
dummy_images\WATCH\5.VACHERON CONSTANTIN\12.10\原图\35...VACHERON CONSTANTIN OVERSEAS QUARTZ 33 MM STEEL WATCH 1225V-200A-B590\附图\1225V-200A-B590-2.jpeg,507,dummy_images\WATCH\5.VACHERON CONSTANTIN\12.10\已整理\35...VACHERON CONSTANTIN OVERSEAS QUARTZ 33 MM STEEL WATCH 1225V-200A-B590\附图\1225V-200A-B590-2.jpeg,,,
dummy_images\WATCH\5.VACHERON CONSTANTIN\12.10\原图\35...VACHERON CONSTANTIN OVERSEAS QUARTZ 33 MM STEEL WATCH 1225V-200A-B590\附图\1225V-200A-B590-3.png,507,dummy_images\WATCH\5.VACHERON CONSTANTIN\12.10\已整理\35...VACHERON CONSTANTIN OVERSEAS QUARTZ 33 MM STEEL WATCH 1225V-200A-B590\附图\1225V-200A-B590-3.png,,,
dummy_images\WATCH\5.VACHERON CONSTANTIN\12.10\原图\35...VACHERON CONSTANTIN OVERSEAS QUARTZ 33 MM STEEL WATCH 1225V-200A-B590\附图\1225V-200A-B590-4.png,507,dummy_images\WATCH\5.VACHERON CONSTANTIN\12.10\已整理\35...VACHERON CONSTANTIN OVERSEAS QUARTZ 33 MM STEEL WATCH 1225V-200A-B590\附图\1225V-200A-B590-4.png,,,
dummy_images\WATCH\5.VACHERON CONSTANTIN\12.10\原图\35...VACHERON CONSTANTIN OVERSEAS QUARTZ 33 MM STEEL WATCH 1225V-200A-B590\附图\1225V-200A-B590-5.png,507,dummy_images\WATCH\5.VACHERON CONSTANTIN\12.10\已整理\35...VACHERON CONSTANTIN OVERSEAS QUARTZ 33 MM STEEL WATCH 1225V-200A-B590\附图\1225V-200A-B590-5.png,,,
dummy_images\WATCH\6.ROLEX\12.13\原图\2.ROLEX DAYTONA COSMOGRAPH 40MM WATCH 116509\主图\116509.jpeg,524,,,,
dummy_images\WATCH\6.ROLEX\12.13\原图\2.ROLEX DAYTONA COSMOGRAPH 40MM WATCH 116509\附图\116509-1.jpeg,524,dummy_images\WATCH\6.ROLEX\12.13\已整理\2.ROLEX DAYTONA COSMOGRAPH 40MM WATCH 116509\附图\116509-1.jpeg,,,
dummy_images\WATCH\6.ROLEX\12.13\原图\2.ROLEX DAYTONA COSMOGRAPH 40MM WATCH 116509\附图\116509-2.jpeg,524,dummy_images\WATCH\6.ROLEX\12.13\已整理\2.ROLEX DAYTONA COSMOGRAPH 40MM WATCH 116509\附图\116509-2.jpeg,,,
dummy_images\WATCH\6.ROLEX\12.13\原图\2.ROLEX DAYTONA COSMOGRAPH 40MM WATCH 116509\附图\116509-3.jpg,524,dummy_images\WATCH\6.ROLEX\12.13\已整理\2.ROLEX DAYTONA COSMOGRAPH 40MM WATCH 116509\附图\116509-3.jpg,,,
dummy_images\WATCH\6.ROLEX\12.13\原图\4.ROLEX DAYTONA 18CT EVEROSE GOLD AUTOMATIC IVORY DIAL WATCH 116505-0005\主图\116505-0005.jpg,525,,,,
dummy_images\WATCH\6.ROLEX\12.13\原图\4.ROLEX DAYTONA 18CT EVEROSE GOLD AUTOMATIC IVORY DIAL WATCH 116505-0005\附图\116505-0005-1.jpg,525,dummy_images\WATCH\6.ROLEX\12.13\已整理\4.ROLEX DAYTONA 18CT EVEROSE GOLD AUTOMATIC IVORY DIAL WATCH 116505-0005\附图\116505-0005-1.jpg,,,
dummy_images\WATCH\6.ROLEX\12.13\原图\4.ROLEX DAYTONA 18CT EVEROSE GOLD AUTOMATIC IVORY DIAL WATCH 116505-0005\附图\116505-0005-2.jpg,525,dummy_images\WATCH\6.ROLEX\12.13\已整理\4.ROLEX DAYTONA 18CT EVEROSE GOLD AUTOMATIC IVORY DIAL WATCH 116505-0005\附图\116505-0005-2.jpg,,,
dummy_images\WATCH\6.ROLEX\12.13\原图\4.ROLEX DAYTONA 18CT EVEROSE GOLD AUTOMATIC IVORY DIAL WATCH 116505-0005\附图\116505-0005-3.jpg,525,dummy_images\WATCH\6.ROLEX\12.13\已整理\4.ROLEX DAYTONA 18CT EVEROSE GOLD AUTOMATIC IVORY DIAL WATCH 116505-0005\附图\116505-0005-3.jpg,,,
dummy_images\WATCH\6.ROLEX\12.13\原图\5.ROLEX DAYTONA 116509 18K WHITE GOLD WATCH 116509\主图\116509.jpg,526,,,,
dummy_images\WATCH\6.ROLEX\12.13\原图\5.ROLEX DAYTONA 116509 18K WHITE GOLD WATCH 116509\附图\116509-1.jpg,526,dummy_images\WATCH\6.ROLEX\12.13\已整理\5.ROLEX DAYTONA 116509 18K WHITE GOLD WATCH 116509\附图\116509-1.jpg,,,
dummy_images\WATCH\6.ROLEX\12.13\原图\5.ROLEX DAYTONA 116509 18K WHITE GOLD WATCH 116509\附图\116509-2.jpg,526,dummy_images\WATCH\6.ROLEX\12.13\已整理\5.ROLEX DAYTONA 116509 18K WHITE GOLD WATCH 116509\附图\116509-2.jpg,,,
dummy_images\WATCH\6.ROLEX\12.13\原图\5.ROLEX DAYTONA 116509 18K WHITE GOLD WATCH 116509\附图\116509-3.jpg,526,dummy_images\WATCH\6.ROLEX\12.13\已整理\5.ROLEX DAYTONA 116509 18K WHITE GOLD WATCH 116509\附图\116509-3.jpg,,,
dummy_images\WATCH\6.ROLEX\12.13\原图\6.ROLEX DIETONA 40MM WATCH 116515LN-0041\主图\116515LN-0041.jpg,527,,,,
dummy_images\WATCH\6.ROLEX\12.13\原图\6.ROLEX DIETONA 40MM WATCH 116515LN-0041\附图\116515LN-0041-1.jpg,527,dummy_images\WATCH\6.ROLEX\12.13\已整理\6.ROLEX DIETONA 40MM WATCH 116515LN-0041\附图\116515LN-0041-2.jpg,,,
dummy_images\WATCH\6.ROLEX\12.13\原图\6.ROLEX DIETONA 40MM WATCH 116515LN-0041\附图\116515LN-0041-2.jpg,527,dummy_images\WATCH\6.ROLEX\12.13\已整理\6.ROLEX DIETONA 40MM WATCH 116515LN-0041\附图\116515LN-0041-3.jpg,,,
dummy_images\WATCH\6.ROLEX\12.13\原图\6.ROLEX DIETONA 40MM WATCH 116515LN-0041\附图\116515LN-0041-3.jpg,527,dummy_images\WATCH\6.ROLEX\12.13\已整理\6.ROLEX DIETONA 40MM WATCH 116515LN-0041\附图\116515LN-0041-4.jpg,,,
dummy_images\WATCH\6.ROLEX\12.13\原图\6.ROLEX DIETONA 40MM WATCH 116515LN-0041\附图\116515LN-0041-4.jpg,527,dummy_images\WATCH\6.ROLEX\12.13\已整理\6.ROLEX DIETONA 40MM WATCH 116515LN-0041\附图\116515LN-0041-5.jpg,,,
dummy_images\WATCH\6.ROLEX\12.13\原图\7.ROLEX DAYTONA 40MM WATCH 116505-0013\主图\116505-0013.jpg,528,,,,
dummy_images\WATCH\6.ROLEX\12.13\原图\7.ROLEX DAYTONA 40MM WATCH 116505-0013\附图\116505-0013-1.jpg,528,dummy_images\WATCH\6.ROLEX\12.13\已整理\7.ROLEX DAYTONA 40MM WATCH 116505-0013\附图\116505-0013-1.jpg,,,
dummy_images\WATCH\6.ROLEX\12.13\原图\7.ROLEX DAYTONA 40MM WATCH 116505-0013\附图\116505-0013-2.jpg,528,dummy_images\WATCH\6.ROLEX\12.13\已整理\7.ROLEX DAYTONA 40MM WATCH 116505-0013\附图\116505-0013-2.jpg,,,
dummy_images\WATCH\6.ROLEX\12.13\原图\7.ROLEX DAYTONA 40MM WATCH 116505-0013\附图\116505-0013-3.jpg,528,dummy_images\WATCH\6.ROLEX\12.13\已整理\7.ROLEX DAYTONA 40MM WATCH 116505-0013\附图\116505-0013-3.jpg,,,
dummy_images\WATCH\6.ROLEX\12.13\原图\8.ROLEX DAYTONA STEEL 18K YELLOW GOLD PANDA DIAL 40MM WATCH 116523\主图\116523.jpg,529,,,,
dummy_images\WATCH\6.ROLEX\12.13\原图\8.ROLEX DAYTONA STEEL 18K YELLOW GOLD PANDA DIAL 40MM WATCH 116523\附图\116523-1.jpg,529,dummy_images\WATCH\6.ROLEX\12.13\已整理\8.ROLEX DAYTONA STEEL 18K YELLOW GOLD PANDA DIAL 40MM WATCH 116523\附图\116523-1.jpg,,,
dummy_images\WATCH\6.ROLEX\12.13\原图\8.ROLEX DAYTONA STEEL 18K YELLOW GOLD PANDA DIAL 40MM WATCH 116523\附图\116523-2.jpg,529,dummy_images\WATCH\6.ROLEX\12.13\已整理\8.ROLEX DAYTONA STEEL 18K YELLOW GOLD PANDA DIAL 40MM WATCH 116523\附图\116523-2.jpg,,,
dummy_images\WATCH\6.ROLEX\12.13\原图\8.ROLEX DAYTONA STEEL 18K YELLOW GOLD PANDA DIAL 40MM WATCH 116523\附图\116523-3.jpg,529,dummy_images\WATCH\6.ROLEX\12.13\已整理\8.ROLEX DAYTONA STEEL 18K YELLOW GOLD PANDA DIAL 40MM WATCH 116523\附图\116523-3.jpg,,,
"dummy_images\WATCH\6.ROLEX\12.13\原图\9.ROLEX DAYTONA 18K ROSE GOLD, SUNDUST INDEX DIAL, 40 MM WATCH 126505-0003\主图\126505-0003.jpg",530,,,,
"dummy_images\WATCH\6.ROLEX\12.13\原图\9.ROLEX DAYTONA 18K ROSE GOLD, SUNDUST INDEX DIAL, 40 MM WATCH 126505-0003\附图\126505-0003-1.jpg",530,"dummy_images\WATCH\6.ROLEX\12.13\已整理\9.ROLEX DAYTONA 18K ROSE GOLD, SUNDUST INDEX DIAL, 40 MM WATCH 126505-0003\附图\126505-0003-1.jpg",,,
"dummy_images\WATCH\6.ROLEX\12.13\原图\9.ROLEX DAYTONA 18K ROSE GOLD, SUNDUST INDEX DIAL, 40 MM WATCH 126505-0003\附图\126505-0003-2.jpg",530,"dummy_images\WATCH\6.ROLEX\12.13\已整理\9.ROLEX DAYTONA 18K ROSE GOLD, SUNDUST INDEX DIAL, 40 MM WATCH 126505-0003\附图\126505-0003-2.jpg",,,
"dummy_images\WATCH\6.ROLEX\12.13\原图\9.ROLEX DAYTONA 18K ROSE GOLD, SUNDUST INDEX DIAL, 40 MM WATCH 126505-0003\附图\126505-0003-3.jpg",530,"dummy_images\WATCH\6.ROLEX\12.13\已整理\9.ROLEX DAYTONA 18K ROSE GOLD, SUNDUST INDEX DIAL, 40 MM WATCH 126505-0003\附图\126505-0003-3.jpg",,,
"dummy_images\WATCH\6.ROLEX\12.13\原图\9.ROLEX DAYTONA 18K ROSE GOLD, SUNDUST INDEX DIAL, 40 MM WATCH 126505-0003\附图\126505-0003-4.jpg",530,"dummy_images\WATCH\6.ROLEX\12.13\已整理\9.ROLEX DAYTONA 18K ROSE GOLD, SUNDUST INDEX DIAL, 40 MM WATCH 126505-0003\附图\126505-0003-4.jpg",,,
"dummy_images\WATCH\6.ROLEX\12.13\原图\9.ROLEX DAYTONA 18K ROSE GOLD, SUNDUST INDEX DIAL, 40 MM WATCH 126505-0003\附图\126505-0003-5.jpg",530,"dummy_images\WATCH\6.ROLEX\12.13\已整理\9.ROLEX DAYTONA 18K ROSE GOLD, SUNDUST INDEX DIAL, 40 MM WATCH 126505-0003\附图\126505-0003-5.jpg",,,
dummy_images\WATCH\6.ROLEX\12.13\原图\10.ROLEX DAYTONA 40MM WATCH 116505-0009\主图\116505-0009.jpg,531,,,,
dummy_images\WATCH\6.ROLEX\12.13\原图\10.ROLEX DAYTONA 40MM WATCH 116505-0009\附图\116505-0009-1.jpg,531,dummy_images\WATCH\6.ROLEX\12.13\已整理\10.ROLEX DAYTONA 40MM WATCH 116505-0009\附图\116505-0009-1.jpg,,,
dummy_images\WATCH\6.ROLEX\12.13\原图\10.ROLEX DAYTONA 40MM WATCH 116505-0009\附图\116505-0009-2.jpg,531,dummy_images\WATCH\6.ROLEX\12.13\已整理\10.ROLEX DAYTONA 40MM WATCH 116505-0009\附图\116505-0009-2.jpg,,,
dummy_images\WATCH\6.ROLEX\12.13\原图\10.ROLEX DAYTONA 40MM WATCH 116505-0009\附图\116505-0009-3.jpg,531,dummy_images\WATCH\6.ROLEX\12.13\已整理\10.ROLEX DAYTONA 40MM WATCH 116505-0009\附图\116505-0009-3.jpg,,,
dummy_images\WATCH\6.ROLEX\12.13\原图\10.ROLEX DAYTONA 40MM WATCH 116505-0009\附图\116505-0009-4.jpg,531,dummy_images\WATCH\6.ROLEX\12.13\已整理\10.ROLEX DAYTONA 40MM WATCH 116505-0009\附图\116505-0009-4.jpg,,,
dummy_images\WATCH\6.ROLEX\12.13\原图\11.ROLEX COSMOGRAPH DAYTONA 40MM WATCH 116515LN-0058\主图\116515LN-0058.jpeg.jpg,532,,,,
dummy_images\WATCH\6.ROLEX\12.13\原图\11.ROLEX COSMOGRAPH DAYTONA 40MM WATCH 116515LN-0058\附图\116515LN-0058-1.jpg,532,dummy_images\WATCH\6.ROLEX\12.13\已整理\11.ROLEX COSMOGRAPH DAYTONA 40MM WATCH 116515LN-0058\附图\116515LN-0058-1.jpg,,,
dummy_images\WATCH\6.ROLEX\12.13\原图\11.ROLEX COSMOGRAPH DAYTONA 40MM WATCH 116515LN-0058\附图\116515LN-0058-2.jpg,532,dummy_images\WATCH\6.ROLEX\12.13\已整理\11.ROLEX COSMOGRAPH DAYTONA 40MM WATCH 116515LN-0058\附图\116515LN-0058-2.jpg,,,
dummy_images\WATCH\6.ROLEX\12.13\原图\11.ROLEX COSMOGRAPH DAYTONA 40MM WATCH 116515LN-0058\附图\116515LN-0058-3.jpg,532,dummy_images\WATCH\6.ROLEX\12.13\已整理\11.ROLEX COSMOGRAPH DAYTONA 40MM WATCH 116515LN-0058\附图\116515LN-0058-3.jpg,,,
dummy_images\WATCH\6.ROLEX\12.13\原图\12.ROLEX DAYTONA SUNDUST & BRIGHT BLACK DIAL 40MM WATCH 126515LN-0006\主图\126515LN-0006.jpg,533,,,,
dummy_images\WATCH\6.ROLEX\12.13\原图\12.ROLEX DAYTONA SUNDUST & BRIGHT BLACK DIAL 40MM WATCH 126515LN-0006\附图\126515LN-0006-1.jpg,533,dummy_images\WATCH\6.ROLEX\12.13\已整理\12.ROLEX DAYTONA SUNDUST & BRIGHT BLACK DIAL 40MM WATCH 126515LN-0006\附图\126515LN-0006-1.jpg,,,
dummy_images\WATCH\6.ROLEX\12.13\原图\12.ROLEX DAYTONA SUNDUST & BRIGHT BLACK DIAL 40MM WATCH 126515LN-0006\附图\126515LN-0006-2.jpg,533,dummy_images\WATCH\6.ROLEX\12.13\已整理\12.ROLEX DAYTONA SUNDUST & BRIGHT BLACK DIAL 40MM WATCH 126515LN-0006\附图\126515LN-0006-2.jpg,,,
dummy_images\WATCH\6.ROLEX\12.13\原图\12.ROLEX DAYTONA SUNDUST & BRIGHT BLACK DIAL 40MM WATCH 126515LN-0006\附图\126515LN-0006-3.jpg,533,dummy_images\WATCH\6.ROLEX\12.13\已整理\12.ROLEX DAYTONA SUNDUST & BRIGHT BLACK DIAL 40MM WATCH 126515LN-0006\附图\126515LN-0006-3.jpg,,,
dummy_images\WATCH\6.ROLEX\12.13\原图\13.ROLEX DAYTONA COSMOGRAPH 40MM WATCH 116505\主图\116505.jpg,534,,,,
dummy_images\WATCH\6.ROLEX\12.13\原图\13.ROLEX DAYTONA COSMOGRAPH 40MM WATCH 116505\附图\116505-1.jpg,534,dummy_images\WATCH\6.ROLEX\12.13\已整理\13.ROLEX DAYTONA COSMOGRAPH 40MM WATCH 116505\附图\116505-1.jpg,,,
dummy_images\WATCH\6.ROLEX\12.13\原图\13.ROLEX DAYTONA COSMOGRAPH 40MM WATCH 116505\附图\116505-2.jpg,534,dummy_images\WATCH\6.ROLEX\12.13\已整理\13.ROLEX DAYTONA COSMOGRAPH 40MM WATCH 116505\附图\116505-2.jpg,,,
dummy_images\WATCH\6.ROLEX\12.13\原图\13.ROLEX DAYTONA COSMOGRAPH 40MM WATCH 116505\附图\116505-3.jpg,534,dummy_images\WATCH\6.ROLEX\12.13\已整理\13.ROLEX DAYTONA COSMOGRAPH 40MM WATCH 116505\附图\116505-3.jpg,,,
dummy_images\WATCH\6.ROLEX\12.13\原图\14.ROLEX DAYTONA 40MM WATCH 116515LN-0057\主图\116515LN-0057.jpg,535,,,,
dummy_images\WATCH\6.ROLEX\12.13\原图\14.ROLEX DAYTONA 40MM WATCH 116515LN-0057\附图\116515LN-0057-1.jpg,535,dummy_images\WATCH\6.ROLEX\12.13\已整理\14.ROLEX DAYTONA 40MM WATCH 116515LN-0057\附图\116515LN-0057-1.jpg,,,
dummy_images\WATCH\6.ROLEX\12.13\原图\14.ROLEX DAYTONA 40MM WATCH 116515LN-0057\附图\116515LN-0057-2.jpg,535,dummy_images\WATCH\6.ROLEX\12.13\已整理\14.ROLEX DAYTONA 40MM WATCH 116515LN-0057\附图\116515LN-0057-2.jpg,,,
dummy_images\WATCH\6.ROLEX\12.13\原图\14.ROLEX DAYTONA 40MM WATCH 116515LN-0057\附图\116515LN-0057-3.jpg,535,dummy_images\WATCH\6.ROLEX\12.13\已整理\14.ROLEX DAYTONA 40MM WATCH 116515LN-0057\附图\116515LN-0057-3.jpg,,,
dummy_images\WATCH\6.ROLEX\12.13\原图\14.ROLEX DAYTONA 40MM WATCH 116515LN-0057\附图\116515LN-0057-4.jpg,535,dummy_images\WATCH\6.ROLEX\12.13\已整理\14.ROLEX DAYTONA 40MM WATCH 116515LN-0057\附图\116515LN-0057-4.jpg,,,
dummy_images\WATCH\6.ROLEX\12.13\原图\15.ROLEX DAYTONA 40MM WATCH 116509-0071\主图\116509-0071.jpg,536,,,,
dummy_images\WATCH\6.ROLEX\12.13\原图\15.ROLEX DAYTONA 40MM WATCH 116509-0071\附图\116509-0071-1.jpg,536,dummy_images\WATCH\6.ROLEX\12.13\已整理\15.ROLEX DAYTONA 40MM WATCH 116509-0071\附图\116509-0071-1.jpg,,,
dummy_images\WATCH\6.ROLEX\12.13\原图\15.ROLEX DAYTONA 40MM WATCH 116509-0071\附图\116509-0071-2.jpg,536,dummy_images\WATCH\6.ROLEX\12.13\已整理\15.ROLEX DAYTONA 40MM WATCH 116509-0071\附图\116509-0071-2.jpg,,,
dummy_images\WATCH\6.ROLEX\12.13\原图\15.ROLEX DAYTONA 40MM WATCH 116509-0071\附图\116509-0071-3.jpg,536,dummy_images\WATCH\6.ROLEX\12.13\已整理\15.ROLEX DAYTONA 40MM WATCH 116509-0071\附图\116509-0071-3.jpg,,,
dummy_images\WATCH\6.ROLEX\12.13\原图\15.ROLEX DAYTONA 40MM WATCH 116509-0071\附图\116509-0071-4.jpg,536,dummy_images\WATCH\6.ROLEX\12.13\已整理\15.ROLEX DAYTONA 40MM WATCH 116509-0071\附图\116509-0071-4.jpg,,,
dummy_images\WATCH\6.ROLEX\12.13\原图\16.ROLEX COSMO DIETONA DIAMOND 40MM WATCH 116515LN\主图\116515LN.jpg,537,,,,
dummy_images\WATCH\6.ROLEX\12.13\原图\16.ROLEX COSMO DIETONA DIAMOND 40MM WATCH 116515LN\附图\116515LN-1.jpg,537,dummy_images\WATCH\6.ROLEX\12.13\已整理\16.ROLEX COSMO DIETONA DIAMOND 40MM WATCH 116515LN\附图\116515LN-1.jpg,,,
dummy_images\WATCH\6.ROLEX\12.13\原图\16.ROLEX COSMO DIETONA DIAMOND 40MM WATCH 116515LN\附图\116515LN-2.jpg,537,dummy_images\WATCH\6.ROLEX\12.13\已整理\16.ROLEX COSMO DIETONA DIAMOND 40MM WATCH 116515LN\附图\116515LN-2.jpg,,,
dummy_images\WATCH\6.ROLEX\12.13\原图\16.ROLEX COSMO DIETONA DIAMOND 40MM WATCH 116515LN\附图\116515LN-3.jpg,537,dummy_images\WATCH\6.ROLEX\12.13\已整理\16.ROLEX COSMO DIETONA DIAMOND 40MM WATCH 116515LN\附图\116515LN-3.jpg,,,
dummy_images\WATCH\6.ROLEX\12.13\原图\17.ROLEX DAYTONA 40MM WATCH 116505-0012\主图\116505-0012.jpg,538,,,,
dummy_images\WATCH\6.ROLEX\12.13\原图\17.ROLEX DAYTONA 40MM WATCH 116505-0012\附图\116505-0012-1.jpg,538,dummy_images\WATCH\6.ROLEX\12.13\已整理\17.ROLEX DAYTONA 40MM WATCH 116505-0012\附图\116505-0012-1.jpg,,,
dummy_images\WATCH\6.ROLEX\12.13\原图\17.ROLEX DAYTONA 40MM WATCH 116505-0012\附图\116505-0012-2.jpg,538,dummy_images\WATCH\6.ROLEX\12.13\已整理\17.ROLEX DAYTONA 40MM WATCH 116505-0012\附图\116505-0012-2.jpg,,,
dummy_images\WATCH\6.ROLEX\12.13\原图\17.ROLEX DAYTONA 40MM WATCH 116505-0012\附图\116505-0012-3.jpg,538,dummy_images\WATCH\6.ROLEX\12.13\已整理\17.ROLEX DAYTONA 40MM WATCH 116505-0012\附图\116505-0012-3.jpg,,,
dummy_images\WATCH\6.ROLEX\12.13\原图\17.ROLEX DAYTONA 40MM WATCH 116505-0012\附图\116505-0012-4.jpg,538,dummy_images\WATCH\6.ROLEX\12.13\已整理\17.ROLEX DAYTONA 40MM WATCH 116505-0012\附图\116505-0012-4.jpg,,,
dummy_images\WATCH\6.ROLEX\12.13\原图\18.ROLEX DIETONA 40MM WATCH 116506\主图\116506.jpg,539,,,,
dummy_images\WATCH\6.ROLEX\12.13\原图\18.ROLEX DIETONA 40MM WATCH 116506\附图\116506-1.jpg,539,dummy_images\WATCH\6.ROLEX\12.13\已整理\18.ROLEX DIETONA 40MM WATCH 116506\附图\116506-1.jpg,,,
dummy_images\WATCH\6.ROLEX\12.13\原图\18.ROLEX DIETONA 40MM WATCH 116506\附图\116506-2.jpg,539,dummy_images\WATCH\6.ROLEX\12.13\已整理\18.ROLEX DIETONA 40MM WATCH 116506\附图\116506-2.jpg,,,
dummy_images\WATCH\6.ROLEX\12.13\原图\18.ROLEX DIETONA 40MM WATCH 116506\附图\116506-3.jpg,539,dummy_images\WATCH\6.ROLEX\12.13\已整理\18.ROLEX DIETONA 40MM WATCH 116506\附图\116506-3.jpg,,,
dummy_images\WATCH\6.ROLEX\12.13\原图\18.ROLEX DIETONA 40MM WATCH 116506\附图\116506-4.jpg,539,dummy_images\WATCH\6.ROLEX\12.13\已整理\18.ROLEX DIETONA 40MM WATCH 116506\附图\116506-4.jpg,,,
dummy_images\WATCH\6.ROLEX\12.13\原图\19.ROLEX DAYTONA 40MM WATCH 116518LN-0042\主图\116518LN-0042.jpg,540,,,,
dummy_images\WATCH\6.ROLEX\12.13\原图\19.ROLEX DAYTONA 40MM WATCH 116518LN-0042\附图\116518LN-0042-1.jpg,540,dummy_images\WATCH\6.ROLEX\12.13\已整理\19.ROLEX DAYTONA 40MM WATCH 116518LN-0042\附图\116518LN-0042-1.jpg,,,
dummy_images\WATCH\6.ROLEX\12.13\原图\19.ROLEX DAYTONA 40MM WATCH 116518LN-0042\附图\116518LN-0042-2.jpg,540,dummy_images\WATCH\6.ROLEX\12.13\已整理\19.ROLEX DAYTONA 40MM WATCH 116518LN-0042\附图\116518LN-0042-2.jpg,,,
dummy_images\WATCH\6.ROLEX\12.13\原图\19.ROLEX DAYTONA 40MM WATCH 116518LN-0042\附图\116518LN-0042-3.jpg,540,dummy_images\WATCH\6.ROLEX\12.13\已整理\19.ROLEX DAYTONA 40MM WATCH 116518LN-0042\附图\116518LN-0042-3.jpg,,,
dummy_images\WATCH\6.ROLEX\12.13\原图\20.ROLEX DAYTONA 40MM WATCH 116506\主图\1-116506.jpg,541,,,,
dummy_images\WATCH\6.ROLEX\12.13\原图\20.ROLEX DAYTONA 40MM WATCH 116506\附图\1-116506-1.jpg,541,dummy_images\WATCH\6.ROLEX\12.13\已整理\20.ROLEX DAYTONA 40MM WATCH 116506\附图\1-116506-1.jpg,,,
dummy_images\WATCH\6.ROLEX\12.13\原图\20.ROLEX DAYTONA 40MM WATCH 116506\附图\1-116506-2.jpg,541,dummy_images\WATCH\6.ROLEX\12.13\已整理\20.ROLEX DAYTONA 40MM WATCH 116506\附图\1-116506-2.jpg,,,
dummy_images\WATCH\6.ROLEX\12.13\原图\20.ROLEX DAYTONA 40MM WATCH 116506\附图\1-116506-3.jpg,541,dummy_images\WATCH\6.ROLEX\12.13\已整理\20.ROLEX DAYTONA 40MM WATCH 116506\附图\1-116506-3.jpg,,,
dummy_images\WATCH\6.ROLEX\12.13\原图\21.ROLEX DAYTONA 40MM WATCH 116508-0003\主图\116508-0003.jpg,542,,,,
dummy_images\WATCH\6.ROLEX\12.13\原图\21.ROLEX DAYTONA 40MM WATCH 116508-0003\附图\116508-0003-1.jpg,542,dummy_images\WATCH\6.ROLEX\12.13\已整理\21.ROLEX DAYTONA 40MM WATCH 116508-0003\附图\116508-0003-1.jpg,,,
dummy_images\WATCH\6.ROLEX\12.13\原图\21.ROLEX DAYTONA 40MM WATCH 116508-0003\附图\116508-0003-2.jpg,542,dummy_images\WATCH\6.ROLEX\12.13\已整理\21.ROLEX DAYTONA 40MM WATCH 116508-0003\附图\116508-0003-2.jpg,,,
dummy_images\WATCH\6.ROLEX\12.13\原图\21.ROLEX DAYTONA 40MM WATCH 116508-0003\附图\116508-0003-3.jpg,542,dummy_images\WATCH\6.ROLEX\12.13\已整理\21.ROLEX DAYTONA 40MM WATCH 116508-0003\附图\116508-0003-3.jpg,,,
dummy_images\WATCH\6.ROLEX\12.13\原图\21.ROLEX DAYTONA 40MM WATCH 116508-0003\附图\116508-0003-4.jpg,542,dummy_images\WATCH\6.ROLEX\12.13\已整理\21.ROLEX DAYTONA 40MM WATCH 116508-0003\附图\116508-0003-4.jpg,,,
dummy_images\WATCH\6.ROLEX\12.13\原图\22.ROLEX DAYTONA 40MM WATCH 116503-0003\主图\116503-0003.jpg,543,,,,
dummy_images\WATCH\6.ROLEX\12.13\原图\22.ROLEX DAYTONA 40MM WATCH 116503-0003\附图\116503-0003-1.jpg,543,dummy_images\WATCH\6.ROLEX\12.13\已整理\22.ROLEX DAYTONA 40MM WATCH 116503-0003\附图\116503-0003-1.jpg,,,
dummy_images\WATCH\6.ROLEX\12.13\原图\22.ROLEX DAYTONA 40MM WATCH 116503-0003\附图\116503-0003-2.jpg,543,dummy_images\WATCH\6.ROLEX\12.13\已整理\22.ROLEX DAYTONA 40MM WATCH 116503-0003\附图\116503-0003-2.jpg,,,
dummy_images\WATCH\6.ROLEX\12.13\原图\22.ROLEX DAYTONA 40MM WATCH 116503-0003\附图\116503-0003-3.jpg,543,dummy_images\WATCH\6.ROLEX\12.13\已整理\22.ROLEX DAYTONA 40MM WATCH 116503-0003\附图\116503-0003-3.jpg,,,
dummy_images\WATCH\6.ROLEX\12.13\原图\22.ROLEX DAYTONA 40MM WATCH 116503-0003\附图\116503-0003-4.jpg,543,dummy_images\WATCH\6.ROLEX\12.13\已整理\22.ROLEX DAYTONA 40MM WATCH 116503-0003\附图\116503-0003-4.jpg,,,
dummy_images\WATCH\6.ROLEX\12.13\原图\22.ROLEX DAYTONA 40MM WATCH 116503-0003\附图\116503-0003-5.jpg,543,dummy_images\WATCH\6.ROLEX\12.13\已整理\22.ROLEX DAYTONA 40MM WATCH 116503-0003\附图\116503-0003-5.jpg,,,
"dummy_images\WATCH\6.ROLEX\12.13\原图\25...ROLEX COSMOGRAPH DAYTONA OYSTER, 40 MM, WHITE GOLD WATCH 126519LN\主图\126519LN.png.jpg",544,,,,
"dummy_images\WATCH\6.ROLEX\12.13\原图\25...ROLEX COSMOGRAPH DAYTONA OYSTER, 40 MM, WHITE GOLD WATCH 126519LN\附图\126519LN-1.jpeg",544,"dummy_images\WATCH\6.ROLEX\12.13\已整理\25...ROLEX COSMOGRAPH DAYTONA OYSTER, 40 MM, WHITE GOLD WATCH 126519LN\附图\126519LN-1.jpeg",,,
"dummy_images\WATCH\6.ROLEX\12.13\原图\25...ROLEX COSMOGRAPH DAYTONA OYSTER, 40 MM, WHITE GOLD WATCH 126519LN\附图\126519LN-2.png",544,"dummy_images\WATCH\6.ROLEX\12.13\已整理\25...ROLEX COSMOGRAPH DAYTONA OYSTER, 40 MM, WHITE GOLD WATCH 126519LN\附图\126519LN-2.png",,,
"dummy_images\WATCH\6.ROLEX\12.13\原图\25...ROLEX COSMOGRAPH DAYTONA OYSTER, 40 MM, WHITE GOLD WATCH 126519LN\附图\126519LN-3.png",544,"dummy_images\WATCH\6.ROLEX\12.13\已整理\25...ROLEX COSMOGRAPH DAYTONA OYSTER, 40 MM, WHITE GOLD WATCH 126519LN\附图\126519LN-3.png",,,
"dummy_images\WATCH\6.ROLEX\12.13\原图\27...ROLEX COSMOGRAPH DAYTONA OYSTER, 40 MM, WHITE GOLD WATCH 126509\主图\126509.png.jpg",545,,,,
"dummy_images\WATCH\6.ROLEX\12.13\原图\27...ROLEX COSMOGRAPH DAYTONA OYSTER, 40 MM, WHITE GOLD WATCH 126509\附图\126509-1.jpeg",545,"dummy_images\WATCH\6.ROLEX\12.13\已整理\27...ROLEX COSMOGRAPH DAYTONA OYSTER, 40 MM, WHITE GOLD WATCH 126509\附图\126509-1.jpeg",,,
"dummy_images\WATCH\6.ROLEX\12.13\原图\27...ROLEX COSMOGRAPH DAYTONA OYSTER, 40 MM, WHITE GOLD WATCH 126509\附图\126509-2.png",545,"dummy_images\WATCH\6.ROLEX\12.13\已整理\27...ROLEX COSMOGRAPH DAYTONA OYSTER, 40 MM, WHITE GOLD WATCH 126509\附图\126509-2.png",,,
"dummy_images\WATCH\6.ROLEX\12.13\原图\27...ROLEX COSMOGRAPH DAYTONA OYSTER, 40 MM, WHITE GOLD WATCH 126509\附图\126509-3.png",545,"dummy_images\WATCH\6.ROLEX\12.13\已整理\27...ROLEX COSMOGRAPH DAYTONA OYSTER, 40 MM, WHITE GOLD WATCH 126509\附图\126509-3.png",,,
"dummy_images\WATCH\6.ROLEX\12.13\原图\29...ROLEX COSMOGRAPH DAYTONA OYSTER, 40 MM, OYSTERSTEEL AND YELLOW GOLD WATCH 126503\主图\126503.png.jpg",546,,,,
"dummy_images\WATCH\6.ROLEX\12.13\原图\29...ROLEX COSMOGRAPH DAYTONA OYSTER, 40 MM, OYSTERSTEEL AND YELLOW GOLD WATCH 126503\附图\126503-1.jpeg",546,"dummy_images\WATCH\6.ROLEX\12.13\已整理\29...ROLEX COSMOGRAPH DAYTONA OYSTER, 40 MM, OYSTERSTEEL AND YELLOW GOLD WATCH 126503\附图\126503-1.jpeg",,,
"dummy_images\WATCH\6.ROLEX\12.13\原图\29...ROLEX COSMOGRAPH DAYTONA OYSTER, 40 MM, OYSTERSTEEL AND YELLOW GOLD WATCH 126503\附图\126503-2.png",546,"dummy_images\WATCH\6.ROLEX\12.13\已整理\29...ROLEX COSMOGRAPH DAYTONA OYSTER, 40 MM, OYSTERSTEEL AND YELLOW GOLD WATCH 126503\附图\126503-2.png",,,
"dummy_images\WATCH\6.ROLEX\12.13\原图\29...ROLEX COSMOGRAPH DAYTONA OYSTER, 40 MM, OYSTERSTEEL AND YELLOW GOLD WATCH 126503\附图\126503-3.png",546,"dummy_images\WATCH\6.ROLEX\12.13\已整理\29...ROLEX COSMOGRAPH DAYTONA OYSTER, 40 MM, OYSTERSTEEL AND YELLOW GOLD WATCH 126503\附图\126503-3.png",,,
"dummy_images\WATCH\6.ROLEX\12.13\原图\29...ROLEX COSMOGRAPH DAYTONA OYSTER, 40 MM, OYSTERSTEEL AND YELLOW GOLD WATCH 126503\附图\126503-4.png",546,"dummy_images\WATCH\6.ROLEX\12.13\已整理\29...ROLEX COSMOGRAPH DAYTONA OYSTER, 40 MM, OYSTERSTEEL AND YELLOW GOLD WATCH 126503\附图\126503-4.png",,,
"dummy_images\WATCH\6.ROLEX\12.13\原图\30...ROLEX COSMOGRAPH DAYTONA OYSTER, 40 MM, OYSTERSTEEL AND YELLOW GOLD WATCH 126503\主图\1-126503.png.jpg",547,,,,
"dummy_images\WATCH\6.ROLEX\12.13\原图\30...ROLEX COSMOGRAPH DAYTONA OYSTER, 40 MM, OYSTERSTEEL AND YELLOW GOLD WATCH 126503\附图\1-126503-1.jpeg",547,"dummy_images\WATCH\6.ROLEX\12.13\已整理\30...ROLEX COSMOGRAPH DAYTONA OYSTER, 40 MM, OYSTERSTEEL AND YELLOW GOLD WATCH 126503\附图\1-126503-1.jpeg",,,
"dummy_images\WATCH\6.ROLEX\12.13\原图\30...ROLEX COSMOGRAPH DAYTONA OYSTER, 40 MM, OYSTERSTEEL AND YELLOW GOLD WATCH 126503\附图\1-126503-2.png",547,"dummy_images\WATCH\6.ROLEX\12.13\已整理\30...ROLEX COSMOGRAPH DAYTONA OYSTER, 40 MM, OYSTERSTEEL AND YELLOW GOLD WATCH 126503\附图\1-126503-2.png",,,
"dummy_images\WATCH\6.ROLEX\12.13\原图\30...ROLEX COSMOGRAPH DAYTONA OYSTER, 40 MM, OYSTERSTEEL AND YELLOW GOLD WATCH 126503\附图\1-126503-3.png",547,"dummy_images\WATCH\6.ROLEX\12.13\已整理\30...ROLEX COSMOGRAPH DAYTONA OYSTER, 40 MM, OYSTERSTEEL AND YELLOW GOLD WATCH 126503\附图\1-126503-3.png",,,
"dummy_images\WATCH\6.ROLEX\12.13\原图\31...ROLEX COSMOGRAPH DAYTONA OYSTER, 40 MM, YELLOW GOLD WATCH 126508\主图\126508.png.jpg",548,,,,
"dummy_images\WATCH\6.ROLEX\12.13\原图\31...ROLEX COSMOGRAPH DAYTONA OYSTER, 40 MM, YELLOW GOLD WATCH 126508\附图\126508-1.jpeg",548,"dummy_images\WATCH\6.ROLEX\12.13\已整理\31...ROLEX COSMOGRAPH DAYTONA OYSTER, 40 MM, YELLOW GOLD WATCH 126508\附图\126508-1.jpeg",,,
"dummy_images\WATCH\6.ROLEX\12.13\原图\31...ROLEX COSMOGRAPH DAYTONA OYSTER, 40 MM, YELLOW GOLD WATCH 126508\附图\126508-2.png",548,"dummy_images\WATCH\6.ROLEX\12.13\已整理\31...ROLEX COSMOGRAPH DAYTONA OYSTER, 40 MM, YELLOW GOLD WATCH 126508\附图\126508-2.png",,,
"dummy_images\WATCH\6.ROLEX\12.13\原图\31...ROLEX COSMOGRAPH DAYTONA OYSTER, 40 MM, YELLOW GOLD WATCH 126508\附图\126508-3.png",548,"dummy_images\WATCH\6.ROLEX\12.13\已整理\31...ROLEX COSMOGRAPH DAYTONA OYSTER, 40 MM, YELLOW GOLD WATCH 126508\附图\126508-3.png",,,
"dummy_images\WATCH\6.ROLEX\12.13\原图\31...ROLEX COSMOGRAPH DAYTONA OYSTER, 40 MM, YELLOW GOLD WATCH 126508\附图\126508-4.png",548,"dummy_images\WATCH\6.ROLEX\12.13\已整理\31...ROLEX COSMOGRAPH DAYTONA OYSTER, 40 MM, YELLOW GOLD WATCH 126508\附图\126508-4.png",,,
"dummy_images\WATCH\6.ROLEX\12.13\原图\32...ROLEX COSMOGRAPH DAYTONA OYSTER, 40 MM, YELLOW GOLD WATCH 126508\主图\1-126508.png.jpg",549,,,,
"dummy_images\WATCH\6.ROLEX\12.13\原图\32...ROLEX COSMOGRAPH DAYTONA OYSTER, 40 MM, YELLOW GOLD WATCH 126508\附图\1-126508-1.jpeg",549,"dummy_images\WATCH\6.ROLEX\12.13\已整理\32...ROLEX COSMOGRAPH DAYTONA OYSTER, 40 MM, YELLOW GOLD WATCH 126508\附图\1-126508-1.jpeg",,,
"dummy_images\WATCH\6.ROLEX\12.13\原图\32...ROLEX COSMOGRAPH DAYTONA OYSTER, 40 MM, YELLOW GOLD WATCH 126508\附图\1-126508-2.png",549,"dummy_images\WATCH\6.ROLEX\12.13\已整理\32...ROLEX COSMOGRAPH DAYTONA OYSTER, 40 MM, YELLOW GOLD WATCH 126508\附图\1-126508-2.png",,,
"dummy_images\WATCH\6.ROLEX\12.13\原图\32...ROLEX COSMOGRAPH DAYTONA OYSTER, 40 MM, YELLOW GOLD WATCH 126508\附图\1-126508-3.png",549,"dummy_images\WATCH\6.ROLEX\12.13\已整理\32...ROLEX COSMOGRAPH DAYTONA OYSTER, 40 MM, YELLOW GOLD WATCH 126508\附图\1-126508-3.png",,,
"dummy_images\WATCH\6.ROLEX\12.13\原图\34...ROLEX COSMOGRAPH DAYTONA OYSTER, 40 MM, YELLOW GOLD WATCH 126508\主图\2-126508.png.jpg",550,,,,
"dummy_images\WATCH\6.ROLEX\12.13\原图\34...ROLEX COSMOGRAPH DAYTONA OYSTER, 40 MM, YELLOW GOLD WATCH 126508\附图\2-126508-1.jpeg",550,"dummy_images\WATCH\6.ROLEX\12.13\已整理\34...ROLEX COSMOGRAPH DAYTONA OYSTER, 40 MM, YELLOW GOLD WATCH 126508\附图\2-126508-1.jpeg",,,
"dummy_images\WATCH\6.ROLEX\12.13\原图\34...ROLEX COSMOGRAPH DAYTONA OYSTER, 40 MM, YELLOW GOLD WATCH 126508\附图\2-126508-2.png",550,"dummy_images\WATCH\6.ROLEX\12.13\已整理\34...ROLEX COSMOGRAPH DAYTONA OYSTER, 40 MM, YELLOW GOLD WATCH 126508\附图\2-126508-2.png",,,
"dummy_images\WATCH\6.ROLEX\12.13\原图\34...ROLEX COSMOGRAPH DAYTONA OYSTER, 40 MM, YELLOW GOLD WATCH 126508\附图\2-126508-3.png",550,"dummy_images\WATCH\6.ROLEX\12.13\已整理\34...ROLEX COSMOGRAPH DAYTONA OYSTER, 40 MM, YELLOW GOLD WATCH 126508\附图\2-126508-3.png",,,
"dummy_images\WATCH\6.ROLEX\12.13\原图\34...ROLEX COSMOGRAPH DAYTONA OYSTER, 40 MM, YELLOW GOLD WATCH 126508\附图\2-126508-4.png",550,"dummy_images\WATCH\6.ROLEX\12.13\已整理\34...ROLEX COSMOGRAPH DAYTONA OYSTER, 40 MM, YELLOW GOLD WATCH 126508\附图\2-126508-4.png",,,
dummy_images\WATCH\7.AUDEMARS PIGUET\1.9\原图\2.AUDEMARS PIGUET ROYAL OAK OFFSHORE 67540SK.ZZ.A010CA.01\主图\67540SK.ZZ.A010CA.01.jpg,557,,,,
dummy_images\WATCH\7.AUDEMARS PIGUET\1.9\原图\2.AUDEMARS PIGUET ROYAL OAK OFFSHORE 67540SK.ZZ.A010CA.01\附图\67540SK.ZZ.A010CA.01-1.jpg,557,dummy_images\WATCH\7.AUDEMARS PIGUET\1.9\已整理\2.AUDEMARS PIGUET ROYAL OAK OFFSHORE 67540SK.ZZ.A010CA.01\附图\67540SK.ZZ.A010CA.01-1.jpg,,,
dummy_images\WATCH\7.AUDEMARS PIGUET\1.9\原图\2.AUDEMARS PIGUET ROYAL OAK OFFSHORE 67540SK.ZZ.A010CA.01\附图\67540SK.ZZ.A010CA.01-2.jpg,557,dummy_images\WATCH\7.AUDEMARS PIGUET\1.9\已整理\2.AUDEMARS PIGUET ROYAL OAK OFFSHORE 67540SK.ZZ.A010CA.01\附图\67540SK.ZZ.A010CA.01-2.jpg,,,
dummy_images\WATCH\7.AUDEMARS PIGUET\1.9\原图\2.AUDEMARS PIGUET ROYAL OAK OFFSHORE 67540SK.ZZ.A010CA.01\附图\67540SK.ZZ.A010CA.01-3.jpg,557,dummy_images\WATCH\7.AUDEMARS PIGUET\1.9\已整理\2.AUDEMARS PIGUET ROYAL OAK OFFSHORE 67540SK.ZZ.A010CA.01\附图\67540SK.ZZ.A010CA.01-3.jpg,,,
dummy_images\WATCH\7.AUDEMARS PIGUET\1.9\原图\5.AUDEMARS PIGUET ROYAL OAK STAINLESS STEEL WHITE DIAL WATCH 15450ST.OO.1256ST.01\主图\15450ST.OO.1256ST.01.jpg,558,,,,
dummy_images\WATCH\7.AUDEMARS PIGUET\1.9\原图\5.AUDEMARS PIGUET ROYAL OAK STAINLESS STEEL WHITE DIAL WATCH 15450ST.OO.1256ST.01\附图\15450ST.OO.1256ST.01-1.jpg,558,dummy_images\WATCH\7.AUDEMARS PIGUET\1.9\已整理\5.AUDEMARS PIGUET ROYAL OAK STAINLESS STEEL WHITE DIAL WATCH 15450ST.OO.1256ST.01\附图\15450ST.OO.1256ST.01-1.jpg,,,
dummy_images\WATCH\7.AUDEMARS PIGUET\1.9\原图\5.AUDEMARS PIGUET ROYAL OAK STAINLESS STEEL WHITE DIAL WATCH 15450ST.OO.1256ST.01\附图\15450ST.OO.1256ST.01-2.jpg,558,dummy_images\WATCH\7.AUDEMARS PIGUET\1.9\已整理\5.AUDEMARS PIGUET ROYAL OAK STAINLESS STEEL WHITE DIAL WATCH 15450ST.OO.1256ST.01\附图\15450ST.OO.1256ST.01-2.jpg,,,
dummy_images\WATCH\7.AUDEMARS PIGUET\1.9\原图\5.AUDEMARS PIGUET ROYAL OAK STAINLESS STEEL WHITE DIAL WATCH 15450ST.OO.1256ST.01\附图\15450ST.OO.1256ST.01-3.jpg,558,dummy_images\WATCH\7.AUDEMARS PIGUET\1.9\已整理\5.AUDEMARS PIGUET ROYAL OAK STAINLESS STEEL WHITE DIAL WATCH 15450ST.OO.1256ST.01\附图\15450ST.OO.1256ST.01-3.jpg,,,
dummy_images\WATCH\7.AUDEMARS PIGUET\1.9\原图\5.AUDEMARS PIGUET ROYAL OAK STAINLESS STEEL WHITE DIAL WATCH 15450ST.OO.1256ST.01\附图\15450ST.OO.1256ST.01-4.jpg,558,dummy_images\WATCH\7.AUDEMARS PIGUET\1.9\已整理\5.AUDEMARS PIGUET ROYAL OAK STAINLESS STEEL WHITE DIAL WATCH 15450ST.OO.1256ST.01\附图\15450ST.OO.1256ST.01-4.jpg,,,
dummy_images\WATCH\7.AUDEMARS PIGUET\1.9\原图\11.AUDEMARS PIGUET ROYAL OAK OFFSHORE 'MICHAEL SCHUMACHER' LIMITED EDITION WATCH 26568OM.OO.A004CA.01\主图\26568OM.OO.A004CA.01.jpg,559,,,,
dummy_images\WATCH\7.AUDEMARS PIGUET\1.9\原图\11.AUDEMARS PIGUET ROYAL OAK OFFSHORE 'MICHAEL SCHUMACHER' LIMITED EDITION WATCH 26568OM.OO.A004CA.01\附图\26568OM.OO.A004CA.01-1.jpg,559,dummy_images\WATCH\7.AUDEMARS PIGUET\1.9\已整理\11.AUDEMARS PIGUET ROYAL OAK OFFSHORE 'MICHAEL SCHUMACHER' LIMITED EDITION WATCH 26568OM.OO.A004CA.01\附图\26568OM.OO.A004CA.01-1.jpg,,,
dummy_images\WATCH\7.AUDEMARS PIGUET\1.9\原图\11.AUDEMARS PIGUET ROYAL OAK OFFSHORE 'MICHAEL SCHUMACHER' LIMITED EDITION WATCH 26568OM.OO.A004CA.01\附图\26568OM.OO.A004CA.01-2.jpg,559,dummy_images\WATCH\7.AUDEMARS PIGUET\1.9\已整理\11.AUDEMARS PIGUET ROYAL OAK OFFSHORE 'MICHAEL SCHUMACHER' LIMITED EDITION WATCH 26568OM.OO.A004CA.01\附图\26568OM.OO.A004CA.01-2.jpg,,,
dummy_images\WATCH\7.AUDEMARS PIGUET\1.9\原图\11.AUDEMARS PIGUET ROYAL OAK OFFSHORE 'MICHAEL SCHUMACHER' LIMITED EDITION WATCH 26568OM.OO.A004CA.01\附图\26568OM.OO.A004CA.01-3.jpg,559,dummy_images\WATCH\7.AUDEMARS PIGUET\1.9\已整理\11.AUDEMARS PIGUET ROYAL OAK OFFSHORE 'MICHAEL SCHUMACHER' LIMITED EDITION WATCH 26568OM.OO.A004CA.01\附图\26568OM.OO.A004CA.01-3.jpg,,,
dummy_images\WATCH\7.AUDEMARS PIGUET\1.9\原图\11.AUDEMARS PIGUET ROYAL OAK OFFSHORE 'MICHAEL SCHUMACHER' LIMITED EDITION WATCH 26568OM.OO.A004CA.01\附图\26568OM.OO.A004CA.01-4.jpg,559,dummy_images\WATCH\7.AUDEMARS PIGUET\1.9\已整理\11.AUDEMARS PIGUET ROYAL OAK OFFSHORE 'MICHAEL SCHUMACHER' LIMITED EDITION WATCH 26568OM.OO.A004CA.01\附图\26568OM.OO.A004CA.01-4.jpg,,,
dummy_images\WATCH\7.AUDEMARS PIGUET\1.9\原图\11.AUDEMARS PIGUET ROYAL OAK OFFSHORE 'MICHAEL SCHUMACHER' LIMITED EDITION WATCH 26568OM.OO.A004CA.01\附图\26568OM.OO.A004CA.01-5.jpg,559,dummy_images\WATCH\7.AUDEMARS PIGUET\1.9\已整理\11.AUDEMARS PIGUET ROYAL OAK OFFSHORE 'MICHAEL SCHUMACHER' LIMITED EDITION WATCH 26568OM.OO.A004CA.01\附图\26568OM.OO.A004CA.01-5.jpg,,,
dummy_images\WATCH\7.AUDEMARS PIGUET\1.9\原图\25...AUDEMARS PIGUET ROYAL OAK OFFSHOREDIVER WATCH 15720ST.OO.A027CA.01\主图\15720ST.OO.A027CA.01.jpg,560,,,,
dummy_images\WATCH\7.AUDEMARS PIGUET\1.9\原图\25...AUDEMARS PIGUET ROYAL OAK OFFSHOREDIVER WATCH 15720ST.OO.A027CA.01\附图\15720ST.OO.A027CA.01-2.jpg,560,dummy_images\WATCH\7.AUDEMARS PIGUET\1.9\已整理\25...改AUDEMARS PIGUET ROYAL OAK OFFSHOREDIVER WATCH 15720ST.OO.A027CA.01\附图\15720ST.OO.A027CA.01-1.jpg,,,
dummy_images\WATCH\7.AUDEMARS PIGUET\1.9\原图\25...AUDEMARS PIGUET ROYAL OAK OFFSHOREDIVER WATCH 15720ST.OO.A027CA.01\附图\15720ST.OO.A027CA.01-3.jpg,560,dummy_images\WATCH\7.AUDEMARS PIGUET\1.9\已整理\25...改AUDEMARS PIGUET ROYAL OAK OFFSHOREDIVER WATCH 15720ST.OO.A027CA.01\附图\15720ST.OO.A027CA.01-2.jpg,,,
dummy_images\WATCH\7.AUDEMARS PIGUET\1.9\原图\25...AUDEMARS PIGUET ROYAL OAK OFFSHOREDIVER WATCH 15720ST.OO.A027CA.01\附图\15720ST.OO.A027CA.01.jpg,560,dummy_images\WATCH\7.AUDEMARS PIGUET\1.9\已整理\25...改AUDEMARS PIGUET ROYAL OAK OFFSHOREDIVER WATCH 15720ST.OO.A027CA.01\附图\15720ST.OO.A027CA.01-3.jpg,,,
dummy_images\WATCH\7.AUDEMARS PIGUET\1.9\原图\26...AUDEMARS PIGUET ROYAL OAK OFFSHORE DIVER WATCH 15720ST.OO.A009CA.01\主图\15720ST.OO.A009CA.01.jpg,561,,,,
dummy_images\WATCH\7.AUDEMARS PIGUET\1.9\原图\26...AUDEMARS PIGUET ROYAL OAK OFFSHORE DIVER WATCH 15720ST.OO.A009CA.01\附图\15720ST.OO.A009CA.01-1.jpg,561,dummy_images\WATCH\7.AUDEMARS PIGUET\1.9\已整理\26...改AUDEMARS PIGUET ROYAL OAK OFFSHORE DIVER WATCH 15720ST.OO.A009CA.01\附图\15720ST.OO.A009CA.01-1.jpg,,,
dummy_images\WATCH\7.AUDEMARS PIGUET\1.9\原图\26...AUDEMARS PIGUET ROYAL OAK OFFSHORE DIVER WATCH 15720ST.OO.A009CA.01\附图\15720ST.OO.A009CA.01-2.jpg,561,dummy_images\WATCH\7.AUDEMARS PIGUET\1.9\已整理\26...改AUDEMARS PIGUET ROYAL OAK OFFSHORE DIVER WATCH 15720ST.OO.A009CA.01\附图\15720ST.OO.A009CA.01-2.jpg,,,
dummy_images\WATCH\7.AUDEMARS PIGUET\1.9\原图\26...AUDEMARS PIGUET ROYAL OAK OFFSHORE DIVER WATCH 15720ST.OO.A009CA.01\附图\15720ST.OO.A009CA.01-3.jpg,561,dummy_images\WATCH\7.AUDEMARS PIGUET\1.9\已整理\26...改AUDEMARS PIGUET ROYAL OAK OFFSHORE DIVER WATCH 15720ST.OO.A009CA.01\附图\15720ST.OO.A009CA.01-3.jpg,,,
dummy_images\WATCH\7.AUDEMARS PIGUET\1.9\原图\30.AUDEMARS PIGUET ROYAL OAK 37MM WATCH 15451ST.ZZ.1256ST.02\主图\15451ST.ZZ.1256ST.02.jpg,563,,,,
dummy_images\WATCH\7.AUDEMARS PIGUET\1.9\原图\30.AUDEMARS PIGUET ROYAL OAK 37MM WATCH 15451ST.ZZ.1256ST.02\附图\15451ST.ZZ.1256ST.02-1.jpg,563,dummy_images\WATCH\7.AUDEMARS PIGUET\1.9\已整理\30.AUDEMARS PIGUET ROYAL OAK 37MM WATCH 15451ST.ZZ.1256ST.02\附图\15451ST.ZZ.1256ST.02-1.jpg,,,
dummy_images\WATCH\7.AUDEMARS PIGUET\1.9\原图\30.AUDEMARS PIGUET ROYAL OAK 37MM WATCH 15451ST.ZZ.1256ST.02\附图\15451ST.ZZ.1256ST.02-2.jpg,563,dummy_images\WATCH\7.AUDEMARS PIGUET\1.9\已整理\30.AUDEMARS PIGUET ROYAL OAK 37MM WATCH 15451ST.ZZ.1256ST.02\附图\15451ST.ZZ.1256ST.02-2.jpg,,,
dummy_images\WATCH\7.AUDEMARS PIGUET\1.9\原图\30.AUDEMARS PIGUET ROYAL OAK 37MM WATCH 15451ST.ZZ.1256ST.02\附图\15451ST.ZZ.1256ST.02-3.jpg,563,dummy_images\WATCH\7.AUDEMARS PIGUET\1.9\已整理\30.AUDEMARS PIGUET ROYAL OAK 37MM WATCH 15451ST.ZZ.1256ST.02\附图\15451ST.ZZ.1256ST.02-3.jpg,,,
dummy_images\WATCH\8.PANERAI\1.10\原图\8.PANERAI LUMINOR 1950 GMT GREEN DIAL MS DHONI EDITION WATCH PAM01056\主图\PAM01056.jpg,579,,,,
dummy_images\WATCH\8.PANERAI\1.10\原图\8.PANERAI LUMINOR 1950 GMT GREEN DIAL MS DHONI EDITION WATCH PAM01056\附图\PAM01056-1.jpg,579,dummy_images\WATCH\8.PANERAI\1.10\已整理\8.PANERAI LUMINOR 1950 GMT GREEN DIAL MS DHONI EDITION WATCH PAM01056\附图\PAM01056-1.jpg,,,
dummy_images\WATCH\8.PANERAI\1.10\原图\8.PANERAI LUMINOR 1950 GMT GREEN DIAL MS DHONI EDITION WATCH PAM01056\附图\PAM01056-2.jpg,579,dummy_images\WATCH\8.PANERAI\1.10\已整理\8.PANERAI LUMINOR 1950 GMT GREEN DIAL MS DHONI EDITION WATCH PAM01056\附图\PAM01056-2.jpg,,,
dummy_images\WATCH\8.PANERAI\1.10\原图\8.PANERAI LUMINOR 1950 GMT GREEN DIAL MS DHONI EDITION WATCH PAM01056\附图\PAM01056-3.jpg,579,dummy_images\WATCH\8.PANERAI\1.10\已整理\8.PANERAI LUMINOR 1950 GMT GREEN DIAL MS DHONI EDITION WATCH PAM01056\附图\PAM01056-3.jpg,,,
dummy_images\WATCH\8.PANERAI\1.10\原图\10.PANERAI LUMINOR MARINA CARBOTECH 44MM WATCH PAM01661\主图\PAM01661.png,580,,,,
dummy_images\WATCH\8.PANERAI\1.10\原图\10.PANERAI LUMINOR MARINA CARBOTECH 44MM WATCH PAM01661\附图\PAM01661-1.png,580,dummy_images\WATCH\8.PANERAI\1.10\已整理\10.PANERAI LUMINOR MARINA CARBOTECH 44MM WATCH PAM01661\附图\PAM01661-1.png,,,
dummy_images\WATCH\8.PANERAI\1.10\原图\10.PANERAI LUMINOR MARINA CARBOTECH 44MM WATCH PAM01661\附图\PAM01661-2.png,580,dummy_images\WATCH\8.PANERAI\1.10\已整理\10.PANERAI LUMINOR MARINA CARBOTECH 44MM WATCH PAM01661\附图\PAM01661-2.png,,,
dummy_images\WATCH\8.PANERAI\1.10\原图\10.PANERAI LUMINOR MARINA CARBOTECH 44MM WATCH PAM01661\附图\PAM01661-3.png,580,dummy_images\WATCH\8.PANERAI\1.10\已整理\10.PANERAI LUMINOR MARINA CARBOTECH 44MM WATCH PAM01661\附图\PAM01661-3.png,,,
dummy_images\WATCH\8.PANERAI\1.10\原图\12.PANERAI LUMINOR SUBMERSIBLE 42MM WATCH PAM00974\主图\PAM00974.png,581,,,,
dummy_images\WATCH\8.PANERAI\1.10\原图\12.PANERAI LUMINOR SUBMERSIBLE 42MM WATCH PAM00974\附图\PAM00974-1.jpg,581,dummy_images\WATCH\8.PANERAI\1.10\已整理\12.PANERAI LUMINOR SUBMERSIBLE 42MM WATCH PAM00974\附图\PAM00974-1.jpg,,,
dummy_images\WATCH\8.PANERAI\1.10\原图\12.PANERAI LUMINOR SUBMERSIBLE 42MM WATCH PAM00974\附图\PAM00974-2.jpg,581,dummy_images\WATCH\8.PANERAI\1.10\已整理\12.PANERAI LUMINOR SUBMERSIBLE 42MM WATCH PAM00974\附图\PAM00974-2.jpg,,,
dummy_images\WATCH\8.PANERAI\1.10\原图\12.PANERAI LUMINOR SUBMERSIBLE 42MM WATCH PAM00974\附图\PAM00974-3.jpg,581,dummy_images\WATCH\8.PANERAI\1.10\已整理\12.PANERAI LUMINOR SUBMERSIBLE 42MM WATCH PAM00974\附图\PAM00974-3.jpg,,,
dummy_images\WATCH\8.PANERAI\1.10\原图\14.PANERAI LUMINOR SUBMERSIBLE CARBONTECH CARBON FIBER MEN'S WATCH PAM00960\主图\PAM00960.jpg,582,,,,
dummy_images\WATCH\8.PANERAI\1.10\原图\14.PANERAI LUMINOR SUBMERSIBLE CARBONTECH CARBON FIBER MEN'S WATCH PAM00960\附图\PAM00960-1.jpg,582,dummy_images\WATCH\8.PANERAI\1.10\已整理\14.PANERAI LUMINOR SUBMERSIBLE CARBONTECH CARBON FIBER MEN'S WATCH PAM00960\附图\PAM00960-1.jpg,,,
dummy_images\WATCH\8.PANERAI\1.10\原图\14.PANERAI LUMINOR SUBMERSIBLE CARBONTECH CARBON FIBER MEN'S WATCH PAM00960\附图\PAM00960-2.jpg,582,dummy_images\WATCH\8.PANERAI\1.10\已整理\14.PANERAI LUMINOR SUBMERSIBLE CARBONTECH CARBON FIBER MEN'S WATCH PAM00960\附图\PAM00960-2.jpg,,,
dummy_images\WATCH\8.PANERAI\1.10\原图\14.PANERAI LUMINOR SUBMERSIBLE CARBONTECH CARBON FIBER MEN'S WATCH PAM00960\附图\PAM00960-3.jpg,582,dummy_images\WATCH\8.PANERAI\1.10\已整理\14.PANERAI LUMINOR SUBMERSIBLE CARBONTECH CARBON FIBER MEN'S WATCH PAM00960\附图\PAM00960-3.jpg,,,
dummy_images\WATCH\8.PANERAI\1.10\原图\14.PANERAI LUMINOR SUBMERSIBLE CARBONTECH CARBON FIBER MEN'S WATCH PAM00960\附图\PAM00960-4.jpg,582,dummy_images\WATCH\8.PANERAI\1.10\已整理\14.PANERAI LUMINOR SUBMERSIBLE CARBONTECH CARBON FIBER MEN'S WATCH PAM00960\附图\PAM00960-4.jpg,,,
dummy_images\WATCH\8.PANERAI\1.10\原图\19.PANERAI LUMINOR 1950 3 DAYS GMT PAM00320\主图\PAM00320.jpg,583,,,,
dummy_images\WATCH\8.PANERAI\1.10\原图\19.PANERAI LUMINOR 1950 3 DAYS GMT PAM00320\附图\PAM00320-1.jpg,583,dummy_images\WATCH\8.PANERAI\1.10\已整理\19.PANERAI LUMINOR 1950 3 DAYS GMT PAM00320\附图\PAM00320-1.jpg,,,
dummy_images\WATCH\8.PANERAI\1.10\原图\19.PANERAI LUMINOR 1950 3 DAYS GMT PAM00320\附图\PAM00320-2.jpg,583,dummy_images\WATCH\8.PANERAI\1.10\已整理\19.PANERAI LUMINOR 1950 3 DAYS GMT PAM00320\附图\PAM00320-2.jpg,,,
dummy_images\WATCH\8.PANERAI\1.10\原图\19.PANERAI LUMINOR 1950 3 DAYS GMT PAM00320\附图\PAM00320-3.jpg,583,dummy_images\WATCH\8.PANERAI\1.10\已整理\19.PANERAI LUMINOR 1950 3 DAYS GMT PAM00320\附图\PAM00320-3.jpg,,,
dummy_images\WATCH\8.PANERAI\1.10\原图\21...PANERAI LUMINOR 8 GIORNI WATCH PAM00915\主图\PAM00915.png,584,,,,
dummy_images\WATCH\8.PANERAI\1.10\原图\21...PANERAI LUMINOR 8 GIORNI WATCH PAM00915\附图\PAM00915-1.png,584,dummy_images\WATCH\8.PANERAI\1.10\已整理\21...PANERAI LUMINOR 8 GIORNI WATCH PAM00915\附图\PAM00915-1.png,,,
dummy_images\WATCH\8.PANERAI\1.10\原图\21...PANERAI LUMINOR 8 GIORNI WATCH PAM00915\附图\PAM00915-2.png,584,dummy_images\WATCH\8.PANERAI\1.10\已整理\21...PANERAI LUMINOR 8 GIORNI WATCH PAM00915\附图\PAM00915-2.png,,,
dummy_images\WATCH\8.PANERAI\1.10\原图\21...PANERAI LUMINOR 8 GIORNI WATCH PAM00915\附图\PAM00915-3.png,584,dummy_images\WATCH\8.PANERAI\1.10\已整理\21...PANERAI LUMINOR 8 GIORNI WATCH PAM00915\附图\PAM00915-3.png,,,
dummy_images\WATCH\8.PANERAI\1.10\原图\22...PANERAI LUMINOR LOGO WATCH PAM01085\主图\PAM01085.png,585,,,,
dummy_images\WATCH\8.PANERAI\1.10\原图\22...PANERAI LUMINOR LOGO WATCH PAM01085\附图\PAM01085-1.png,585,dummy_images\WATCH\8.PANERAI\1.10\已整理\22...PANERAI LUMINOR LOGO WATCH PAM01085\附图\PAM01085-1.png,,,
dummy_images\WATCH\8.PANERAI\1.10\原图\22...PANERAI LUMINOR LOGO WATCH PAM01085\附图\PAM01085-2.png,585,dummy_images\WATCH\8.PANERAI\1.10\已整理\22...PANERAI LUMINOR LOGO WATCH PAM01085\附图\PAM01085-2.png,,,
dummy_images\WATCH\8.PANERAI\1.10\原图\22...PANERAI LUMINOR LOGO WATCH PAM01085\附图\PAM01085-3.png,585,dummy_images\WATCH\8.PANERAI\1.10\已整理\22...PANERAI LUMINOR LOGO WATCH PAM01085\附图\PAM01085-3.png,,,
dummy_images\WATCH\1.CARTIER\微商相册\11.21\原图\14.BVLGARI OCTO SOLOTEMPO BGO 41 MM MENS WATCH IN STAINLESS STEEL 101964\主图\101964.jpg,35,,,,
dummy_images\WATCH\1.CARTIER\微商相册\11.21\原图\14.BVLGARI OCTO SOLOTEMPO BGO 41 MM MENS WATCH IN STAINLESS STEEL 101964\附图\101964-1.jpg,35,,,,
dummy_images\WATCH\1.CARTIER\微商相册\11.21\原图\14.BVLGARI OCTO SOLOTEMPO BGO 41 MM MENS WATCH IN STAINLESS STEEL 101964\附图\101964-2.jpg,35,,,,
dummy_images\WATCH\1.CARTIER\微商相册\11.21\原图\14.BVLGARI OCTO SOLOTEMPO BGO 41 MM MENS WATCH IN STAINLESS STEEL 101964\附图\101964-3.jpg,35,,,,
dummy_images\WATCH\1.CARTIER\微商相册\11.21\原图\16.BULGARI OCTO 18K ROSE GOLD & BLACK STEEL BLACK DIAL 41MM AUTOMATIC RUBBER 102485\主图\102485.jpg,36,,,,
dummy_images\WATCH\1.CARTIER\微商相册\11.21\原图\16.BULGARI OCTO 18K ROSE GOLD & BLACK STEEL BLACK DIAL 41MM AUTOMATIC RUBBER 102485\附图\102485-1.jpg,36,,,,
dummy_images\WATCH\1.CARTIER\微商相册\11.21\原图\16.BULGARI OCTO 18K ROSE GOLD & BLACK STEEL BLACK DIAL 41MM AUTOMATIC RUBBER 102485\附图\102485-2.jpg,36,,,,
dummy_images\WATCH\1.CARTIER\微商相册\11.21\原图\16.BULGARI OCTO 18K ROSE GOLD & BLACK STEEL BLACK DIAL 41MM AUTOMATIC RUBBER 102485\附图\102485-3.jpg,36,,,,
dummy_images\WATCH\1.CARTIER\微商相册\11.21\原图\19.BVLGARI OCTO L'ORIGINALE TOURBILLON 40MM WATCH 102560\主图\102560.jpg,37,,,,
dummy_images\WATCH\1.CARTIER\微商相册\11.21\原图\19.BVLGARI OCTO L'ORIGINALE TOURBILLON 40MM WATCH 102560\附图\102560-1.jpg,37,,,,
dummy_images\WATCH\1.CARTIER\微商相册\11.21\原图\19.BVLGARI OCTO L'ORIGINALE TOURBILLON 40MM WATCH 102560\附图\102560-2.jpg,37,,,,
dummy_images\WATCH\1.CARTIER\微商相册\11.21\原图\19.BVLGARI OCTO L'ORIGINALE TOURBILLON 40MM WATCH 102560\附图\102560-3.jpg,37,,,,
dummy_images\WATCH\1.CARTIER\微商相册\11.21\原图\24.BVLGARI LVCEA LADIES 18 CARAT ROSE GOLD WATCH 102475\主图\102475.png,38,,,,
dummy_images\WATCH\1.CARTIER\微商相册\11.21\原图\24.BVLGARI LVCEA LADIES 18 CARAT ROSE GOLD WATCH 102475\附图\102475-1.png,38,,,,
dummy_images\WATCH\1.CARTIER\微商相册\11.21\原图\24.BVLGARI LVCEA LADIES 18 CARAT ROSE GOLD WATCH 102475\附图\102475-2.png,38,,,,
dummy_images\WATCH\1.CARTIER\微商相册\11.21\原图\24.BVLGARI LVCEA LADIES 18 CARAT ROSE GOLD WATCH 102475\附图\102475-3.png,38,,,,
dummy_images\WATCH\1.CARTIER\微商相册\11.21\原图\28.BULGARI LVCEA WATCH 102194\主图\102194.jpg,39,,,,
dummy_images\WATCH\1.CARTIER\微商相册\11.21\原图\28.BULGARI LVCEA WATCH 102194\附图\102194-1.png,39,,,,
dummy_images\WATCH\1.CARTIER\微商相册\11.21\原图\28.BULGARI LVCEA WATCH 102194\附图\102194-2.png,39,,,,
dummy_images\WATCH\1.CARTIER\微商相册\11.21\原图\28.BULGARI LVCEA WATCH 102194\附图\102194-3.png,39,,,,
dummy_images\WATCH\1.CARTIER\微商相册\11.21\原图\29.BULGARI LVCEA WATCH 103289\主图\10001.png,40,,,,
dummy_images\WATCH\1.CARTIER\微商相册\11.21\原图\29.BULGARI LVCEA WATCH 103289\主图\103289.jpg,40,,,,
dummy_images\WATCH\1.CARTIER\微商相册\11.21\原图\29.BULGARI LVCEA WATCH 103289\附图\10002.jpeg,40,,,,
dummy_images\WATCH\1.CARTIER\微商相册\11.21\原图\29.BULGARI LVCEA WATCH 103289\附图\10003.png,40,,,,
dummy_images\WATCH\1.CARTIER\微商相册\11.21\原图\29.BULGARI LVCEA WATCH 103289\附图\103289-1.jpeg,40,,,,
dummy_images\WATCH\1.CARTIER\微商相册\11.21\原图\29.BULGARI LVCEA WATCH 103289\附图\103289-2.png,40,,,,
dummy_images\WATCH\1.CARTIER\微商相册\11.21\原图\13.BVLGARI OCTO ROMA 41MM WATCH 102779\主图\102779.jpg,46,,,,
dummy_images\WATCH\1.CARTIER\微商相册\11.21\原图\13.BVLGARI OCTO ROMA 41MM WATCH 102779\附图\102779-1.png,46,,,,
dummy_images\WATCH\1.CARTIER\微商相册\11.21\原图\15.BVLGARI OCTO ULTRANERO BLACK STEEL AUTOMATIC 41MM MEN'S WATCH 102737\主图\102737.png,47,,,,
dummy_images\WATCH\1.CARTIER\微商相册\11.21\原图\15.BVLGARI OCTO ULTRANERO BLACK STEEL AUTOMATIC 41MM MEN'S WATCH 102737\附图\102737-1.png,47,,,,
dummy_images\WATCH\1.CARTIER\微商相册\11.21\原图\15.BVLGARI OCTO ULTRANERO BLACK STEEL AUTOMATIC 41MM MEN'S WATCH 102737\附图\102737-2.png,47,,,,
dummy_images\WATCH\1.CARTIER\微商相册\11.21\原图\17.BVLGARI OCTO SERIES GOLD MEN'S MECHANICAL WATCH 007021\主图\007021.jpg,48,,,,
dummy_images\WATCH\1.CARTIER\微商相册\11.21\原图\17.BVLGARI OCTO SERIES GOLD MEN'S MECHANICAL WATCH 007021\附图\007021-1.jpg,48,,,,
dummy_images\WATCH\1.CARTIER\微商相册\11.21\原图\18.BVLGARI OCTO SOLO TEMPO BGO38C3SLD 132381\主图\132381.jpg,49,,,,
dummy_images\WATCH\1.CARTIER\微商相册\11.21\原图\18.BVLGARI OCTO SOLO TEMPO BGO38C3SLD 132381\附图\132381-1.jpg,49,,,,
dummy_images\WATCH\1.CARTIER\微商相册\11.21\原图\18.BVLGARI OCTO SOLO TEMPO BGO38C3SLD 132381\附图\132381-2.jpg,49,,,,
dummy_images\WATCH\1.CARTIER\微商相册\11.21\原图\20.BVLGARI OCTO SOLOTEMPO AUTOMATIC GREY DIAL 41MM MEN'S WATCH 102858\主图\102858.jpg,50,,,,
dummy_images\WATCH\1.CARTIER\微商相册\11.21\原图\20.BVLGARI OCTO SOLOTEMPO AUTOMATIC GREY DIAL 41MM MEN'S WATCH 102858\附图\102858-1.jpg,50,,,,
dummy_images\WATCH\1.CARTIER\微商相册\11.21\原图\20.BVLGARI OCTO SOLOTEMPO AUTOMATIC GREY DIAL 41MM MEN'S WATCH 102858\附图\102858-2.jpg,50,,,,
dummy_images\WATCH\1.CARTIER\微商相册\11.21\原图\21.BULGARI OCTO WATCH 102429\主图\102429.jpg,51,,,,
dummy_images\WATCH\1.CARTIER\微商相册\11.21\原图\21.BULGARI OCTO WATCH 102429\附图\102429-1.jpg,51,,,,
dummy_images\WATCH\1.CARTIER\微商相册\11.21\原图\21.BULGARI OCTO WATCH 102429\附图\102429-2.jpg,51,,,,
dummy_images\WATCH\1.CARTIER\微商相册\11.21\原图\22.BVLGARI OCTO ROMA WATCH 221543\主图\221543.jpg,52,,,,
dummy_images\WATCH\1.CARTIER\微商相册\11.21\原图\22.BVLGARI OCTO ROMA WATCH 221543\附图\221543-1.jpg,52,,,,
dummy_images\WATCH\1.CARTIER\微商相册\11.21\原图\23.BVLGARI ALUMINIUM WATCH 103382\主图\103382.jpg,53,,,,
dummy_images\WATCH\1.CARTIER\微商相册\11.21\原图\23.BVLGARI ALUMINIUM WATCH 103382\附图\103382-1.jpg,53,,,,
dummy_images\WATCH\1.CARTIER\微商相册\11.21\原图\25.BVLGARI LVCEA WATCH 103029\主图\103029.jpg,54,,,,
dummy_images\WATCH\1.CARTIER\微商相册\11.21\原图\25.BVLGARI LVCEA WATCH 103029\附图\103029-1.jpg,54,,,,
dummy_images\WATCH\1.CARTIER\微商相册\11.21\原图\25.BVLGARI LVCEA WATCH 103029\附图\103029-2.png,54,,,,
dummy_images\WATCH\1.CARTIER\微商相册\11.21\原图\26.BVLGARI LVCEA BLACK DIAL 28MM WATCH 102691\主图\102691.jpg,55,,,,
dummy_images\WATCH\1.CARTIER\微商相册\11.21\原图\26.BVLGARI LVCEA BLACK DIAL 28MM WATCH 102691\附图\102691-1.jpg,55,,,,
dummy_images\WATCH\1.CARTIER\微商相册\11.21\原图\26.BVLGARI LVCEA BLACK DIAL 28MM WATCH 102691\附图\102691-2.jpg,55,,,,
dummy_images\WATCH\1.CARTIER\微商相册\11.21\原图\27.BULGARI LUCEA 33MM WATCH 102476\主图\102476.jpg,56,,,,
dummy_images\WATCH\1.CARTIER\微商相册\11.21\原图\27.BULGARI LUCEA 33MM WATCH 102476\附图\102476-1.png,56,,,,
dummy_images\WATCH\1.CARTIER\微商相册\11.21\原图\30.BULGARI LVCEA WATCH 102669\主图\102669.jpg,57,,,,
dummy_images\WATCH\1.CARTIER\微商相册\11.21\原图\30.BULGARI LVCEA WATCH 102669\主图\235156.png,57,,,,
dummy_images\WATCH\1.CARTIER\微商相册\11.21\原图\30.BULGARI LVCEA WATCH 102669\附图\102669-1.jpg,57,,,,
dummy_images\WATCH\1.CARTIER\微商相册\11.21\原图\30.BULGARI LVCEA WATCH 102669\附图\1350169.jpg,57,,,,
dummy_images\WATCH\1.CARTIER\微商相册\12.25\原图\16.主图水印CARTIER BLUE BALLOON SERIES WATCH W2BB0029\主图\W2BB0029.jpg,112,,,,
dummy_images\WATCH\1.CARTIER\微商相册\12.25\原图\16.主图水印CARTIER BLUE BALLOON SERIES WATCH W2BB0029\附图\W2BB0029.jpg,112,,,,
dummy_images\WATCH\1.CARTIER\微商相册\12.25\原图\17.附图水印CARTIER BLUE BALLOON SERIES WATCH WSBB0031\主图\WSBB0031.jpg,113,,,,
dummy_images\WATCH\1.CARTIER\微商相册\12.25\原图\17.附图水印CARTIER BLUE BALLOON SERIES WATCH WSBB0031\附图\WSBB0031.jpg,113,,,,
dummy_images\WATCH\1.CARTIER\微商相册\12.25\原图\5.水印CARTIER RONDE SOLO DE CARTIER XL SILVER DIAL AUTOMATIC STEEL WATCH W6701011\主图\W6701011.jpg,110,,,,
dummy_images\WATCH\1.CARTIER\微商相册\12.25\原图\5.水印CARTIER RONDE SOLO DE CARTIER XL SILVER DIAL AUTOMATIC STEEL WATCH W6701011\附图\W6701011-1.jpg,110,,,,
dummy_images\WATCH\1.CARTIER\微商相册\12.25\原图\5.水印CARTIER RONDE SOLO DE CARTIER XL SILVER DIAL AUTOMATIC STEEL WATCH W6701011\附图\W6701011-2.jpg,110,,,,
dummy_images\WATCH\1.CARTIER\微商相册\12.26\原图\31.水印CARTIER BAIGNOIRE 24 MM WHITE GOLD WATCH W1518956\主图\W1518956.jpg,146,,,,
dummy_images\WATCH\1.CARTIER\微商相册\12.26\原图\31.水印CARTIER BAIGNOIRE 24 MM WHITE GOLD WATCH W1518956\附图\W1518956-1.jpg,146,,,,
dummy_images\WATCH\1.CARTIER\微商相册\12.26\原图\31.水印CARTIER BAIGNOIRE 24 MM WHITE GOLD WATCH W1518956\附图\W1518956-2.jpg,146,,,,
dummy_images\WATCH\3.PATEK PHILIPPE\11.23\原图\22.PATEK PHILIPPE CALATRAVA YELLOW GOLD LACQUERED IVORY DIAL WATCH 5227J-001\主图\5227J-001.jpg,202,,,,
dummy_images\WATCH\3.PATEK PHILIPPE\11.23\原图\22.PATEK PHILIPPE CALATRAVA YELLOW GOLD LACQUERED IVORY DIAL WATCH 5227J-001\附图\5227J-001-1.jpg,202,,,,
dummy_images\WATCH\3.PATEK PHILIPPE\11.23\原图\22.PATEK PHILIPPE CALATRAVA YELLOW GOLD LACQUERED IVORY DIAL WATCH 5227J-001\附图\5227J-001-2.jpg,202,,,,
dummy_images\WATCH\3.PATEK PHILIPPE\11.23\原图\22.PATEK PHILIPPE CALATRAVA YELLOW GOLD LACQUERED IVORY DIAL WATCH 5227J-001\附图\5227J-001-3.jpg,202,,,,
dummy_images\WATCH\3.PATEK PHILIPPE\11.23\原图\22.PATEK PHILIPPE CALATRAVA YELLOW GOLD LACQUERED IVORY DIAL WATCH 5227J-001\附图\5227J-001-4.jpg,202,,,,
