image_path,product_id,category,mask_path,wm_image_path,wm_local_mask
dummy_images\WATCH\1.CARTIER\微商相册\12.25\原图\15.CARTIER BLUE BALLOON SERIES WATCH WJBB0011\主图\WJBB0011.jpg,100,watch,,,cvs\new_watermark.png
dummy_images\WATCH\1.CARTIER\微商相册\12.25\原图\15.CARTIER BLUE BALLOON SERIES WATCH WJBB0011\附图\WJBB0011-1.jpg,100,watch,,dummy_images\WATCH\1.CARTIER\微商相册\12.25\已整理\15.CARTIER BLUE BALLOON SERIES WATCH WJBB0011\附图\WJBB0011-1.jpg,cvs\new_watermark.png
dummy_images\WATCH\1.CARTIER\微商相册\12.25\原图\15.CARTIER BLUE BALLOON SERIES WATCH WJBB0011\附图\WJBB0011-2.jpg,100,watch,,dummy_images\WATCH\1.CARTIER\微商相册\12.25\已整理\15.CARTIER BLUE BALLOON SERIES WATCH WJBB0011\附图\WJBB0011-2.jpg,cvs\new_watermark.png
dummy_images\WATCH\1.CARTIER\微商相册\12.25\原图\15.CARTIER BLUE BALLOON SERIES WATCH WJBB0011\附图\WJBB0011-3.jpg,100,watch,,dummy_images\WATCH\1.CARTIER\微商相册\12.25\已整理\15.CARTIER BLUE BALLOON SERIES WATCH WJBB0011\附图\WJBB0011-3.jpg,cvs\new_watermark.png
dummy_images\WATCH\1.CARTIER\微商相册\12.25\原图\18.CARTIER PASHA DO SILVER DIAL WATCH WSPA0012\主图\WSPA0012.jpg,101,watch,,,cvs\new_watermark.png
dummy_images\WATCH\1.CARTIER\微商相册\12.25\原图\18.CARTIER PASHA DO SILVER DIAL WATCH WSPA0012\附图\WSPA0012-1.jpg,101,watch,,dummy_images\WATCH\1.CARTIER\微商相册\12.25\已整理\18.CARTIER PASHA DO SILVER DIAL WATCH WSPA0012\附图\WSPA0012-1.jpg,cvs\new_watermark.png
dummy_images\WATCH\1.CARTIER\微商相册\12.25\原图\18.CARTIER PASHA DO SILVER DIAL WATCH WSPA0012\附图\WSPA0012-2.jpg,101,watch,,dummy_images\WATCH\1.CARTIER\微商相册\12.25\已整理\18.CARTIER PASHA DO SILVER DIAL WATCH WSPA0012\附图\WSPA0012-2.jpg,cvs\new_watermark.png
dummy_images\WATCH\1.CARTIER\微商相册\12.25\原图\18.CARTIER PASHA DO SILVER DIAL WATCH WSPA0012\附图\WSPA0012-3.jpg,101,watch,,dummy_images\WATCH\1.CARTIER\微商相册\12.25\已整理\18.CARTIER PASHA DO SILVER DIAL WATCH WSPA0012\附图\WSPA0012-3.jpg,cvs\new_watermark.png
dummy_images\WATCH\1.CARTIER\微商相册\12.25\原图\19.CARTIER PASHA DO WATCH WSPA0021\主图\WSPA0021.jpg,102,watch,,,cvs\new_watermark.png
dummy_images\WATCH\1.CARTIER\微商相册\12.25\原图\19.CARTIER PASHA DO WATCH WSPA0021\附图\WSPA0021-1.jpg,102,watch,,dummy_images\WATCH\1.CARTIER\微商相册\12.25\已整理\19.CARTIER PASHA DO WATCH WSPA0021\附图\WSPA0021-1.jpg,cvs\new_watermark.png
dummy_images\WATCH\1.CARTIER\微商相册\12.25\原图\19.CARTIER PASHA DO WATCH WSPA0021\附图\WSPA0021-2.jpg,102,watch,,dummy_images\WATCH\1.CARTIER\微商相册\12.25\已整理\19.CARTIER PASHA DO WATCH WSPA0021\附图\WSPA0021-2.jpg,cvs\new_watermark.png
dummy_images\WATCH\1.CARTIER\微商相册\12.25\原图\19.CARTIER PASHA DO WATCH WSPA0021\附图\WSPA0021-3.jpg,102,watch,,dummy_images\WATCH\1.CARTIER\微商相册\12.25\已整理\19.CARTIER PASHA DO WATCH WSPA0021\附图\WSPA0021-3.jpg,cvs\new_watermark.png
dummy_images\WATCH\1.CARTIER\微商相册\12.25\原图\25.CARTIER PASHA DE WATCH W2PA0007\主图\2-W2PA0007.jpg,103,watch,,,cvs\new_watermark.png
dummy_images\WATCH\1.CARTIER\微商相册\12.25\原图\25.CARTIER PASHA DE WATCH W2PA0007\附图\2-W2PA0007-01.jpg,103,watch,,dummy_images\WATCH\1.CARTIER\微商相册\12.25\已整理\25.CARTIER PASHA DE WATCH W2PA0007\详情图\2-W2PA0007-01.jpg,cvs\new_watermark.png
dummy_images\WATCH\1.CARTIER\微商相册\12.25\原图\25.CARTIER PASHA DE WATCH W2PA0007\附图\2-W2PA0007-02.jpg,103,watch,,dummy_images\WATCH\1.CARTIER\微商相册\12.25\已整理\25.CARTIER PASHA DE WATCH W2PA0007\详情图\2-W2PA0007-02.jpg,cvs\new_watermark.png
dummy_images\WATCH\1.CARTIER\微商相册\12.25\原图\25.CARTIER PASHA DE WATCH W2PA0007\附图\2-W2PA0007-03.jpg,103,watch,,dummy_images\WATCH\1.CARTIER\微商相册\12.25\已整理\25.CARTIER PASHA DE WATCH W2PA0007\详情图\2-W2PA0007-03.jpg,cvs\new_watermark.png
dummy_images\WATCH\1.CARTIER\微商相册\12.25\原图\25.CARTIER PASHA DE WATCH W2PA0007\附图\2-W2PA0007-04.jpg,103,watch,,dummy_images\WATCH\1.CARTIER\微商相册\12.25\已整理\25.CARTIER PASHA DE WATCH W2PA0007\详情图\2-W2PA0007-04.jpg,cvs\new_watermark.png
dummy_images\WATCH\1.CARTIER\微商相册\12.25\原图\25.CARTIER PASHA DE WATCH W2PA0007\附图\2-W2PA0007-05.jpg,103,watch,,dummy_images\WATCH\1.CARTIER\微商相册\12.25\已整理\25.CARTIER PASHA DE WATCH W2PA0007\详情图\2-W2PA0007-05.jpg,cvs\new_watermark.png
dummy_images\WATCH\1.CARTIER\微商相册\12.25\原图\25.CARTIER PASHA DE WATCH W2PA0007\附图\2-W2PA0007-06.jpg,103,watch,,dummy_images\WATCH\1.CARTIER\微商相册\12.25\已整理\25.CARTIER PASHA DE WATCH W2PA0007\详情图\2-W2PA0007-06.jpg,cvs\new_watermark.png
dummy_images\WATCH\1.CARTIER\微商相册\12.25\原图\25.CARTIER PASHA DE WATCH W2PA0007\附图\2-W2PA0007-07.jpg,103,watch,,dummy_images\WATCH\1.CARTIER\微商相册\12.25\已整理\25.CARTIER PASHA DE WATCH W2PA0007\详情图\2-W2PA0007-07.jpg,cvs\new_watermark.png
dummy_images\WATCH\1.CARTIER\微商相册\12.25\原图\25.CARTIER PASHA DE WATCH W2PA0007\附图\2-W2PA0007-08.jpg,103,watch,,dummy_images\WATCH\1.CARTIER\微商相册\12.25\已整理\25.CARTIER PASHA DE WATCH W2PA0007\详情图\2-W2PA0007-08.jpg,cvs\new_watermark.png
dummy_images\WATCH\1.CARTIER\微商相册\12.25\原图\29...CARTIER PASHA DE WATCH WGPA0018\主图\1-WGPA0018.jpeg,104,watch,,,cvs\new_watermark.png
dummy_images\WATCH\1.CARTIER\微商相册\12.25\原图\29...CARTIER PASHA DE WATCH WGPA0018\附图\1-WGPA0018-1.jpeg,104,watch,,dummy_images\WATCH\1.CARTIER\微商相册\12.25\已整理\29...CARTIER PASHA DE WATCH WGPA0018\附图\1-WGPA0018-1.jpeg,cvs\new_watermark.png
dummy_images\WATCH\1.CARTIER\微商相册\12.25\原图\29...CARTIER PASHA DE WATCH WGPA0018\附图\1-WGPA0018-2.jpeg,104,watch,,dummy_images\WATCH\1.CARTIER\微商相册\12.25\已整理\29...CARTIER PASHA DE WATCH WGPA0018\附图\1-WGPA0018-2.jpeg,cvs\new_watermark.png
dummy_images\WATCH\1.CARTIER\微商相册\12.25\原图\29...CARTIER PASHA DE WATCH WGPA0018\附图\1-WGPA0018-3.jpeg,104,watch,,dummy_images\WATCH\1.CARTIER\微商相册\12.25\已整理\29...CARTIER PASHA DE WATCH WGPA0018\附图\1-WGPA0018-3.jpeg,cvs\new_watermark.png
dummy_images\WATCH\1.CARTIER\微商相册\12.25\原图\31...CARTIER PASHA DE WATCH WJPA0012\主图\WJPA0012.jpeg,105,watch,,,cvs\new_watermark.png
dummy_images\WATCH\1.CARTIER\微商相册\12.25\原图\31...CARTIER PASHA DE WATCH WJPA0012\附图\WJPA0012-1.jpeg,105,watch,,dummy_images\WATCH\1.CARTIER\微商相册\12.25\已整理\31...CARTIER PASHA DE WATCH WJPA0012\附图\WJPA0012-1.jpeg,cvs\new_watermark.png
dummy_images\WATCH\1.CARTIER\微商相册\12.25\原图\31...CARTIER PASHA DE WATCH WJPA0012\附图\WJPA0012-2.jpeg,105,watch,,dummy_images\WATCH\1.CARTIER\微商相册\12.25\已整理\31...CARTIER PASHA DE WATCH WJPA0012\附图\WJPA0012-2.jpeg,cvs\new_watermark.png
dummy_images\WATCH\1.CARTIER\微商相册\12.25\原图\31...CARTIER PASHA DE WATCH WJPA0012\附图\WJPA0012-3.jpeg,105,watch,,dummy_images\WATCH\1.CARTIER\微商相册\12.25\已整理\31...CARTIER PASHA DE WATCH WJPA0012\附图\WJPA0012-3.jpeg,cvs\new_watermark.png
dummy_images\WATCH\1.CARTIER\微商相册\12.25\原图\31...CARTIER PASHA DE WATCH WJPA0012\附图\WJPA0012-4.jpeg,105,watch,,dummy_images\WATCH\1.CARTIER\微商相册\12.25\已整理\31...CARTIER PASHA DE WATCH WJPA0012\附图\WJPA0012-4.jpeg,cvs\new_watermark.png
dummy_images\WATCH\1.CARTIER\微商相册\12.25\原图\31...CARTIER PASHA DE WATCH WJPA0012\附图\WJPA0012-5.jpeg,105,watch,,dummy_images\WATCH\1.CARTIER\微商相册\12.25\已整理\31...CARTIER PASHA DE WATCH WJPA0012\附图\WJPA0012-5.jpeg,cvs\new_watermark.png
dummy_images\WATCH\1.CARTIER\微商相册\12.25\原图\31...CARTIER PASHA DE WATCH WJPA0012\附图\WJPA0012-6.jpeg,105,watch,,dummy_images\WATCH\1.CARTIER\微商相册\12.25\已整理\31...CARTIER PASHA DE WATCH WJPA0012\附图\WJPA0012-6.jpeg,cvs\new_watermark.png
dummy_images\WATCH\1.CARTIER\微商相册\12.25\原图\32...CARTIER PASHA DE WATCH WJPA0017\主图\WJPA0017.jpeg,106,watch,,,cvs\new_watermark.png
dummy_images\WATCH\1.CARTIER\微商相册\12.25\原图\32...CARTIER PASHA DE WATCH WJPA0017\附图\WJPA0017-1.jpeg,106,watch,,dummy_images\WATCH\1.CARTIER\微商相册\12.25\已整理\32...CARTIER PASHA DE WATCH WJPA0017\附图\WJPA0017-1.jpeg,cvs\new_watermark.png
dummy_images\WATCH\1.CARTIER\微商相册\12.25\原图\32...CARTIER PASHA DE WATCH WJPA0017\附图\WJPA0017-2.jpeg,106,watch,,dummy_images\WATCH\1.CARTIER\微商相册\12.25\已整理\32...CARTIER PASHA DE WATCH WJPA0017\附图\WJPA0017-2.jpeg,cvs\new_watermark.png
dummy_images\WATCH\1.CARTIER\微商相册\12.25\原图\32...CARTIER PASHA DE WATCH WJPA0017\附图\WJPA0017-3.jpeg,106,watch,,dummy_images\WATCH\1.CARTIER\微商相册\12.25\已整理\32...CARTIER PASHA DE WATCH WJPA0017\附图\WJPA0017-3.jpeg,cvs\new_watermark.png
dummy_images\WATCH\1.CARTIER\微商相册\12.26\原图\1.CARTIER BALLON BLEU WATCH WSBB0033\主图\WSBB0033.jpg,121,watch,,,cvs\new_watermark.png
dummy_images\WATCH\1.CARTIER\微商相册\12.26\原图\1.CARTIER BALLON BLEU WATCH WSBB0033\附图\WSBB0033-1.jpg,121,watch,,dummy_images\WATCH\1.CARTIER\微商相册\12.26\已整理\1.CARTIER BALLON BLEU WATCH WSBB0033\附图\WSBB0033-1.jpg,cvs\new_watermark.png
dummy_images\WATCH\1.CARTIER\微商相册\12.26\原图\1.CARTIER BALLON BLEU WATCH WSBB0033\附图\WSBB0033-2.jpg,121,watch,,dummy_images\WATCH\1.CARTIER\微商相册\12.26\已整理\1.CARTIER BALLON BLEU WATCH WSBB0033\附图\WSBB0033-2.jpg,cvs\new_watermark.png
dummy_images\WATCH\1.CARTIER\微商相册\12.26\原图\1.CARTIER BALLON BLEU WATCH WSBB0033\附图\WSBB0033-3.jpg,121,watch,,dummy_images\WATCH\1.CARTIER\微商相册\12.26\已整理\1.CARTIER BALLON BLEU WATCH WSBB0033\附图\WSBB0033-3.jpg,cvs\new_watermark.png
dummy_images\WATCH\1.CARTIER\微商相册\12.26\原图\2...CARTIER BALLON BLEU DE CARTIER WATCH WGBB0036\主图\WGBB0036.jpeg,122,watch,,,cvs\new_watermark.png
dummy_images\WATCH\1.CARTIER\微商相册\12.26\原图\2...CARTIER BALLON BLEU DE CARTIER WATCH WGBB0036\附图\WGBB0036-1.jpeg,122,watch,,dummy_images\WATCH\1.CARTIER\微商相册\12.26\已整理\2...CARTIER BALLON BLEU DE CARTIER WATCH WGBB0036\附图\WGBB0036-1.jpg,cvs\new_watermark.png
dummy_images\WATCH\1.CARTIER\微商相册\12.26\原图\2...CARTIER BALLON BLEU DE CARTIER WATCH WGBB0036\附图\WGBB0036-2.jpeg,122,watch,,dummy_images\WATCH\1.CARTIER\微商相册\12.26\已整理\2...CARTIER BALLON BLEU DE CARTIER WATCH WGBB0036\附图\WGBB0036-2.jpg,cvs\new_watermark.png
dummy_images\WATCH\1.CARTIER\微商相册\12.26\原图\2...CARTIER BALLON BLEU DE CARTIER WATCH WGBB0036\附图\WGBB0036-3.jpeg,122,watch,,dummy_images\WATCH\1.CARTIER\微商相册\12.26\已整理\2...CARTIER BALLON BLEU DE CARTIER WATCH WGBB0036\附图\WGBB0036-3.jpg,cvs\new_watermark.png
dummy_images\WATCH\1.CARTIER\微商相册\12.26\原图\2...CARTIER BALLON BLEU DE CARTIER WATCH WGBB0036\附图\WGBB0036-4.jpeg,122,watch,,dummy_images\WATCH\1.CARTIER\微商相册\12.26\已整理\2...CARTIER BALLON BLEU DE CARTIER WATCH WGBB0036\附图\WGBB0036-4.jpg,cvs\new_watermark.png
dummy_images\WATCH\1.CARTIER\微商相册\12.26\原图\2...CARTIER BALLON BLEU DE CARTIER WATCH WGBB0036\附图\WGBB0036-5.jpeg,122,watch,,dummy_images\WATCH\1.CARTIER\微商相册\12.26\已整理\2...CARTIER BALLON BLEU DE CARTIER WATCH WGBB0036\附图\WGBB0036-5.jpg,cvs\new_watermark.png
dummy_images\WATCH\1.CARTIER\微商相册\12.26\原图\2...CARTIER BALLON BLEU DE CARTIER WATCH WGBB0036\附图\WGBB0036-6.jpeg,122,watch,,dummy_images\WATCH\1.CARTIER\微商相册\12.26\已整理\2...CARTIER BALLON BLEU DE CARTIER WATCH WGBB0036\附图\WGBB0036-6.jpg,cvs\new_watermark.png
dummy_images\WATCH\1.CARTIER\微商相册\12.26\原图\2...CARTIER BALLON BLEU DE CARTIER WATCH WGBB0036\附图\WGBB0036-7.jpeg,122,watch,,dummy_images\WATCH\1.CARTIER\微商相册\12.26\已整理\2...CARTIER BALLON BLEU DE CARTIER WATCH WGBB0036\附图\WGBB0036-7.jpg,cvs\new_watermark.png
dummy_images\WATCH\1.CARTIER\微商相册\12.26\原图\3.CARTIER BALLON BLEU SERIES BLACK LEATHER STRAP WATCH WSBB0003\主图\WSBB0003.jpg,123,watch,,,cvs\new_watermark.png
dummy_images\WATCH\1.CARTIER\微商相册\12.26\原图\3.CARTIER BALLON BLEU SERIES BLACK LEATHER STRAP WATCH WSBB0003\附图\WSBB0003-1.jpg,123,watch,,dummy_images\WATCH\1.CARTIER\微商相册\12.26\已整理\3.CARTIER BALLON BLEU SERIES BLACK LEATHER STRAP WATCH WSBB0003\附图\WSBB0003-1.jpg,cvs\new_watermark.png
dummy_images\WATCH\1.CARTIER\微商相册\12.26\原图\3.CARTIER BALLON BLEU SERIES BLACK LEATHER STRAP WATCH WSBB0003\附图\WSBB0003-2.jpg,123,watch,,dummy_images\WATCH\1.CARTIER\微商相册\12.26\已整理\3.CARTIER BALLON BLEU SERIES BLACK LEATHER STRAP WATCH WSBB0003\附图\WSBB0003-2.jpg,cvs\new_watermark.png
dummy_images\WATCH\1.CARTIER\微商相册\12.26\原图\3.CARTIER BALLON BLEU SERIES BLACK LEATHER STRAP WATCH WSBB0003\附图\WSBB0003-3.jpg,123,watch,,dummy_images\WATCH\1.CARTIER\微商相册\12.26\已整理\3.CARTIER BALLON BLEU SERIES BLACK LEATHER STRAP WATCH WSBB0003\附图\WSBB0003-3.jpg,cvs\new_watermark.png
dummy_images\WATCH\1.CARTIER\微商相册\12.26\原图\4...CARTIER BALLON BLEU DE CARTIER WATCH WSBB0027\主图\WSBB0027.jpeg,124,watch,,,cvs\new_watermark.png
dummy_images\WATCH\1.CARTIER\微商相册\12.26\原图\4...CARTIER BALLON BLEU DE CARTIER WATCH WSBB0027\附图\WSBB0027-1.jpeg,124,watch,,dummy_images\WATCH\1.CARTIER\微商相册\12.26\已整理\4...CARTIER BALLON BLEU DE CARTIER WATCH WSBB0027\附图\WSBB0027-1.jpg,cvs\new_watermark.png
dummy_images\WATCH\1.CARTIER\微商相册\12.26\原图\4...CARTIER BALLON BLEU DE CARTIER WATCH WSBB0027\附图\WSBB0027-2.jpeg,124,watch,,dummy_images\WATCH\1.CARTIER\微商相册\12.26\已整理\4...CARTIER BALLON BLEU DE CARTIER WATCH WSBB0027\附图\WSBB0027-2.jpg,cvs\new_watermark.png
dummy_images\WATCH\1.CARTIER\微商相册\12.26\原图\4...CARTIER BALLON BLEU DE CARTIER WATCH WSBB0027\附图\WSBB0027-3.jpeg,124,watch,,dummy_images\WATCH\1.CARTIER\微商相册\12.26\已整理\4...CARTIER BALLON BLEU DE CARTIER WATCH WSBB0027\附图\WSBB0027-3.jpg,cvs\new_watermark.png
dummy_images\WATCH\1.CARTIER\微商相册\12.26\原图\4...CARTIER BALLON BLEU DE CARTIER WATCH WSBB0027\附图\WSBB0027-4.jpeg,124,watch,,dummy_images\WATCH\1.CARTIER\微商相册\12.26\已整理\4...CARTIER BALLON BLEU DE CARTIER WATCH WSBB0027\附图\WSBB0027-4.jpg,cvs\new_watermark.png
dummy_images\WATCH\1.CARTIER\微商相册\12.26\原图\4...CARTIER BALLON BLEU DE CARTIER WATCH WSBB0027\附图\WSBB0027-5.jpeg,124,watch,,dummy_images\WATCH\1.CARTIER\微商相册\12.26\已整理\4...CARTIER BALLON BLEU DE CARTIER WATCH WSBB0027\附图\WSBB0027-5.jpg,cvs\new_watermark.png
dummy_images\WATCH\1.CARTIER\微商相册\12.26\原图\4...CARTIER BALLON BLEU DE CARTIER WATCH WSBB0027\附图\WSBB0027-6.jpeg,124,watch,,dummy_images\WATCH\1.CARTIER\微商相册\12.26\已整理\4...CARTIER BALLON BLEU DE CARTIER WATCH WSBB0027\附图\WSBB0027-6.jpg,cvs\new_watermark.png
dummy_images\WATCH\1.CARTIER\微商相册\12.26\原图\4...CARTIER BALLON BLEU DE CARTIER WATCH WSBB0027\附图\WSBB0027-7.jpeg,124,watch,,dummy_images\WATCH\1.CARTIER\微商相册\12.26\已整理\4...CARTIER BALLON BLEU DE CARTIER WATCH WSBB0027\附图\WSBB0027-7.jpg,cvs\new_watermark.png
dummy_images\WATCH\1.CARTIER\微商相册\12.26\原图\5...CARTIER BALLON BLEU DE CARTIER WATCH WSBB0026\主图\WSBB0026.jpeg,125,watch,,,cvs\new_watermark.png
dummy_images\WATCH\1.CARTIER\微商相册\12.26\原图\5...CARTIER BALLON BLEU DE CARTIER WATCH WSBB0026\附图\WSBB0026-1.jpeg,125,watch,,dummy_images\WATCH\1.CARTIER\微商相册\12.26\已整理\5...CARTIER BALLON BLEU DE CARTIER WATCH WSBB0026\附图\WSBB0026-1.jpg,cvs\new_watermark.png
dummy_images\WATCH\1.CARTIER\微商相册\12.26\原图\5...CARTIER BALLON BLEU DE CARTIER WATCH WSBB0026\附图\WSBB0026-2.jpeg,125,watch,,dummy_images\WATCH\1.CARTIER\微商相册\12.26\已整理\5...CARTIER BALLON BLEU DE CARTIER WATCH WSBB0026\附图\WSBB0026-2.jpg,cvs\new_watermark.png
dummy_images\WATCH\1.CARTIER\微商相册\12.26\原图\5...CARTIER BALLON BLEU DE CARTIER WATCH WSBB0026\附图\WSBB0026-3.jpeg,125,watch,,dummy_images\WATCH\1.CARTIER\微商相册\12.26\已整理\5...CARTIER BALLON BLEU DE CARTIER WATCH WSBB0026\附图\WSBB0026-3.jpg,cvs\new_watermark.png
dummy_images\WATCH\1.CARTIER\微商相册\12.26\原图\5...CARTIER BALLON BLEU DE CARTIER WATCH WSBB0026\附图\WSBB0026-4.jpeg,125,watch,,dummy_images\WATCH\1.CARTIER\微商相册\12.26\已整理\5...CARTIER BALLON BLEU DE CARTIER WATCH WSBB0026\附图\WSBB0026-4.jpg,cvs\new_watermark.png
dummy_images\WATCH\1.CARTIER\微商相册\12.26\原图\6.CARTIER BALLON BLEU DE 42MM SILVER MEN'S WATCH WE9009Z3\主图\WE9009Z3.jpg,126,watch,,,cvs\new_watermark.png
dummy_images\WATCH\1.CARTIER\微商相册\12.26\原图\6.CARTIER BALLON BLEU DE 42MM SILVER MEN'S WATCH WE9009Z3\附图\WE9009Z3-1.jpg,126,watch,,dummy_images\WATCH\1.CARTIER\微商相册\12.26\已整理\6.CARTIER BALLON BLEU DE 42MM SILVER MEN'S WATCH WE9009Z3\附图\WE9009Z3-1.jpg,cvs\new_watermark.png
dummy_images\WATCH\1.CARTIER\微商相册\12.26\原图\6.CARTIER BALLON BLEU DE 42MM SILVER MEN'S WATCH WE9009Z3\附图\WE9009Z3-2.jpg,126,watch,,dummy_images\WATCH\1.CARTIER\微商相册\12.26\已整理\6.CARTIER BALLON BLEU DE 42MM SILVER MEN'S WATCH WE9009Z3\附图\WE9009Z3-2.jpg,cvs\new_watermark.png
dummy_images\WATCH\1.CARTIER\微商相册\12.26\原图\6.CARTIER BALLON BLEU DE 42MM SILVER MEN'S WATCH WE9009Z3\附图\WE9009Z3-3.jpg,126,watch,,dummy_images\WATCH\1.CARTIER\微商相册\12.26\已整理\6.CARTIER BALLON BLEU DE 42MM SILVER MEN'S WATCH WE9009Z3\附图\WE9009Z3-3.jpg,cvs\new_watermark.png
dummy_images\WATCH\1.CARTIER\微商相册\12.26\原图\6.CARTIER BALLON BLEU DE 42MM SILVER MEN'S WATCH WE9009Z3\附图\WE9009Z3-4.jpg,126,watch,,dummy_images\WATCH\1.CARTIER\微商相册\12.26\已整理\6.CARTIER BALLON BLEU DE 42MM SILVER MEN'S WATCH WE9009Z3\附图\WE9009Z3-4.jpg,cvs\new_watermark.png
dummy_images\WATCH\1.CARTIER\微商相册\12.26\原图\8.CARTIER BALLON BLEU WATCH WSBB0061\主图\WSBB0061.jpeg,127,watch,,,cvs\new_watermark.png
dummy_images\WATCH\1.CARTIER\微商相册\12.26\原图\8.CARTIER BALLON BLEU WATCH WSBB0061\附图\WSBB0061-1.jpeg,127,watch,,dummy_images\WATCH\1.CARTIER\微商相册\12.26\已整理\8.CARTIER BALLON BLEU WATCH WSBB0061\附图\WSBB0061-1.jpg,cvs\new_watermark.png
dummy_images\WATCH\1.CARTIER\微商相册\12.26\原图\8.CARTIER BALLON BLEU WATCH WSBB0061\附图\WSBB0061-2.png,127,watch,,dummy_images\WATCH\1.CARTIER\微商相册\12.26\已整理\8.CARTIER BALLON BLEU WATCH WSBB0061\附图\WSBB0061-2 拷贝.jpg,cvs\new_watermark.png
dummy_images\WATCH\1.CARTIER\微商相册\12.26\原图\8.CARTIER BALLON BLEU WATCH WSBB0061\附图\WSBB0061-3.jpg,127,watch,,dummy_images\WATCH\1.CARTIER\微商相册\12.26\已整理\8.CARTIER BALLON BLEU WATCH WSBB0061\附图\WSBB0061-3.jpg,cvs\new_watermark.png
dummy_images\WATCH\1.CARTIER\微商相册\12.26\原图\8.CARTIER BALLON BLEU WATCH WSBB0061\附图\WSBB0061-4.png,127,watch,,dummy_images\WATCH\1.CARTIER\微商相册\12.26\已整理\8.CARTIER BALLON BLEU WATCH WSBB0061\附图\WSBB0061-4 拷贝.jpg,cvs\new_watermark.png
dummy_images\WATCH\1.CARTIER\微商相册\12.26\原图\8.CARTIER BALLON BLEU WATCH WSBB0061\附图\WSBB0061-5.jpg,127,watch,,dummy_images\WATCH\1.CARTIER\微商相册\12.26\已整理\8.CARTIER BALLON BLEU WATCH WSBB0061\附图\WSBB0061-5.jpg,cvs\new_watermark.png
dummy_images\WATCH\1.CARTIER\微商相册\12.26\原图\10.CARTIER BALLON BLEU AUTOMATIC DIAL STAINLESS STEEL MENS WATCH W6920042\主图\W6920042.jpg,128,watch,,,cvs\new_watermark.png
dummy_images\WATCH\1.CARTIER\微商相册\12.26\原图\10.CARTIER BALLON BLEU AUTOMATIC DIAL STAINLESS STEEL MENS WATCH W6920042\附图\W6920042-1.jpg,128,watch,,dummy_images\WATCH\1.CARTIER\微商相册\12.26\已整理\10.CARTIER BALLON BLEU AUTOMATIC DIAL STAINLESS STEEL MENS WATCH W6920042\附图\W6920042-1.jpg,cvs\new_watermark.png
dummy_images\WATCH\1.CARTIER\微商相册\12.26\原图\10.CARTIER BALLON BLEU AUTOMATIC DIAL STAINLESS STEEL MENS WATCH W6920042\附图\W6920042-2.jpg,128,watch,,dummy_images\WATCH\1.CARTIER\微商相册\12.26\已整理\10.CARTIER BALLON BLEU AUTOMATIC DIAL STAINLESS STEEL MENS WATCH W6920042\附图\W6920042-2.jpg,cvs\new_watermark.png
dummy_images\WATCH\1.CARTIER\微商相册\12.26\原图\10.CARTIER BALLON BLEU AUTOMATIC DIAL STAINLESS STEEL MENS WATCH W6920042\附图\W6920042-3.jpg,128,watch,,dummy_images\WATCH\1.CARTIER\微商相册\12.26\已整理\10.CARTIER BALLON BLEU AUTOMATIC DIAL STAINLESS STEEL MENS WATCH W6920042\附图\W6920042-3.jpg,cvs\new_watermark.png
dummy_images\WATCH\1.CARTIER\微商相册\12.26\原图\11...CARTIER BALLON BLEU DE CARTIER WATCH WJBB0051\主图\WJBB0051.jpeg,129,watch,,,cvs\new_watermark.png
dummy_images\WATCH\1.CARTIER\微商相册\12.26\原图\11...CARTIER BALLON BLEU DE CARTIER WATCH WJBB0051\附图\WJBB0051-1.jpeg,129,watch,,dummy_images\WATCH\1.CARTIER\微商相册\12.26\已整理\11.CARTIER BALLON BLEU DE CARTIER WATCH WJBB0051\附图\WJBB0051-1.jpeg,cvs\new_watermark.png
dummy_images\WATCH\1.CARTIER\微商相册\12.26\原图\11...CARTIER BALLON BLEU DE CARTIER WATCH WJBB0051\附图\WJBB0051-2.jpeg,129,watch,,dummy_images\WATCH\1.CARTIER\微商相册\12.26\已整理\11.CARTIER BALLON BLEU DE CARTIER WATCH WJBB0051\附图\WJBB0051-2.jpeg,cvs\new_watermark.png
dummy_images\WATCH\1.CARTIER\微商相册\12.26\原图\11...CARTIER BALLON BLEU DE CARTIER WATCH WJBB0051\附图\WJBB0051-3.jpeg,129,watch,,dummy_images\WATCH\1.CARTIER\微商相册\12.26\已整理\11.CARTIER BALLON BLEU DE CARTIER WATCH WJBB0051\附图\WJBB0051-3.jpeg,cvs\new_watermark.png
dummy_images\WATCH\1.CARTIER\微商相册\12.26\原图\11...CARTIER BALLON BLEU DE CARTIER WATCH WJBB0051\附图\WJBB0051-4.jpeg,129,watch,,dummy_images\WATCH\1.CARTIER\微商相册\12.26\已整理\11.CARTIER BALLON BLEU DE CARTIER WATCH WJBB0051\附图\WJBB0051-4.jpeg,cvs\new_watermark.png
dummy_images\WATCH\1.CARTIER\微商相册\12.26\原图\11...CARTIER BALLON BLEU DE CARTIER WATCH WJBB0051\附图\WJBB0051-5.jpeg,129,watch,,dummy_images\WATCH\1.CARTIER\微商相册\12.26\已整理\11.CARTIER BALLON BLEU DE CARTIER WATCH WJBB0051\附图\WJBB0051-5.jpeg,cvs\new_watermark.png
dummy_images\WATCH\1.CARTIER\微商相册\12.26\原图\11...CARTIER BALLON BLEU DE CARTIER WATCH WJBB0051\附图\WJBB0051-6.jpeg,129,watch,,dummy_images\WATCH\1.CARTIER\微商相册\12.26\已整理\11.CARTIER BALLON BLEU DE CARTIER WATCH WJBB0051\附图\WJBB0051-6.jpeg,cvs\new_watermark.png
"dummy_images\WATCH\1.CARTIER\微商相册\12.26\原图\13...CARTIER PANTHèRE DE CARTIER WATCH, SMALL MODEL WJPN0008\主图\WJPN0008.jpeg",130,watch,,,cvs\new_watermark.png
"dummy_images\WATCH\1.CARTIER\微商相册\12.26\原图\13...CARTIER PANTHèRE DE CARTIER WATCH, SMALL MODEL WJPN0008\附图\WJPN0008-1.jpeg",130,watch,,"dummy_images\WATCH\1.CARTIER\微商相册\12.26\已整理\13...CARTIER PANTHèRE DE CARTIER WATCH, SMALL MODEL WJPN0008\附图\WJPN0008-1.jpg",cvs\new_watermark.png
"dummy_images\WATCH\1.CARTIER\微商相册\12.26\原图\13...CARTIER PANTHèRE DE CARTIER WATCH, SMALL MODEL WJPN0008\附图\WJPN0008-2.jpeg",130,watch,,"dummy_images\WATCH\1.CARTIER\微商相册\12.26\已整理\13...CARTIER PANTHèRE DE CARTIER WATCH, SMALL MODEL WJPN0008\附图\WJPN0008-2.jpg",cvs\new_watermark.png
"dummy_images\WATCH\1.CARTIER\微商相册\12.26\原图\13...CARTIER PANTHèRE DE CARTIER WATCH, SMALL MODEL WJPN0008\附图\WJPN0008-3.jpeg",130,watch,,"dummy_images\WATCH\1.CARTIER\微商相册\12.26\已整理\13...CARTIER PANTHèRE DE CARTIER WATCH, SMALL MODEL WJPN0008\附图\WJPN0008-3.jpg",cvs\new_watermark.png
"dummy_images\WATCH\1.CARTIER\微商相册\12.26\原图\13...CARTIER PANTHèRE DE CARTIER WATCH, SMALL MODEL WJPN0008\附图\WJPN0008-4.jpeg",130,watch,,"dummy_images\WATCH\1.CARTIER\微商相册\12.26\已整理\13...CARTIER PANTHèRE DE CARTIER WATCH, SMALL MODEL WJPN0008\附图\WJPN0008-4.jpg",cvs\new_watermark.png
"dummy_images\WATCH\1.CARTIER\微商相册\12.26\原图\13...CARTIER PANTHèRE DE CARTIER WATCH, SMALL MODEL WJPN0008\附图\WJPN0008-5.jpeg",130,watch,,"dummy_images\WATCH\1.CARTIER\微商相册\12.26\已整理\13...CARTIER PANTHèRE DE CARTIER WATCH, SMALL MODEL WJPN0008\附图\WJPN0008-5.jpg",cvs\new_watermark.png
"dummy_images\WATCH\1.CARTIER\微商相册\12.26\原图\14...CARTIER PANTHèRE DE CARTIER WATCH, SMALL MODEL W4PN0016\主图\W4PN0016.jpeg",131,watch,,,cvs\new_watermark.png
"dummy_images\WATCH\1.CARTIER\微商相册\12.26\原图\14...CARTIER PANTHèRE DE CARTIER WATCH, SMALL MODEL W4PN0016\附图\W4PN0016-1.jpeg",131,watch,,"dummy_images\WATCH\1.CARTIER\微商相册\12.26\已整理\14...CARTIER PANTHèRE DE CARTIER WATCH, SMALL MODEL W4PN0016\附图\W4PN0016-1.jpg",cvs\new_watermark.png
"dummy_images\WATCH\1.CARTIER\微商相册\12.26\原图\14...CARTIER PANTHèRE DE CARTIER WATCH, SMALL MODEL W4PN0016\附图\W4PN0016-2.jpeg",131,watch,,"dummy_images\WATCH\1.CARTIER\微商相册\12.26\已整理\14...CARTIER PANTHèRE DE CARTIER WATCH, SMALL MODEL W4PN0016\附图\W4PN0016-2.jpg",cvs\new_watermark.png
"dummy_images\WATCH\1.CARTIER\微商相册\12.26\原图\14...CARTIER PANTHèRE DE CARTIER WATCH, SMALL MODEL W4PN0016\附图\W4PN0016-3.jpeg",131,watch,,"dummy_images\WATCH\1.CARTIER\微商相册\12.26\已整理\14...CARTIER PANTHèRE DE CARTIER WATCH, SMALL MODEL W4PN0016\附图\W4PN0016-3.jpg",cvs\new_watermark.png
"dummy_images\WATCH\1.CARTIER\微商相册\12.26\原图\14...CARTIER PANTHèRE DE CARTIER WATCH, SMALL MODEL W4PN0016\附图\W4PN0016-4.jpeg",131,watch,,"dummy_images\WATCH\1.CARTIER\微商相册\12.26\已整理\14...CARTIER PANTHèRE DE CARTIER WATCH, SMALL MODEL W4PN0016\附图\W4PN0016-4.jpg",cvs\new_watermark.png
"dummy_images\WATCH\1.CARTIER\微商相册\12.26\原图\15...CARTIER PANTHèRE DE CARTIER WATCH, SMALL MODEL WGPN0006\主图\WGPN0006.jpeg",132,watch,,,cvs\new_watermark.png
"dummy_images\WATCH\1.CARTIER\微商相册\12.26\原图\15...CARTIER PANTHèRE DE CARTIER WATCH, SMALL MODEL WGPN0006\附图\WGPN0006-1.jpeg",132,watch,,"dummy_images\WATCH\1.CARTIER\微商相册\12.26\已整理\15...CARTIER PANTHèRE DE CARTIER WATCH, SMALL MODEL WGPN0006\附图\WGPN0006-1.jpg",cvs\new_watermark.png
"dummy_images\WATCH\1.CARTIER\微商相册\12.26\原图\15...CARTIER PANTHèRE DE CARTIER WATCH, SMALL MODEL WGPN0006\附图\WGPN0006-2.jpeg",132,watch,,"dummy_images\WATCH\1.CARTIER\微商相册\12.26\已整理\15...CARTIER PANTHèRE DE CARTIER WATCH, SMALL MODEL WGPN0006\附图\WGPN0006-2.jpg",cvs\new_watermark.png
"dummy_images\WATCH\1.CARTIER\微商相册\12.26\原图\15...CARTIER PANTHèRE DE CARTIER WATCH, SMALL MODEL WGPN0006\附图\WGPN0006-3.jpeg",132,watch,,"dummy_images\WATCH\1.CARTIER\微商相册\12.26\已整理\15...CARTIER PANTHèRE DE CARTIER WATCH, SMALL MODEL WGPN0006\附图\WGPN0006-3.jpg",cvs\new_watermark.png
"dummy_images\WATCH\1.CARTIER\微商相册\12.26\原图\15...CARTIER PANTHèRE DE CARTIER WATCH, SMALL MODEL WGPN0006\附图\WGPN0006-4.jpeg",132,watch,,"dummy_images\WATCH\1.CARTIER\微商相册\12.26\已整理\15...CARTIER PANTHèRE DE CARTIER WATCH, SMALL MODEL WGPN0006\附图\WGPN0006-4.jpg",cvs\new_watermark.png
"dummy_images\WATCH\1.CARTIER\微商相册\12.26\原图\16...CARTIER PANTHèRE DE CARTIER WATCH, SMALL MODEL W2PN0013\主图\W2PN0013.jpeg",133,watch,,,cvs\new_watermark.png
"dummy_images\WATCH\1.CARTIER\微商相册\12.26\原图\16...CARTIER PANTHèRE DE CARTIER WATCH, SMALL MODEL W2PN0013\附图\W2PN0013-1.jpeg",133,watch,,"dummy_images\WATCH\1.CARTIER\微商相册\12.26\已整理\16...CARTIER PANTHèRE DE CARTIER WATCH, SMALL MODEL W2PN0013\附图\W2PN0013-1.jpg",cvs\new_watermark.png
"dummy_images\WATCH\1.CARTIER\微商相册\12.26\原图\16...CARTIER PANTHèRE DE CARTIER WATCH, SMALL MODEL W2PN0013\附图\W2PN0013-2.jpeg",133,watch,,"dummy_images\WATCH\1.CARTIER\微商相册\12.26\已整理\16...CARTIER PANTHèRE DE CARTIER WATCH, SMALL MODEL W2PN0013\附图\W2PN0013-2.jpg",cvs\new_watermark.png
"dummy_images\WATCH\1.CARTIER\微商相册\12.26\原图\16...CARTIER PANTHèRE DE CARTIER WATCH, SMALL MODEL W2PN0013\附图\W2PN0013-3.jpeg",133,watch,,"dummy_images\WATCH\1.CARTIER\微商相册\12.26\已整理\16...CARTIER PANTHèRE DE CARTIER WATCH, SMALL MODEL W2PN0013\附图\W2PN0013-3.jpg",cvs\new_watermark.png
"dummy_images\WATCH\1.CARTIER\微商相册\12.26\原图\16...CARTIER PANTHèRE DE CARTIER WATCH, SMALL MODEL W2PN0013\附图\W2PN0013-4.jpeg",133,watch,,"dummy_images\WATCH\1.CARTIER\微商相册\12.26\已整理\16...CARTIER PANTHèRE DE CARTIER WATCH, SMALL MODEL W2PN0013\附图\W2PN0013-4.jpg",cvs\new_watermark.png
"dummy_images\WATCH\1.CARTIER\微商相册\12.26\原图\17...CARTIER PANTHèRE DE CARTIER WATCH, SMALL MODEL WGPN0047\主图\WGPN0047.jpeg",134,watch,,,cvs\new_watermark.png
"dummy_images\WATCH\1.CARTIER\微商相册\12.26\原图\17...CARTIER PANTHèRE DE CARTIER WATCH, SMALL MODEL WGPN0047\附图\WGPN0047-1.jpeg",134,watch,,"dummy_images\WATCH\1.CARTIER\微商相册\12.26\已整理\17...CARTIER PANTHèRE DE CARTIER WATCH, SMALL MODEL WGPN0047\附图\WGPN0047-1.jpg",cvs\new_watermark.png
"dummy_images\WATCH\1.CARTIER\微商相册\12.26\原图\17...CARTIER PANTHèRE DE CARTIER WATCH, SMALL MODEL WGPN0047\附图\WGPN0047-2.jpeg",134,watch,,"dummy_images\WATCH\1.CARTIER\微商相册\12.26\已整理\17...CARTIER PANTHèRE DE CARTIER WATCH, SMALL MODEL WGPN0047\附图\WGPN0047-2.jpg",cvs\new_watermark.png
"dummy_images\WATCH\1.CARTIER\微商相册\12.26\原图\17...CARTIER PANTHèRE DE CARTIER WATCH, SMALL MODEL WGPN0047\附图\WGPN0047-3.jpeg",134,watch,,"dummy_images\WATCH\1.CARTIER\微商相册\12.26\已整理\17...CARTIER PANTHèRE DE CARTIER WATCH, SMALL MODEL WGPN0047\附图\WGPN0047-3.jpg",cvs\new_watermark.png
"dummy_images\WATCH\1.CARTIER\微商相册\12.26\原图\17...CARTIER PANTHèRE DE CARTIER WATCH, SMALL MODEL WGPN0047\附图\WGPN0047-4.jpeg",134,watch,,"dummy_images\WATCH\1.CARTIER\微商相册\12.26\已整理\17...CARTIER PANTHèRE DE CARTIER WATCH, SMALL MODEL WGPN0047\附图\WGPN0047-4.jpg",cvs\new_watermark.png
"dummy_images\WATCH\1.CARTIER\微商相册\12.26\原图\17...CARTIER PANTHèRE DE CARTIER WATCH, SMALL MODEL WGPN0047\附图\WGPN0047-5.jpeg",134,watch,,"dummy_images\WATCH\1.CARTIER\微商相册\12.26\已整理\17...CARTIER PANTHèRE DE CARTIER WATCH, SMALL MODEL WGPN0047\附图\WGPN0047-5.jpg",cvs\new_watermark.png
"dummy_images\WATCH\1.CARTIER\微商相册\12.26\原图\17...CARTIER PANTHèRE DE CARTIER WATCH, SMALL MODEL WGPN0047\附图\WGPN0047-6.jpeg",134,watch,,"dummy_images\WATCH\1.CARTIER\微商相册\12.26\已整理\17...CARTIER PANTHèRE DE CARTIER WATCH, SMALL MODEL WGPN0047\附图\WGPN0047-6.jpg",cvs\new_watermark.png
"dummy_images\WATCH\1.CARTIER\微商相册\12.26\原图\18...CARTIER PANTHèRE DE CARTIER WATCH, SMALL MODEL WSPN0013\主图\WSPN0013.jpeg",135,watch,,,cvs\new_watermark.png
"dummy_images\WATCH\1.CARTIER\微商相册\12.26\原图\18...CARTIER PANTHèRE DE CARTIER WATCH, SMALL MODEL WSPN0013\附图\WSPN0013-1.jpeg",135,watch,,"dummy_images\WATCH\1.CARTIER\微商相册\12.26\已整理\18...CARTIER PANTHèRE DE CARTIER WATCH, SMALL MODEL WSPN0013\附图\WSPN0013-1.jpg",cvs\new_watermark.png
"dummy_images\WATCH\1.CARTIER\微商相册\12.26\原图\18...CARTIER PANTHèRE DE CARTIER WATCH, SMALL MODEL WSPN0013\附图\WSPN0013-2.jpeg",135,watch,,"dummy_images\WATCH\1.CARTIER\微商相册\12.26\已整理\18...CARTIER PANTHèRE DE CARTIER WATCH, SMALL MODEL WSPN0013\附图\WSPN0013-2.jpg",cvs\new_watermark.png
"dummy_images\WATCH\1.CARTIER\微商相册\12.26\原图\18...CARTIER PANTHèRE DE CARTIER WATCH, SMALL MODEL WSPN0013\附图\WSPN0013-3.jpeg",135,watch,,"dummy_images\WATCH\1.CARTIER\微商相册\12.26\已整理\18...CARTIER PANTHèRE DE CARTIER WATCH, SMALL MODEL WSPN0013\附图\WSPN0013-3.jpg",cvs\new_watermark.png
"dummy_images\WATCH\1.CARTIER\微商相册\12.26\原图\18...CARTIER PANTHèRE DE CARTIER WATCH, SMALL MODEL WSPN0013\附图\WSPN0013-4.jpeg",135,watch,,"dummy_images\WATCH\1.CARTIER\微商相册\12.26\已整理\18...CARTIER PANTHèRE DE CARTIER WATCH, SMALL MODEL WSPN0013\附图\WSPN0013-4.jpg",cvs\new_watermark.png
dummy_images\WATCH\1.CARTIER\微商相册\12.26\原图\19...CARTIER PANTHèRE DE CARTIER WATCH W2PN0014\主图\W2PN0014.jpeg,136,watch,,,cvs\new_watermark.png
dummy_images\WATCH\1.CARTIER\微商相册\12.26\原图\19...CARTIER PANTHèRE DE CARTIER WATCH W2PN0014\附图\W2PN0014-1.jpeg,136,watch,,dummy_images\WATCH\1.CARTIER\微商相册\12.26\已整理\19...CARTIER PANTHèRE DE CARTIER WATCH W2PN0014\附图\W2PN0014-1.jpg,cvs\new_watermark.png
dummy_images\WATCH\1.CARTIER\微商相册\12.26\原图\19...CARTIER PANTHèRE DE CARTIER WATCH W2PN0014\附图\W2PN0014-2.jpeg,136,watch,,dummy_images\WATCH\1.CARTIER\微商相册\12.26\已整理\19...CARTIER PANTHèRE DE CARTIER WATCH W2PN0014\附图\W2PN0014-2.jpg,cvs\new_watermark.png
dummy_images\WATCH\1.CARTIER\微商相册\12.26\原图\19...CARTIER PANTHèRE DE CARTIER WATCH W2PN0014\附图\W2PN0014-3.jpeg,136,watch,,dummy_images\WATCH\1.CARTIER\微商相册\12.26\已整理\19...CARTIER PANTHèRE DE CARTIER WATCH W2PN0014\附图\W2PN0014-3.jpg,cvs\new_watermark.png
dummy_images\WATCH\1.CARTIER\微商相册\12.26\原图\19...CARTIER PANTHèRE DE CARTIER WATCH W2PN0014\附图\W2PN0014-4.jpeg,136,watch,,dummy_images\WATCH\1.CARTIER\微商相册\12.26\已整理\19...CARTIER PANTHèRE DE CARTIER WATCH W2PN0014\附图\W2PN0014-4.jpg,cvs\new_watermark.png
dummy_images\WATCH\1.CARTIER\微商相册\12.26\原图\19...CARTIER PANTHèRE DE CARTIER WATCH W2PN0014\附图\W2PN0014-5.jpeg,136,watch,,dummy_images\WATCH\1.CARTIER\微商相册\12.26\已整理\19...CARTIER PANTHèRE DE CARTIER WATCH W2PN0014\附图\W2PN0014-5.jpg,cvs\new_watermark.png
dummy_images\WATCH\1.CARTIER\微商相册\12.26\原图\20...CARTIER PANTHèRE DE CARTIER WATCH W4PN0018\主图\W4PN0018.jpeg,137,watch,,,cvs\new_watermark.png
dummy_images\WATCH\1.CARTIER\微商相册\12.26\原图\20...CARTIER PANTHèRE DE CARTIER WATCH W4PN0018\附图\W4PN0018-1.jpeg,137,watch,,dummy_images\WATCH\1.CARTIER\微商相册\12.26\已整理\20...CARTIER PANTHèRE DE CARTIER WATCH W4PN0018\附图\W4PN0018-1.jpg,cvs\new_watermark.png
dummy_images\WATCH\1.CARTIER\微商相册\12.26\原图\20...CARTIER PANTHèRE DE CARTIER WATCH W4PN0018\附图\W4PN0018-2.jpeg,137,watch,,dummy_images\WATCH\1.CARTIER\微商相册\12.26\已整理\20...CARTIER PANTHèRE DE CARTIER WATCH W4PN0018\附图\W4PN0018-2.jpg,cvs\new_watermark.png
dummy_images\WATCH\1.CARTIER\微商相册\12.26\原图\20...CARTIER PANTHèRE DE CARTIER WATCH W4PN0018\附图\W4PN0018-3.jpeg,137,watch,,dummy_images\WATCH\1.CARTIER\微商相册\12.26\已整理\20...CARTIER PANTHèRE DE CARTIER WATCH W4PN0018\附图\W4PN0018-3.jpg,cvs\new_watermark.png
dummy_images\WATCH\1.CARTIER\微商相册\12.26\原图\20...CARTIER PANTHèRE DE CARTIER WATCH W4PN0018\附图\W4PN0018-4.jpeg,137,watch,,dummy_images\WATCH\1.CARTIER\微商相册\12.26\已整理\20...CARTIER PANTHèRE DE CARTIER WATCH W4PN0018\附图\W4PN0018-4.jpg,cvs\new_watermark.png
dummy_images\WATCH\1.CARTIER\微商相册\12.26\原图\21...CARTIER PANTHèRE DE CARTIER WATCH W3PN0010\主图\W3PN0010.jpeg,138,watch,,,cvs\new_watermark.png
dummy_images\WATCH\1.CARTIER\微商相册\12.26\原图\21...CARTIER PANTHèRE DE CARTIER WATCH W3PN0010\附图\W3PN0010-1.jpeg,138,watch,,dummy_images\WATCH\1.CARTIER\微商相册\12.26\已整理\21...CARTIER PANTHèRE DE CARTIER WATCH W3PN0010\附图\W3PN0010-1.jpg,cvs\new_watermark.png
dummy_images\WATCH\1.CARTIER\微商相册\12.26\原图\21...CARTIER PANTHèRE DE CARTIER WATCH W3PN0010\附图\W3PN0010-2.jpeg,138,watch,,dummy_images\WATCH\1.CARTIER\微商相册\12.26\已整理\21...CARTIER PANTHèRE DE CARTIER WATCH W3PN0010\附图\W3PN0010-2.jpg,cvs\new_watermark.png
dummy_images\WATCH\1.CARTIER\微商相册\12.26\原图\21...CARTIER PANTHèRE DE CARTIER WATCH W3PN0010\附图\W3PN0010-3.jpeg,138,watch,,dummy_images\WATCH\1.CARTIER\微商相册\12.26\已整理\21...CARTIER PANTHèRE DE CARTIER WATCH W3PN0010\附图\W3PN0010-3.jpg,cvs\new_watermark.png
dummy_images\WATCH\1.CARTIER\微商相册\12.26\原图\21...CARTIER PANTHèRE DE CARTIER WATCH W3PN0010\附图\W3PN0010-4.jpeg,138,watch,,dummy_images\WATCH\1.CARTIER\微商相册\12.26\已整理\21...CARTIER PANTHèRE DE CARTIER WATCH W3PN0010\附图\W3PN0010-4.jpg,cvs\new_watermark.png
dummy_images\WATCH\1.CARTIER\微商相册\12.26\原图\21...CARTIER PANTHèRE DE CARTIER WATCH W3PN0010\附图\W3PN0010-5.jpeg,138,watch,,dummy_images\WATCH\1.CARTIER\微商相册\12.26\已整理\21...CARTIER PANTHèRE DE CARTIER WATCH W3PN0010\附图\W3PN0010-5.jpg,cvs\new_watermark.png
dummy_images\WATCH\1.CARTIER\微商相册\12.26\原图\21...CARTIER PANTHèRE DE CARTIER WATCH W3PN0010\附图\W3PN0010-6.jpeg,138,watch,,dummy_images\WATCH\1.CARTIER\微商相册\12.26\已整理\21...CARTIER PANTHèRE DE CARTIER WATCH W3PN0010\附图\W3PN0010-6.jpg,cvs\new_watermark.png
dummy_images\WATCH\1.CARTIER\微商相册\12.26\原图\22...CARTIER PANTHèRE DE CARTIER WATCH WGPN0045\主图\WGPN0045.jpeg,139,watch,,,cvs\new_watermark.png
dummy_images\WATCH\1.CARTIER\微商相册\12.26\原图\22...CARTIER PANTHèRE DE CARTIER WATCH WGPN0045\附图\WGPN0045-1.jpeg,139,watch,,dummy_images\WATCH\1.CARTIER\微商相册\12.26\已整理\22...CARTIER PANTHèRE DE CARTIER WATCH WGPN0045\附图\WGPN0045-1.jpg,cvs\new_watermark.png
dummy_images\WATCH\1.CARTIER\微商相册\12.26\原图\22...CARTIER PANTHèRE DE CARTIER WATCH WGPN0045\附图\WGPN0045-2.jpeg,139,watch,,dummy_images\WATCH\1.CARTIER\微商相册\12.26\已整理\22...CARTIER PANTHèRE DE CARTIER WATCH WGPN0045\附图\WGPN0045-2.jpg,cvs\new_watermark.png
dummy_images\WATCH\1.CARTIER\微商相册\12.26\原图\22...CARTIER PANTHèRE DE CARTIER WATCH WGPN0045\附图\WGPN0045-3.jpeg,139,watch,,,cvs\new_watermark.png
dummy_images\WATCH\1.CARTIER\微商相册\12.26\原图\22...CARTIER PANTHèRE DE CARTIER WATCH WGPN0045\附图\WGPN0045-4.jpeg,139,watch,,dummy_images\WATCH\1.CARTIER\微商相册\12.26\已整理\22...CARTIER PANTHèRE DE CARTIER WATCH WGPN0045\附图\WGPN0045-4.jpg,cvs\new_watermark.png
dummy_images\WATCH\1.CARTIER\微商相册\12.26\原图\22...CARTIER PANTHèRE DE CARTIER WATCH WGPN0045\附图\WGPN0045-5.jpeg,139,watch,,dummy_images\WATCH\1.CARTIER\微商相册\12.26\已整理\22...CARTIER PANTHèRE DE CARTIER WATCH WGPN0045\附图\WGPN0045-5.jpg,cvs\new_watermark.png
dummy_images\WATCH\1.CARTIER\微商相册\12.26\原图\22...CARTIER PANTHèRE DE CARTIER WATCH WGPN0045\附图\WGPN0045-6.jpeg,139,watch,,dummy_images\WATCH\1.CARTIER\微商相册\12.26\已整理\22...CARTIER PANTHèRE DE CARTIER WATCH WGPN0045\附图\WGPN0045-6.jpg,cvs\new_watermark.png
dummy_images\WATCH\1.CARTIER\微商相册\12.26\原图\23...CARTIER PANTHèRE DE CARTIER WATCH WJPN0009\主图\WJPN0009.jpeg,140,watch,,,cvs\new_watermark.png
dummy_images\WATCH\1.CARTIER\微商相册\12.26\原图\23...CARTIER PANTHèRE DE CARTIER WATCH WJPN0009\附图\WJPN0009-1.jpeg,140,watch,,dummy_images\WATCH\1.CARTIER\微商相册\12.26\已整理\23...CARTIER PANTHèRE DE CARTIER WATCH WJPN0009\附图\WJPN0009-1.jpg,cvs\new_watermark.png
dummy_images\WATCH\1.CARTIER\微商相册\12.26\原图\23...CARTIER PANTHèRE DE CARTIER WATCH WJPN0009\附图\WJPN0009-2.jpeg,140,watch,,dummy_images\WATCH\1.CARTIER\微商相册\12.26\已整理\23...CARTIER PANTHèRE DE CARTIER WATCH WJPN0009\附图\WJPN0009-2.jpg,cvs\new_watermark.png
dummy_images\WATCH\1.CARTIER\微商相册\12.26\原图\23...CARTIER PANTHèRE DE CARTIER WATCH WJPN0009\附图\WJPN0009-3.jpeg,140,watch,,dummy_images\WATCH\1.CARTIER\微商相册\12.26\已整理\23...CARTIER PANTHèRE DE CARTIER WATCH WJPN0009\附图\WJPN0009-3.jpeg,cvs\new_watermark.png
dummy_images\WATCH\1.CARTIER\微商相册\12.26\原图\23...CARTIER PANTHèRE DE CARTIER WATCH WJPN0009\附图\WJPN0009-4.jpeg,140,watch,,dummy_images\WATCH\1.CARTIER\微商相册\12.26\已整理\23...CARTIER PANTHèRE DE CARTIER WATCH WJPN0009\附图\WJPN0009-4.jpg,cvs\new_watermark.png
dummy_images\WATCH\1.CARTIER\微商相册\12.26\原图\23...CARTIER PANTHèRE DE CARTIER WATCH WJPN0009\附图\WJPN0009-5.jpeg,140,watch,,dummy_images\WATCH\1.CARTIER\微商相册\12.26\已整理\23...CARTIER PANTHèRE DE CARTIER WATCH WJPN0009\附图\WJPN0009-5.jpg,cvs\new_watermark.png
dummy_images\WATCH\1.CARTIER\微商相册\12.26\原图\24...CARTIER PANTHèRE DE CARTIER WATCH WGPN0007\主图\WGPN0007.jpeg,141,watch,,,cvs\new_watermark.png
dummy_images\WATCH\1.CARTIER\微商相册\12.26\原图\24...CARTIER PANTHèRE DE CARTIER WATCH WGPN0007\附图\WGPN0007-1.png,141,watch,,dummy_images\WATCH\1.CARTIER\微商相册\12.26\已整理\24...CARTIER PANTHèRE DE CARTIER WATCH WGPN0007\附图\WGPN0007-1 拷贝.jpg,cvs\new_watermark.png
dummy_images\WATCH\1.CARTIER\微商相册\12.26\原图\24...CARTIER PANTHèRE DE CARTIER WATCH WGPN0007\附图\WGPN0007-2.jpeg,141,watch,,dummy_images\WATCH\1.CARTIER\微商相册\12.26\已整理\24...CARTIER PANTHèRE DE CARTIER WATCH WGPN0007\附图\WGPN0007-2.jpg,cvs\new_watermark.png
dummy_images\WATCH\1.CARTIER\微商相册\12.26\原图\24...CARTIER PANTHèRE DE CARTIER WATCH WGPN0007\附图\WGPN0007-3.jpeg,141,watch,,dummy_images\WATCH\1.CARTIER\微商相册\12.26\已整理\24...CARTIER PANTHèRE DE CARTIER WATCH WGPN0007\附图\WGPN0007-3.jpg,cvs\new_watermark.png
dummy_images\WATCH\1.CARTIER\微商相册\12.26\原图\24...CARTIER PANTHèRE DE CARTIER WATCH WGPN0007\附图\WGPN0007-4.jpeg,141,watch,,dummy_images\WATCH\1.CARTIER\微商相册\12.26\已整理\24...CARTIER PANTHèRE DE CARTIER WATCH WGPN0007\附图\WGPN0007-4.jpg,cvs\new_watermark.png
dummy_images\WATCH\1.CARTIER\微商相册\12.26\原图\24...CARTIER PANTHèRE DE CARTIER WATCH WGPN0007\附图\WGPN0007-5.jpeg,141,watch,,dummy_images\WATCH\1.CARTIER\微商相册\12.26\已整理\24...CARTIER PANTHèRE DE CARTIER WATCH WGPN0007\附图\WGPN0007-5.jpg,cvs\new_watermark.png
"dummy_images\WATCH\1.CARTIER\微商相册\12.26\原图\25.CARTIER BALLON BLANC DE CARTIER 30MM 18-KARAT ROSE GOLD, ALLIGATOR AND DIAMOND WATCH WJBL0008\主图\WJBL0008.jpg",142,watch,,,cvs\new_watermark.png
"dummy_images\WATCH\1.CARTIER\微商相册\12.26\原图\25.CARTIER BALLON BLANC DE CARTIER 30MM 18-KARAT ROSE GOLD, ALLIGATOR AND DIAMOND WATCH WJBL0008\附图\WJBL0008-1.jpg",142,watch,,"dummy_images\WATCH\1.CARTIER\微商相册\12.26\已整理\25.CARTIER BALLON BLANC DE CARTIER 30MM 18-KARAT ROSE GOLD, ALLIGATOR AND DIAMOND WATCH WJBL0008\附图\WJBL0008-1.jpg",cvs\new_watermark.png
"dummy_images\WATCH\1.CARTIER\微商相册\12.26\原图\25.CARTIER BALLON BLANC DE CARTIER 30MM 18-KARAT ROSE GOLD, ALLIGATOR AND DIAMOND WATCH WJBL0008\附图\WJBL0008-2.jpg",142,watch,,"dummy_images\WATCH\1.CARTIER\微商相册\12.26\已整理\25.CARTIER BALLON BLANC DE CARTIER 30MM 18-KARAT ROSE GOLD, ALLIGATOR AND DIAMOND WATCH WJBL0008\附图\WJBL0008-2.jpg",cvs\new_watermark.png
"dummy_images\WATCH\1.CARTIER\微商相册\12.26\原图\25.CARTIER BALLON BLANC DE CARTIER 30MM 18-KARAT ROSE GOLD, ALLIGATOR AND DIAMOND WATCH WJBL0008\附图\WJBL0008-3.jpg",142,watch,,"dummy_images\WATCH\1.CARTIER\微商相册\12.26\已整理\25.CARTIER BALLON BLANC DE CARTIER 30MM 18-KARAT ROSE GOLD, ALLIGATOR AND DIAMOND WATCH WJBL0008\附图\WJBL0008-3.jpg",cvs\new_watermark.png
"dummy_images\WATCH\1.CARTIER\微商相册\12.26\原图\25.CARTIER BALLON BLANC DE CARTIER 30MM 18-KARAT ROSE GOLD, ALLIGATOR AND DIAMOND WATCH WJBL0008\附图\WJBL0008-4.jpg",142,watch,,"dummy_images\WATCH\1.CARTIER\微商相册\12.26\已整理\25.CARTIER BALLON BLANC DE CARTIER 30MM 18-KARAT ROSE GOLD, ALLIGATOR AND DIAMOND WATCH WJBL0008\附图\WJBL0008-4.jpg",cvs\new_watermark.png
"dummy_images\WATCH\1.CARTIER\微商相册\12.26\原图\25.CARTIER BALLON BLANC DE CARTIER 30MM 18-KARAT ROSE GOLD, ALLIGATOR AND DIAMOND WATCH WJBL0008\附图\WJBL0008-5.jpg",142,watch,,"dummy_images\WATCH\1.CARTIER\微商相册\12.26\已整理\25.CARTIER BALLON BLANC DE CARTIER 30MM 18-KARAT ROSE GOLD, ALLIGATOR AND DIAMOND WATCH WJBL0008\附图\WJBL0008-5.jpg",cvs\new_watermark.png
dummy_images\WATCH\1.CARTIER\微商相册\12.26\原图\30.CARTIER BAIGNOIRE BATHTUB SERIES WATCH WB520008\主图\WB520008.jpg,143,watch,,,cvs\new_watermark.png
dummy_images\WATCH\1.CARTIER\微商相册\12.26\原图\30.CARTIER BAIGNOIRE BATHTUB SERIES WATCH WB520008\附图\WB520008-1.jpg,143,watch,,dummy_images\WATCH\1.CARTIER\微商相册\12.26\已整理\30.CARTIER BAIGNOIRE BATHTUB SERIES WATCH WB520008\附图\WB520008-1.jpg,cvs\new_watermark.png
dummy_images\WATCH\1.CARTIER\微商相册\12.26\原图\30.CARTIER BAIGNOIRE BATHTUB SERIES WATCH WB520008\附图\WB520008-2.jpg,143,watch,,dummy_images\WATCH\1.CARTIER\微商相册\12.26\已整理\30.CARTIER BAIGNOIRE BATHTUB SERIES WATCH WB520008\附图\WB520008-2.jpg,cvs\new_watermark.png
dummy_images\WATCH\1.CARTIER\微商相册\12.26\原图\30.CARTIER BAIGNOIRE BATHTUB SERIES WATCH WB520008\附图\WB520008-3.jpg,143,watch,,dummy_images\WATCH\1.CARTIER\微商相册\12.26\已整理\30.CARTIER BAIGNOIRE BATHTUB SERIES WATCH WB520008\附图\WB520008-3.jpg,cvs\new_watermark.png
dummy_images\WATCH\1.CARTIER\微商相册\12.27\原图\1...CARTIER BAIGNOIRE WATCH WGBA0031\主图\WGBA0031.jpeg,146,watch,,,cvs\new_watermark.png
dummy_images\WATCH\1.CARTIER\微商相册\12.27\原图\1...CARTIER BAIGNOIRE WATCH WGBA0031\附图\WGBA0031-1.jpeg,146,watch,,dummy_images\WATCH\1.CARTIER\微商相册\12.27\已整理\1...CARTIER BAIGNOIRE WATCH WGBA0031\附图\WGBA0031-1.jpg,cvs\new_watermark.png
dummy_images\WATCH\1.CARTIER\微商相册\12.27\原图\1...CARTIER BAIGNOIRE WATCH WGBA0031\附图\WGBA0031-2.jpeg,146,watch,,dummy_images\WATCH\1.CARTIER\微商相册\12.27\已整理\1...CARTIER BAIGNOIRE WATCH WGBA0031\附图\WGBA0031-2.jpg,cvs\new_watermark.png
dummy_images\WATCH\1.CARTIER\微商相册\12.27\原图\1...CARTIER BAIGNOIRE WATCH WGBA0031\附图\WGBA0031-3.jpeg,146,watch,,dummy_images\WATCH\1.CARTIER\微商相册\12.27\已整理\1...CARTIER BAIGNOIRE WATCH WGBA0031\附图\WGBA0031-3.jpg,cvs\new_watermark.png
dummy_images\WATCH\1.CARTIER\微商相册\12.27\原图\1...CARTIER BAIGNOIRE WATCH WGBA0031\附图\WGBA0031-4.jpeg,146,watch,,dummy_images\WATCH\1.CARTIER\微商相册\12.27\已整理\1...CARTIER BAIGNOIRE WATCH WGBA0031\附图\WGBA0031-4.jpg,cvs\new_watermark.png
dummy_images\WATCH\1.CARTIER\微商相册\12.27\原图\1...CARTIER BAIGNOIRE WATCH WGBA0031\附图\WGBA0031-5.jpeg,146,watch,,dummy_images\WATCH\1.CARTIER\微商相册\12.27\已整理\1...CARTIER BAIGNOIRE WATCH WGBA0031\附图\WGBA0031-5.jpg,cvs\new_watermark.png
dummy_images\WATCH\1.CARTIER\微商相册\12.27\原图\1...CARTIER BAIGNOIRE WATCH WGBA0031\附图\WGBA0031-6.jpeg,146,watch,,dummy_images\WATCH\1.CARTIER\微商相册\12.27\已整理\1...CARTIER BAIGNOIRE WATCH WGBA0031\附图\WGBA0031-6.jpg,cvs\new_watermark.png
dummy_images\WATCH\1.CARTIER\微商相册\12.27\原图\5...CARTIER BAIGNOIRE WATCH WGBA0032\主图\WGBA0032.jpeg,147,watch,,,cvs\new_watermark.png
dummy_images\WATCH\1.CARTIER\微商相册\12.27\原图\5...CARTIER BAIGNOIRE WATCH WGBA0032\附图\WGBA0032-1.jpeg,147,watch,,dummy_images\WATCH\1.CARTIER\微商相册\12.27\已整理\5...CARTIER BAIGNOIRE WATCH WGBA0032\附图\WGBA0032-1.jpg,cvs\new_watermark.png
dummy_images\WATCH\1.CARTIER\微商相册\12.27\原图\5...CARTIER BAIGNOIRE WATCH WGBA0032\附图\WGBA0032-2.jpeg,147,watch,,dummy_images\WATCH\1.CARTIER\微商相册\12.27\已整理\5...CARTIER BAIGNOIRE WATCH WGBA0032\附图\WGBA0032-2.jpg,cvs\new_watermark.png
dummy_images\WATCH\1.CARTIER\微商相册\12.27\原图\5...CARTIER BAIGNOIRE WATCH WGBA0032\附图\WGBA0032-3.jpeg,147,watch,,dummy_images\WATCH\1.CARTIER\微商相册\12.27\已整理\5...CARTIER BAIGNOIRE WATCH WGBA0032\附图\WGBA0032-3.jpg,cvs\new_watermark.png
dummy_images\WATCH\1.CARTIER\微商相册\12.27\原图\5...CARTIER BAIGNOIRE WATCH WGBA0032\附图\WGBA0032-4.jpeg,147,watch,,dummy_images\WATCH\1.CARTIER\微商相册\12.27\已整理\5...CARTIER BAIGNOIRE WATCH WGBA0032\附图\WGBA0032-4.jpg,cvs\new_watermark.png
dummy_images\WATCH\1.CARTIER\微商相册\12.27\原图\5...CARTIER BAIGNOIRE WATCH WGBA0032\附图\WGBA0032-5.jpeg,147,watch,,dummy_images\WATCH\1.CARTIER\微商相册\12.27\已整理\5...CARTIER BAIGNOIRE WATCH WGBA0032\附图\WGBA0032-5.jpg,cvs\new_watermark.png
dummy_images\WATCH\1.CARTIER\微商相册\12.27\原图\5...CARTIER BAIGNOIRE WATCH WGBA0032\附图\WGBA0032-6.jpeg,147,watch,,dummy_images\WATCH\1.CARTIER\微商相册\12.27\已整理\5...CARTIER BAIGNOIRE WATCH WGBA0032\附图\WGBA0032-6.jpg,cvs\new_watermark.png
dummy_images\WATCH\2.BVLGARI\微商相册\11.21\原图\14.BVLGARI OCTO SOLOTEMPO BGO 41 MM MENS WATCH IN STAINLESS STEEL 101964\附图\101964-1.jpg,150,watch,,dummy_images\WATCH\2.BVLGARI\微商相册\11.21\已整理\14.BVLGARI OCTO SOLOTEMPO BGO 41 MM MENS WATCH IN STAINLESS STEEL 101964\附图\101964-1 拷贝.jpg,cvs\new_watermark.png
dummy_images\WATCH\2.BVLGARI\微商相册\11.21\原图\14.BVLGARI OCTO SOLOTEMPO BGO 41 MM MENS WATCH IN STAINLESS STEEL 101964\附图\101964-2.jpg,150,watch,,dummy_images\WATCH\2.BVLGARI\微商相册\11.21\已整理\14.BVLGARI OCTO SOLOTEMPO BGO 41 MM MENS WATCH IN STAINLESS STEEL 101964\附图\101964-2 拷贝.jpg,cvs\new_watermark.png
dummy_images\WATCH\2.BVLGARI\微商相册\11.21\原图\14.BVLGARI OCTO SOLOTEMPO BGO 41 MM MENS WATCH IN STAINLESS STEEL 101964\附图\101964-3.jpg,150,watch,,dummy_images\WATCH\2.BVLGARI\微商相册\11.21\已整理\14.BVLGARI OCTO SOLOTEMPO BGO 41 MM MENS WATCH IN STAINLESS STEEL 101964\附图\101964-3 拷贝.jpg,cvs\new_watermark.png
dummy_images\WATCH\2.BVLGARI\微商相册\11.21\原图\16.BULGARI OCTO 18K ROSE GOLD & BLACK STEEL BLACK DIAL 41MM AUTOMATIC RUBBER 102485\主图\102485.jpg,151,watch,,,cvs\new_watermark.png
dummy_images\WATCH\2.BVLGARI\微商相册\11.21\原图\16.BULGARI OCTO 18K ROSE GOLD & BLACK STEEL BLACK DIAL 41MM AUTOMATIC RUBBER 102485\附图\102485-1.jpg,151,watch,,dummy_images\WATCH\2.BVLGARI\微商相册\11.21\已整理\16.BULGARI OCTO 18K ROSE GOLD & BLACK STEEL BLACK DIAL 41MM AUTOMATIC RUBBER 102485\附图\102485-1 拷贝.jpg,cvs\new_watermark.png
dummy_images\WATCH\2.BVLGARI\微商相册\11.21\原图\16.BULGARI OCTO 18K ROSE GOLD & BLACK STEEL BLACK DIAL 41MM AUTOMATIC RUBBER 102485\附图\102485-2.jpg,151,watch,,dummy_images\WATCH\2.BVLGARI\微商相册\11.21\已整理\16.BULGARI OCTO 18K ROSE GOLD & BLACK STEEL BLACK DIAL 41MM AUTOMATIC RUBBER 102485\附图\102485-2 拷贝.jpg,cvs\new_watermark.png
dummy_images\WATCH\2.BVLGARI\微商相册\11.21\原图\16.BULGARI OCTO 18K ROSE GOLD & BLACK STEEL BLACK DIAL 41MM AUTOMATIC RUBBER 102485\附图\102485-3.jpg,151,watch,,dummy_images\WATCH\2.BVLGARI\微商相册\11.21\已整理\16.BULGARI OCTO 18K ROSE GOLD & BLACK STEEL BLACK DIAL 41MM AUTOMATIC RUBBER 102485\附图\102485-3 拷贝.jpg,cvs\new_watermark.png
dummy_images\WATCH\2.BVLGARI\微商相册\11.21\原图\19.BVLGARI OCTO L'ORIGINALE TOURBILLON 40MM WATCH 102560\主图\102560.jpg,152,watch,,,cvs\new_watermark.png
dummy_images\WATCH\2.BVLGARI\微商相册\11.21\原图\19.BVLGARI OCTO L'ORIGINALE TOURBILLON 40MM WATCH 102560\附图\102560-1.jpg,152,watch,,dummy_images\WATCH\2.BVLGARI\微商相册\11.21\已整理\19.BVLGARI OCTO L'ORIGINALE TOURBILLON 40MM WATCH 102560\附图\102560-1.jpg,cvs\new_watermark.png
dummy_images\WATCH\2.BVLGARI\微商相册\11.21\原图\19.BVLGARI OCTO L'ORIGINALE TOURBILLON 40MM WATCH 102560\附图\102560-2.jpg,152,watch,,dummy_images\WATCH\2.BVLGARI\微商相册\11.21\已整理\19.BVLGARI OCTO L'ORIGINALE TOURBILLON 40MM WATCH 102560\附图\102560-2.jpg,cvs\new_watermark.png
dummy_images\WATCH\2.BVLGARI\微商相册\11.21\原图\19.BVLGARI OCTO L'ORIGINALE TOURBILLON 40MM WATCH 102560\附图\102560-3.jpg,152,watch,,dummy_images\WATCH\2.BVLGARI\微商相册\11.21\已整理\19.BVLGARI OCTO L'ORIGINALE TOURBILLON 40MM WATCH 102560\附图\102560-3.jpg,cvs\new_watermark.png
dummy_images\WATCH\2.BVLGARI\微商相册\11.21\原图\24.BVLGARI LVCEA LADIES 18 CARAT ROSE GOLD WATCH 102475\主图\102475.png,153,watch,,,cvs\new_watermark.png
dummy_images\WATCH\2.BVLGARI\微商相册\11.21\原图\24.BVLGARI LVCEA LADIES 18 CARAT ROSE GOLD WATCH 102475\附图\102475-1.png,153,watch,,dummy_images\WATCH\2.BVLGARI\微商相册\11.21\已整理\24.BVLGARI LVCEA LADIES 18 CARAT ROSE GOLD WATCH 102475\附图\102475-1 拷贝.jpg,cvs\new_watermark.png
dummy_images\WATCH\2.BVLGARI\微商相册\11.21\原图\24.BVLGARI LVCEA LADIES 18 CARAT ROSE GOLD WATCH 102475\附图\102475-2.png,153,watch,,dummy_images\WATCH\2.BVLGARI\微商相册\11.21\已整理\24.BVLGARI LVCEA LADIES 18 CARAT ROSE GOLD WATCH 102475\附图\102475-2.jpg,cvs\new_watermark.png
dummy_images\WATCH\2.BVLGARI\微商相册\11.21\原图\24.BVLGARI LVCEA LADIES 18 CARAT ROSE GOLD WATCH 102475\附图\102475-3.png,153,watch,,dummy_images\WATCH\2.BVLGARI\微商相册\11.21\已整理\24.BVLGARI LVCEA LADIES 18 CARAT ROSE GOLD WATCH 102475\附图\102475-3.png,cvs\new_watermark.png
dummy_images\WATCH\2.BVLGARI\微商相册\11.21\原图\28.BULGARI LVCEA WATCH 102194\主图\102194.jpg,154,watch,,,cvs\new_watermark.png
dummy_images\WATCH\2.BVLGARI\微商相册\11.21\原图\28.BULGARI LVCEA WATCH 102194\附图\102194-1.png,154,watch,,dummy_images\WATCH\2.BVLGARI\微商相册\11.21\已整理\28.BULGARI LVCEA WATCH 102194\附图\102194-1.png,cvs\new_watermark.png
dummy_images\WATCH\2.BVLGARI\微商相册\11.21\原图\28.BULGARI LVCEA WATCH 102194\附图\102194-2.png,154,watch,,dummy_images\WATCH\2.BVLGARI\微商相册\11.21\已整理\28.BULGARI LVCEA WATCH 102194\附图\102194-2.png,cvs\new_watermark.png
dummy_images\WATCH\2.BVLGARI\微商相册\11.21\原图\28.BULGARI LVCEA WATCH 102194\附图\102194-3.png,154,watch,,dummy_images\WATCH\2.BVLGARI\微商相册\11.21\已整理\28.BULGARI LVCEA WATCH 102194\附图\102194-3.png,cvs\new_watermark.png
dummy_images\WATCH\2.BVLGARI\微商相册\11.22\原图\6.BVLGARI LVCEA WATCH 28MM 103915\主图\103915.jpg,165,watch,,,cvs\new_watermark.png
dummy_images\WATCH\2.BVLGARI\微商相册\11.22\原图\6.BVLGARI LVCEA WATCH 28MM 103915\附图\103915-1.jpg,165,watch,,dummy_images\WATCH\2.BVLGARI\微商相册\11.22\已整理\6.BVLGARI LVCEA WATCH 28MM 103915\附图\103915-1.jpg,cvs\new_watermark.png
dummy_images\WATCH\2.BVLGARI\微商相册\11.22\原图\6.BVLGARI LVCEA WATCH 28MM 103915\附图\103915-2.jpg,165,watch,,dummy_images\WATCH\2.BVLGARI\微商相册\11.22\已整理\6.BVLGARI LVCEA WATCH 28MM 103915\附图\103915-2.jpg,cvs\new_watermark.png
dummy_images\WATCH\2.BVLGARI\微商相册\11.22\原图\6.BVLGARI LVCEA WATCH 28MM 103915\附图\103915-3.jpg,165,watch,,dummy_images\WATCH\2.BVLGARI\微商相册\11.22\已整理\6.BVLGARI LVCEA WATCH 28MM 103915\附图\103915-3.jpg,cvs\new_watermark.png
dummy_images\WATCH\2.BVLGARI\微商相册\11.22\原图\6.BVLGARI LVCEA WATCH 28MM 103915\附图\103915-4.jpg,165,watch,,dummy_images\WATCH\2.BVLGARI\微商相册\11.22\已整理\6.BVLGARI LVCEA WATCH 28MM 103915\附图\103915-4.jpg,cvs\new_watermark.png
dummy_images\WATCH\2.BVLGARI\微商相册\11.22\原图\11.BVLGARI DIAMOND PAVE 18K WHITE GOLD SERPENTI TUBOGAS WOMEN'S WRISTWATCH 102005\主图\102005.jpg,166,watch,,,cvs\new_watermark.png
dummy_images\WATCH\2.BVLGARI\微商相册\11.22\原图\11.BVLGARI DIAMOND PAVE 18K WHITE GOLD SERPENTI TUBOGAS WOMEN'S WRISTWATCH 102005\附图\102005-1.jpg,166,watch,,dummy_images\WATCH\2.BVLGARI\微商相册\11.22\已整理\11.BVLGARI DIAMOND PAVE 18K WHITE GOLD SERPENTI TUBOGAS WOMEN'S WRISTWATCH 102005\附图\102005-1.jpg,cvs\new_watermark.png
dummy_images\WATCH\2.BVLGARI\微商相册\11.22\原图\11.BVLGARI DIAMOND PAVE 18K WHITE GOLD SERPENTI TUBOGAS WOMEN'S WRISTWATCH 102005\附图\102005-2.jpg,166,watch,,dummy_images\WATCH\2.BVLGARI\微商相册\11.22\已整理\11.BVLGARI DIAMOND PAVE 18K WHITE GOLD SERPENTI TUBOGAS WOMEN'S WRISTWATCH 102005\附图\102005-2.jpg,cvs\new_watermark.png
dummy_images\WATCH\2.BVLGARI\微商相册\11.22\原图\11.BVLGARI DIAMOND PAVE 18K WHITE GOLD SERPENTI TUBOGAS WOMEN'S WRISTWATCH 102005\附图\102005-3.jpg,166,watch,,dummy_images\WATCH\2.BVLGARI\微商相册\11.22\已整理\11.BVLGARI DIAMOND PAVE 18K WHITE GOLD SERPENTI TUBOGAS WOMEN'S WRISTWATCH 102005\附图\102005-3.jpg,cvs\new_watermark.png
dummy_images\WATCH\3.PATEK PHILIPPE\11.22\原图\13.PATEK PHILIPPE AQUANAUT QUARTZ STEEL WHITE DIAL 5067A-011\主图\5067A-011.jpg,175,watch,,,cvs\new_watermark.png
dummy_images\WATCH\3.PATEK PHILIPPE\11.22\原图\13.PATEK PHILIPPE AQUANAUT QUARTZ STEEL WHITE DIAL 5067A-011\附图\5067A-011-1.jpg,175,watch,,dummy_images\WATCH\3.PATEK PHILIPPE\11.22\已整理\13.PATEK PHILIPPE AQUANAUT QUARTZ STEEL WHITE DIAL 5067A-011\附图\5067A-011-1.jpg,cvs\new_watermark.png
dummy_images\WATCH\3.PATEK PHILIPPE\11.22\原图\13.PATEK PHILIPPE AQUANAUT QUARTZ STEEL WHITE DIAL 5067A-011\附图\5067A-011-2.jpg,175,watch,,dummy_images\WATCH\3.PATEK PHILIPPE\11.22\已整理\13.PATEK PHILIPPE AQUANAUT QUARTZ STEEL WHITE DIAL 5067A-011\附图\5067A-011-2.jpg,cvs\new_watermark.png
dummy_images\WATCH\3.PATEK PHILIPPE\11.22\原图\13.PATEK PHILIPPE AQUANAUT QUARTZ STEEL WHITE DIAL 5067A-011\附图\5067A-011-3.jpg,175,watch,,dummy_images\WATCH\3.PATEK PHILIPPE\11.22\已整理\13.PATEK PHILIPPE AQUANAUT QUARTZ STEEL WHITE DIAL 5067A-011\附图\5067A-011-3.jpg,cvs\new_watermark.png
dummy_images\WATCH\3.PATEK PHILIPPE\11.22\原图\13.PATEK PHILIPPE AQUANAUT QUARTZ STEEL WHITE DIAL 5067A-011\附图\5067A-011-4.jpg,175,watch,,dummy_images\WATCH\3.PATEK PHILIPPE\11.22\已整理\13.PATEK PHILIPPE AQUANAUT QUARTZ STEEL WHITE DIAL 5067A-011\附图\5067A-011-4.jpg,cvs\new_watermark.png
dummy_images\WATCH\3.PATEK PHILIPPE\11.22\原图\15.PATEK PHILIPPE 18K WHITE GOLD ALLIGATOR 37MM AUTOMATIC WATCH 5396G-014\主图\5396G-014.jpg,176,watch,,,cvs\new_watermark.png
dummy_images\WATCH\3.PATEK PHILIPPE\11.22\原图\15.PATEK PHILIPPE 18K WHITE GOLD ALLIGATOR 37MM AUTOMATIC WATCH 5396G-014\附图\5396G-014-01.jpg,176,watch,,dummy_images\WATCH\3.PATEK PHILIPPE\11.22\已整理\15.PATEK PHILIPPE 18K WHITE GOLD ALLIGATOR 37MM AUTOMATIC WATCH 5396G-014\附图\5396G-014-1.jpg,cvs\new_watermark.png
dummy_images\WATCH\3.PATEK PHILIPPE\11.22\原图\15.PATEK PHILIPPE 18K WHITE GOLD ALLIGATOR 37MM AUTOMATIC WATCH 5396G-014\附图\5396G-014-02.jpg,176,watch,,dummy_images\WATCH\3.PATEK PHILIPPE\11.22\已整理\15.PATEK PHILIPPE 18K WHITE GOLD ALLIGATOR 37MM AUTOMATIC WATCH 5396G-014\附图\5396G-014-2.jpg,cvs\new_watermark.png
dummy_images\WATCH\3.PATEK PHILIPPE\11.22\原图\15.PATEK PHILIPPE 18K WHITE GOLD ALLIGATOR 37MM AUTOMATIC WATCH 5396G-014\附图\5396G-014-03.jpg,176,watch,,,cvs\new_watermark.png
dummy_images\WATCH\3.PATEK PHILIPPE\11.22\原图\15.PATEK PHILIPPE 18K WHITE GOLD ALLIGATOR 37MM AUTOMATIC WATCH 5396G-014\附图\5396G-014-04.jpg,176,watch,,,cvs\new_watermark.png
dummy_images\WATCH\3.PATEK PHILIPPE\11.22\原图\16.PATEK PHILIPPE COMPLICATIONS ANNUAL CALENDAR WATCH 5396G-011\主图\5396G-011.jpg,177,watch,,,cvs\new_watermark.png
dummy_images\WATCH\3.PATEK PHILIPPE\11.22\原图\16.PATEK PHILIPPE COMPLICATIONS ANNUAL CALENDAR WATCH 5396G-011\附图\5396G-011-1.jpg,177,watch,,dummy_images\WATCH\3.PATEK PHILIPPE\11.22\已整理\16.PATEK PHILIPPE COMPLICATIONS ANNUAL CALENDAR WATCH 5396G-011\附图\5396G-011-1.jpg,cvs\new_watermark.png
dummy_images\WATCH\3.PATEK PHILIPPE\11.22\原图\16.PATEK PHILIPPE COMPLICATIONS ANNUAL CALENDAR WATCH 5396G-011\附图\5396G-011-2.jpg,177,watch,,dummy_images\WATCH\3.PATEK PHILIPPE\11.22\已整理\16.PATEK PHILIPPE COMPLICATIONS ANNUAL CALENDAR WATCH 5396G-011\附图\5396G-011-2.jpg,cvs\new_watermark.png
dummy_images\WATCH\3.PATEK PHILIPPE\11.22\原图\16.PATEK PHILIPPE COMPLICATIONS ANNUAL CALENDAR WATCH 5396G-011\附图\5396G-011-3.jpg,177,watch,,dummy_images\WATCH\3.PATEK PHILIPPE\11.22\已整理\16.PATEK PHILIPPE COMPLICATIONS ANNUAL CALENDAR WATCH 5396G-011\附图\5396G-011-3.jpg,cvs\new_watermark.png
dummy_images\WATCH\3.PATEK PHILIPPE\11.22\原图\17.PATEK PHILIPPE ANNUAL CALENDAR AUTOMATIC DIAL WATCH 5396G-017\主图\5396G-017.png,178,watch,,,cvs\new_watermark.png
dummy_images\WATCH\3.PATEK PHILIPPE\11.22\原图\17.PATEK PHILIPPE ANNUAL CALENDAR AUTOMATIC DIAL WATCH 5396G-017\附图\5396G-017-1.jpg,178,watch,,dummy_images\WATCH\3.PATEK PHILIPPE\11.22\已整理\17.PATEK PHILIPPE ANNUAL CALENDAR AUTOMATIC DIAL WATCH 5396G-017\附图\5396G-017-1.jpg,cvs\new_watermark.png
dummy_images\WATCH\3.PATEK PHILIPPE\11.22\原图\17.PATEK PHILIPPE ANNUAL CALENDAR AUTOMATIC DIAL WATCH 5396G-017\附图\5396G-017-2.jpg,178,watch,,dummy_images\WATCH\3.PATEK PHILIPPE\11.22\已整理\17.PATEK PHILIPPE ANNUAL CALENDAR AUTOMATIC DIAL WATCH 5396G-017\附图\5396G-017-2.jpg,cvs\new_watermark.png
dummy_images\WATCH\3.PATEK PHILIPPE\11.22\原图\17.PATEK PHILIPPE ANNUAL CALENDAR AUTOMATIC DIAL WATCH 5396G-017\附图\5396G-017-3.jpg,178,watch,,,cvs\new_watermark.png
dummy_images\WATCH\3.PATEK PHILIPPE\11.22\原图\22.PATEK PHILIPPE CALATRAVA WATCH 7122R-001\主图\7122R-001.jpg,179,watch,,,cvs\new_watermark.png
dummy_images\WATCH\3.PATEK PHILIPPE\11.22\原图\22.PATEK PHILIPPE CALATRAVA WATCH 7122R-001\附图\7122R-001-1.jpg,179,watch,,dummy_images\WATCH\3.PATEK PHILIPPE\11.22\已整理\22.PATEK PHILIPPE CALATRAVA WATCH 7122R-001\附图\7122R-001-1.jpg,cvs\new_watermark.png
dummy_images\WATCH\3.PATEK PHILIPPE\11.22\原图\22.PATEK PHILIPPE CALATRAVA WATCH 7122R-001\附图\7122R-001-2.jpg,179,watch,,dummy_images\WATCH\3.PATEK PHILIPPE\11.22\已整理\22.PATEK PHILIPPE CALATRAVA WATCH 7122R-001\附图\7122R-001-2.jpg,cvs\new_watermark.png
dummy_images\WATCH\3.PATEK PHILIPPE\11.22\原图\22.PATEK PHILIPPE CALATRAVA WATCH 7122R-001\附图\7122R-001-3.jpg,179,watch,,dummy_images\WATCH\3.PATEK PHILIPPE\11.22\已整理\22.PATEK PHILIPPE CALATRAVA WATCH 7122R-001\附图\7122R-001-3.jpg,cvs\new_watermark.png
dummy_images\WATCH\3.PATEK PHILIPPE\11.23\原图\2.PATEK PHILIPPE CALATRAVA BLACK PLATINUM DIAL IN WATCH 5800-100P\主图\5800-100P.jpg,193,watch,,,cvs\new_watermark.png
dummy_images\WATCH\3.PATEK PHILIPPE\11.23\原图\2.PATEK PHILIPPE CALATRAVA BLACK PLATINUM DIAL IN WATCH 5800-100P\附图\5800-100P-1.jpg,193,watch,,dummy_images\WATCH\3.PATEK PHILIPPE\11.23\已整理\2.PATEK PHILIPPE CALATRAVA BLACK PLATINUM DIAL IN WATCH 5800-100P\附图\5800-100P-1.jpg,cvs\new_watermark.png
dummy_images\WATCH\3.PATEK PHILIPPE\11.23\原图\2.PATEK PHILIPPE CALATRAVA BLACK PLATINUM DIAL IN WATCH 5800-100P\附图\5800-100P-2.jpg,193,watch,,dummy_images\WATCH\3.PATEK PHILIPPE\11.23\已整理\2.PATEK PHILIPPE CALATRAVA BLACK PLATINUM DIAL IN WATCH 5800-100P\附图\5800-100P-2.jpg,cvs\new_watermark.png
dummy_images\WATCH\3.PATEK PHILIPPE\11.23\原图\2.PATEK PHILIPPE CALATRAVA BLACK PLATINUM DIAL IN WATCH 5800-100P\附图\5800-100P-3.jpg,193,watch,,dummy_images\WATCH\3.PATEK PHILIPPE\11.23\已整理\2.PATEK PHILIPPE CALATRAVA BLACK PLATINUM DIAL IN WATCH 5800-100P\附图\5800-100P-3.jpg,cvs\new_watermark.png
dummy_images\WATCH\3.PATEK PHILIPPE\11.23\原图\3.PATEK PHILIPPE CALATRAVA SELF-WINDING WATCH 5088-100P-001\主图\5088-100P-001.jpg,194,watch,,,cvs\new_watermark.png
dummy_images\WATCH\3.PATEK PHILIPPE\11.23\原图\3.PATEK PHILIPPE CALATRAVA SELF-WINDING WATCH 5088-100P-001\附图\5088-100P-001-1.jpg,194,watch,,dummy_images\WATCH\3.PATEK PHILIPPE\11.23\已整理\3.PATEK PHILIPPE CALATRAVA SELF-WINDING WATCH 5088-100P-001\附图\5088-100P-001-1.jpg,cvs\new_watermark.png
dummy_images\WATCH\3.PATEK PHILIPPE\11.23\原图\3.PATEK PHILIPPE CALATRAVA SELF-WINDING WATCH 5088-100P-001\附图\5088-100P-001-2.jpg,194,watch,,dummy_images\WATCH\3.PATEK PHILIPPE\11.23\已整理\3.PATEK PHILIPPE CALATRAVA SELF-WINDING WATCH 5088-100P-001\附图\5088-100P-001-2.jpg,cvs\new_watermark.png
dummy_images\WATCH\3.PATEK PHILIPPE\11.23\原图\3.PATEK PHILIPPE CALATRAVA SELF-WINDING WATCH 5088-100P-001\附图\5088-100P-001-3.jpg,194,watch,,dummy_images\WATCH\3.PATEK PHILIPPE\11.23\已整理\3.PATEK PHILIPPE CALATRAVA SELF-WINDING WATCH 5088-100P-001\附图\5088-100P-001-3.jpg,cvs\new_watermark.png
dummy_images\WATCH\3.PATEK PHILIPPE\11.23\原图\5.PATEK PHILIPPE NAUTILUS 'BLACK VENOM' CARBON STEEL WITH BLUE DIAL WATCH 5711A-010\主图\5711A-010.jpg,195,watch,,,cvs\new_watermark.png
dummy_images\WATCH\3.PATEK PHILIPPE\11.23\原图\5.PATEK PHILIPPE NAUTILUS 'BLACK VENOM' CARBON STEEL WITH BLUE DIAL WATCH 5711A-010\附图\5711A-010-1.jpg,195,watch,,dummy_images\WATCH\3.PATEK PHILIPPE\11.23\已整理\5.PATEK PHILIPPE NAUTILUS 'BLACK VENOM' CARBON STEEL WITH BLUE DIAL WATCH 5711A-010\附图\5711A-010-1.jpg,cvs\new_watermark.png
dummy_images\WATCH\3.PATEK PHILIPPE\11.23\原图\5.PATEK PHILIPPE NAUTILUS 'BLACK VENOM' CARBON STEEL WITH BLUE DIAL WATCH 5711A-010\附图\5711A-010-2.jpg,195,watch,,dummy_images\WATCH\3.PATEK PHILIPPE\11.23\已整理\5.PATEK PHILIPPE NAUTILUS 'BLACK VENOM' CARBON STEEL WITH BLUE DIAL WATCH 5711A-010\附图\5711A-010-2.jpg,cvs\new_watermark.png
dummy_images\WATCH\3.PATEK PHILIPPE\11.23\原图\5.PATEK PHILIPPE NAUTILUS 'BLACK VENOM' CARBON STEEL WITH BLUE DIAL WATCH 5711A-010\附图\5711A-010-3.jpg,195,watch,,dummy_images\WATCH\3.PATEK PHILIPPE\11.23\已整理\5.PATEK PHILIPPE NAUTILUS 'BLACK VENOM' CARBON STEEL WITH BLUE DIAL WATCH 5711A-010\附图\5711A-010-3.jpg,cvs\new_watermark.png
dummy_images\WATCH\3.PATEK PHILIPPE\11.23\原图\6.PATEK PHILIPPE NAUTILUS VERSION DIAMOND CARBON COATED CASE WATCH 5711A\主图\5711A.jpg,196,watch,,,cvs\new_watermark.png
dummy_images\WATCH\3.PATEK PHILIPPE\11.23\原图\6.PATEK PHILIPPE NAUTILUS VERSION DIAMOND CARBON COATED CASE WATCH 5711A\附图\5711A-1.jpg,196,watch,,dummy_images\WATCH\3.PATEK PHILIPPE\11.23\已整理\6.PATEK PHILIPPE NAUTILUS VERSION DIAMOND CARBON COATED CASE WATCH 5711A\附图\5711A-1.jpg,cvs\new_watermark.png
dummy_images\WATCH\3.PATEK PHILIPPE\11.23\原图\6.PATEK PHILIPPE NAUTILUS VERSION DIAMOND CARBON COATED CASE WATCH 5711A\附图\5711A-2.jpg,196,watch,,dummy_images\WATCH\3.PATEK PHILIPPE\11.23\已整理\6.PATEK PHILIPPE NAUTILUS VERSION DIAMOND CARBON COATED CASE WATCH 5711A\附图\5711A-2.jpg,cvs\new_watermark.png
dummy_images\WATCH\3.PATEK PHILIPPE\11.23\原图\6.PATEK PHILIPPE NAUTILUS VERSION DIAMOND CARBON COATED CASE WATCH 5711A\附图\5711A-3.jpg,196,watch,,dummy_images\WATCH\3.PATEK PHILIPPE\11.23\已整理\6.PATEK PHILIPPE NAUTILUS VERSION DIAMOND CARBON COATED CASE WATCH 5711A\附图\5711A-3.jpg,cvs\new_watermark.png
dummy_images\WATCH\3.PATEK PHILIPPE\11.23\原图\7.PATEK PHILIPPE AQUANAUT‘BLACK VENOM’BLACK DIAL ON RED RUBBER STRAP WATCH 5167A\主图\5167A.jpg,197,watch,,,cvs\new_watermark.png
dummy_images\WATCH\3.PATEK PHILIPPE\11.23\原图\7.PATEK PHILIPPE AQUANAUT‘BLACK VENOM’BLACK DIAL ON RED RUBBER STRAP WATCH 5167A\附图\5167A-1.jpg,197,watch,,dummy_images\WATCH\3.PATEK PHILIPPE\11.23\已整理\7.PATEK PHILIPPE AQUANAUT‘BLACK VENOM’BLACK DIAL ON RED RUBBER STRAP WATCH 5167A\附图\5167A-1.jpg,cvs\new_watermark.png
dummy_images\WATCH\3.PATEK PHILIPPE\11.23\原图\7.PATEK PHILIPPE AQUANAUT‘BLACK VENOM’BLACK DIAL ON RED RUBBER STRAP WATCH 5167A\附图\5167A-2.jpg,197,watch,,dummy_images\WATCH\3.PATEK PHILIPPE\11.23\已整理\7.PATEK PHILIPPE AQUANAUT‘BLACK VENOM’BLACK DIAL ON RED RUBBER STRAP WATCH 5167A\附图\5167A-2.jpg,cvs\new_watermark.png
dummy_images\WATCH\3.PATEK PHILIPPE\11.23\原图\7.PATEK PHILIPPE AQUANAUT‘BLACK VENOM’BLACK DIAL ON RED RUBBER STRAP WATCH 5167A\附图\5167A-3.jpg,197,watch,,dummy_images\WATCH\3.PATEK PHILIPPE\11.23\已整理\7.PATEK PHILIPPE AQUANAUT‘BLACK VENOM’BLACK DIAL ON RED RUBBER STRAP WATCH 5167A\附图\5167A-3.jpg,cvs\new_watermark.png
dummy_images\WATCH\3.PATEK PHILIPPE\11.23\原图\8.PATEK PHILIPPE CALATRAVA WATCH 6007A-001\主图\6007A-001.jpg,198,watch,,,cvs\new_watermark.png
dummy_images\WATCH\3.PATEK PHILIPPE\11.23\原图\8.PATEK PHILIPPE CALATRAVA WATCH 6007A-001\附图\6007A-001-1.jpg,198,watch,,dummy_images\WATCH\3.PATEK PHILIPPE\11.23\已整理\8.PATEK PHILIPPE CALATRAVA WATCH 6007A-001\附图\6007A-001-1.jpg,cvs\new_watermark.png
dummy_images\WATCH\3.PATEK PHILIPPE\11.23\原图\8.PATEK PHILIPPE CALATRAVA WATCH 6007A-001\附图\6007A-001-2.jpg,198,watch,,dummy_images\WATCH\3.PATEK PHILIPPE\11.23\已整理\8.PATEK PHILIPPE CALATRAVA WATCH 6007A-001\附图\6007A-001-2.jpg,cvs\new_watermark.png
dummy_images\WATCH\3.PATEK PHILIPPE\11.23\原图\8.PATEK PHILIPPE CALATRAVA WATCH 6007A-001\附图\6007A-001-3.jpg,198,watch,,dummy_images\WATCH\3.PATEK PHILIPPE\11.23\已整理\8.PATEK PHILIPPE CALATRAVA WATCH 6007A-001\附图\6007A-001-3.jpg,cvs\new_watermark.png
dummy_images\WATCH\3.PATEK PHILIPPE\11.23\原图\10.PATEK PHILIPPE AQUANAUT WATCH 5167A-010\主图\5167A-010.png,199,watch,,,cvs\new_watermark.png
dummy_images\WATCH\3.PATEK PHILIPPE\11.23\原图\10.PATEK PHILIPPE AQUANAUT WATCH 5167A-010\附图\5167A-010-1.jpg,199,watch,,dummy_images\WATCH\3.PATEK PHILIPPE\11.23\已整理\10.PATEK PHILIPPE AQUANAUT WATCH 5167A-010\附图\5167A-010-1.jpg,cvs\new_watermark.png
dummy_images\WATCH\3.PATEK PHILIPPE\11.23\原图\10.PATEK PHILIPPE AQUANAUT WATCH 5167A-010\附图\5167A-010-2.jpg,199,watch,,dummy_images\WATCH\3.PATEK PHILIPPE\11.23\已整理\10.PATEK PHILIPPE AQUANAUT WATCH 5167A-010\附图\5167A-010-2.jpg,cvs\new_watermark.png
dummy_images\WATCH\3.PATEK PHILIPPE\11.23\原图\10.PATEK PHILIPPE AQUANAUT WATCH 5167A-010\附图\5167A-010-3.jpg,199,watch,,dummy_images\WATCH\3.PATEK PHILIPPE\11.23\已整理\10.PATEK PHILIPPE AQUANAUT WATCH 5167A-010\附图\5167A-010-3.jpg,cvs\new_watermark.png
dummy_images\WATCH\3.PATEK PHILIPPE\11.23\原图\11.PATEK PHILIPPE NAUTILUS WATCH 5711-1A-014\主图\5711-1A-014.jpg,200,watch,,,cvs\new_watermark.png
dummy_images\WATCH\3.PATEK PHILIPPE\11.23\原图\11.PATEK PHILIPPE NAUTILUS WATCH 5711-1A-014\附图\5711-1A-014-1.jpg,200,watch,,dummy_images\WATCH\3.PATEK PHILIPPE\11.23\已整理\11.水印PATEK PHILIPPE NAUTILUS WATCH 5711-1A-014\附图\5711-1A-014-1.jpg,cvs\new_watermark.png
dummy_images\WATCH\3.PATEK PHILIPPE\11.23\原图\11.PATEK PHILIPPE NAUTILUS WATCH 5711-1A-014\附图\5711-1A-014-2.jpg,200,watch,,dummy_images\WATCH\3.PATEK PHILIPPE\11.23\已整理\11.水印PATEK PHILIPPE NAUTILUS WATCH 5711-1A-014\附图\5711-1A-014-2.jpg,cvs\new_watermark.png
dummy_images\WATCH\3.PATEK PHILIPPE\11.23\原图\11.PATEK PHILIPPE NAUTILUS WATCH 5711-1A-014\附图\5711-1A-014-3.jpg,200,watch,,dummy_images\WATCH\3.PATEK PHILIPPE\11.23\已整理\11.水印PATEK PHILIPPE NAUTILUS WATCH 5711-1A-014\附图\5711-1A-014-3.jpg,cvs\new_watermark.png
dummy_images\WATCH\3.PATEK PHILIPPE\11.23\原图\11.PATEK PHILIPPE NAUTILUS WATCH 5711-1A-014\附图\5711-1A-014-4.jpg,200,watch,,dummy_images\WATCH\3.PATEK PHILIPPE\11.23\已整理\11.水印PATEK PHILIPPE NAUTILUS WATCH 5711-1A-014\附图\5711-1A-014-4.jpg,cvs\new_watermark.png
dummy_images\WATCH\3.PATEK PHILIPPE\11.23\原图\19.PATEK PHILIPPE NAUTILUS 'LADIES' AUTOMATIC ROSE GOLD SILVERY OPALINE DIAL WATCH 7118-1R-001\主图\7118-1R-001.jpg,201,watch,,,cvs\new_watermark.png
dummy_images\WATCH\3.PATEK PHILIPPE\11.23\原图\19.PATEK PHILIPPE NAUTILUS 'LADIES' AUTOMATIC ROSE GOLD SILVERY OPALINE DIAL WATCH 7118-1R-001\附图\7118-1R-001-1.jpg,201,watch,,dummy_images\WATCH\3.PATEK PHILIPPE\11.23\已整理\19.PATEK PHILIPPE NAUTILUS 'LADIES' AUTOMATIC ROSE GOLD SILVERY OPALINE DIAL WATCH 7118-1R-001\附图\7118-1R-001-1.jpg,cvs\new_watermark.png
dummy_images\WATCH\3.PATEK PHILIPPE\11.23\原图\19.PATEK PHILIPPE NAUTILUS 'LADIES' AUTOMATIC ROSE GOLD SILVERY OPALINE DIAL WATCH 7118-1R-001\附图\7118-1R-001-2.jpg,201,watch,,dummy_images\WATCH\3.PATEK PHILIPPE\11.23\已整理\19.PATEK PHILIPPE NAUTILUS 'LADIES' AUTOMATIC ROSE GOLD SILVERY OPALINE DIAL WATCH 7118-1R-001\附图\7118-1R-001-2.jpg,cvs\new_watermark.png
dummy_images\WATCH\3.PATEK PHILIPPE\11.23\原图\19.PATEK PHILIPPE NAUTILUS 'LADIES' AUTOMATIC ROSE GOLD SILVERY OPALINE DIAL WATCH 7118-1R-001\附图\7118-1R-001-3.jpg,201,watch,,dummy_images\WATCH\3.PATEK PHILIPPE\11.23\已整理\19.PATEK PHILIPPE NAUTILUS 'LADIES' AUTOMATIC ROSE GOLD SILVERY OPALINE DIAL WATCH 7118-1R-001\附图\7118-1R-001-3.jpg,cvs\new_watermark.png
dummy_images\WATCH\3.PATEK PHILIPPE\11.23\原图\23.PATEK PHILIPPE CALATRAVA WHITE GOLD 39MM WATCH 5227G-010\主图\5227G-010.jpg,203,watch,,,cvs\new_watermark.png
dummy_images\WATCH\3.PATEK PHILIPPE\11.23\原图\23.PATEK PHILIPPE CALATRAVA WHITE GOLD 39MM WATCH 5227G-010\附图\5227G-010-1.jpg,203,watch,,dummy_images\WATCH\3.PATEK PHILIPPE\11.23\已整理\23.PATEK PHILIPPE CALATRAVA WHITE GOLD 39MM WATCH 5227G-010\附图\5227G-010-1.jpg,cvs\new_watermark.png
dummy_images\WATCH\3.PATEK PHILIPPE\11.23\原图\23.PATEK PHILIPPE CALATRAVA WHITE GOLD 39MM WATCH 5227G-010\附图\5227G-010-2.jpg,203,watch,,dummy_images\WATCH\3.PATEK PHILIPPE\11.23\已整理\23.PATEK PHILIPPE CALATRAVA WHITE GOLD 39MM WATCH 5227G-010\附图\5227G-010-2.jpg,cvs\new_watermark.png
dummy_images\WATCH\3.PATEK PHILIPPE\11.23\原图\23.PATEK PHILIPPE CALATRAVA WHITE GOLD 39MM WATCH 5227G-010\附图\5227G-010-3.jpg,203,watch,,dummy_images\WATCH\3.PATEK PHILIPPE\11.23\已整理\23.PATEK PHILIPPE CALATRAVA WHITE GOLD 39MM WATCH 5227G-010\附图\5227G-010-3.jpg,cvs\new_watermark.png
dummy_images\WATCH\3.PATEK PHILIPPE\11.23\原图\24.PATEK PHILIPPE AQUANAUT WATCH 5165A -001\主图\5165A -001.jpeg,204,watch,,,cvs\new_watermark.png
dummy_images\WATCH\3.PATEK PHILIPPE\11.23\原图\24.PATEK PHILIPPE AQUANAUT WATCH 5165A -001\附图\5165A -001-1.jpeg,204,watch,,,cvs\new_watermark.png
dummy_images\WATCH\3.PATEK PHILIPPE\11.23\原图\24.PATEK PHILIPPE AQUANAUT WATCH 5165A -001\附图\5165A -001-2.jpeg,204,watch,,dummy_images\WATCH\3.PATEK PHILIPPE\11.23\已整理\24.PATEK PHILIPPE AQUANAUT WATCH 5165A -001\附图\5165A -001-2.jpeg,cvs\new_watermark.png
dummy_images\WATCH\3.PATEK PHILIPPE\11.23\原图\24.PATEK PHILIPPE AQUANAUT WATCH 5165A -001\附图\5165A -001-3.jpeg,204,watch,,dummy_images\WATCH\3.PATEK PHILIPPE\11.23\已整理\24.PATEK PHILIPPE AQUANAUT WATCH 5165A -001\附图\5165A -001-3.jpeg,cvs\new_watermark.png
dummy_images\WATCH\3.PATEK PHILIPPE\11.23\原图\26.PATEK PHILIPPE CALATRAVA SELF-WINDING WATCH 5226G\主图\5226G.jpg,205,watch,,,cvs\new_watermark.png
dummy_images\WATCH\3.PATEK PHILIPPE\11.23\原图\26.PATEK PHILIPPE CALATRAVA SELF-WINDING WATCH 5226G\附图\5226G-1.jpg,205,watch,,dummy_images\WATCH\3.PATEK PHILIPPE\11.23\已整理\26.水印PATEK PHILIPPE CALATRAVA SELF-WINDING WATCH 5226G\附图\5226G-1.jpg,cvs\new_watermark.png
dummy_images\WATCH\3.PATEK PHILIPPE\11.23\原图\26.PATEK PHILIPPE CALATRAVA SELF-WINDING WATCH 5226G\附图\5226G-2.jpg,205,watch,,dummy_images\WATCH\3.PATEK PHILIPPE\11.23\已整理\26.水印PATEK PHILIPPE CALATRAVA SELF-WINDING WATCH 5226G\附图\5226G-2.jpg,cvs\new_watermark.png
dummy_images\WATCH\3.PATEK PHILIPPE\11.23\原图\26.PATEK PHILIPPE CALATRAVA SELF-WINDING WATCH 5226G\附图\5226G-3.jpg,205,watch,,dummy_images\WATCH\3.PATEK PHILIPPE\11.23\已整理\26.水印PATEK PHILIPPE CALATRAVA SELF-WINDING WATCH 5226G\附图\5226G-3.jpg,cvs\new_watermark.png
dummy_images\WATCH\3.PATEK PHILIPPE\11.23\原图\27.PATEK PHILIPPE CALATRAVA WATCH 5227G-001\主图\5227G-001.jpg,206,watch,,,cvs\new_watermark.png
dummy_images\WATCH\3.PATEK PHILIPPE\11.23\原图\27.PATEK PHILIPPE CALATRAVA WATCH 5227G-001\附图\5227G-001-1.jpg,206,watch,,dummy_images\WATCH\3.PATEK PHILIPPE\11.23\已整理\27.PATEK PHILIPPE CALATRAVA WATCH 5227G-001\附图\5227G-001-1.jpg,cvs\new_watermark.png
dummy_images\WATCH\3.PATEK PHILIPPE\11.23\原图\27.PATEK PHILIPPE CALATRAVA WATCH 5227G-001\附图\5227G-001-2.jpg,206,watch,,dummy_images\WATCH\3.PATEK PHILIPPE\11.23\已整理\27.PATEK PHILIPPE CALATRAVA WATCH 5227G-001\附图\5227G-001-2.jpg,cvs\new_watermark.png
dummy_images\WATCH\3.PATEK PHILIPPE\11.23\原图\27.PATEK PHILIPPE CALATRAVA WATCH 5227G-001\附图\5227G-001-3.jpg,206,watch,,dummy_images\WATCH\3.PATEK PHILIPPE\11.23\已整理\27.PATEK PHILIPPE CALATRAVA WATCH 5227G-001\附图\5227G-001-3.jpg,cvs\new_watermark.png
dummy_images\WATCH\3.PATEK PHILIPPE\11.23\原图\29.PATEK PHILIPPE STARRY SKY GREEN FACE WATCH 5102R\主图\5102R.jpg,207,watch,,,cvs\new_watermark.png
dummy_images\WATCH\3.PATEK PHILIPPE\11.23\原图\29.PATEK PHILIPPE STARRY SKY GREEN FACE WATCH 5102R\附图\5102R-1.jpeg,207,watch,,,cvs\new_watermark.png
dummy_images\WATCH\3.PATEK PHILIPPE\11.23\原图\29.PATEK PHILIPPE STARRY SKY GREEN FACE WATCH 5102R\附图\5102R-2.jpeg,207,watch,,dummy_images\WATCH\3.PATEK PHILIPPE\11.23\已整理\29.附图PATEK PHILIPPE STARRY SKY GREEN FACE WATCH 5102R\附图\5102R-2.jpeg,cvs\new_watermark.png
dummy_images\WATCH\3.PATEK PHILIPPE\11.23\原图\29.PATEK PHILIPPE STARRY SKY GREEN FACE WATCH 5102R\附图\5102R-3.jpeg,207,watch,,dummy_images\WATCH\3.PATEK PHILIPPE\11.23\已整理\29.附图PATEK PHILIPPE STARRY SKY GREEN FACE WATCH 5102R\附图\5102R-3.jpeg,cvs\new_watermark.png
dummy_images\WATCH\3.PATEK PHILIPPE\11.25\原图\4.PATEK PHILIPPE NAUTILUS BLACK DIAL MEN'S WATCH 5726-1A-001\主图\5726-1A-001.jpg,222,watch,,,cvs\new_watermark.png
dummy_images\WATCH\3.PATEK PHILIPPE\11.25\原图\4.PATEK PHILIPPE NAUTILUS BLACK DIAL MEN'S WATCH 5726-1A-001\附图\5726-1A-001-1.jpg,222,watch,,dummy_images\WATCH\3.PATEK PHILIPPE\11.25\已整理\4.PATEK PHILIPPE NAUTILUS BLACK DIAL MEN'S WATCH 5726-1A-001\附图\5726-1A-001-1.jpg,cvs\new_watermark.png
dummy_images\WATCH\3.PATEK PHILIPPE\11.25\原图\4.PATEK PHILIPPE NAUTILUS BLACK DIAL MEN'S WATCH 5726-1A-001\附图\5726-1A-001-2.jpg,222,watch,,dummy_images\WATCH\3.PATEK PHILIPPE\11.25\已整理\4.PATEK PHILIPPE NAUTILUS BLACK DIAL MEN'S WATCH 5726-1A-001\附图\5726-1A-001-2.jpg,cvs\new_watermark.png
dummy_images\WATCH\3.PATEK PHILIPPE\11.25\原图\4.PATEK PHILIPPE NAUTILUS BLACK DIAL MEN'S WATCH 5726-1A-001\附图\5726-1A-001-3.jpg,222,watch,,dummy_images\WATCH\3.PATEK PHILIPPE\11.25\已整理\4.PATEK PHILIPPE NAUTILUS BLACK DIAL MEN'S WATCH 5726-1A-001\附图\5726-1A-001-3.jpg,cvs\new_watermark.png
dummy_images\WATCH\3.PATEK PHILIPPE\11.25\原图\7...PATEK PHILIPPE AQUANAUT LUCE AUTOMATIC DIAMOND BROWN DIAL LADIES WATCH 5068R-001\主图\5068R-001.jpg,223,watch,,,cvs\new_watermark.png
dummy_images\WATCH\3.PATEK PHILIPPE\11.25\原图\7...PATEK PHILIPPE AQUANAUT LUCE AUTOMATIC DIAMOND BROWN DIAL LADIES WATCH 5068R-001\附图\5068R-001-1.jpg,223,watch,,dummy_images\WATCH\3.PATEK PHILIPPE\11.25\已整理\7...PATEK PHILIPPE AQUANAUT LUCE AUTOMATIC DIAMOND BROWN DIAL LADIES WATCH 5068R-001\附图\5068R-001-1.jpg,cvs\new_watermark.png
dummy_images\WATCH\3.PATEK PHILIPPE\11.25\原图\7...PATEK PHILIPPE AQUANAUT LUCE AUTOMATIC DIAMOND BROWN DIAL LADIES WATCH 5068R-001\附图\5068R-001-2.jpg,223,watch,,dummy_images\WATCH\3.PATEK PHILIPPE\11.25\已整理\7...PATEK PHILIPPE AQUANAUT LUCE AUTOMATIC DIAMOND BROWN DIAL LADIES WATCH 5068R-001\附图\5068R-001-2.jpg,cvs\new_watermark.png
dummy_images\WATCH\3.PATEK PHILIPPE\11.25\原图\7...PATEK PHILIPPE AQUANAUT LUCE AUTOMATIC DIAMOND BROWN DIAL LADIES WATCH 5068R-001\附图\5068R-001-3.jpg,223,watch,,dummy_images\WATCH\3.PATEK PHILIPPE\11.25\已整理\7...PATEK PHILIPPE AQUANAUT LUCE AUTOMATIC DIAMOND BROWN DIAL LADIES WATCH 5068R-001\附图\5068R-001-3.jpg,cvs\new_watermark.png
dummy_images\WATCH\3.PATEK PHILIPPE\11.25\原图\7...PATEK PHILIPPE AQUANAUT LUCE AUTOMATIC DIAMOND BROWN DIAL LADIES WATCH 5068R-001\附图\5068R-001-4.jpg,223,watch,,dummy_images\WATCH\3.PATEK PHILIPPE\11.25\已整理\7...PATEK PHILIPPE AQUANAUT LUCE AUTOMATIC DIAMOND BROWN DIAL LADIES WATCH 5068R-001\附图\5068R-001-4.jpg,cvs\new_watermark.png
dummy_images\WATCH\3.PATEK PHILIPPE\11.25\原图\8.PATEK PHILIPPE AQUANAUT 18CT WHITE GOLD BLUE MOP WATCH 5072G-001\主图\5072G-001.jpg,224,watch,,,cvs\new_watermark.png
dummy_images\WATCH\3.PATEK PHILIPPE\11.25\原图\8.PATEK PHILIPPE AQUANAUT 18CT WHITE GOLD BLUE MOP WATCH 5072G-001\附图\5072G-001-1.jpg,224,watch,,dummy_images\WATCH\3.PATEK PHILIPPE\11.25\已整理\8.PATEK PHILIPPE AQUANAUT 18CT WHITE GOLD BLUE MOP WATCH 5072G-001\附图\5072G-001-1.jpg,cvs\new_watermark.png
dummy_images\WATCH\3.PATEK PHILIPPE\11.25\原图\8.PATEK PHILIPPE AQUANAUT 18CT WHITE GOLD BLUE MOP WATCH 5072G-001\附图\5072G-001-2.jpg,224,watch,,dummy_images\WATCH\3.PATEK PHILIPPE\11.25\已整理\8.PATEK PHILIPPE AQUANAUT 18CT WHITE GOLD BLUE MOP WATCH 5072G-001\附图\5072G-001-2.jpg,cvs\new_watermark.png
dummy_images\WATCH\3.PATEK PHILIPPE\11.25\原图\8.PATEK PHILIPPE AQUANAUT 18CT WHITE GOLD BLUE MOP WATCH 5072G-001\附图\5072G-001-3.jpg,224,watch,,dummy_images\WATCH\3.PATEK PHILIPPE\11.25\已整理\8.PATEK PHILIPPE AQUANAUT 18CT WHITE GOLD BLUE MOP WATCH 5072G-001\附图\5072G-001-3.jpg,cvs\new_watermark.png
dummy_images\WATCH\3.PATEK PHILIPPE\11.25\原图\9.PATEK PHILIPPE AQUANAUT LUCE 'HAUTE JOAILLERIE' ROSE GOLD DIAMOND DIAL WATCH 5072R-001\主图\5072R-001.jpg,225,watch,,,cvs\new_watermark.png
dummy_images\WATCH\3.PATEK PHILIPPE\11.25\原图\9.PATEK PHILIPPE AQUANAUT LUCE 'HAUTE JOAILLERIE' ROSE GOLD DIAMOND DIAL WATCH 5072R-001\附图\5072R-001-1.jpg,225,watch,,dummy_images\WATCH\3.PATEK PHILIPPE\11.25\已整理\9.PATEK PHILIPPE AQUANAUT LUCE 'HAUTE JOAILLERIE' ROSE GOLD DIAMOND DIAL WATCH 5072R-001\附图\5072R-001-1.jpg,cvs\new_watermark.png
dummy_images\WATCH\3.PATEK PHILIPPE\11.25\原图\9.PATEK PHILIPPE AQUANAUT LUCE 'HAUTE JOAILLERIE' ROSE GOLD DIAMOND DIAL WATCH 5072R-001\附图\5072R-001-2.jpg,225,watch,,dummy_images\WATCH\3.PATEK PHILIPPE\11.25\已整理\9.PATEK PHILIPPE AQUANAUT LUCE 'HAUTE JOAILLERIE' ROSE GOLD DIAMOND DIAL WATCH 5072R-001\附图\5072R-001-2.jpg,cvs\new_watermark.png
dummy_images\WATCH\3.PATEK PHILIPPE\11.25\原图\9.PATEK PHILIPPE AQUANAUT LUCE 'HAUTE JOAILLERIE' ROSE GOLD DIAMOND DIAL WATCH 5072R-001\附图\5072R-001-3.jpg,225,watch,,dummy_images\WATCH\3.PATEK PHILIPPE\11.25\已整理\9.PATEK PHILIPPE AQUANAUT LUCE 'HAUTE JOAILLERIE' ROSE GOLD DIAMOND DIAL WATCH 5072R-001\附图\5072R-001-3.jpg,cvs\new_watermark.png
dummy_images\WATCH\3.PATEK PHILIPPE\11.25\原图\11.PATEK PHILIPPE ROSE GOLD BLACK DIAL ICED OUT WATCH 5711-1A-018\主图\5711-1A-018.jpg,226,watch,,,cvs\new_watermark.png
dummy_images\WATCH\3.PATEK PHILIPPE\11.25\原图\11.PATEK PHILIPPE ROSE GOLD BLACK DIAL ICED OUT WATCH 5711-1A-018\附图\5711-1A-018-1.jpg,226,watch,,dummy_images\WATCH\3.PATEK PHILIPPE\11.25\已整理\11.PATEK PHILIPPE ROSE GOLD BLACK DIAL ICED OUT WATCH 5711-1A-018\附图\5711-1A-018-1.jpg,cvs\new_watermark.png
dummy_images\WATCH\3.PATEK PHILIPPE\11.25\原图\11.PATEK PHILIPPE ROSE GOLD BLACK DIAL ICED OUT WATCH 5711-1A-018\附图\5711-1A-018-2.jpg,226,watch,,dummy_images\WATCH\3.PATEK PHILIPPE\11.25\已整理\11.PATEK PHILIPPE ROSE GOLD BLACK DIAL ICED OUT WATCH 5711-1A-018\附图\5711-1A-018-2.jpg,cvs\new_watermark.png
dummy_images\WATCH\3.PATEK PHILIPPE\11.25\原图\11.PATEK PHILIPPE ROSE GOLD BLACK DIAL ICED OUT WATCH 5711-1A-018\附图\5711-1A-018-3.jpg,226,watch,,dummy_images\WATCH\3.PATEK PHILIPPE\11.25\已整理\11.PATEK PHILIPPE ROSE GOLD BLACK DIAL ICED OUT WATCH 5711-1A-018\附图\5711-1A-018-3.jpg,cvs\new_watermark.png
dummy_images\WATCH\3.PATEK PHILIPPE\11.25\原图\11.PATEK PHILIPPE ROSE GOLD BLACK DIAL ICED OUT WATCH 5711-1A-018\附图\5711-1A-018-4.jpg,226,watch,,dummy_images\WATCH\3.PATEK PHILIPPE\11.25\已整理\11.PATEK PHILIPPE ROSE GOLD BLACK DIAL ICED OUT WATCH 5711-1A-018\附图\5711-1A-018-4.jpg,cvs\new_watermark.png
dummy_images\WATCH\3.PATEK PHILIPPE\11.25\原图\11.PATEK PHILIPPE ROSE GOLD BLACK DIAL ICED OUT WATCH 5711-1A-018\附图\10007.jpg,226,watch,,dummy_images\WATCH\3.PATEK PHILIPPE\11.25\已整理\11.PATEK PHILIPPE ROSE GOLD BLACK DIAL ICED OUT WATCH 5711-1A-018\附图\10007.jpg,cvs\new_watermark.png
dummy_images\WATCH\3.PATEK PHILIPPE\11.25\原图\12.PATEK PHILIPPE AUTOMATIC BLUE DIAL TWENTY~4 (7300-1200A)\主图\7300TWENTY~4.jpg,227,watch,,,cvs\new_watermark.png
dummy_images\WATCH\3.PATEK PHILIPPE\11.25\原图\12.PATEK PHILIPPE AUTOMATIC BLUE DIAL TWENTY~4 (7300-1200A)\附图\7300TWENTY~4-1.jpg,227,watch,,dummy_images\WATCH\3.PATEK PHILIPPE\11.25\已整理\12.PATEK PHILIPPE AUTOMATIC BLUE DIAL TWENTY~4 (7300-1200A)\附图\7300TWENTY~4-1.jpg,cvs\new_watermark.png
dummy_images\WATCH\3.PATEK PHILIPPE\11.25\原图\12.PATEK PHILIPPE AUTOMATIC BLUE DIAL TWENTY~4 (7300-1200A)\附图\7300TWENTY~4-2.jpg,227,watch,,dummy_images\WATCH\3.PATEK PHILIPPE\11.25\已整理\12.PATEK PHILIPPE AUTOMATIC BLUE DIAL TWENTY~4 (7300-1200A)\附图\7300TWENTY~4-2.jpg,cvs\new_watermark.png
dummy_images\WATCH\3.PATEK PHILIPPE\11.25\原图\12.PATEK PHILIPPE AUTOMATIC BLUE DIAL TWENTY~4 (7300-1200A)\附图\7300TWENTY~4-3.jpg,227,watch,,dummy_images\WATCH\3.PATEK PHILIPPE\11.25\已整理\12.PATEK PHILIPPE AUTOMATIC BLUE DIAL TWENTY~4 (7300-1200A)\附图\7300TWENTY~4-3.jpg,cvs\new_watermark.png
dummy_images\WATCH\3.PATEK PHILIPPE\11.25\原图\12.PATEK PHILIPPE AUTOMATIC BLUE DIAL TWENTY~4 (7300-1200A)\附图\7300TWENTY~4-4.jpg,227,watch,,dummy_images\WATCH\3.PATEK PHILIPPE\11.25\已整理\12.PATEK PHILIPPE AUTOMATIC BLUE DIAL TWENTY~4 (7300-1200A)\附图\7300TWENTY~4-4.jpg,cvs\new_watermark.png
dummy_images\WATCH\3.PATEK PHILIPPE\11.25\原图\13.PATEK PHILIPPE AUTOMATIC GRAY DIAL WATCH TWENTY~4 (7300-1200A)\主图\TWENTY~4 (7300-1200A).jpg,228,watch,,,cvs\new_watermark.png
dummy_images\WATCH\3.PATEK PHILIPPE\11.25\原图\13.PATEK PHILIPPE AUTOMATIC GRAY DIAL WATCH TWENTY~4 (7300-1200A)\附图\TWENTY~4 (7300-1200A)-1.jpg,228,watch,,dummy_images\WATCH\3.PATEK PHILIPPE\11.25\已整理\13.PATEK PHILIPPE AUTOMATIC GRAY DIAL WATCH TWENTY~4 (7300-1200A)\附图\TWENTY~4 (7300-1200A)-1.jpg,cvs\new_watermark.png
dummy_images\WATCH\3.PATEK PHILIPPE\11.25\原图\13.PATEK PHILIPPE AUTOMATIC GRAY DIAL WATCH TWENTY~4 (7300-1200A)\附图\TWENTY~4 (7300-1200A)-2.jpg,228,watch,,dummy_images\WATCH\3.PATEK PHILIPPE\11.25\已整理\13.PATEK PHILIPPE AUTOMATIC GRAY DIAL WATCH TWENTY~4 (7300-1200A)\附图\TWENTY~4 (7300-1200A)-2.jpg,cvs\new_watermark.png
dummy_images\WATCH\3.PATEK PHILIPPE\11.25\原图\13.PATEK PHILIPPE AUTOMATIC GRAY DIAL WATCH TWENTY~4 (7300-1200A)\附图\TWENTY~4 (7300-1200A)-3.jpg,228,watch,,dummy_images\WATCH\3.PATEK PHILIPPE\11.25\已整理\13.PATEK PHILIPPE AUTOMATIC GRAY DIAL WATCH TWENTY~4 (7300-1200A)\附图\TWENTY~4 (7300-1200A)-3.jpg,cvs\new_watermark.png
dummy_images\WATCH\3.PATEK PHILIPPE\11.25\原图\14.PATEK PHILLIPE GREEN DIAL WATCH TWENTY~4 (7300-1200A)\主图\TWENTY~4 (7300-1200A).png.jpg,229,watch,,,cvs\new_watermark.png
dummy_images\WATCH\3.PATEK PHILIPPE\11.25\原图\14.PATEK PHILLIPE GREEN DIAL WATCH TWENTY~4 (7300-1200A)\附图\1TWENTY~4 (7300-1200A)-1.jpg,229,watch,,dummy_images\WATCH\3.PATEK PHILIPPE\11.25\已整理\14.PATEK PHILLIPE GREEN DIAL WATCH TWENTY~4 (7300-1200A)\附图\1TWENTY~4 (7300-1200A)-1.jpg,cvs\new_watermark.png
dummy_images\WATCH\3.PATEK PHILIPPE\11.25\原图\14.PATEK PHILLIPE GREEN DIAL WATCH TWENTY~4 (7300-1200A)\附图\1TWENTY~4 (7300-1200A)-2.jpg,229,watch,,dummy_images\WATCH\3.PATEK PHILIPPE\11.25\已整理\14.PATEK PHILLIPE GREEN DIAL WATCH TWENTY~4 (7300-1200A)\附图\1TWENTY~4 (7300-1200A)-2.jpg,cvs\new_watermark.png
dummy_images\WATCH\3.PATEK PHILIPPE\11.25\原图\14.PATEK PHILLIPE GREEN DIAL WATCH TWENTY~4 (7300-1200A)\附图\1TWENTY~4 (7300-1200A)-3.jpg,229,watch,,dummy_images\WATCH\3.PATEK PHILIPPE\11.25\已整理\14.PATEK PHILLIPE GREEN DIAL WATCH TWENTY~4 (7300-1200A)\附图\1TWENTY~4 (7300-1200A)-3.jpg,cvs\new_watermark.png
dummy_images\WATCH\3.PATEK PHILIPPE\11.25\原图\14.PATEK PHILLIPE GREEN DIAL WATCH TWENTY~4 (7300-1200A)\附图\1TWENTY~4 (7300-1200A)-4.jpg,229,watch,,dummy_images\WATCH\3.PATEK PHILIPPE\11.25\已整理\14.PATEK PHILLIPE GREEN DIAL WATCH TWENTY~4 (7300-1200A)\附图\1TWENTY~4 (7300-1200A)-4.jpg,cvs\new_watermark.png
dummy_images\WATCH\3.PATEK PHILIPPE\11.25\原图\14.PATEK PHILLIPE GREEN DIAL WATCH TWENTY~4 (7300-1200A)\附图\1TWENTY~4 (7300-1200A)-5.jpg,229,watch,,dummy_images\WATCH\3.PATEK PHILIPPE\11.25\已整理\14.PATEK PHILLIPE GREEN DIAL WATCH TWENTY~4 (7300-1200A)\附图\1TWENTY~4 (7300-1200A)-5.jpg,cvs\new_watermark.png
dummy_images\WATCH\3.PATEK PHILIPPE\11.25\原图\15.PATEK PHILLIPE SAPPHIRE CRYSTAL AUTOMATIC WATCH 5740-1G-001\主图\5740-1G-001.jpg,230,watch,,,cvs\new_watermark.png
dummy_images\WATCH\3.PATEK PHILIPPE\11.25\原图\15.PATEK PHILLIPE SAPPHIRE CRYSTAL AUTOMATIC WATCH 5740-1G-001\附图\5740-1G-001-1.jpg,230,watch,,dummy_images\WATCH\3.PATEK PHILIPPE\11.25\已整理\15.PATEK PHILLIPE SAPPHIRE CRYSTAL AUTOMATIC WATCH 5740-1G-001\附图\5740-1G-001-1.jpg,cvs\new_watermark.png
dummy_images\WATCH\3.PATEK PHILIPPE\11.25\原图\15.PATEK PHILLIPE SAPPHIRE CRYSTAL AUTOMATIC WATCH 5740-1G-001\附图\5740-1G-001-2.jpg,230,watch,,dummy_images\WATCH\3.PATEK PHILIPPE\11.25\已整理\15.PATEK PHILLIPE SAPPHIRE CRYSTAL AUTOMATIC WATCH 5740-1G-001\附图\5740-1G-001-2.jpg,cvs\new_watermark.png
dummy_images\WATCH\3.PATEK PHILIPPE\11.25\原图\15.PATEK PHILLIPE SAPPHIRE CRYSTAL AUTOMATIC WATCH 5740-1G-001\附图\5740-1G-001-3.jpg,230,watch,,dummy_images\WATCH\3.PATEK PHILIPPE\11.25\已整理\15.PATEK PHILLIPE SAPPHIRE CRYSTAL AUTOMATIC WATCH 5740-1G-001\附图\5740-1G-001-3.jpg,cvs\new_watermark.png
dummy_images\WATCH\3.PATEK PHILIPPE\11.25\原图\16...PATEK PHILLIPE NAUTILUS GREY DIAL WITH DIAMOND BEZEL IN STEEL WATCH 5740-1G-001\主图\5740-1G-001.jpg,231,watch,,,cvs\new_watermark.png
dummy_images\WATCH\3.PATEK PHILIPPE\11.25\原图\16...PATEK PHILLIPE NAUTILUS GREY DIAL WITH DIAMOND BEZEL IN STEEL WATCH 5740-1G-001\附图\5740-1G-001-1.jpg,231,watch,,dummy_images\WATCH\3.PATEK PHILIPPE\11.25\已整理\16.PATEK PHILLIPE NAUTILUS GREY DIAL WITH DIAMOND BEZEL IN STEEL WATCH 5740-1G-001\附图\5740-1G-001-04.jpg,cvs\new_watermark.png
dummy_images\WATCH\3.PATEK PHILIPPE\11.25\原图\16...PATEK PHILLIPE NAUTILUS GREY DIAL WITH DIAMOND BEZEL IN STEEL WATCH 5740-1G-001\附图\5740-1G-001-2.jpg,231,watch,,dummy_images\WATCH\3.PATEK PHILIPPE\11.25\已整理\16.PATEK PHILLIPE NAUTILUS GREY DIAL WITH DIAMOND BEZEL IN STEEL WATCH 5740-1G-001\附图\5740-1G-001-1.jpg,cvs\new_watermark.png
dummy_images\WATCH\3.PATEK PHILIPPE\11.25\原图\16...PATEK PHILLIPE NAUTILUS GREY DIAL WITH DIAMOND BEZEL IN STEEL WATCH 5740-1G-001\附图\5740-1G-001-3.jpg,231,watch,,dummy_images\WATCH\3.PATEK PHILIPPE\11.25\已整理\16.PATEK PHILLIPE NAUTILUS GREY DIAL WITH DIAMOND BEZEL IN STEEL WATCH 5740-1G-001\附图\5740-1G-001-2.jpg,cvs\new_watermark.png
dummy_images\WATCH\3.PATEK PHILIPPE\11.25\原图\16...PATEK PHILLIPE NAUTILUS GREY DIAL WITH DIAMOND BEZEL IN STEEL WATCH 5740-1G-001\附图\5740-1G-001-04.jpg,231,watch,,dummy_images\WATCH\3.PATEK PHILIPPE\11.25\已整理\16.PATEK PHILLIPE NAUTILUS GREY DIAL WITH DIAMOND BEZEL IN STEEL WATCH 5740-1G-001\附图\5740-1G-001-3.jpg,cvs\new_watermark.png
dummy_images\WATCH\3.PATEK PHILIPPE\11.25\原图\16...PATEK PHILLIPE NAUTILUS GREY DIAL WITH DIAMOND BEZEL IN STEEL WATCH 5740-1G-001\附图\5740-1G-001-5.jpg,231,watch,,dummy_images\WATCH\3.PATEK PHILIPPE\11.25\已整理\16.PATEK PHILLIPE NAUTILUS GREY DIAL WITH DIAMOND BEZEL IN STEEL WATCH 5740-1G-001\附图\5740-1G-001-5.jpg,cvs\new_watermark.png
dummy_images\WATCH\3.PATEK PHILIPPE\11.25\原图\17...PATEK PHILIPPE NAUTILUS PLATINUM GREY DIAL RUBY BEZEL 5711-112P-001\主图\5711-112P-001.jpg,232,watch,,,cvs\new_watermark.png
dummy_images\WATCH\3.PATEK PHILIPPE\11.25\原图\17...PATEK PHILIPPE NAUTILUS PLATINUM GREY DIAL RUBY BEZEL 5711-112P-001\附图\5711-112P-001-1.jpg,232,watch,,dummy_images\WATCH\3.PATEK PHILIPPE\11.25\已整理\17...PATEK PHILIPPE NAUTILUS PLATINUM GREY DIAL RUBY BEZEL 5711-112P-001\附图\5711-112P-001-1.jpg,cvs\new_watermark.png
dummy_images\WATCH\3.PATEK PHILIPPE\11.25\原图\17...PATEK PHILIPPE NAUTILUS PLATINUM GREY DIAL RUBY BEZEL 5711-112P-001\附图\5711-112P-001-2.jpg,232,watch,,dummy_images\WATCH\3.PATEK PHILIPPE\11.25\已整理\17...PATEK PHILIPPE NAUTILUS PLATINUM GREY DIAL RUBY BEZEL 5711-112P-001\附图\5711-112P-001-2.jpg,cvs\new_watermark.png
dummy_images\WATCH\3.PATEK PHILIPPE\11.25\原图\17...PATEK PHILIPPE NAUTILUS PLATINUM GREY DIAL RUBY BEZEL 5711-112P-001\附图\5711-112P-001-3.jpg,232,watch,,dummy_images\WATCH\3.PATEK PHILIPPE\11.25\已整理\17...PATEK PHILIPPE NAUTILUS PLATINUM GREY DIAL RUBY BEZEL 5711-112P-001\附图\5711-112P-001-3.jpg,cvs\new_watermark.png
dummy_images\WATCH\3.PATEK PHILIPPE\11.25\原图\17...PATEK PHILIPPE NAUTILUS PLATINUM GREY DIAL RUBY BEZEL 5711-112P-001\附图\5711-112P-001-4.jpg,232,watch,,dummy_images\WATCH\3.PATEK PHILIPPE\11.25\已整理\17...PATEK PHILIPPE NAUTILUS PLATINUM GREY DIAL RUBY BEZEL 5711-112P-001\附图\5711-112P-001-4.jpg,cvs\new_watermark.png
dummy_images\WATCH\3.PATEK PHILIPPE\11.25\原图\17...PATEK PHILIPPE NAUTILUS PLATINUM GREY DIAL RUBY BEZEL 5711-112P-001\附图\5711-112P-001-5.jpg,232,watch,,dummy_images\WATCH\3.PATEK PHILIPPE\11.25\已整理\17...PATEK PHILIPPE NAUTILUS PLATINUM GREY DIAL RUBY BEZEL 5711-112P-001\附图\5711-112P-001-5.jpg,cvs\new_watermark.png
dummy_images\WATCH\3.PATEK PHILIPPE\11.25\原图\17...PATEK PHILIPPE NAUTILUS PLATINUM GREY DIAL RUBY BEZEL 5711-112P-001\附图\5711-112P-001-6.jpg,232,watch,,dummy_images\WATCH\3.PATEK PHILIPPE\11.25\已整理\17...PATEK PHILIPPE NAUTILUS PLATINUM GREY DIAL RUBY BEZEL 5711-112P-001\附图\5711-112P-001-6.jpg,cvs\new_watermark.png
dummy_images\WATCH\3.PATEK PHILIPPE\11.25\原图\18.PATEK PHILIPPE NAUTILUS EDITION WHITE DIAL PURPLE DIAMONDS BEZEL ON WATCH 5711P\主图\5711P.jpg,233,watch,,,cvs\new_watermark.png
dummy_images\WATCH\3.PATEK PHILIPPE\11.25\原图\18.PATEK PHILIPPE NAUTILUS EDITION WHITE DIAL PURPLE DIAMONDS BEZEL ON WATCH 5711P\附图\5711P-1.jpg,233,watch,,dummy_images\WATCH\3.PATEK PHILIPPE\11.25\已整理\18.PATEK PHILIPPE NAUTILUS EDITION WHITE DIAL PURPLE DIAMONDS BEZEL ON WATCH 5711P\附图\5711P-1.jpg,cvs\new_watermark.png
dummy_images\WATCH\3.PATEK PHILIPPE\11.25\原图\18.PATEK PHILIPPE NAUTILUS EDITION WHITE DIAL PURPLE DIAMONDS BEZEL ON WATCH 5711P\附图\5711P-2.jpg,233,watch,,dummy_images\WATCH\3.PATEK PHILIPPE\11.25\已整理\18.PATEK PHILIPPE NAUTILUS EDITION WHITE DIAL PURPLE DIAMONDS BEZEL ON WATCH 5711P\附图\5711P-2.jpg,cvs\new_watermark.png
dummy_images\WATCH\3.PATEK PHILIPPE\11.25\原图\18.PATEK PHILIPPE NAUTILUS EDITION WHITE DIAL PURPLE DIAMONDS BEZEL ON WATCH 5711P\附图\5711P-3.jpg,233,watch,,dummy_images\WATCH\3.PATEK PHILIPPE\11.25\已整理\18.PATEK PHILIPPE NAUTILUS EDITION WHITE DIAL PURPLE DIAMONDS BEZEL ON WATCH 5711P\附图\5711P-3.jpg,cvs\new_watermark.png
dummy_images\WATCH\3.PATEK PHILIPPE\11.25\原图\18.PATEK PHILIPPE NAUTILUS EDITION WHITE DIAL PURPLE DIAMONDS BEZEL ON WATCH 5711P\附图\5711P-4.jpg,233,watch,,dummy_images\WATCH\3.PATEK PHILIPPE\11.25\已整理\18.PATEK PHILIPPE NAUTILUS EDITION WHITE DIAL PURPLE DIAMONDS BEZEL ON WATCH 5711P\附图\5711P-4.jpg,cvs\new_watermark.png
dummy_images\WATCH\3.PATEK PHILIPPE\11.25\原图\18.PATEK PHILIPPE NAUTILUS EDITION WHITE DIAL PURPLE DIAMONDS BEZEL ON WATCH 5711P\附图\5711P-5.jpg,233,watch,,dummy_images\WATCH\3.PATEK PHILIPPE\11.25\已整理\18.PATEK PHILIPPE NAUTILUS EDITION WHITE DIAL PURPLE DIAMONDS BEZEL ON WATCH 5711P\附图\5711P-5.jpg,cvs\new_watermark.png
dummy_images\WATCH\3.PATEK PHILIPPE\11.25\原图\18.PATEK PHILIPPE NAUTILUS EDITION WHITE DIAL PURPLE DIAMONDS BEZEL ON WATCH 5711P\附图\5711P-6.jpg,233,watch,,dummy_images\WATCH\3.PATEK PHILIPPE\11.25\已整理\18.PATEK PHILIPPE NAUTILUS EDITION WHITE DIAL PURPLE DIAMONDS BEZEL ON WATCH 5711P\附图\5711P-6.jpg,cvs\new_watermark.png
dummy_images\WATCH\3.PATEK PHILIPPE\11.25\原图\19.PATEK PHILIPPE EMERALD NAUTILUS WATCH 5711P\主图\2-5711P.jpg,234,watch,,,cvs\new_watermark.png
dummy_images\WATCH\3.PATEK PHILIPPE\11.25\原图\19.PATEK PHILIPPE EMERALD NAUTILUS WATCH 5711P\附图\2-5711P-1.jpg,234,watch,,dummy_images\WATCH\3.PATEK PHILIPPE\11.25\已整理\19.PATEK PHILIPPE EMERALD NAUTILUS WATCH 5711P\附图\2-5711P-1.jpg,cvs\new_watermark.png
dummy_images\WATCH\3.PATEK PHILIPPE\11.25\原图\19.PATEK PHILIPPE EMERALD NAUTILUS WATCH 5711P\附图\2-5711P-2.jpg,234,watch,,dummy_images\WATCH\3.PATEK PHILIPPE\11.25\已整理\19.PATEK PHILIPPE EMERALD NAUTILUS WATCH 5711P\附图\2-5711P-2.jpg,cvs\new_watermark.png
dummy_images\WATCH\3.PATEK PHILIPPE\11.25\原图\19.PATEK PHILIPPE EMERALD NAUTILUS WATCH 5711P\附图\2-5711P-3.jpg,234,watch,,dummy_images\WATCH\3.PATEK PHILIPPE\11.25\已整理\19.PATEK PHILIPPE EMERALD NAUTILUS WATCH 5711P\附图\2-5711P-3.jpg,cvs\new_watermark.png
dummy_images\WATCH\3.PATEK PHILIPPE\11.25\原图\19.PATEK PHILIPPE EMERALD NAUTILUS WATCH 5711P\附图\2-5711P-4.jpg,234,watch,,dummy_images\WATCH\3.PATEK PHILIPPE\11.25\已整理\19.PATEK PHILIPPE EMERALD NAUTILUS WATCH 5711P\附图\2-5711P-4.jpg,cvs\new_watermark.png
dummy_images\WATCH\3.PATEK PHILIPPE\11.25\原图\20.PATEK PHILIPPE NAUTILUS 5711-113P-001\主图\5711-113P-001.jpg,235,watch,,,cvs\new_watermark.png
dummy_images\WATCH\3.PATEK PHILIPPE\11.25\原图\20.PATEK PHILIPPE NAUTILUS 5711-113P-001\附图\5711-113P-001-1.jpeg,235,watch,,dummy_images\WATCH\3.PATEK PHILIPPE\11.25\已整理\20.PATEK PHILIPPE NAUTILUS 5711-113P-001\附图\5711-113P-001-1.jpg,cvs\new_watermark.png
dummy_images\WATCH\3.PATEK PHILIPPE\11.25\原图\20.PATEK PHILIPPE NAUTILUS 5711-113P-001\附图\5711-113P-001-2.jpg,235,watch,,dummy_images\WATCH\3.PATEK PHILIPPE\11.25\已整理\20.PATEK PHILIPPE NAUTILUS 5711-113P-001\附图\5711-113P-001-2.jpg,cvs\new_watermark.png
dummy_images\WATCH\3.PATEK PHILIPPE\11.25\原图\20.PATEK PHILIPPE NAUTILUS 5711-113P-001\附图\5711-113P-001-3.jpg,235,watch,,dummy_images\WATCH\3.PATEK PHILIPPE\11.25\已整理\20.PATEK PHILIPPE NAUTILUS 5711-113P-001\附图\5711-113P-001-3.jpg,cvs\new_watermark.png
dummy_images\WATCH\3.PATEK PHILIPPE\11.25\原图\20.PATEK PHILIPPE NAUTILUS 5711-113P-001\附图\5711-113P-001-4.jpg,235,watch,,dummy_images\WATCH\3.PATEK PHILIPPE\11.25\已整理\20.PATEK PHILIPPE NAUTILUS 5711-113P-001\附图\5711-113P-001-4.jpg,cvs\new_watermark.png
dummy_images\WATCH\3.PATEK PHILIPPE\11.25\原图\21.OMEGA SPEEDMASTER RACING WATCH 329.30.44.51.06.001\主图\329.30.44.51.06.001.png.jpg,236,watch,,,cvs\new_watermark.png
dummy_images\WATCH\3.PATEK PHILIPPE\11.25\原图\21.OMEGA SPEEDMASTER RACING WATCH 329.30.44.51.06.001\附图\329.30.44.51.06.001-1.png,236,watch,,dummy_images\WATCH\3.PATEK PHILIPPE\11.25\已整理\21.OMEGA SPEEDMASTER RACING WATCH 329.30.44.51.06.001\附图\329.30.44.51.06.001-1.png,cvs\new_watermark.png
dummy_images\WATCH\3.PATEK PHILIPPE\11.25\原图\21.OMEGA SPEEDMASTER RACING WATCH 329.30.44.51.06.001\附图\329.30.44.51.06.001-2.png,236,watch,,dummy_images\WATCH\3.PATEK PHILIPPE\11.25\已整理\21.OMEGA SPEEDMASTER RACING WATCH 329.30.44.51.06.001\附图\329.30.44.51.06.001-2.png,cvs\new_watermark.png
dummy_images\WATCH\3.PATEK PHILIPPE\11.25\原图\21.OMEGA SPEEDMASTER RACING WATCH 329.30.44.51.06.001\附图\329.30.44.51.06.001-3.png,236,watch,,dummy_images\WATCH\3.PATEK PHILIPPE\11.25\已整理\21.OMEGA SPEEDMASTER RACING WATCH 329.30.44.51.06.001\附图\329.30.44.51.06.001-3.png,cvs\new_watermark.png
dummy_images\WATCH\3.PATEK PHILIPPE\11.25\原图\21.OMEGA SPEEDMASTER RACING WATCH 329.30.44.51.06.001\附图\329.30.44.51.06.001-5.png,236,watch,,dummy_images\WATCH\3.PATEK PHILIPPE\11.25\已整理\21.OMEGA SPEEDMASTER RACING WATCH 329.30.44.51.06.001\附图\329.30.44.51.06.001-5.png,cvs\new_watermark.png
dummy_images\WATCH\3.PATEK PHILIPPE\11.25\原图\21.OMEGA SPEEDMASTER RACING WATCH 329.30.44.51.06.001\附图\329.30.44.51.06.0014.png,236,watch,,dummy_images\WATCH\3.PATEK PHILIPPE\11.25\已整理\21.OMEGA SPEEDMASTER RACING WATCH 329.30.44.51.06.001\附图\329.30.44.51.06.0014.png,cvs\new_watermark.png
dummy_images\WATCH\3.PATEK PHILIPPE\11.25\原图\22.OMEGA SPEEDMASTER RACING WATCH 329.30.44.51.04.001\主图\329.30.44.51.04.001.png.jpg,237,watch,,,cvs\new_watermark.png
dummy_images\WATCH\3.PATEK PHILIPPE\11.25\原图\22.OMEGA SPEEDMASTER RACING WATCH 329.30.44.51.04.001\附图\329.30.44.51.04.001-1.png,237,watch,,dummy_images\WATCH\3.PATEK PHILIPPE\11.25\已整理\22.OMEGA SPEEDMASTER RACING WATCH 329.30.44.51.04.001\附图\329.30.44.51.04.001-1.png,cvs\new_watermark.png
dummy_images\WATCH\3.PATEK PHILIPPE\11.25\原图\22.OMEGA SPEEDMASTER RACING WATCH 329.30.44.51.04.001\附图\329.30.44.51.04.001-2.png,237,watch,,dummy_images\WATCH\3.PATEK PHILIPPE\11.25\已整理\22.OMEGA SPEEDMASTER RACING WATCH 329.30.44.51.04.001\附图\329.30.44.51.04.001-2.png,cvs\new_watermark.png
dummy_images\WATCH\3.PATEK PHILIPPE\11.25\原图\22.OMEGA SPEEDMASTER RACING WATCH 329.30.44.51.04.001\附图\329.30.44.51.04.001-3.png,237,watch,,dummy_images\WATCH\3.PATEK PHILIPPE\11.25\已整理\22.OMEGA SPEEDMASTER RACING WATCH 329.30.44.51.04.001\附图\329.30.44.51.04.001-3.png,cvs\new_watermark.png
dummy_images\WATCH\3.PATEK PHILIPPE\11.25\原图\22.OMEGA SPEEDMASTER RACING WATCH 329.30.44.51.04.001\附图\329.30.44.51.04.001-4.png,237,watch,,dummy_images\WATCH\3.PATEK PHILIPPE\11.25\已整理\22.OMEGA SPEEDMASTER RACING WATCH 329.30.44.51.04.001\附图\329.30.44.51.04.001-4.png,cvs\new_watermark.png
dummy_images\WATCH\3.PATEK PHILIPPE\11.25\原图\22.OMEGA SPEEDMASTER RACING WATCH 329.30.44.51.04.001\附图\329.30.44.51.04.001-5.png,237,watch,,dummy_images\WATCH\3.PATEK PHILIPPE\11.25\已整理\22.OMEGA SPEEDMASTER RACING WATCH 329.30.44.51.04.001\附图\329.30.44.51.04.001-5.png,cvs\new_watermark.png
dummy_images\WATCH\3.PATEK PHILIPPE\11.25\原图\23.OMEGA SPEEDMASTER RACING WATCH 329.30.44.51.01.001\主图\329.30.44.51.01.001.png.jpg,238,watch,,,cvs\new_watermark.png
dummy_images\WATCH\3.PATEK PHILIPPE\11.25\原图\23.OMEGA SPEEDMASTER RACING WATCH 329.30.44.51.01.001\附图\329.30.44.51.01.001-1.png,238,watch,,dummy_images\WATCH\3.PATEK PHILIPPE\11.25\已整理\23.OMEGA SPEEDMASTER RACING WATCH 329.30.44.51.01.001\附图\329.30.44.51.01.001-1.png,cvs\new_watermark.png
dummy_images\WATCH\3.PATEK PHILIPPE\11.25\原图\23.OMEGA SPEEDMASTER RACING WATCH 329.30.44.51.01.001\附图\329.30.44.51.01.001-2.png,238,watch,,dummy_images\WATCH\3.PATEK PHILIPPE\11.25\已整理\23.OMEGA SPEEDMASTER RACING WATCH 329.30.44.51.01.001\附图\329.30.44.51.01.001-2.png,cvs\new_watermark.png
dummy_images\WATCH\3.PATEK PHILIPPE\11.25\原图\23.OMEGA SPEEDMASTER RACING WATCH 329.30.44.51.01.001\附图\329.30.44.51.01.001-3.png,238,watch,,dummy_images\WATCH\3.PATEK PHILIPPE\11.25\已整理\23.OMEGA SPEEDMASTER RACING WATCH 329.30.44.51.01.001\附图\329.30.44.51.01.001-3.png,cvs\new_watermark.png
dummy_images\WATCH\3.PATEK PHILIPPE\11.25\原图\23.OMEGA SPEEDMASTER RACING WATCH 329.30.44.51.01.001\附图\329.30.44.51.01.001-4.png,238,watch,,dummy_images\WATCH\3.PATEK PHILIPPE\11.25\已整理\23.OMEGA SPEEDMASTER RACING WATCH 329.30.44.51.01.001\附图\329.30.44.51.01.001-4.png,cvs\new_watermark.png
dummy_images\WATCH\3.PATEK PHILIPPE\11.25\原图\23.OMEGA SPEEDMASTER RACING WATCH 329.30.44.51.01.001\附图\329.30.44.51.01.001-5.png,238,watch,,dummy_images\WATCH\3.PATEK PHILIPPE\11.25\已整理\23.OMEGA SPEEDMASTER RACING WATCH 329.30.44.51.01.001\附图\329.30.44.51.01.001-5.png,cvs\new_watermark.png
dummy_images\WATCH\3.PATEK PHILIPPE\11.25\原图\24.OMEGA SPEEDMASTER RACING?WATCH 329.30.44.51.01.002\主图\329.30.44.51.01.002.png.jpg,239,watch,,,cvs\new_watermark.png
dummy_images\WATCH\3.PATEK PHILIPPE\11.25\原图\24.OMEGA SPEEDMASTER RACING?WATCH 329.30.44.51.01.002\附图\329.30.44.51.01.002-1.png,239,watch,,dummy_images\WATCH\3.PATEK PHILIPPE\11.25\已整理\24.OMEGA SPEEDMASTER RACING?WATCH 329.30.44.51.01.002\附图\329.30.44.51.01.002-1.png,cvs\new_watermark.png
dummy_images\WATCH\3.PATEK PHILIPPE\11.25\原图\24.OMEGA SPEEDMASTER RACING?WATCH 329.30.44.51.01.002\附图\329.30.44.51.01.002-2.png,239,watch,,dummy_images\WATCH\3.PATEK PHILIPPE\11.25\已整理\24.OMEGA SPEEDMASTER RACING?WATCH 329.30.44.51.01.002\附图\329.30.44.51.01.002-2.png,cvs\new_watermark.png
dummy_images\WATCH\3.PATEK PHILIPPE\11.25\原图\24.OMEGA SPEEDMASTER RACING?WATCH 329.30.44.51.01.002\附图\329.30.44.51.01.002-3.png,239,watch,,dummy_images\WATCH\3.PATEK PHILIPPE\11.25\已整理\24.OMEGA SPEEDMASTER RACING?WATCH 329.30.44.51.01.002\附图\329.30.44.51.01.002-3.png,cvs\new_watermark.png
dummy_images\WATCH\3.PATEK PHILIPPE\11.25\原图\24.OMEGA SPEEDMASTER RACING?WATCH 329.30.44.51.01.002\附图\329.30.44.51.01.002-4.png,239,watch,,dummy_images\WATCH\3.PATEK PHILIPPE\11.25\已整理\24.OMEGA SPEEDMASTER RACING?WATCH 329.30.44.51.01.002\附图\329.30.44.51.01.002-4.png,cvs\new_watermark.png
dummy_images\WATCH\3.PATEK PHILIPPE\11.25\原图\24.OMEGA SPEEDMASTER RACING?WATCH 329.30.44.51.01.002\附图\329.30.44.51.01.002-5.png,239,watch,,dummy_images\WATCH\3.PATEK PHILIPPE\11.25\已整理\24.OMEGA SPEEDMASTER RACING?WATCH 329.30.44.51.01.002\附图\329.30.44.51.01.002-5.png,cvs\new_watermark.png
dummy_images\WATCH\3.PATEK PHILIPPE\11.25\原图\25.OMEGA SPEEDMASTER MOONPHASE WATCH 304.63.44.52.01.001\主图\304.63.44.52.01.001.png.jpg,240,watch,,,cvs\new_watermark.png
dummy_images\WATCH\3.PATEK PHILIPPE\11.25\原图\25.OMEGA SPEEDMASTER MOONPHASE WATCH 304.63.44.52.01.001\附图\304.63.44.52.01.001-1.png,240,watch,,dummy_images\WATCH\3.PATEK PHILIPPE\11.25\已整理\25.OMEGA SPEEDMASTER MOONPHASE WATCH 304.63.44.52.01.001\附图\304.63.44.52.01.001-1.png,cvs\new_watermark.png
dummy_images\WATCH\3.PATEK PHILIPPE\11.25\原图\25.OMEGA SPEEDMASTER MOONPHASE WATCH 304.63.44.52.01.001\附图\304.63.44.52.01.001-2.png,240,watch,,dummy_images\WATCH\3.PATEK PHILIPPE\11.25\已整理\25.OMEGA SPEEDMASTER MOONPHASE WATCH 304.63.44.52.01.001\附图\304.63.44.52.01.001-2.png,cvs\new_watermark.png
dummy_images\WATCH\3.PATEK PHILIPPE\11.25\原图\25.OMEGA SPEEDMASTER MOONPHASE WATCH 304.63.44.52.01.001\附图\304.63.44.52.01.001-3.png,240,watch,,dummy_images\WATCH\3.PATEK PHILIPPE\11.25\已整理\25.OMEGA SPEEDMASTER MOONPHASE WATCH 304.63.44.52.01.001\附图\304.63.44.52.01.001-3.png,cvs\new_watermark.png
dummy_images\WATCH\3.PATEK PHILIPPE\11.25\原图\27.OMEGA SPEEDMASTER MOONPHASE WATCH 304.33.44.52.03.001\主图\304.33.44.52.03.001.png.jpg,241,watch,,,cvs\new_watermark.png
dummy_images\WATCH\3.PATEK PHILIPPE\11.25\原图\27.OMEGA SPEEDMASTER MOONPHASE WATCH 304.33.44.52.03.001\附图\304.33.44.52.03.001-1.png,241,watch,,dummy_images\WATCH\3.PATEK PHILIPPE\11.25\已整理\27.OMEGA SPEEDMASTER MOONPHASE WATCH 304.33.44.52.03.001\附图\304.33.44.52.03.001-1.png,cvs\new_watermark.png
dummy_images\WATCH\3.PATEK PHILIPPE\11.25\原图\27.OMEGA SPEEDMASTER MOONPHASE WATCH 304.33.44.52.03.001\附图\304.33.44.52.03.001-2.png,241,watch,,dummy_images\WATCH\3.PATEK PHILIPPE\11.25\已整理\27.OMEGA SPEEDMASTER MOONPHASE WATCH 304.33.44.52.03.001\附图\304.33.44.52.03.001-2.png,cvs\new_watermark.png
dummy_images\WATCH\3.PATEK PHILIPPE\11.25\原图\27.OMEGA SPEEDMASTER MOONPHASE WATCH 304.33.44.52.03.001\附图\304.33.44.52.03.001-3.png,241,watch,,dummy_images\WATCH\3.PATEK PHILIPPE\11.25\已整理\27.OMEGA SPEEDMASTER MOONPHASE WATCH 304.33.44.52.03.001\附图\304.33.44.52.03.001-3.png,cvs\new_watermark.png
dummy_images\WATCH\3.PATEK PHILIPPE\11.25\原图\27.OMEGA SPEEDMASTER MOONPHASE WATCH 304.33.44.52.03.001\附图\304.33.44.52.03.001-4.png,241,watch,,dummy_images\WATCH\3.PATEK PHILIPPE\11.25\已整理\27.OMEGA SPEEDMASTER MOONPHASE WATCH 304.33.44.52.03.001\附图\304.33.44.52.03.001-4.png,cvs\new_watermark.png
dummy_images\WATCH\3.PATEK PHILIPPE\11.25\原图\27.OMEGA SPEEDMASTER MOONPHASE WATCH 304.33.44.52.03.001\附图\304.33.44.52.03.001-5.jpeg,241,watch,,dummy_images\WATCH\3.PATEK PHILIPPE\11.25\已整理\27.OMEGA SPEEDMASTER MOONPHASE WATCH 304.33.44.52.03.001\附图\304.33.44.52.03.001-5.jpeg,cvs\new_watermark.png
dummy_images\WATCH\3.PATEK PHILIPPE\11.25\原图\28.OMEGA SPEEDMASTER MOONPHASE WATCH 304.30.44.52.01.001\主图\304.30.44.52.01.001.png.jpg,242,watch,,,cvs\new_watermark.png
dummy_images\WATCH\3.PATEK PHILIPPE\11.25\原图\28.OMEGA SPEEDMASTER MOONPHASE WATCH 304.30.44.52.01.001\附图\304.30.44.52.01.001-1.png,242,watch,,dummy_images\WATCH\3.PATEK PHILIPPE\11.25\已整理\28.OMEGA SPEEDMASTER MOONPHASE WATCH 304.30.44.52.01.001\附图\304.30.44.52.01.001-1.png,cvs\new_watermark.png
dummy_images\WATCH\3.PATEK PHILIPPE\11.25\原图\28.OMEGA SPEEDMASTER MOONPHASE WATCH 304.30.44.52.01.001\附图\304.30.44.52.01.001-2.png,242,watch,,dummy_images\WATCH\3.PATEK PHILIPPE\11.25\已整理\28.OMEGA SPEEDMASTER MOONPHASE WATCH 304.30.44.52.01.001\附图\304.30.44.52.01.001-2.png,cvs\new_watermark.png
dummy_images\WATCH\3.PATEK PHILIPPE\11.25\原图\28.OMEGA SPEEDMASTER MOONPHASE WATCH 304.30.44.52.01.001\附图\304.30.44.52.01.001-3.png,242,watch,,dummy_images\WATCH\3.PATEK PHILIPPE\11.25\已整理\28.OMEGA SPEEDMASTER MOONPHASE WATCH 304.30.44.52.01.001\附图\304.30.44.52.01.001-3.png,cvs\new_watermark.png
dummy_images\WATCH\3.PATEK PHILIPPE\11.25\原图\28.OMEGA SPEEDMASTER MOONPHASE WATCH 304.30.44.52.01.001\附图\304.30.44.52.01.001-4.png,242,watch,,dummy_images\WATCH\3.PATEK PHILIPPE\11.25\已整理\28.OMEGA SPEEDMASTER MOONPHASE WATCH 304.30.44.52.01.001\附图\304.30.44.52.01.001-4.png,cvs\new_watermark.png
dummy_images\WATCH\3.PATEK PHILIPPE\11.25\原图\28.OMEGA SPEEDMASTER MOONPHASE WATCH 304.30.44.52.01.001\附图\304.30.44.52.01.001-5.png,242,watch,,dummy_images\WATCH\3.PATEK PHILIPPE\11.25\已整理\28.OMEGA SPEEDMASTER MOONPHASE WATCH 304.30.44.52.01.001\附图\304.30.44.52.01.001-5.png,cvs\new_watermark.png
dummy_images\WATCH\3.PATEK PHILIPPE\11.25\原图\29.OMEGA SPEEDMASTER MOONPHASE WATCH 304.33.44.52.03.001\主图\2-304.33.44.52.03.001.png.jpg,243,watch,,,cvs\new_watermark.png
dummy_images\WATCH\3.PATEK PHILIPPE\11.25\原图\29.OMEGA SPEEDMASTER MOONPHASE WATCH 304.33.44.52.03.001\附图\2-304.33.44.52.03.001-1.png,243,watch,,dummy_images\WATCH\3.PATEK PHILIPPE\11.25\已整理\29.OMEGA SPEEDMASTER MOONPHASE WATCH 304.33.44.52.03.001\附图\2-304.33.44.52.03.001-1.png,cvs\new_watermark.png
dummy_images\WATCH\3.PATEK PHILIPPE\11.25\原图\29.OMEGA SPEEDMASTER MOONPHASE WATCH 304.33.44.52.03.001\附图\2-304.33.44.52.03.001-2.png,243,watch,,dummy_images\WATCH\3.PATEK PHILIPPE\11.25\已整理\29.OMEGA SPEEDMASTER MOONPHASE WATCH 304.33.44.52.03.001\附图\2-304.33.44.52.03.001-2.png,cvs\new_watermark.png
dummy_images\WATCH\3.PATEK PHILIPPE\11.25\原图\29.OMEGA SPEEDMASTER MOONPHASE WATCH 304.33.44.52.03.001\附图\2-304.33.44.52.03.001-3.png,243,watch,,dummy_images\WATCH\3.PATEK PHILIPPE\11.25\已整理\29.OMEGA SPEEDMASTER MOONPHASE WATCH 304.33.44.52.03.001\附图\2-304.33.44.52.03.001-3.png,cvs\new_watermark.png
dummy_images\WATCH\3.PATEK PHILIPPE\11.25\原图\29.OMEGA SPEEDMASTER MOONPHASE WATCH 304.33.44.52.03.001\附图\2-304.33.44.52.03.001-4.png,243,watch,,dummy_images\WATCH\3.PATEK PHILIPPE\11.25\已整理\29.OMEGA SPEEDMASTER MOONPHASE WATCH 304.33.44.52.03.001\附图\2-304.33.44.52.03.001-4.png,cvs\new_watermark.png
dummy_images\WATCH\4.OMEGA\11.25\原图\21.OMEGA SPEEDMASTER RACING WATCH 329.30.44.51.06.001\主图\329.30.44.51.06.001.png.jpg,251,watch,,,cvs\new_watermark.png
dummy_images\WATCH\4.OMEGA\11.25\原图\21.OMEGA SPEEDMASTER RACING WATCH 329.30.44.51.06.001\附图\329.30.44.51.06.001-1.png,251,watch,,dummy_images\WATCH\4.OMEGA\11.25\已整理\21.OMEGA SPEEDMASTER RACING WATCH 329.30.44.51.06.001\附图\329.30.44.51.06.001-1.png,cvs\new_watermark.png
dummy_images\WATCH\4.OMEGA\11.25\原图\21.OMEGA SPEEDMASTER RACING WATCH 329.30.44.51.06.001\附图\329.30.44.51.06.001-2.png,251,watch,,dummy_images\WATCH\4.OMEGA\11.25\已整理\21.OMEGA SPEEDMASTER RACING WATCH 329.30.44.51.06.001\附图\329.30.44.51.06.001-2.png,cvs\new_watermark.png
dummy_images\WATCH\4.OMEGA\11.25\原图\21.OMEGA SPEEDMASTER RACING WATCH 329.30.44.51.06.001\附图\329.30.44.51.06.001-3.png,251,watch,,dummy_images\WATCH\4.OMEGA\11.25\已整理\21.OMEGA SPEEDMASTER RACING WATCH 329.30.44.51.06.001\附图\329.30.44.51.06.001-3.png,cvs\new_watermark.png
dummy_images\WATCH\4.OMEGA\11.25\原图\21.OMEGA SPEEDMASTER RACING WATCH 329.30.44.51.06.001\附图\329.30.44.51.06.001-5.png,251,watch,,dummy_images\WATCH\4.OMEGA\11.25\已整理\21.OMEGA SPEEDMASTER RACING WATCH 329.30.44.51.06.001\附图\329.30.44.51.06.001-5.png,cvs\new_watermark.png
dummy_images\WATCH\4.OMEGA\11.25\原图\21.OMEGA SPEEDMASTER RACING WATCH 329.30.44.51.06.001\附图\329.30.44.51.06.0014.png,251,watch,,dummy_images\WATCH\4.OMEGA\11.25\已整理\21.OMEGA SPEEDMASTER RACING WATCH 329.30.44.51.06.001\附图\329.30.44.51.06.0014.png,cvs\new_watermark.png
dummy_images\WATCH\4.OMEGA\11.25\原图\22.OMEGA SPEEDMASTER RACING WATCH 329.30.44.51.04.001\主图\329.30.44.51.04.001.png.jpg,252,watch,,,cvs\new_watermark.png
dummy_images\WATCH\4.OMEGA\11.25\原图\22.OMEGA SPEEDMASTER RACING WATCH 329.30.44.51.04.001\附图\329.30.44.51.04.001-1.png,252,watch,,dummy_images\WATCH\4.OMEGA\11.25\已整理\22.OMEGA SPEEDMASTER RACING WATCH 329.30.44.51.04.001\附图\329.30.44.51.04.001-1.png,cvs\new_watermark.png
dummy_images\WATCH\4.OMEGA\11.25\原图\22.OMEGA SPEEDMASTER RACING WATCH 329.30.44.51.04.001\附图\329.30.44.51.04.001-2.png,252,watch,,dummy_images\WATCH\4.OMEGA\11.25\已整理\22.OMEGA SPEEDMASTER RACING WATCH 329.30.44.51.04.001\附图\329.30.44.51.04.001-2.png,cvs\new_watermark.png
dummy_images\WATCH\4.OMEGA\11.25\原图\22.OMEGA SPEEDMASTER RACING WATCH 329.30.44.51.04.001\附图\329.30.44.51.04.001-3.png,252,watch,,dummy_images\WATCH\4.OMEGA\11.25\已整理\22.OMEGA SPEEDMASTER RACING WATCH 329.30.44.51.04.001\附图\329.30.44.51.04.001-3.png,cvs\new_watermark.png
dummy_images\WATCH\4.OMEGA\11.25\原图\22.OMEGA SPEEDMASTER RACING WATCH 329.30.44.51.04.001\附图\329.30.44.51.04.001-4.png,252,watch,,dummy_images\WATCH\4.OMEGA\11.25\已整理\22.OMEGA SPEEDMASTER RACING WATCH 329.30.44.51.04.001\附图\329.30.44.51.04.001-4.png,cvs\new_watermark.png
dummy_images\WATCH\4.OMEGA\11.25\原图\22.OMEGA SPEEDMASTER RACING WATCH 329.30.44.51.04.001\附图\329.30.44.51.04.001-5.png,252,watch,,dummy_images\WATCH\4.OMEGA\11.25\已整理\22.OMEGA SPEEDMASTER RACING WATCH 329.30.44.51.04.001\附图\329.30.44.51.04.001-5.png,cvs\new_watermark.png
dummy_images\WATCH\4.OMEGA\11.25\原图\23.OMEGA SPEEDMASTER RACING WATCH 329.30.44.51.01.001\主图\329.30.44.51.01.001.png.jpg,253,watch,,,cvs\new_watermark.png
dummy_images\WATCH\4.OMEGA\11.25\原图\23.OMEGA SPEEDMASTER RACING WATCH 329.30.44.51.01.001\附图\329.30.44.51.01.001-1.png,253,watch,,dummy_images\WATCH\4.OMEGA\11.25\已整理\23.OMEGA SPEEDMASTER RACING WATCH 329.30.44.51.01.001\附图\329.30.44.51.01.001-1.png,cvs\new_watermark.png
dummy_images\WATCH\4.OMEGA\11.25\原图\23.OMEGA SPEEDMASTER RACING WATCH 329.30.44.51.01.001\附图\329.30.44.51.01.001-2.png,253,watch,,dummy_images\WATCH\4.OMEGA\11.25\已整理\23.OMEGA SPEEDMASTER RACING WATCH 329.30.44.51.01.001\附图\329.30.44.51.01.001-2.png,cvs\new_watermark.png
dummy_images\WATCH\4.OMEGA\11.25\原图\23.OMEGA SPEEDMASTER RACING WATCH 329.30.44.51.01.001\附图\329.30.44.51.01.001-3.png,253,watch,,dummy_images\WATCH\4.OMEGA\11.25\已整理\23.OMEGA SPEEDMASTER RACING WATCH 329.30.44.51.01.001\附图\329.30.44.51.01.001-3.png,cvs\new_watermark.png
dummy_images\WATCH\4.OMEGA\11.25\原图\23.OMEGA SPEEDMASTER RACING WATCH 329.30.44.51.01.001\附图\329.30.44.51.01.001-4.png,253,watch,,dummy_images\WATCH\4.OMEGA\11.25\已整理\23.OMEGA SPEEDMASTER RACING WATCH 329.30.44.51.01.001\附图\329.30.44.51.01.001-4.png,cvs\new_watermark.png
dummy_images\WATCH\4.OMEGA\11.25\原图\23.OMEGA SPEEDMASTER RACING WATCH 329.30.44.51.01.001\附图\329.30.44.51.01.001-5.png,253,watch,,dummy_images\WATCH\4.OMEGA\11.25\已整理\23.OMEGA SPEEDMASTER RACING WATCH 329.30.44.51.01.001\附图\329.30.44.51.01.001-5.png,cvs\new_watermark.png
dummy_images\WATCH\4.OMEGA\11.25\原图\24.OMEGA SPEEDMASTER RACING?WATCH 329.30.44.51.01.002\主图\329.30.44.51.01.002.png.jpg,254,watch,,,cvs\new_watermark.png
dummy_images\WATCH\4.OMEGA\11.25\原图\24.OMEGA SPEEDMASTER RACING?WATCH 329.30.44.51.01.002\附图\329.30.44.51.01.002-1.png,254,watch,,dummy_images\WATCH\4.OMEGA\11.25\已整理\24.OMEGA SPEEDMASTER RACING?WATCH 329.30.44.51.01.002\附图\329.30.44.51.01.002-1.png,cvs\new_watermark.png
dummy_images\WATCH\4.OMEGA\11.25\原图\24.OMEGA SPEEDMASTER RACING?WATCH 329.30.44.51.01.002\附图\329.30.44.51.01.002-2.png,254,watch,,dummy_images\WATCH\4.OMEGA\11.25\已整理\24.OMEGA SPEEDMASTER RACING?WATCH 329.30.44.51.01.002\附图\329.30.44.51.01.002-2.png,cvs\new_watermark.png
dummy_images\WATCH\4.OMEGA\11.25\原图\24.OMEGA SPEEDMASTER RACING?WATCH 329.30.44.51.01.002\附图\329.30.44.51.01.002-3.png,254,watch,,dummy_images\WATCH\4.OMEGA\11.25\已整理\24.OMEGA SPEEDMASTER RACING?WATCH 329.30.44.51.01.002\附图\329.30.44.51.01.002-3.png,cvs\new_watermark.png
dummy_images\WATCH\4.OMEGA\11.25\原图\24.OMEGA SPEEDMASTER RACING?WATCH 329.30.44.51.01.002\附图\329.30.44.51.01.002-4.png,254,watch,,dummy_images\WATCH\4.OMEGA\11.25\已整理\24.OMEGA SPEEDMASTER RACING?WATCH 329.30.44.51.01.002\附图\329.30.44.51.01.002-4.png,cvs\new_watermark.png
dummy_images\WATCH\4.OMEGA\11.25\原图\24.OMEGA SPEEDMASTER RACING?WATCH 329.30.44.51.01.002\附图\329.30.44.51.01.002-5.png,254,watch,,dummy_images\WATCH\4.OMEGA\11.25\已整理\24.OMEGA SPEEDMASTER RACING?WATCH 329.30.44.51.01.002\附图\329.30.44.51.01.002-5.png,cvs\new_watermark.png
dummy_images\WATCH\4.OMEGA\11.25\原图\25.OMEGA SPEEDMASTER MOONPHASE WATCH 304.63.44.52.01.001\主图\304.63.44.52.01.001.png.jpg,255,watch,,,cvs\new_watermark.png
dummy_images\WATCH\4.OMEGA\11.25\原图\25.OMEGA SPEEDMASTER MOONPHASE WATCH 304.63.44.52.01.001\附图\304.63.44.52.01.001-1.png,255,watch,,dummy_images\WATCH\4.OMEGA\11.25\已整理\25.OMEGA SPEEDMASTER MOONPHASE WATCH 304.63.44.52.01.001\附图\304.63.44.52.01.001-1.png,cvs\new_watermark.png
dummy_images\WATCH\4.OMEGA\11.25\原图\25.OMEGA SPEEDMASTER MOONPHASE WATCH 304.63.44.52.01.001\附图\304.63.44.52.01.001-2.png,255,watch,,dummy_images\WATCH\4.OMEGA\11.25\已整理\25.OMEGA SPEEDMASTER MOONPHASE WATCH 304.63.44.52.01.001\附图\304.63.44.52.01.001-2.png,cvs\new_watermark.png
dummy_images\WATCH\4.OMEGA\11.25\原图\25.OMEGA SPEEDMASTER MOONPHASE WATCH 304.63.44.52.01.001\附图\304.63.44.52.01.001-3.png,255,watch,,dummy_images\WATCH\4.OMEGA\11.25\已整理\25.OMEGA SPEEDMASTER MOONPHASE WATCH 304.63.44.52.01.001\附图\304.63.44.52.01.001-3.png,cvs\new_watermark.png
dummy_images\WATCH\4.OMEGA\11.25\原图\27.OMEGA SPEEDMASTER MOONPHASE WATCH 304.33.44.52.03.001\主图\304.33.44.52.03.001.png.jpg,256,watch,,,cvs\new_watermark.png
dummy_images\WATCH\4.OMEGA\11.25\原图\27.OMEGA SPEEDMASTER MOONPHASE WATCH 304.33.44.52.03.001\附图\304.33.44.52.03.001-1.png,256,watch,,dummy_images\WATCH\4.OMEGA\11.25\已整理\27.OMEGA SPEEDMASTER MOONPHASE WATCH 304.33.44.52.03.001\附图\304.33.44.52.03.001-1.png,cvs\new_watermark.png
dummy_images\WATCH\4.OMEGA\11.25\原图\27.OMEGA SPEEDMASTER MOONPHASE WATCH 304.33.44.52.03.001\附图\304.33.44.52.03.001-2.png,256,watch,,dummy_images\WATCH\4.OMEGA\11.25\已整理\27.OMEGA SPEEDMASTER MOONPHASE WATCH 304.33.44.52.03.001\附图\304.33.44.52.03.001-2.png,cvs\new_watermark.png
dummy_images\WATCH\4.OMEGA\11.25\原图\27.OMEGA SPEEDMASTER MOONPHASE WATCH 304.33.44.52.03.001\附图\304.33.44.52.03.001-3.png,256,watch,,dummy_images\WATCH\4.OMEGA\11.25\已整理\27.OMEGA SPEEDMASTER MOONPHASE WATCH 304.33.44.52.03.001\附图\304.33.44.52.03.001-3.png,cvs\new_watermark.png
dummy_images\WATCH\4.OMEGA\11.25\原图\27.OMEGA SPEEDMASTER MOONPHASE WATCH 304.33.44.52.03.001\附图\304.33.44.52.03.001-4.png,256,watch,,dummy_images\WATCH\4.OMEGA\11.25\已整理\27.OMEGA SPEEDMASTER MOONPHASE WATCH 304.33.44.52.03.001\附图\304.33.44.52.03.001-4.png,cvs\new_watermark.png
dummy_images\WATCH\4.OMEGA\11.25\原图\27.OMEGA SPEEDMASTER MOONPHASE WATCH 304.33.44.52.03.001\附图\304.33.44.52.03.001-5.jpeg,256,watch,,dummy_images\WATCH\4.OMEGA\11.25\已整理\27.OMEGA SPEEDMASTER MOONPHASE WATCH 304.33.44.52.03.001\附图\304.33.44.52.03.001-5.jpeg,cvs\new_watermark.png
dummy_images\WATCH\4.OMEGA\11.25\原图\28.OMEGA SPEEDMASTER MOONPHASE WATCH 304.30.44.52.01.001\主图\304.30.44.52.01.001.png.jpg,257,watch,,,cvs\new_watermark.png
dummy_images\WATCH\4.OMEGA\11.25\原图\28.OMEGA SPEEDMASTER MOONPHASE WATCH 304.30.44.52.01.001\附图\304.30.44.52.01.001-1.png,257,watch,,dummy_images\WATCH\4.OMEGA\11.25\已整理\28.OMEGA SPEEDMASTER MOONPHASE WATCH 304.30.44.52.01.001\附图\304.30.44.52.01.001-1.png,cvs\new_watermark.png
dummy_images\WATCH\4.OMEGA\11.25\原图\28.OMEGA SPEEDMASTER MOONPHASE WATCH 304.30.44.52.01.001\附图\304.30.44.52.01.001-2.png,257,watch,,dummy_images\WATCH\4.OMEGA\11.25\已整理\28.OMEGA SPEEDMASTER MOONPHASE WATCH 304.30.44.52.01.001\附图\304.30.44.52.01.001-2.png,cvs\new_watermark.png
dummy_images\WATCH\4.OMEGA\11.25\原图\28.OMEGA SPEEDMASTER MOONPHASE WATCH 304.30.44.52.01.001\附图\304.30.44.52.01.001-3.png,257,watch,,dummy_images\WATCH\4.OMEGA\11.25\已整理\28.OMEGA SPEEDMASTER MOONPHASE WATCH 304.30.44.52.01.001\附图\304.30.44.52.01.001-3.png,cvs\new_watermark.png
dummy_images\WATCH\4.OMEGA\11.25\原图\28.OMEGA SPEEDMASTER MOONPHASE WATCH 304.30.44.52.01.001\附图\304.30.44.52.01.001-4.png,257,watch,,dummy_images\WATCH\4.OMEGA\11.25\已整理\28.OMEGA SPEEDMASTER MOONPHASE WATCH 304.30.44.52.01.001\附图\304.30.44.52.01.001-4.png,cvs\new_watermark.png
dummy_images\WATCH\4.OMEGA\11.25\原图\28.OMEGA SPEEDMASTER MOONPHASE WATCH 304.30.44.52.01.001\附图\304.30.44.52.01.001-5.png,257,watch,,dummy_images\WATCH\4.OMEGA\11.25\已整理\28.OMEGA SPEEDMASTER MOONPHASE WATCH 304.30.44.52.01.001\附图\304.30.44.52.01.001-5.png,cvs\new_watermark.png
dummy_images\WATCH\4.OMEGA\11.25\原图\29.OMEGA SPEEDMASTER MOONPHASE WATCH 304.33.44.52.03.001\主图\2-304.33.44.52.03.001.png.jpg,258,watch,,,cvs\new_watermark.png
dummy_images\WATCH\4.OMEGA\11.25\原图\29.OMEGA SPEEDMASTER MOONPHASE WATCH 304.33.44.52.03.001\附图\2-304.33.44.52.03.001-1.png,258,watch,,dummy_images\WATCH\4.OMEGA\11.25\已整理\29.OMEGA SPEEDMASTER MOONPHASE WATCH 304.33.44.52.03.001\附图\2-304.33.44.52.03.001-1.png,cvs\new_watermark.png
dummy_images\WATCH\4.OMEGA\11.25\原图\29.OMEGA SPEEDMASTER MOONPHASE WATCH 304.33.44.52.03.001\附图\2-304.33.44.52.03.001-2.png,258,watch,,dummy_images\WATCH\4.OMEGA\11.25\已整理\29.OMEGA SPEEDMASTER MOONPHASE WATCH 304.33.44.52.03.001\附图\2-304.33.44.52.03.001-2.png,cvs\new_watermark.png
dummy_images\WATCH\4.OMEGA\11.25\原图\29.OMEGA SPEEDMASTER MOONPHASE WATCH 304.33.44.52.03.001\附图\2-304.33.44.52.03.001-3.png,258,watch,,dummy_images\WATCH\4.OMEGA\11.25\已整理\29.OMEGA SPEEDMASTER MOONPHASE WATCH 304.33.44.52.03.001\附图\2-304.33.44.52.03.001-3.png,cvs\new_watermark.png
dummy_images\WATCH\4.OMEGA\11.25\原图\29.OMEGA SPEEDMASTER MOONPHASE WATCH 304.33.44.52.03.001\附图\2-304.33.44.52.03.001-4.png,258,watch,,dummy_images\WATCH\4.OMEGA\11.25\已整理\29.OMEGA SPEEDMASTER MOONPHASE WATCH 304.33.44.52.03.001\附图\2-304.33.44.52.03.001-4.png,cvs\new_watermark.png
dummy_images\WATCH\4.OMEGA\11.27\原图\3.OMEGA SEAMASTER BOUTIQUE EDITIONS WATCH 511.53.40.20.02.002\主图\511.53.40.20.02.002.jpg,260,watch,,,cvs\new_watermark.png
dummy_images\WATCH\4.OMEGA\11.27\原图\3.OMEGA SEAMASTER BOUTIQUE EDITIONS WATCH 511.53.40.20.02.002\附图\511.53.40.20.02.002-1.jpg,260,watch,,dummy_images\WATCH\4.OMEGA\11.27\已整理\3.OMEGA SEAMASTER BOUTIQUE EDITIONS WATCH 511.53.40.20.02.002\附图\511.53.40.20.02.002-1.jpg,cvs\new_watermark.png
dummy_images\WATCH\4.OMEGA\11.27\原图\3.OMEGA SEAMASTER BOUTIQUE EDITIONS WATCH 511.53.40.20.02.002\附图\511.53.40.20.02.002-2.jpg,260,watch,,dummy_images\WATCH\4.OMEGA\11.27\已整理\3.OMEGA SEAMASTER BOUTIQUE EDITIONS WATCH 511.53.40.20.02.002\附图\511.53.40.20.02.002-2.jpg,cvs\new_watermark.png
dummy_images\WATCH\4.OMEGA\11.27\原图\3.OMEGA SEAMASTER BOUTIQUE EDITIONS WATCH 511.53.40.20.02.002\附图\511.53.40.20.02.002-3.jpg,260,watch,,dummy_images\WATCH\4.OMEGA\11.27\已整理\3.OMEGA SEAMASTER BOUTIQUE EDITIONS WATCH 511.53.40.20.02.002\附图\511.53.40.20.02.002-3.jpg,cvs\new_watermark.png
dummy_images\WATCH\4.OMEGA\11.27\原图\3.OMEGA SEAMASTER BOUTIQUE EDITIONS WATCH 511.53.40.20.02.002\附图\511.53.40.20.02.002-4.jpg,260,watch,,dummy_images\WATCH\4.OMEGA\11.27\已整理\3.OMEGA SEAMASTER BOUTIQUE EDITIONS WATCH 511.53.40.20.02.002\附图\511.53.40.20.02.002-4.jpg,cvs\new_watermark.png
dummy_images\WATCH\4.OMEGA\11.27\原图\3.OMEGA SEAMASTER BOUTIQUE EDITIONS WATCH 511.53.40.20.02.002\附图\511.53.40.20.02.002-5.jpg,260,watch,,dummy_images\WATCH\4.OMEGA\11.27\已整理\3.OMEGA SEAMASTER BOUTIQUE EDITIONS WATCH 511.53.40.20.02.002\附图\511.53.40.20.02.002-5.jpg,cvs\new_watermark.png
dummy_images\WATCH\4.OMEGA\11.27\原图\4.OMEGA SEAMASTER BOUTIQUE EDITIONS WATCH 511.13.40.20.03.001\主图\511.13.40.20.03.001.jpg,261,watch,,,cvs\new_watermark.png
dummy_images\WATCH\4.OMEGA\11.27\原图\4.OMEGA SEAMASTER BOUTIQUE EDITIONS WATCH 511.13.40.20.03.001\附图\511.13.40.20.03.001-1.jpg,261,watch,,dummy_images\WATCH\4.OMEGA\11.27\已整理\4.OMEGA SEAMASTER BOUTIQUE EDITIONS WATCH 511.13.40.20.03.001\附图\511.13.40.20.03.001-1.jpg,cvs\new_watermark.png
dummy_images\WATCH\4.OMEGA\11.27\原图\4.OMEGA SEAMASTER BOUTIQUE EDITIONS WATCH 511.13.40.20.03.001\附图\511.13.40.20.03.001-2.jpg,261,watch,,dummy_images\WATCH\4.OMEGA\11.27\已整理\4.OMEGA SEAMASTER BOUTIQUE EDITIONS WATCH 511.13.40.20.03.001\附图\511.13.40.20.03.001-2.jpg,cvs\new_watermark.png
dummy_images\WATCH\4.OMEGA\11.27\原图\4.OMEGA SEAMASTER BOUTIQUE EDITIONS WATCH 511.13.40.20.03.001\附图\511.13.40.20.03.001-3.jpg,261,watch,,dummy_images\WATCH\4.OMEGA\11.27\已整理\4.OMEGA SEAMASTER BOUTIQUE EDITIONS WATCH 511.13.40.20.03.001\附图\511.13.40.20.03.001-3.jpg,cvs\new_watermark.png
dummy_images\WATCH\4.OMEGA\11.27\原图\4.OMEGA SEAMASTER BOUTIQUE EDITIONS WATCH 511.13.40.20.03.001\附图\511.13.40.20.03.001-4.jpg,261,watch,,dummy_images\WATCH\4.OMEGA\11.27\已整理\4.OMEGA SEAMASTER BOUTIQUE EDITIONS WATCH 511.13.40.20.03.001\附图\511.13.40.20.03.001-4.jpg,cvs\new_watermark.png
dummy_images\WATCH\4.OMEGA\11.27\原图\13.OMEGA DE VILLE PRESTIGE WATCH 424.53.40.21.52.001\主图\424.53.40.21.52.001.jpg,262,watch,,,cvs\new_watermark.png
dummy_images\WATCH\4.OMEGA\11.27\原图\13.OMEGA DE VILLE PRESTIGE WATCH 424.53.40.21.52.001\附图\424.53.40.21.52.001-1.jpg,262,watch,,dummy_images\WATCH\4.OMEGA\11.27\已整理\13.OMEGA DE VILLE PRESTIGE WATCH 424.53.40.21.52.001\附图\424.53.40.21.52.001-1.jpg,cvs\new_watermark.png
dummy_images\WATCH\4.OMEGA\11.27\原图\13.OMEGA DE VILLE PRESTIGE WATCH 424.53.40.21.52.001\附图\424.53.40.21.52.001-2.jpg,262,watch,,dummy_images\WATCH\4.OMEGA\11.27\已整理\13.OMEGA DE VILLE PRESTIGE WATCH 424.53.40.21.52.001\附图\424.53.40.21.52.001-2.jpg,cvs\new_watermark.png
dummy_images\WATCH\4.OMEGA\11.27\原图\13.OMEGA DE VILLE PRESTIGE WATCH 424.53.40.21.52.001\附图\424.53.40.21.52.001-3.jpg,262,watch,,,cvs\new_watermark.png
dummy_images\WATCH\4.OMEGA\11.27\原图\16.OMEGA SEAMASTER AQUA TERRA 150 M GMT WATCH 231.10.43.22.01.001\主图\231.10.43.22.01.001.png.jpg,263,watch,,,cvs\new_watermark.png
dummy_images\WATCH\4.OMEGA\11.27\原图\16.OMEGA SEAMASTER AQUA TERRA 150 M GMT WATCH 231.10.43.22.01.001\附图\231.10.43.22.01.001-1.png,263,watch,,dummy_images\WATCH\4.OMEGA\11.27\已整理\16.OMEGA SEAMASTER AQUA TERRA 150 M GMT WATCH 231.10.43.22.01.001\附图\231.10.43.22.01.001-1.png,cvs\new_watermark.png
dummy_images\WATCH\4.OMEGA\11.27\原图\16.OMEGA SEAMASTER AQUA TERRA 150 M GMT WATCH 231.10.43.22.01.001\附图\231.10.43.22.01.001-2.png,263,watch,,dummy_images\WATCH\4.OMEGA\11.27\已整理\16.OMEGA SEAMASTER AQUA TERRA 150 M GMT WATCH 231.10.43.22.01.001\附图\231.10.43.22.01.001-2.png,cvs\new_watermark.png
dummy_images\WATCH\4.OMEGA\11.27\原图\16.OMEGA SEAMASTER AQUA TERRA 150 M GMT WATCH 231.10.43.22.01.001\附图\231.10.43.22.01.001-3.png,263,watch,,dummy_images\WATCH\4.OMEGA\11.27\已整理\16.OMEGA SEAMASTER AQUA TERRA 150 M GMT WATCH 231.10.43.22.01.001\附图\231.10.43.22.01.001-3.png,cvs\new_watermark.png
dummy_images\WATCH\4.OMEGA\11.27\原图\17.OMEGA SEAMASTER AQUA TERRA 150 M GMT WATCH 231.10.43.22.03.001\主图\231.10.43.22.03.001.jpg,264,watch,,,cvs\new_watermark.png
dummy_images\WATCH\4.OMEGA\11.27\原图\17.OMEGA SEAMASTER AQUA TERRA 150 M GMT WATCH 231.10.43.22.03.001\附图\231.10.43.22.03.001-0.jpg,264,watch,,,cvs\new_watermark.png
dummy_images\WATCH\4.OMEGA\11.27\原图\17.OMEGA SEAMASTER AQUA TERRA 150 M GMT WATCH 231.10.43.22.03.001\附图\231.10.43.22.03.001-1.jpg,264,watch,,dummy_images\WATCH\4.OMEGA\11.27\已整理\17.OMEGA SEAMASTER AQUA TERRA 150 M GMT WATCH 231.10.43.22.03.001\附图\231.10.43.22.03.001-1.jpg,cvs\new_watermark.png
dummy_images\WATCH\4.OMEGA\11.27\原图\17.OMEGA SEAMASTER AQUA TERRA 150 M GMT WATCH 231.10.43.22.03.001\附图\231.10.43.22.03.001-2.jpg,264,watch,,dummy_images\WATCH\4.OMEGA\11.27\已整理\17.OMEGA SEAMASTER AQUA TERRA 150 M GMT WATCH 231.10.43.22.03.001\附图\231.10.43.22.03.001-2.jpg,cvs\new_watermark.png
dummy_images\WATCH\4.OMEGA\11.27\原图\17.OMEGA SEAMASTER AQUA TERRA 150 M GMT WATCH 231.10.43.22.03.001\附图\231.10.43.22.03.001-3.jpg,264,watch,,dummy_images\WATCH\4.OMEGA\11.27\已整理\17.OMEGA SEAMASTER AQUA TERRA 150 M GMT WATCH 231.10.43.22.03.001\附图\231.10.43.22.03.001-3.jpg,cvs\new_watermark.png
dummy_images\WATCH\4.OMEGA\11.27\原图\18.OMEGA SEAMASTER SEAMASTER PLANET OCEAN 300M WATCH 210.30.42.20.01.001\主图\210.30.42.20.01.001.jpg,265,watch,,,cvs\new_watermark.png
dummy_images\WATCH\4.OMEGA\11.27\原图\18.OMEGA SEAMASTER SEAMASTER PLANET OCEAN 300M WATCH 210.30.42.20.01.001\附图\210.30.42.20.01.001-1.jpg,265,watch,,dummy_images\WATCH\4.OMEGA\11.27\已整理\18.OMEGA SEAMASTER SEAMASTER PLANET OCEAN 300M WATCH 210.30.42.20.01.001\附图\210.30.42.20.01.001-1.jpg,cvs\new_watermark.png
dummy_images\WATCH\4.OMEGA\11.27\原图\18.OMEGA SEAMASTER SEAMASTER PLANET OCEAN 300M WATCH 210.30.42.20.01.001\附图\210.30.42.20.01.001-2.jpg,265,watch,,dummy_images\WATCH\4.OMEGA\11.27\已整理\18.OMEGA SEAMASTER SEAMASTER PLANET OCEAN 300M WATCH 210.30.42.20.01.001\附图\210.30.42.20.01.001-2.jpg,cvs\new_watermark.png
dummy_images\WATCH\4.OMEGA\11.27\原图\18.OMEGA SEAMASTER SEAMASTER PLANET OCEAN 300M WATCH 210.30.42.20.01.001\附图\210.30.42.20.01.001-3.jpg,265,watch,,dummy_images\WATCH\4.OMEGA\11.27\已整理\18.OMEGA SEAMASTER SEAMASTER PLANET OCEAN 300M WATCH 210.30.42.20.01.001\附图\210.30.42.20.01.001-3.jpg,cvs\new_watermark.png
dummy_images\WATCH\4.OMEGA\11.27\原图\21.OMEGA SEAMASTER AQUA TERRA 150M WATCH 231.10.42.21.02.004\主图\231.10.42.21.02.004.jpg,266,watch,,,cvs\new_watermark.png
dummy_images\WATCH\4.OMEGA\11.27\原图\21.OMEGA SEAMASTER AQUA TERRA 150M WATCH 231.10.42.21.02.004\附图\231.10.42.21.02.004-1.jpg,266,watch,,dummy_images\WATCH\4.OMEGA\11.27\已整理\21.OMEGA SEAMASTER AQUA TERRA 150M WATCH 231.10.42.21.02.004\附图\231.10.42.21.02.004-1.jpg,cvs\new_watermark.png
dummy_images\WATCH\4.OMEGA\11.27\原图\21.OMEGA SEAMASTER AQUA TERRA 150M WATCH 231.10.42.21.02.004\附图\231.10.42.21.02.004-2.jpg,266,watch,,dummy_images\WATCH\4.OMEGA\11.27\已整理\21.OMEGA SEAMASTER AQUA TERRA 150M WATCH 231.10.42.21.02.004\附图\231.10.42.21.02.004-2.jpg,cvs\new_watermark.png
dummy_images\WATCH\4.OMEGA\11.27\原图\21.OMEGA SEAMASTER AQUA TERRA 150M WATCH 231.10.42.21.02.004\附图\231.10.42.21.02.004-3.jpg,266,watch,,dummy_images\WATCH\4.OMEGA\11.27\已整理\21.OMEGA SEAMASTER AQUA TERRA 150M WATCH 231.10.42.21.02.004\附图\231.10.42.21.02.004-3.jpg,cvs\new_watermark.png
dummy_images\WATCH\4.OMEGA\11.27\原图\21.OMEGA SEAMASTER AQUA TERRA 150M WATCH 231.10.42.21.02.004\附图\231.10.42.21.02.004-4.jpg,266,watch,,dummy_images\WATCH\4.OMEGA\11.27\已整理\21.OMEGA SEAMASTER AQUA TERRA 150M WATCH 231.10.42.21.02.004\附图\231.10.42.21.02.004-4.jpg,cvs\new_watermark.png
dummy_images\WATCH\4.OMEGA\11.27\原图\21.OMEGA SEAMASTER AQUA TERRA 150M WATCH 231.10.42.21.02.004\附图\231.10.42.21.02.004-5.jpg,266,watch,,dummy_images\WATCH\4.OMEGA\11.27\已整理\21.OMEGA SEAMASTER AQUA TERRA 150M WATCH 231.10.42.21.02.004\附图\231.10.42.21.02.004-5.jpg,cvs\new_watermark.png
dummy_images\WATCH\4.OMEGA\11.27\原图\24.OMEGA SEAMASTER AQUA TERRA 231.10.42.21.01.006\主图\231.10.42.21.01.006.jpg,267,watch,,,cvs\new_watermark.png
dummy_images\WATCH\4.OMEGA\11.27\原图\24.OMEGA SEAMASTER AQUA TERRA 231.10.42.21.01.006\附图\231.10.42.21.01.006-1.jpg,267,watch,,dummy_images\WATCH\4.OMEGA\11.27\已整理\24.OMEGA SEAMASTER AQUA TERRA 231.10.42.21.01.006\附图\231.10.42.21.01.006-1.jpg,cvs\new_watermark.png
dummy_images\WATCH\4.OMEGA\11.27\原图\24.OMEGA SEAMASTER AQUA TERRA 231.10.42.21.01.006\附图\231.10.42.21.01.006-2.jpg,267,watch,,dummy_images\WATCH\4.OMEGA\11.27\已整理\24.OMEGA SEAMASTER AQUA TERRA 231.10.42.21.01.006\附图\231.10.42.21.01.006-2.jpg,cvs\new_watermark.png
dummy_images\WATCH\4.OMEGA\11.27\原图\24.OMEGA SEAMASTER AQUA TERRA 231.10.42.21.01.006\附图\231.10.42.21.01.006-3.jpg,267,watch,,dummy_images\WATCH\4.OMEGA\11.27\已整理\24.OMEGA SEAMASTER AQUA TERRA 231.10.42.21.01.006\附图\231.10.42.21.01.006-3.jpg,cvs\new_watermark.png
dummy_images\WATCH\4.OMEGA\11.27\原图\24.OMEGA SEAMASTER AQUA TERRA 231.10.42.21.01.006\附图\231.10.42.21.01.006-4.jpg,267,watch,,dummy_images\WATCH\4.OMEGA\11.27\已整理\24.OMEGA SEAMASTER AQUA TERRA 231.10.42.21.01.006\附图\231.10.42.21.01.006-4.jpg,cvs\new_watermark.png
dummy_images\WATCH\4.OMEGA\11.28\原图\3.OMEGA SEAMASTER 30 SERIES WATCH 1970\主图\1970.jpg,285,watch,,,cvs\new_watermark.png
dummy_images\WATCH\4.OMEGA\11.28\原图\3.OMEGA SEAMASTER 30 SERIES WATCH 1970\附图\1970-1.jpg,285,watch,,dummy_images\WATCH\4.OMEGA\11.28\已整理\3.OMEGA SEAMASTER 30 SERIES WATCH 1970\附图\1970-1.jpg,cvs\new_watermark.png
dummy_images\WATCH\4.OMEGA\11.28\原图\3.OMEGA SEAMASTER 30 SERIES WATCH 1970\附图\1970-2.jpg,285,watch,,dummy_images\WATCH\4.OMEGA\11.28\已整理\3.OMEGA SEAMASTER 30 SERIES WATCH 1970\附图\1970-2.jpg,cvs\new_watermark.png
dummy_images\WATCH\4.OMEGA\11.28\原图\3.OMEGA SEAMASTER 30 SERIES WATCH 1970\附图\1970-3.jpg,285,watch,,dummy_images\WATCH\4.OMEGA\11.28\已整理\3.OMEGA SEAMASTER 30 SERIES WATCH 1970\附图\1970-3.jpg,cvs\new_watermark.png
dummy_images\WATCH\4.OMEGA\11.28\原图\3.OMEGA SEAMASTER 30 SERIES WATCH 1970\附图\1970-4.jpg,285,watch,,dummy_images\WATCH\4.OMEGA\11.28\已整理\3.OMEGA SEAMASTER 30 SERIES WATCH 1970\附图\1970-4.jpg,cvs\new_watermark.png
dummy_images\WATCH\4.OMEGA\11.28\原图\4.OMEGA DE VILLE PRESTIGE 424.10.37.20.01.001\主图\424.10.37.20.01.001.jpg,286,watch,,,cvs\new_watermark.png
dummy_images\WATCH\4.OMEGA\11.28\原图\4.OMEGA DE VILLE PRESTIGE 424.10.37.20.01.001\附图\424.10.37.20.01.001-1.jpg,286,watch,,dummy_images\WATCH\4.OMEGA\11.28\已整理\4.OMEGA DE VILLE PRESTIGE 424.10.37.20.01.001\附图\424.10.37.20.01.001-1.jpg,cvs\new_watermark.png
dummy_images\WATCH\4.OMEGA\11.28\原图\4.OMEGA DE VILLE PRESTIGE 424.10.37.20.01.001\附图\424.10.37.20.01.001-2.jpg,286,watch,,dummy_images\WATCH\4.OMEGA\11.28\已整理\4.OMEGA DE VILLE PRESTIGE 424.10.37.20.01.001\附图\424.10.37.20.01.001-2.jpg,cvs\new_watermark.png
dummy_images\WATCH\4.OMEGA\11.28\原图\4.OMEGA DE VILLE PRESTIGE 424.10.37.20.01.001\附图\424.10.37.20.01.001-3.jpg,286,watch,,dummy_images\WATCH\4.OMEGA\11.28\已整理\4.OMEGA DE VILLE PRESTIGE 424.10.37.20.01.001\附图\424.10.37.20.01.001-3.jpg,cvs\new_watermark.png
dummy_images\WATCH\4.OMEGA\11.28\原图\5.OMEGA DE VILLE PRESTIGE CO-AXIAL WATCH 424.10.37.20.02.001\主图\10001_看图王.jpg,287,watch,,,cvs\new_watermark.png
dummy_images\WATCH\4.OMEGA\11.28\原图\5.OMEGA DE VILLE PRESTIGE CO-AXIAL WATCH 424.10.37.20.02.001\附图\10002_看图王.jpg,287,watch,,dummy_images\WATCH\4.OMEGA\11.28\已整理\5.OMEGA DE VILLE PRESTIGE CO-AXIAL WATCH 424.10.37.20.02.001\附图\424.10.37.20.02.001-2.jpg,cvs\new_watermark.png
dummy_images\WATCH\4.OMEGA\11.28\原图\5.OMEGA DE VILLE PRESTIGE CO-AXIAL WATCH 424.10.37.20.02.001\附图\10003_看图王.jpg,287,watch,,dummy_images\WATCH\4.OMEGA\11.28\已整理\5.OMEGA DE VILLE PRESTIGE CO-AXIAL WATCH 424.10.37.20.02.001\附图\424.10.37.20.02.001-3.jpg,cvs\new_watermark.png
dummy_images\WATCH\4.OMEGA\11.28\原图\5.OMEGA DE VILLE PRESTIGE CO-AXIAL WATCH 424.10.37.20.02.001\附图\10004_看图王.jpg,287,watch,,dummy_images\WATCH\4.OMEGA\11.28\已整理\5.OMEGA DE VILLE PRESTIGE CO-AXIAL WATCH 424.10.37.20.02.001\附图\424.10.37.20.02.001-1.jpg,cvs\new_watermark.png
dummy_images\WATCH\4.OMEGA\11.28\原图\7.OMEGA DE VILLE PRESTIGE CO-AXIAL WATCH 424.13.40.20.03.002\主图\10001_看图王.jpg,288,watch,,,cvs\new_watermark.png
dummy_images\WATCH\4.OMEGA\11.28\原图\7.OMEGA DE VILLE PRESTIGE CO-AXIAL WATCH 424.13.40.20.03.002\附图\10001.jpg,288,watch,,dummy_images\WATCH\4.OMEGA\11.28\已整理\7.OMEGA DE VILLE PRESTIGE CO-AXIAL WATCH 424.13.40.20.03.002\附图\24.13.40.20.03.002-1.jpg,cvs\new_watermark.png
dummy_images\WATCH\4.OMEGA\11.28\原图\7.OMEGA DE VILLE PRESTIGE CO-AXIAL WATCH 424.13.40.20.03.002\附图\10002.jpg,288,watch,,dummy_images\WATCH\4.OMEGA\11.28\已整理\7.OMEGA DE VILLE PRESTIGE CO-AXIAL WATCH 424.13.40.20.03.002\附图\24.13.40.20.03.002-2.jpg,cvs\new_watermark.png
dummy_images\WATCH\4.OMEGA\11.28\原图\7.OMEGA DE VILLE PRESTIGE CO-AXIAL WATCH 424.13.40.20.03.002\附图\10003.jpg,288,watch,,dummy_images\WATCH\4.OMEGA\11.28\已整理\7.OMEGA DE VILLE PRESTIGE CO-AXIAL WATCH 424.13.40.20.03.002\附图\24.13.40.20.03.002-3.jpg,cvs\new_watermark.png
dummy_images\WATCH\4.OMEGA\11.28\原图\12.OMEGA DE VILLE PRESTIGE CO-AXIAL WATCH 424.10.40.20.02.001\主图\424.10.40.20.02.001.png.jpg,289,watch,,,cvs\new_watermark.png
dummy_images\WATCH\4.OMEGA\11.28\原图\12.OMEGA DE VILLE PRESTIGE CO-AXIAL WATCH 424.10.40.20.02.001\附图\424.10.40.20.02.001-1.jpg,289,watch,,dummy_images\WATCH\4.OMEGA\11.28\已整理\12.OMEGA DE VILLE PRESTIGE CO-AXIAL WATCH 424.10.40.20.02.001\附图\424.10.40.20.02.001-1.jpg,cvs\new_watermark.png
dummy_images\WATCH\4.OMEGA\11.28\原图\12.OMEGA DE VILLE PRESTIGE CO-AXIAL WATCH 424.10.40.20.02.001\附图\424.10.40.20.02.001-2.jpg,289,watch,,dummy_images\WATCH\4.OMEGA\11.28\已整理\12.OMEGA DE VILLE PRESTIGE CO-AXIAL WATCH 424.10.40.20.02.001\附图\424.10.40.20.02.001-2.jpg,cvs\new_watermark.png
dummy_images\WATCH\4.OMEGA\11.28\原图\12.OMEGA DE VILLE PRESTIGE CO-AXIAL WATCH 424.10.40.20.02.001\附图\424.10.40.20.02.001-3.jpg,289,watch,,dummy_images\WATCH\4.OMEGA\11.28\已整理\12.OMEGA DE VILLE PRESTIGE CO-AXIAL WATCH 424.10.40.20.02.001\附图\424.10.40.20.02.001-3.jpg,cvs\new_watermark.png
dummy_images\WATCH\4.OMEGA\11.28\原图\12.OMEGA DE VILLE PRESTIGE CO-AXIAL WATCH 424.10.40.20.02.001\附图\424.10.40.20.02.001-4.jpg,289,watch,,dummy_images\WATCH\4.OMEGA\11.28\已整理\12.OMEGA DE VILLE PRESTIGE CO-AXIAL WATCH 424.10.40.20.02.001\附图\424.10.40.20.02.001-4.jpg,cvs\new_watermark.png
dummy_images\WATCH\4.OMEGA\11.28\原图\12.OMEGA DE VILLE PRESTIGE CO-AXIAL WATCH 424.10.40.20.02.001\附图\424.10.40.20.02.001-5.jpg,289,watch,,dummy_images\WATCH\4.OMEGA\11.28\已整理\12.OMEGA DE VILLE PRESTIGE CO-AXIAL WATCH 424.10.40.20.02.001\附图\424.10.40.20.02.001-5.jpg,cvs\new_watermark.png
dummy_images\WATCH\4.OMEGA\11.28\原图\12.OMEGA DE VILLE PRESTIGE CO-AXIAL WATCH 424.10.40.20.02.001\附图\424.10.40.20.02.001-6.jpg,289,watch,,dummy_images\WATCH\4.OMEGA\11.28\已整理\12.OMEGA DE VILLE PRESTIGE CO-AXIAL WATCH 424.10.40.20.02.001\附图\424.10.40.20.02.001-6.jpg,cvs\new_watermark.png
dummy_images\WATCH\4.OMEGA\11.28\原图\13.OMEGA DE VILLE PRESTIGE CO-AXIAL WATCH 424.10.40.20.02.002\主图\424.10.40.20.02.002.jpg,290,watch,,,cvs\new_watermark.png
dummy_images\WATCH\4.OMEGA\11.28\原图\13.OMEGA DE VILLE PRESTIGE CO-AXIAL WATCH 424.10.40.20.02.002\附图\424.10.40.20.02.002-1.jpg,290,watch,,dummy_images\WATCH\4.OMEGA\11.28\已整理\13.OMEGA DE VILLE PRESTIGE CO-AXIAL WATCH 424.10.40.20.02.002\附图\424.10.40.20.02.002-1.jpg,cvs\new_watermark.png
dummy_images\WATCH\4.OMEGA\11.28\原图\13.OMEGA DE VILLE PRESTIGE CO-AXIAL WATCH 424.10.40.20.02.002\附图\424.10.40.20.02.002-2.jpg,290,watch,,dummy_images\WATCH\4.OMEGA\11.28\已整理\13.OMEGA DE VILLE PRESTIGE CO-AXIAL WATCH 424.10.40.20.02.002\附图\424.10.40.20.02.002-2.jpg,cvs\new_watermark.png
dummy_images\WATCH\4.OMEGA\11.28\原图\13.OMEGA DE VILLE PRESTIGE CO-AXIAL WATCH 424.10.40.20.02.002\附图\424.10.40.20.02.002-3.jpg,290,watch,,dummy_images\WATCH\4.OMEGA\11.28\已整理\13.OMEGA DE VILLE PRESTIGE CO-AXIAL WATCH 424.10.40.20.02.002\附图\424.10.40.20.02.002-3.jpg,cvs\new_watermark.png
dummy_images\WATCH\4.OMEGA\11.28\原图\13.OMEGA DE VILLE PRESTIGE CO-AXIAL WATCH 424.10.40.20.02.002\附图\424.10.40.20.02.002-4.jpg,290,watch,,dummy_images\WATCH\4.OMEGA\11.28\已整理\13.OMEGA DE VILLE PRESTIGE CO-AXIAL WATCH 424.10.40.20.02.002\附图\424.10.40.20.02.002-4.jpg,cvs\new_watermark.png
dummy_images\WATCH\4.OMEGA\11.28\原图\14.OMEGA SEAMASTER AQUA TERRA 150M WATCH 231.10.42.21.03.006\主图\231.10.42.21.03.006.jpg,291,watch,,,cvs\new_watermark.png
dummy_images\WATCH\4.OMEGA\11.28\原图\14.OMEGA SEAMASTER AQUA TERRA 150M WATCH 231.10.42.21.03.006\附图\231.10.42.21.03.006-1.jpg,291,watch,,dummy_images\WATCH\4.OMEGA\11.28\已整理\14.OMEGA SEAMASTER AQUA TERRA 150M WATCH 231.10.42.21.03.006\附图\231.10.42.21.03.006-1.jpg,cvs\new_watermark.png
dummy_images\WATCH\4.OMEGA\11.28\原图\14.OMEGA SEAMASTER AQUA TERRA 150M WATCH 231.10.42.21.03.006\附图\231.10.42.21.03.006-2.jpg,291,watch,,dummy_images\WATCH\4.OMEGA\11.28\已整理\14.OMEGA SEAMASTER AQUA TERRA 150M WATCH 231.10.42.21.03.006\附图\231.10.42.21.03.006-2.jpg,cvs\new_watermark.png
dummy_images\WATCH\4.OMEGA\11.28\原图\14.OMEGA SEAMASTER AQUA TERRA 150M WATCH 231.10.42.21.03.006\附图\231.10.42.21.03.006-3.jpg,291,watch,,dummy_images\WATCH\4.OMEGA\11.28\已整理\14.OMEGA SEAMASTER AQUA TERRA 150M WATCH 231.10.42.21.03.006\附图\231.10.42.21.03.006-3.jpg,cvs\new_watermark.png
dummy_images\WATCH\4.OMEGA\11.28\原图\15...OMEGA SEAMASTER PLANET OCEAN 600M WATCH 232.30.44.22.01.001\主图\232.30.44.22.01.001.jpg,292,watch,,,cvs\new_watermark.png
dummy_images\WATCH\4.OMEGA\11.28\原图\15...OMEGA SEAMASTER PLANET OCEAN 600M WATCH 232.30.44.22.01.001\附图\232.30.44.22.01.001-1.jpg,292,watch,,dummy_images\WATCH\4.OMEGA\11.28\已整理\15...OMEGA SEAMASTER PLANET OCEAN 600M WATCH 232.30.44.22.01.001\附图\232.30.44.22.01.001-1.jpg,cvs\new_watermark.png
dummy_images\WATCH\4.OMEGA\11.28\原图\15...OMEGA SEAMASTER PLANET OCEAN 600M WATCH 232.30.44.22.01.001\附图\232.30.44.22.01.001-2.jpg,292,watch,,dummy_images\WATCH\4.OMEGA\11.28\已整理\15...OMEGA SEAMASTER PLANET OCEAN 600M WATCH 232.30.44.22.01.001\附图\232.30.44.22.01.001-2.jpg,cvs\new_watermark.png
dummy_images\WATCH\4.OMEGA\11.28\原图\15...OMEGA SEAMASTER PLANET OCEAN 600M WATCH 232.30.44.22.01.001\附图\232.30.44.22.01.001-3.jpg,292,watch,,dummy_images\WATCH\4.OMEGA\11.28\已整理\15...OMEGA SEAMASTER PLANET OCEAN 600M WATCH 232.30.44.22.01.001\附图\232.30.44.22.01.001-3.jpg,cvs\new_watermark.png
dummy_images\WATCH\4.OMEGA\11.28\原图\15...OMEGA SEAMASTER PLANET OCEAN 600M WATCH 232.30.44.22.01.001\附图\232.30.44.22.01.001-4.jpg,292,watch,,dummy_images\WATCH\4.OMEGA\11.28\已整理\15...OMEGA SEAMASTER PLANET OCEAN 600M WATCH 232.30.44.22.01.001\附图\232.30.44.22.01.001-4.jpg,cvs\new_watermark.png
dummy_images\WATCH\4.OMEGA\11.28\原图\16.OMEGA SEAMASTER PLANET OCEAN 600M WATCH 232.30.44.22.03.001\主图\232.30.44.22.03.001.jpg,293,watch,,,cvs\new_watermark.png
dummy_images\WATCH\4.OMEGA\11.28\原图\16.OMEGA SEAMASTER PLANET OCEAN 600M WATCH 232.30.44.22.03.001\附图\232.30.44.22.03.001-1.jpg,293,watch,,dummy_images\WATCH\4.OMEGA\11.28\已整理\16.OMEGA SEAMASTER PLANET OCEAN 600M WATCH 232.30.44.22.03.001\附图\232.30.44.22.03.001-1.jpg,cvs\new_watermark.png
dummy_images\WATCH\4.OMEGA\11.28\原图\16.OMEGA SEAMASTER PLANET OCEAN 600M WATCH 232.30.44.22.03.001\附图\232.30.44.22.03.001-02.jpg,293,watch,,dummy_images\WATCH\4.OMEGA\11.28\已整理\16.OMEGA SEAMASTER PLANET OCEAN 600M WATCH 232.30.44.22.03.001\附图\232.30.44.22.03.001-02.jpg,cvs\new_watermark.png
dummy_images\WATCH\4.OMEGA\11.28\原图\16.OMEGA SEAMASTER PLANET OCEAN 600M WATCH 232.30.44.22.03.001\附图\232.30.44.22.03.001-3.jpg,293,watch,,dummy_images\WATCH\4.OMEGA\11.28\已整理\16.OMEGA SEAMASTER PLANET OCEAN 600M WATCH 232.30.44.22.03.001\附图\232.30.44.22.03.001-3.jpg,cvs\new_watermark.png
dummy_images\WATCH\4.OMEGA\11.28\原图\16.OMEGA SEAMASTER PLANET OCEAN 600M WATCH 232.30.44.22.03.001\附图\232.30.44.22.03.001-04.jpg,293,watch,,dummy_images\WATCH\4.OMEGA\11.28\已整理\16.OMEGA SEAMASTER PLANET OCEAN 600M WATCH 232.30.44.22.03.001\附图\232.30.44.22.03.001-04.jpg,cvs\new_watermark.png
dummy_images\WATCH\4.OMEGA\11.28\原图\16.OMEGA SEAMASTER PLANET OCEAN 600M WATCH 232.30.44.22.03.001\附图\232.30.44.22.03.001-05.jpg,293,watch,,dummy_images\WATCH\4.OMEGA\11.28\已整理\16.OMEGA SEAMASTER PLANET OCEAN 600M WATCH 232.30.44.22.03.001\附图\232.30.44.22.03.001-05.jpg,cvs\new_watermark.png
dummy_images\WATCH\4.OMEGA\11.28\原图\17.OMEGASEAMASTER AQUA TERRA WATCH 231.10.42.21.02.005\主图\231.10.42.21.02.005.png,294,watch,,,cvs\new_watermark.png
dummy_images\WATCH\4.OMEGA\11.28\原图\17.OMEGASEAMASTER AQUA TERRA WATCH 231.10.42.21.02.005\附图\231.10.42.21.02.005-1.png,294,watch,,dummy_images\WATCH\4.OMEGA\11.28\已整理\17.OMEGASEAMASTER AQUA TERRA WATCH 231.10.42.21.02.005\附图\231.10.42.21.02.005-1.png,cvs\new_watermark.png
dummy_images\WATCH\4.OMEGA\11.28\原图\17.OMEGASEAMASTER AQUA TERRA WATCH 231.10.42.21.02.005\附图\231.10.42.21.02.005-2.png,294,watch,,dummy_images\WATCH\4.OMEGA\11.28\已整理\17.OMEGASEAMASTER AQUA TERRA WATCH 231.10.42.21.02.005\附图\231.10.42.21.02.005-2.png,cvs\new_watermark.png
dummy_images\WATCH\4.OMEGA\11.28\原图\17.OMEGASEAMASTER AQUA TERRA WATCH 231.10.42.21.02.005\附图\231.10.42.21.02.005-3.png,294,watch,,dummy_images\WATCH\4.OMEGA\11.28\已整理\17.OMEGASEAMASTER AQUA TERRA WATCH 231.10.42.21.02.005\附图\231.10.42.21.02.005-3.png,cvs\new_watermark.png
dummy_images\WATCH\4.OMEGA\11.28\原图\18...OMEGA DE VILLE PRESTIGE ORBIS BLUE WATCH 424.10.40.20.03.003\主图\424.10.40.20.03.003.png,295,watch,,,cvs\new_watermark.png
dummy_images\WATCH\4.OMEGA\11.28\原图\18...OMEGA DE VILLE PRESTIGE ORBIS BLUE WATCH 424.10.40.20.03.003\附图\424.10.40.20.03.003-1.png,295,watch,,dummy_images\WATCH\4.OMEGA\11.28\已整理\18...OMEGA DE VILLE PRESTIGE ORBIS BLUE WATCH 424.10.40.20.03.003\附图\424.10.40.20.03.003-1.png,cvs\new_watermark.png
dummy_images\WATCH\4.OMEGA\11.28\原图\18...OMEGA DE VILLE PRESTIGE ORBIS BLUE WATCH 424.10.40.20.03.003\附图\424.10.40.20.03.003-2.jpg,295,watch,,dummy_images\WATCH\4.OMEGA\11.28\已整理\18...OMEGA DE VILLE PRESTIGE ORBIS BLUE WATCH 424.10.40.20.03.003\附图\424.10.40.20.03.003-2.jpg,cvs\new_watermark.png
dummy_images\WATCH\4.OMEGA\11.28\原图\18...OMEGA DE VILLE PRESTIGE ORBIS BLUE WATCH 424.10.40.20.03.003\附图\424.10.40.20.03.003-3.png,295,watch,,dummy_images\WATCH\4.OMEGA\11.28\已整理\18...OMEGA DE VILLE PRESTIGE ORBIS BLUE WATCH 424.10.40.20.03.003\附图\424.10.40.20.03.003-3.png,cvs\new_watermark.png
dummy_images\WATCH\4.OMEGA\11.28\原图\20.OMEGA DE VILLE PRESTIGE WATCH 4813.30.01\主图\4813.30.01.jpg,296,watch,,,cvs\new_watermark.png
dummy_images\WATCH\4.OMEGA\11.28\原图\20.OMEGA DE VILLE PRESTIGE WATCH 4813.30.01\附图\4813.30.01-1.jpg,296,watch,,dummy_images\WATCH\4.OMEGA\11.28\已整理\20.OMEGA DE VILLE PRESTIGE WATCH 4813.30.01\附图\4813.30.01-1.jpg,cvs\new_watermark.png
dummy_images\WATCH\4.OMEGA\11.28\原图\20.OMEGA DE VILLE PRESTIGE WATCH 4813.30.01\附图\4813.30.01-2.jpg,296,watch,,dummy_images\WATCH\4.OMEGA\11.28\已整理\20.OMEGA DE VILLE PRESTIGE WATCH 4813.30.01\附图\4813.30.01-2.jpg,cvs\new_watermark.png
dummy_images\WATCH\4.OMEGA\11.28\原图\20.OMEGA DE VILLE PRESTIGE WATCH 4813.30.01\附图\4813.30.01-3.jpg,296,watch,,dummy_images\WATCH\4.OMEGA\11.28\已整理\20.OMEGA DE VILLE PRESTIGE WATCH 4813.30.01\附图\4813.30.01-3.jpg,cvs\new_watermark.png
dummy_images\WATCH\4.OMEGA\11.28\原图\21.OMEGA DE VILLE PRESTIGE WATCH 4813.40.01\主图\4813.40.01.jpg,297,watch,,,cvs\new_watermark.png
dummy_images\WATCH\4.OMEGA\11.28\原图\21.OMEGA DE VILLE PRESTIGE WATCH 4813.40.01\附图\4813.40.01-1.jpg,297,watch,,dummy_images\WATCH\4.OMEGA\11.28\已整理\21.OMEGA DE VILLE PRESTIGE WATCH 4813.40.01\附图\4813.40.01-1.jpg,cvs\new_watermark.png
dummy_images\WATCH\4.OMEGA\11.28\原图\21.OMEGA DE VILLE PRESTIGE WATCH 4813.40.01\附图\4813.40.01-2.jpg,297,watch,,dummy_images\WATCH\4.OMEGA\11.28\已整理\21.OMEGA DE VILLE PRESTIGE WATCH 4813.40.01\附图\4813.40.01-2.jpg,cvs\new_watermark.png
dummy_images\WATCH\4.OMEGA\11.28\原图\21.OMEGA DE VILLE PRESTIGE WATCH 4813.40.01\附图\4813.40.01-3.jpg,297,watch,,dummy_images\WATCH\4.OMEGA\11.28\已整理\21.OMEGA DE VILLE PRESTIGE WATCH 4813.40.01\附图\4813.40.01-3.jpg,cvs\new_watermark.png
dummy_images\WATCH\4.OMEGA\11.28\原图\22.OMEGA SEAMASTER 300 MASTER CO-AXIAL 41MM 'SPECTRE' LIMITED EDITION WATCH 233.32.41.21.01.001\主图\233.32.41.21.01.001.jpg,298,watch,,,cvs\new_watermark.png
dummy_images\WATCH\4.OMEGA\11.28\原图\22.OMEGA SEAMASTER 300 MASTER CO-AXIAL 41MM 'SPECTRE' LIMITED EDITION WATCH 233.32.41.21.01.001\附图\233.32.41.21.01.001-1.jpg,298,watch,,dummy_images\WATCH\4.OMEGA\11.28\已整理\22.OMEGA SEAMASTER 300 MASTER CO-AXIAL 41MM 'SPECTRE' LIMITED EDITION WATCH 233.32.41.21.01.001\附图\233.32.41.21.01.001-1.jpg,cvs\new_watermark.png
dummy_images\WATCH\4.OMEGA\11.28\原图\22.OMEGA SEAMASTER 300 MASTER CO-AXIAL 41MM 'SPECTRE' LIMITED EDITION WATCH 233.32.41.21.01.001\附图\233.32.41.21.01.001-2.jpg,298,watch,,dummy_images\WATCH\4.OMEGA\11.28\已整理\22.OMEGA SEAMASTER 300 MASTER CO-AXIAL 41MM 'SPECTRE' LIMITED EDITION WATCH 233.32.41.21.01.001\附图\233.32.41.21.01.001-2.jpg,cvs\new_watermark.png
dummy_images\WATCH\4.OMEGA\11.28\原图\22.OMEGA SEAMASTER 300 MASTER CO-AXIAL 41MM 'SPECTRE' LIMITED EDITION WATCH 233.32.41.21.01.001\附图\233.32.41.21.01.001-3.jpg,298,watch,,dummy_images\WATCH\4.OMEGA\11.28\已整理\22.OMEGA SEAMASTER 300 MASTER CO-AXIAL 41MM 'SPECTRE' LIMITED EDITION WATCH 233.32.41.21.01.001\附图\233.32.41.21.01.001-3.jpg,cvs\new_watermark.png
dummy_images\WATCH\4.OMEGA\11.28\原图\22.OMEGA SEAMASTER 300 MASTER CO-AXIAL 41MM 'SPECTRE' LIMITED EDITION WATCH 233.32.41.21.01.001\附图\233.32.41.21.01.001-4.jpg,298,watch,,dummy_images\WATCH\4.OMEGA\11.28\已整理\22.OMEGA SEAMASTER 300 MASTER CO-AXIAL 41MM 'SPECTRE' LIMITED EDITION WATCH 233.32.41.21.01.001\附图\233.32.41.21.01.001-4.jpg,cvs\new_watermark.png
dummy_images\WATCH\4.OMEGA\11.28\原图\24.OMEGA SEAMASTER AQUA TERRA WATCH 231.10.42.21.02.003\主图\231.10.42.21.02.003.jpg,299,watch,,,cvs\new_watermark.png
dummy_images\WATCH\4.OMEGA\11.28\原图\24.OMEGA SEAMASTER AQUA TERRA WATCH 231.10.42.21.02.003\附图\231.10.42.21.02.003-1.jpg,299,watch,,dummy_images\WATCH\4.OMEGA\11.28\已整理\24.OMEGA SEAMASTER AQUA TERRA WATCH 231.10.42.21.02.003\附图\231.10.42.21.02.003-1.jpg,cvs\new_watermark.png
dummy_images\WATCH\4.OMEGA\11.28\原图\24.OMEGA SEAMASTER AQUA TERRA WATCH 231.10.42.21.02.003\附图\231.10.42.21.02.003-2.jpg,299,watch,,dummy_images\WATCH\4.OMEGA\11.28\已整理\24.OMEGA SEAMASTER AQUA TERRA WATCH 231.10.42.21.02.003\附图\231.10.42.21.02.003-2.jpg,cvs\new_watermark.png
dummy_images\WATCH\4.OMEGA\11.28\原图\24.OMEGA SEAMASTER AQUA TERRA WATCH 231.10.42.21.02.003\附图\231.10.42.21.02.003-3.jpg,299,watch,,dummy_images\WATCH\4.OMEGA\11.28\已整理\24.OMEGA SEAMASTER AQUA TERRA WATCH 231.10.42.21.02.003\附图\231.10.42.21.02.003-3.jpg,cvs\new_watermark.png
dummy_images\WATCH\4.OMEGA\11.28\原图\24.OMEGA SEAMASTER AQUA TERRA WATCH 231.10.42.21.02.003\附图\231.10.42.21.02.003-4.jpg,299,watch,,dummy_images\WATCH\4.OMEGA\11.28\已整理\24.OMEGA SEAMASTER AQUA TERRA WATCH 231.10.42.21.02.003\附图\231.10.42.21.02.003-4.jpg,cvs\new_watermark.png
dummy_images\WATCH\4.OMEGA\11.28\原图\25.OMEGA PLANET OCEAN WATCH 222.30.42.20.01.001\主图\222.30.42.20.01.001.jpg,300,watch,,,cvs\new_watermark.png
dummy_images\WATCH\4.OMEGA\11.28\原图\25.OMEGA PLANET OCEAN WATCH 222.30.42.20.01.001\附图\222.30.42.20.01.001-1.jpg,300,watch,,dummy_images\WATCH\4.OMEGA\11.28\已整理\25.OMEGA PLANET OCEAN WATCH 222.30.42.20.01.001\附图\222.30.42.20.01.001-1.jpg,cvs\new_watermark.png
dummy_images\WATCH\4.OMEGA\11.28\原图\25.OMEGA PLANET OCEAN WATCH 222.30.42.20.01.001\附图\222.30.42.20.01.001-2.jpg,300,watch,,dummy_images\WATCH\4.OMEGA\11.28\已整理\25.OMEGA PLANET OCEAN WATCH 222.30.42.20.01.001\附图\222.30.42.20.01.001-2.jpg,cvs\new_watermark.png
dummy_images\WATCH\4.OMEGA\11.28\原图\25.OMEGA PLANET OCEAN WATCH 222.30.42.20.01.001\附图\222.30.42.20.01.001-3.jpg,300,watch,,dummy_images\WATCH\4.OMEGA\11.28\已整理\25.OMEGA PLANET OCEAN WATCH 222.30.42.20.01.001\附图\222.30.42.20.01.001-3.jpg,cvs\new_watermark.png
dummy_images\WATCH\4.OMEGA\11.28\原图\25.OMEGA PLANET OCEAN WATCH 222.30.42.20.01.001\附图\222.30.42.20.01.001-4.jpg,300,watch,,dummy_images\WATCH\4.OMEGA\11.28\已整理\25.OMEGA PLANET OCEAN WATCH 222.30.42.20.01.001\附图\222.30.42.20.01.001-4.jpg,cvs\new_watermark.png
dummy_images\WATCH\4.OMEGA\11.28\原图\30.OMEGA SEAMASTER DIVER 300M WATCH 210.32.42.20.06.001\主图\210.32.42.20.06.001.png,301,watch,,,cvs\new_watermark.png
dummy_images\WATCH\4.OMEGA\11.28\原图\30.OMEGA SEAMASTER DIVER 300M WATCH 210.32.42.20.06.001\附图\210.32.42.20.06.001-1.png,301,watch,,dummy_images\WATCH\4.OMEGA\11.28\已整理\30...OMEGA SEAMASTER DIVER 300M WATCH 210.32.42.20.06.001\附图\210.32.42.20.06.001-1.png,cvs\new_watermark.png
dummy_images\WATCH\4.OMEGA\11.28\原图\30.OMEGA SEAMASTER DIVER 300M WATCH 210.32.42.20.06.001\附图\210.32.42.20.06.001-2.png,301,watch,,dummy_images\WATCH\4.OMEGA\11.28\已整理\30...OMEGA SEAMASTER DIVER 300M WATCH 210.32.42.20.06.001\附图\210.32.42.20.06.001-2.png,cvs\new_watermark.png
dummy_images\WATCH\4.OMEGA\11.28\原图\30.OMEGA SEAMASTER DIVER 300M WATCH 210.32.42.20.06.001\附图\210.32.42.20.06.001-3.png,301,watch,,dummy_images\WATCH\4.OMEGA\11.28\已整理\30...OMEGA SEAMASTER DIVER 300M WATCH 210.32.42.20.06.001\附图\210.32.42.20.06.001-3.png,cvs\new_watermark.png
dummy_images\WATCH\4.OMEGA\11.28\原图\30.OMEGA SEAMASTER DIVER 300M WATCH 210.32.42.20.06.001\附图\210.32.42.20.06.001-4.png,301,watch,,dummy_images\WATCH\4.OMEGA\11.28\已整理\30...OMEGA SEAMASTER DIVER 300M WATCH 210.32.42.20.06.001\附图\210.32.42.20.06.001-4.png,cvs\new_watermark.png
dummy_images\WATCH\4.OMEGA\11.29\原图\1...OMEGA SEAMASTER DIVER 300M WATCH 210.32.42.20.03.001\主图\210.32.42.20.03.001.png.jpg,314,watch,,,cvs\new_watermark.png
dummy_images\WATCH\4.OMEGA\11.29\原图\1...OMEGA SEAMASTER DIVER 300M WATCH 210.32.42.20.03.001\附图\210.32.42.20.03.001-1.png,314,watch,,dummy_images\WATCH\4.OMEGA\11.29\已整理\1...OMEGA SEAMASTER DIVER 300M WATCH 210.32.42.20.03.001\附图\210.32.42.20.03.001-1.png,cvs\new_watermark.png
dummy_images\WATCH\4.OMEGA\11.29\原图\1...OMEGA SEAMASTER DIVER 300M WATCH 210.32.42.20.03.001\附图\210.32.42.20.03.001-2.png,314,watch,,dummy_images\WATCH\4.OMEGA\11.29\已整理\1...OMEGA SEAMASTER DIVER 300M WATCH 210.32.42.20.03.001\附图\210.32.42.20.03.001-2.png,cvs\new_watermark.png
dummy_images\WATCH\4.OMEGA\11.29\原图\1...OMEGA SEAMASTER DIVER 300M WATCH 210.32.42.20.03.001\附图\210.32.42.20.03.001-03.png,314,watch,,dummy_images\WATCH\4.OMEGA\11.29\已整理\1...OMEGA SEAMASTER DIVER 300M WATCH 210.32.42.20.03.001\附图\210.32.42.20.03.001-03.png,cvs\new_watermark.png
dummy_images\WATCH\4.OMEGA\11.29\原图\1...OMEGA SEAMASTER DIVER 300M WATCH 210.32.42.20.03.001\附图\210.32.42.20.03.001-4.png,314,watch,,dummy_images\WATCH\4.OMEGA\11.29\已整理\1...OMEGA SEAMASTER DIVER 300M WATCH 210.32.42.20.03.001\附图\210.32.42.20.03.001-4.png,cvs\new_watermark.png
dummy_images\WATCH\4.OMEGA\11.29\原图\5.OMEGA DE VILLE HOUR VISION WATCH 433.33.41.21.03.001\主图\433.33.41.21.03.001.jpg,315,watch,,,cvs\new_watermark.png
dummy_images\WATCH\4.OMEGA\11.29\原图\5.OMEGA DE VILLE HOUR VISION WATCH 433.33.41.21.03.001\附图\433.33.41.21.03.001-1.jpg,315,watch,,dummy_images\WATCH\4.OMEGA\11.29\已整理\5.OMEGA DE VILLE HOUR VISION WATCH 433.33.41.21.03.001\附图\433.33.41.21.03.001-1.jpg,cvs\new_watermark.png
dummy_images\WATCH\4.OMEGA\11.29\原图\5.OMEGA DE VILLE HOUR VISION WATCH 433.33.41.21.03.001\附图\433.33.41.21.03.001-2.jpeg,315,watch,,dummy_images\WATCH\4.OMEGA\11.29\已整理\5.OMEGA DE VILLE HOUR VISION WATCH 433.33.41.21.03.001\附图\433.33.41.21.03.001-2.jpeg,cvs\new_watermark.png
dummy_images\WATCH\4.OMEGA\11.29\原图\5.OMEGA DE VILLE HOUR VISION WATCH 433.33.41.21.03.001\附图\433.33.41.21.03.001-3.jpeg,315,watch,,dummy_images\WATCH\4.OMEGA\11.29\已整理\5.OMEGA DE VILLE HOUR VISION WATCH 433.33.41.21.03.001\附图\433.33.41.21.03.001-3.jpeg,cvs\new_watermark.png
dummy_images\WATCH\4.OMEGA\11.29\原图\8.OMEGA SEAMASTER 300M WATCH 210.92.44.20.01.001\主图\210.92.44.20.01.001.jpg,316,watch,,,cvs\new_watermark.png
dummy_images\WATCH\4.OMEGA\11.29\原图\8.OMEGA SEAMASTER 300M WATCH 210.92.44.20.01.001\附图\210.92.44.20.01.001-1.jpg,316,watch,,dummy_images\WATCH\4.OMEGA\11.29\已整理\8.OMEGA SEAMASTER 300M WATCH 210.92.44.20.01.001\附图\210.92.44.20.01.001-1.jpg,cvs\new_watermark.png
dummy_images\WATCH\4.OMEGA\11.29\原图\8.OMEGA SEAMASTER 300M WATCH 210.92.44.20.01.001\附图\210.92.44.20.01.001-2.jpg,316,watch,,dummy_images\WATCH\4.OMEGA\11.29\已整理\8.OMEGA SEAMASTER 300M WATCH 210.92.44.20.01.001\附图\210.92.44.20.01.001-2.jpg,cvs\new_watermark.png
dummy_images\WATCH\4.OMEGA\11.29\原图\8.OMEGA SEAMASTER 300M WATCH 210.92.44.20.01.001\附图\210.92.44.20.01.001-3.jpg,316,watch,,dummy_images\WATCH\4.OMEGA\11.29\已整理\8.OMEGA SEAMASTER 300M WATCH 210.92.44.20.01.001\附图\210.92.44.20.01.001-3.jpg,cvs\new_watermark.png
dummy_images\WATCH\4.OMEGA\11.29\原图\9...OMEGA SEAMASTER DIVER 300M WATCH 210.22.42.20.03.002\主图\210.22.42.20.03.002.png,317,watch,,,cvs\new_watermark.png
dummy_images\WATCH\4.OMEGA\11.29\原图\9...OMEGA SEAMASTER DIVER 300M WATCH 210.22.42.20.03.002\附图\210.22.42.20.03.002-1.png,317,watch,,dummy_images\WATCH\4.OMEGA\11.29\已整理\9...OMEGA SEAMASTER DIVER 300M WATCH 210.22.42.20.03.002\附图\210.22.42.20.03.002-1.png,cvs\new_watermark.png
dummy_images\WATCH\4.OMEGA\11.29\原图\9...OMEGA SEAMASTER DIVER 300M WATCH 210.22.42.20.03.002\附图\210.22.42.20.03.002-2.png,317,watch,,dummy_images\WATCH\4.OMEGA\11.29\已整理\9...OMEGA SEAMASTER DIVER 300M WATCH 210.22.42.20.03.002\附图\210.22.42.20.03.002-2.png,cvs\new_watermark.png
dummy_images\WATCH\4.OMEGA\11.29\原图\9...OMEGA SEAMASTER DIVER 300M WATCH 210.22.42.20.03.002\附图\210.22.42.20.03.002-3.png,317,watch,,dummy_images\WATCH\4.OMEGA\11.29\已整理\9...OMEGA SEAMASTER DIVER 300M WATCH 210.22.42.20.03.002\附图\210.22.42.20.03.002-3.png,cvs\new_watermark.png
dummy_images\WATCH\4.OMEGA\11.29\原图\9...OMEGA SEAMASTER DIVER 300M WATCH 210.22.42.20.03.002\附图\210.22.42.20.03.002-4.png,317,watch,,dummy_images\WATCH\4.OMEGA\11.29\已整理\9...OMEGA SEAMASTER DIVER 300M WATCH 210.22.42.20.03.002\附图\210.22.42.20.03.002-4.png,cvs\new_watermark.png
dummy_images\WATCH\4.OMEGA\11.29\原图\10...OMEGA SEAMASTER DIVER 300M WATCH 210.20.42.20.03.002\主图\210.20.42.20.03.002.png,318,watch,,,cvs\new_watermark.png
dummy_images\WATCH\4.OMEGA\11.29\原图\10...OMEGA SEAMASTER DIVER 300M WATCH 210.20.42.20.03.002\附图\210.20.42.20.03.002-1.png,318,watch,,dummy_images\WATCH\4.OMEGA\11.29\已整理\10...OMEGA SEAMASTER DIVER 300M WATCH 210.20.42.20.03.002\附图\210.20.42.20.03.002-1.png,cvs\new_watermark.png
dummy_images\WATCH\4.OMEGA\11.29\原图\10...OMEGA SEAMASTER DIVER 300M WATCH 210.20.42.20.03.002\附图\210.20.42.20.03.002-2.png,318,watch,,dummy_images\WATCH\4.OMEGA\11.29\已整理\10...OMEGA SEAMASTER DIVER 300M WATCH 210.20.42.20.03.002\附图\210.20.42.20.03.002-2.png,cvs\new_watermark.png
dummy_images\WATCH\4.OMEGA\11.29\原图\10...OMEGA SEAMASTER DIVER 300M WATCH 210.20.42.20.03.002\附图\210.20.42.20.03.002-3.png,318,watch,,dummy_images\WATCH\4.OMEGA\11.29\已整理\10...OMEGA SEAMASTER DIVER 300M WATCH 210.20.42.20.03.002\附图\210.20.42.20.03.002-3.png,cvs\new_watermark.png
dummy_images\WATCH\4.OMEGA\11.29\原图\10...OMEGA SEAMASTER DIVER 300M WATCH 210.20.42.20.03.002\附图\210.20.42.20.03.002-4.png,318,watch,,dummy_images\WATCH\4.OMEGA\11.29\已整理\10...OMEGA SEAMASTER DIVER 300M WATCH 210.20.42.20.03.002\附图\210.20.42.20.03.002-4.png,cvs\new_watermark.png
dummy_images\WATCH\4.OMEGA\11.29\原图\10...OMEGA SEAMASTER DIVER 300M WATCH 210.20.42.20.03.002\附图\210.20.42.20.03.002-5.png,318,watch,,dummy_images\WATCH\4.OMEGA\11.29\已整理\10...OMEGA SEAMASTER DIVER 300M WATCH 210.20.42.20.03.002\附图\210.20.42.20.03.002-5.png,cvs\new_watermark.png
dummy_images\WATCH\4.OMEGA\11.29\原图\10...OMEGA SEAMASTER DIVER 300M WATCH 210.20.42.20.03.002\附图\210.20.42.20.03.002-6.png,318,watch,,dummy_images\WATCH\4.OMEGA\11.29\已整理\10...OMEGA SEAMASTER DIVER 300M WATCH 210.20.42.20.03.002\附图\210.20.42.20.03.002-6.png,cvs\new_watermark.png
dummy_images\WATCH\4.OMEGA\11.29\原图\11...OMEGA SEAMASTER DIVER 300M WATCH 210.20.42.20.01.001\主图\210.20.42.20.01.001.png,319,watch,,,cvs\new_watermark.png
dummy_images\WATCH\4.OMEGA\11.29\原图\11...OMEGA SEAMASTER DIVER 300M WATCH 210.20.42.20.01.001\附图\210.20.42.20.01.001-1.png,319,watch,,dummy_images\WATCH\4.OMEGA\11.29\已整理\11...OMEGA SEAMASTER DIVER 300M WATCH 210.20.42.20.01.001\附图\210.20.42.20.01.001-1.png,cvs\new_watermark.png
dummy_images\WATCH\4.OMEGA\11.29\原图\11...OMEGA SEAMASTER DIVER 300M WATCH 210.20.42.20.01.001\附图\210.20.42.20.01.001-2.png,319,watch,,dummy_images\WATCH\4.OMEGA\11.29\已整理\11...OMEGA SEAMASTER DIVER 300M WATCH 210.20.42.20.01.001\附图\210.20.42.20.01.001-2.png,cvs\new_watermark.png
dummy_images\WATCH\4.OMEGA\11.29\原图\11...OMEGA SEAMASTER DIVER 300M WATCH 210.20.42.20.01.001\附图\210.20.42.20.01.001-3.png,319,watch,,dummy_images\WATCH\4.OMEGA\11.29\已整理\11...OMEGA SEAMASTER DIVER 300M WATCH 210.20.42.20.01.001\附图\210.20.42.20.01.001-3.png,cvs\new_watermark.png
dummy_images\WATCH\4.OMEGA\11.29\原图\11...OMEGA SEAMASTER DIVER 300M WATCH 210.20.42.20.01.001\附图\210.20.42.20.01.001-4.png,319,watch,,dummy_images\WATCH\4.OMEGA\11.29\已整理\11...OMEGA SEAMASTER DIVER 300M WATCH 210.20.42.20.01.001\附图\210.20.42.20.01.001-4.png,cvs\new_watermark.png
dummy_images\WATCH\4.OMEGA\11.29\原图\11...OMEGA SEAMASTER DIVER 300M WATCH 210.20.42.20.01.001\附图\210.20.42.20.01.001-5.png,319,watch,,dummy_images\WATCH\4.OMEGA\11.29\已整理\11...OMEGA SEAMASTER DIVER 300M WATCH 210.20.42.20.01.001\附图\210.20.42.20.01.001-5.png,cvs\new_watermark.png
dummy_images\WATCH\4.OMEGA\11.29\原图\11...OMEGA SEAMASTER DIVER 300M WATCH 210.20.42.20.01.001\附图\210.20.42.20.01.001-6.png,319,watch,,dummy_images\WATCH\4.OMEGA\11.29\已整理\11...OMEGA SEAMASTER DIVER 300M WATCH 210.20.42.20.01.001\附图\210.20.42.20.01.001-6.png,cvs\new_watermark.png
dummy_images\WATCH\4.OMEGA\11.29\原图\12...OMEGA SEAMASTER DIVER 300M WATCH 210.22.42.20.01.002\主图\210.22.42.20.01.002.png,320,watch,,,cvs\new_watermark.png
dummy_images\WATCH\4.OMEGA\11.29\原图\12...OMEGA SEAMASTER DIVER 300M WATCH 210.22.42.20.01.002\附图\210.22.42.20.01.002-1.png,320,watch,,dummy_images\WATCH\4.OMEGA\11.29\已整理\12.OMEGA SEAMASTER DIVER 300M WATCH 210.22.42.20.01.002\附图\210.22.42.20.01.002-1.png,cvs\new_watermark.png
dummy_images\WATCH\4.OMEGA\11.29\原图\12...OMEGA SEAMASTER DIVER 300M WATCH 210.22.42.20.01.002\附图\210.22.42.20.01.002-2.png,320,watch,,dummy_images\WATCH\4.OMEGA\11.29\已整理\12.OMEGA SEAMASTER DIVER 300M WATCH 210.22.42.20.01.002\附图\210.22.42.20.01.002-2.png,cvs\new_watermark.png
dummy_images\WATCH\4.OMEGA\11.29\原图\12...OMEGA SEAMASTER DIVER 300M WATCH 210.22.42.20.01.002\附图\210.22.42.20.01.002-3.png,320,watch,,dummy_images\WATCH\4.OMEGA\11.29\已整理\12.OMEGA SEAMASTER DIVER 300M WATCH 210.22.42.20.01.002\附图\210.22.42.20.01.002-3.png,cvs\new_watermark.png
dummy_images\WATCH\4.OMEGA\11.29\原图\12...OMEGA SEAMASTER DIVER 300M WATCH 210.22.42.20.01.002\附图\210.22.42.20.01.002-4.png,320,watch,,dummy_images\WATCH\4.OMEGA\11.29\已整理\12.OMEGA SEAMASTER DIVER 300M WATCH 210.22.42.20.01.002\附图\210.22.42.20.01.002-4.png,cvs\new_watermark.png
dummy_images\WATCH\4.OMEGA\11.29\原图\13...OMEGA SEAMASTER DIVER 300M WATCH 210.32.42.20.04.001\主图\210.32.42.20.04.001.png,321,watch,,,cvs\new_watermark.png
dummy_images\WATCH\4.OMEGA\11.29\原图\13...OMEGA SEAMASTER DIVER 300M WATCH 210.32.42.20.04.001\附图\210.32.42.20.04.001-1.png,321,watch,,dummy_images\WATCH\4.OMEGA\11.29\已整理\13...OMEGA SEAMASTER DIVER 300M WATCH 210.32.42.20.04.001\附图\210.32.42.20.04.001-1.png,cvs\new_watermark.png
dummy_images\WATCH\4.OMEGA\11.29\原图\13...OMEGA SEAMASTER DIVER 300M WATCH 210.32.42.20.04.001\附图\210.32.42.20.04.001-2.png,321,watch,,dummy_images\WATCH\4.OMEGA\11.29\已整理\13...OMEGA SEAMASTER DIVER 300M WATCH 210.32.42.20.04.001\附图\210.32.42.20.04.001-2.png,cvs\new_watermark.png
dummy_images\WATCH\4.OMEGA\11.29\原图\13...OMEGA SEAMASTER DIVER 300M WATCH 210.32.42.20.04.001\附图\210.32.42.20.04.001-3.png,321,watch,,dummy_images\WATCH\4.OMEGA\11.29\已整理\13...OMEGA SEAMASTER DIVER 300M WATCH 210.32.42.20.04.001\附图\210.32.42.20.04.001-3.png,cvs\new_watermark.png
dummy_images\WATCH\4.OMEGA\11.29\原图\13...OMEGA SEAMASTER DIVER 300M WATCH 210.32.42.20.04.001\附图\210.32.42.20.04.001-4.png,321,watch,,dummy_images\WATCH\4.OMEGA\11.29\已整理\13...OMEGA SEAMASTER DIVER 300M WATCH 210.32.42.20.04.001\附图\210.32.42.20.04.001-4.png,cvs\new_watermark.png
dummy_images\WATCH\4.OMEGA\11.29\原图\14...OMEGA SEAMASTER DIVER 300M WATCH 210.30.42.20.04.001\主图\210.30.42.20.04.001.png,322,watch,,,cvs\new_watermark.png
dummy_images\WATCH\4.OMEGA\11.29\原图\14...OMEGA SEAMASTER DIVER 300M WATCH 210.30.42.20.04.001\附图\210.30.42.20.04.001-1.png,322,watch,,dummy_images\WATCH\4.OMEGA\11.29\已整理\14...OMEGA SEAMASTER DIVER 300M WATCH 210.30.42.20.04.001\附图\210.30.42.20.04.001-1.png,cvs\new_watermark.png
dummy_images\WATCH\4.OMEGA\11.29\原图\14...OMEGA SEAMASTER DIVER 300M WATCH 210.30.42.20.04.001\附图\210.30.42.20.04.001-2.png,322,watch,,dummy_images\WATCH\4.OMEGA\11.29\已整理\14...OMEGA SEAMASTER DIVER 300M WATCH 210.30.42.20.04.001\附图\210.30.42.20.04.001-2.png,cvs\new_watermark.png
dummy_images\WATCH\4.OMEGA\11.29\原图\14...OMEGA SEAMASTER DIVER 300M WATCH 210.30.42.20.04.001\附图\210.30.42.20.04.001-3.png,322,watch,,dummy_images\WATCH\4.OMEGA\11.29\已整理\14...OMEGA SEAMASTER DIVER 300M WATCH 210.30.42.20.04.001\附图\210.30.42.20.04.001-3.png,cvs\new_watermark.png
dummy_images\WATCH\4.OMEGA\11.29\原图\14...OMEGA SEAMASTER DIVER 300M WATCH 210.30.42.20.04.001\附图\210.30.42.20.04.001-4.png,322,watch,,dummy_images\WATCH\4.OMEGA\11.29\已整理\14...OMEGA SEAMASTER DIVER 300M WATCH 210.30.42.20.04.001\附图\210.30.42.20.04.001-4.png,cvs\new_watermark.png
dummy_images\WATCH\4.OMEGA\11.29\原图\14...OMEGA SEAMASTER DIVER 300M WATCH 210.30.42.20.04.001\附图\210.30.42.20.04.001-5.png,322,watch,,dummy_images\WATCH\4.OMEGA\11.29\已整理\14...OMEGA SEAMASTER DIVER 300M WATCH 210.30.42.20.04.001\附图\210.30.42.20.04.001-5.png,cvs\new_watermark.png
dummy_images\WATCH\4.OMEGA\11.29\原图\14...OMEGA SEAMASTER DIVER 300M WATCH 210.30.42.20.04.001\附图\210.30.42.20.04.001-6.png,322,watch,,dummy_images\WATCH\4.OMEGA\11.29\已整理\14...OMEGA SEAMASTER DIVER 300M WATCH 210.30.42.20.04.001\附图\210.30.42.20.04.001-6.png,cvs\new_watermark.png
dummy_images\WATCH\4.OMEGA\11.29\原图\14...OMEGA SEAMASTER DIVER 300M WATCH 210.30.42.20.04.001\附图\210.30.42.20.04.001-7.png,322,watch,,dummy_images\WATCH\4.OMEGA\11.29\已整理\14...OMEGA SEAMASTER DIVER 300M WATCH 210.30.42.20.04.001\附图\210.30.42.20.04.001-7.png,cvs\new_watermark.png
dummy_images\WATCH\4.OMEGA\11.29\原图\15...OMEGA SEAMASTER PLANET OCEAN 600M WATCH 215.63.46.22.01.001\主图\215.63.46.22.01.001.png,323,watch,,,cvs\new_watermark.png
dummy_images\WATCH\4.OMEGA\11.29\原图\15...OMEGA SEAMASTER PLANET OCEAN 600M WATCH 215.63.46.22.01.001\附图\215.63.46.22.01.001-1.png,323,watch,,dummy_images\WATCH\4.OMEGA\11.29\已整理\15...OMEGA SEAMASTER PLANET OCEAN 600M WATCH 215.63.46.22.01.001\附图\215.63.46.22.01.001-1.png,cvs\new_watermark.png
dummy_images\WATCH\4.OMEGA\11.29\原图\15...OMEGA SEAMASTER PLANET OCEAN 600M WATCH 215.63.46.22.01.001\附图\215.63.46.22.01.001-2.png,323,watch,,dummy_images\WATCH\4.OMEGA\11.29\已整理\15...OMEGA SEAMASTER PLANET OCEAN 600M WATCH 215.63.46.22.01.001\附图\215.63.46.22.01.001-2.png,cvs\new_watermark.png
dummy_images\WATCH\4.OMEGA\11.29\原图\15...OMEGA SEAMASTER PLANET OCEAN 600M WATCH 215.63.46.22.01.001\附图\215.63.46.22.01.001-3.png,323,watch,,dummy_images\WATCH\4.OMEGA\11.29\已整理\15...OMEGA SEAMASTER PLANET OCEAN 600M WATCH 215.63.46.22.01.001\附图\215.63.46.22.01.001-3.png,cvs\new_watermark.png
dummy_images\WATCH\4.OMEGA\11.29\原图\16...OMEGA SEAMASTER PLANET OCEAN 600M WATCH 215.30.44.22.01.001\主图\215.30.44.22.01.001.png,324,watch,,,cvs\new_watermark.png
dummy_images\WATCH\4.OMEGA\11.29\原图\16...OMEGA SEAMASTER PLANET OCEAN 600M WATCH 215.30.44.22.01.001\附图\215.30.44.22.01.001-1.png,324,watch,,dummy_images\WATCH\4.OMEGA\11.29\已整理\16...OMEGA SEAMASTER PLANET OCEAN 600M WATCH 215.30.44.22.01.001\附图\215.30.44.22.01.001-1.png,cvs\new_watermark.png
dummy_images\WATCH\4.OMEGA\11.29\原图\16...OMEGA SEAMASTER PLANET OCEAN 600M WATCH 215.30.44.22.01.001\附图\215.30.44.22.01.001-2.png,324,watch,,dummy_images\WATCH\4.OMEGA\11.29\已整理\16...OMEGA SEAMASTER PLANET OCEAN 600M WATCH 215.30.44.22.01.001\附图\215.30.44.22.01.001-2.png,cvs\new_watermark.png
dummy_images\WATCH\4.OMEGA\11.29\原图\16...OMEGA SEAMASTER PLANET OCEAN 600M WATCH 215.30.44.22.01.001\附图\215.30.44.22.01.001-3.png,324,watch,,dummy_images\WATCH\4.OMEGA\11.29\已整理\16...OMEGA SEAMASTER PLANET OCEAN 600M WATCH 215.30.44.22.01.001\附图\215.30.44.22.01.001-3.png,cvs\new_watermark.png
dummy_images\WATCH\4.OMEGA\11.29\原图\16...OMEGA SEAMASTER PLANET OCEAN 600M WATCH 215.30.44.22.01.001\附图\215.30.44.22.01.001-4.png,324,watch,,dummy_images\WATCH\4.OMEGA\11.29\已整理\16...OMEGA SEAMASTER PLANET OCEAN 600M WATCH 215.30.44.22.01.001\附图\215.30.44.22.01.001-4.png,cvs\new_watermark.png
dummy_images\WATCH\4.OMEGA\11.29\原图\16...OMEGA SEAMASTER PLANET OCEAN 600M WATCH 215.30.44.22.01.001\附图\215.30.44.22.01.001-5.png,324,watch,,dummy_images\WATCH\4.OMEGA\11.29\已整理\16...OMEGA SEAMASTER PLANET OCEAN 600M WATCH 215.30.44.22.01.001\附图\215.30.44.22.01.001-5.png,cvs\new_watermark.png
dummy_images\WATCH\4.OMEGA\11.29\原图\17...OMEGA SEAMASTER AQUA TERRA 150M WATCH 220.10.34.20.55.001\主图\220.10.34.20.55.001.png,325,watch,,,cvs\new_watermark.png
dummy_images\WATCH\4.OMEGA\11.29\原图\17...OMEGA SEAMASTER AQUA TERRA 150M WATCH 220.10.34.20.55.001\附图\220.10.34.20.55.001-1.png,325,watch,,dummy_images\WATCH\4.OMEGA\11.29\已整理\17...OMEGA SEAMASTER AQUA TERRA 150M WATCH 220.10.34.20.55.001\附图\220.10.34.20.55.001-1.png,cvs\new_watermark.png
dummy_images\WATCH\4.OMEGA\11.29\原图\17...OMEGA SEAMASTER AQUA TERRA 150M WATCH 220.10.34.20.55.001\附图\220.10.34.20.55.001-2.png,325,watch,,dummy_images\WATCH\4.OMEGA\11.29\已整理\17...OMEGA SEAMASTER AQUA TERRA 150M WATCH 220.10.34.20.55.001\附图\220.10.34.20.55.001-2.png,cvs\new_watermark.png
dummy_images\WATCH\4.OMEGA\11.29\原图\17...OMEGA SEAMASTER AQUA TERRA 150M WATCH 220.10.34.20.55.001\附图\220.10.34.20.55.001-3.png,325,watch,,dummy_images\WATCH\4.OMEGA\11.29\已整理\17...OMEGA SEAMASTER AQUA TERRA 150M WATCH 220.10.34.20.55.001\附图\220.10.34.20.55.001-3.png,cvs\new_watermark.png
dummy_images\WATCH\4.OMEGA\11.29\原图\17...OMEGA SEAMASTER AQUA TERRA 150M WATCH 220.10.34.20.55.001\附图\220.10.34.20.55.001-4.png,325,watch,,dummy_images\WATCH\4.OMEGA\11.29\已整理\17...OMEGA SEAMASTER AQUA TERRA 150M WATCH 220.10.34.20.55.001\附图\220.10.34.20.55.001-4.png,cvs\new_watermark.png
dummy_images\WATCH\4.OMEGA\11.29\原图\19.OMEGA SEAMASTER JAMES BOND LIMITED EDITION WATCH 210.22.42.20.01.004\主图\1-210.22.42.20.01.004.jpg,326,watch,,,cvs\new_watermark.png
dummy_images\WATCH\4.OMEGA\11.29\原图\19.OMEGA SEAMASTER JAMES BOND LIMITED EDITION WATCH 210.22.42.20.01.004\附图\1-210.22.42.20.01.004-1.jpg,326,watch,,dummy_images\WATCH\4.OMEGA\11.29\已整理\19.OMEGA SEAMASTER JAMES BOND LIMITED EDITION WATCH 210.22.42.20.01.004\附图\1-210.22.42.20.01.004-1.jpg,cvs\new_watermark.png
dummy_images\WATCH\4.OMEGA\11.29\原图\19.OMEGA SEAMASTER JAMES BOND LIMITED EDITION WATCH 210.22.42.20.01.004\附图\1-210.22.42.20.01.004-2.jpg,326,watch,,dummy_images\WATCH\4.OMEGA\11.29\已整理\19.OMEGA SEAMASTER JAMES BOND LIMITED EDITION WATCH 210.22.42.20.01.004\附图\1-210.22.42.20.01.004-2.jpg,cvs\new_watermark.png
dummy_images\WATCH\4.OMEGA\11.29\原图\19.OMEGA SEAMASTER JAMES BOND LIMITED EDITION WATCH 210.22.42.20.01.004\附图\1-210.22.42.20.01.004-3.jpg,326,watch,,dummy_images\WATCH\4.OMEGA\11.29\已整理\19.OMEGA SEAMASTER JAMES BOND LIMITED EDITION WATCH 210.22.42.20.01.004\附图\1-210.22.42.20.01.004-3.jpg,cvs\new_watermark.png
dummy_images\WATCH\4.OMEGA\11.29\原图\20...OMEGA SEAMASTER DIVER 300M WATCH 210.20.42.20.01.002\主图\210.20.42.20.01.002.png,327,watch,,,cvs\new_watermark.png
dummy_images\WATCH\4.OMEGA\11.29\原图\20...OMEGA SEAMASTER DIVER 300M WATCH 210.20.42.20.01.002\附图\210.20.42.20.01.002-1.png,327,watch,,dummy_images\WATCH\4.OMEGA\11.29\已整理\20...OMEGA SEAMASTER DIVER 300M WATCH 210.20.42.20.01.002\附图\210.20.42.20.01.002-1.png,cvs\new_watermark.png
dummy_images\WATCH\4.OMEGA\11.29\原图\20...OMEGA SEAMASTER DIVER 300M WATCH 210.20.42.20.01.002\附图\210.20.42.20.01.002-2.png,327,watch,,dummy_images\WATCH\4.OMEGA\11.29\已整理\20...OMEGA SEAMASTER DIVER 300M WATCH 210.20.42.20.01.002\附图\210.20.42.20.01.002-2.png,cvs\new_watermark.png
dummy_images\WATCH\4.OMEGA\11.29\原图\20...OMEGA SEAMASTER DIVER 300M WATCH 210.20.42.20.01.002\附图\210.20.42.20.01.002-3.png,327,watch,,dummy_images\WATCH\4.OMEGA\11.29\已整理\20...OMEGA SEAMASTER DIVER 300M WATCH 210.20.42.20.01.002\附图\210.20.42.20.01.002-3.png,cvs\new_watermark.png
dummy_images\WATCH\4.OMEGA\11.29\原图\20...OMEGA SEAMASTER DIVER 300M WATCH 210.20.42.20.01.002\附图\210.20.42.20.01.002-4.png,327,watch,,dummy_images\WATCH\4.OMEGA\11.29\已整理\20...OMEGA SEAMASTER DIVER 300M WATCH 210.20.42.20.01.002\附图\210.20.42.20.01.002-4.png,cvs\new_watermark.png
dummy_images\WATCH\4.OMEGA\11.29\原图\20...OMEGA SEAMASTER DIVER 300M WATCH 210.20.42.20.01.002\附图\210.20.42.20.01.002-5.png,327,watch,,dummy_images\WATCH\4.OMEGA\11.29\已整理\20...OMEGA SEAMASTER DIVER 300M WATCH 210.20.42.20.01.002\附图\210.20.42.20.01.002-5.png,cvs\new_watermark.png
dummy_images\WATCH\4.OMEGA\11.29\原图\21...OMEGA SEAMASTER DIVER 300M WATCH 210.22.42.20.01.001\主图\210.22.42.20.01.001.png,328,watch,,,cvs\new_watermark.png
dummy_images\WATCH\4.OMEGA\11.29\原图\21...OMEGA SEAMASTER DIVER 300M WATCH 210.22.42.20.01.001\附图\210.22.42.20.01.001-1.png,328,watch,,dummy_images\WATCH\4.OMEGA\11.29\已整理\21...OMEGA SEAMASTER DIVER 300M WATCH 210.22.42.20.01.001\附图\210.22.42.20.01.001-1.png,cvs\new_watermark.png
dummy_images\WATCH\4.OMEGA\11.29\原图\21...OMEGA SEAMASTER DIVER 300M WATCH 210.22.42.20.01.001\附图\210.22.42.20.01.001-2.png,328,watch,,dummy_images\WATCH\4.OMEGA\11.29\已整理\21...OMEGA SEAMASTER DIVER 300M WATCH 210.22.42.20.01.001\附图\210.22.42.20.01.001-2.png,cvs\new_watermark.png
dummy_images\WATCH\4.OMEGA\11.29\原图\21...OMEGA SEAMASTER DIVER 300M WATCH 210.22.42.20.01.001\附图\210.22.42.20.01.001-3.png,328,watch,,dummy_images\WATCH\4.OMEGA\11.29\已整理\21...OMEGA SEAMASTER DIVER 300M WATCH 210.22.42.20.01.001\附图\210.22.42.20.01.001-3.png,cvs\new_watermark.png
dummy_images\WATCH\4.OMEGA\11.29\原图\21...OMEGA SEAMASTER DIVER 300M WATCH 210.22.42.20.01.001\附图\210.22.42.20.01.001-4.png,328,watch,,dummy_images\WATCH\4.OMEGA\11.29\已整理\21...OMEGA SEAMASTER DIVER 300M WATCH 210.22.42.20.01.001\附图\210.22.42.20.01.001-4.png,cvs\new_watermark.png
dummy_images\WATCH\4.OMEGA\11.29\原图\22...OMEGA DE VILLE TRéSOR WATCH 428.17.36.60.04.001\主图\428.17.36.60.04.001.png,329,watch,,,cvs\new_watermark.png
dummy_images\WATCH\4.OMEGA\11.29\原图\22...OMEGA DE VILLE TRéSOR WATCH 428.17.36.60.04.001\附图\428.17.36.60.04.001-1.png,329,watch,,dummy_images\WATCH\4.OMEGA\11.29\已整理\22...OMEGA DE VILLE TRéSOR WATCH 428.17.36.60.04.001\附图\428.17.36.60.04.001-1.png,cvs\new_watermark.png
dummy_images\WATCH\4.OMEGA\11.29\原图\22...OMEGA DE VILLE TRéSOR WATCH 428.17.36.60.04.001\附图\428.17.36.60.04.001-2.png,329,watch,,dummy_images\WATCH\4.OMEGA\11.29\已整理\22...OMEGA DE VILLE TRéSOR WATCH 428.17.36.60.04.001\附图\428.17.36.60.04.001-2.png,cvs\new_watermark.png
dummy_images\WATCH\4.OMEGA\11.29\原图\22...OMEGA DE VILLE TRéSOR WATCH 428.17.36.60.04.001\附图\428.17.36.60.04.001-3.png,329,watch,,dummy_images\WATCH\4.OMEGA\11.29\已整理\22...OMEGA DE VILLE TRéSOR WATCH 428.17.36.60.04.001\附图\428.17.36.60.04.001-3.png,cvs\new_watermark.png
dummy_images\WATCH\4.OMEGA\11.29\原图\23...OMEGA SEAMASTER PLANET OCEAN 600M WATCH 215.92.46.22.03.001\主图\215.92.46.22.03.001.png,330,watch,,,cvs\new_watermark.png
dummy_images\WATCH\4.OMEGA\11.29\原图\23...OMEGA SEAMASTER PLANET OCEAN 600M WATCH 215.92.46.22.03.001\附图\215.92.46.22.03.001-1.png,330,watch,,dummy_images\WATCH\4.OMEGA\11.29\已整理\23...OMEGA SEAMASTER PLANET OCEAN 600M WATCH 215.92.46.22.03.001\附图\215.92.46.22.03.001-1.png,cvs\new_watermark.png
dummy_images\WATCH\4.OMEGA\11.29\原图\23...OMEGA SEAMASTER PLANET OCEAN 600M WATCH 215.92.46.22.03.001\附图\215.92.46.22.03.001-2.png,330,watch,,dummy_images\WATCH\4.OMEGA\11.29\已整理\23...OMEGA SEAMASTER PLANET OCEAN 600M WATCH 215.92.46.22.03.001\附图\215.92.46.22.03.001-2.png,cvs\new_watermark.png
dummy_images\WATCH\4.OMEGA\11.29\原图\23...OMEGA SEAMASTER PLANET OCEAN 600M WATCH 215.92.46.22.03.001\附图\215.92.46.22.03.001-3.png,330,watch,,dummy_images\WATCH\4.OMEGA\11.29\已整理\23...OMEGA SEAMASTER PLANET OCEAN 600M WATCH 215.92.46.22.03.001\附图\215.92.46.22.03.001-3.png,cvs\new_watermark.png
dummy_images\WATCH\4.OMEGA\11.29\原图\23...OMEGA SEAMASTER PLANET OCEAN 600M WATCH 215.92.46.22.03.001\附图\215.92.46.22.03.001-4.png,330,watch,,dummy_images\WATCH\4.OMEGA\11.29\已整理\23...OMEGA SEAMASTER PLANET OCEAN 600M WATCH 215.92.46.22.03.001\附图\215.92.46.22.03.001-4.png,cvs\new_watermark.png
dummy_images\WATCH\4.OMEGA\11.29\原图\24...OMEGA SEAMASTER DIVER 300M WATCH 210.90.42.20.01.001\主图\210.90.42.20.01.001.png,331,watch,,,cvs\new_watermark.png
dummy_images\WATCH\4.OMEGA\11.29\原图\24...OMEGA SEAMASTER DIVER 300M WATCH 210.90.42.20.01.001\附图\210.90.42.20.01.001-01.png,331,watch,,dummy_images\WATCH\4.OMEGA\11.29\已整理\24...OMEGA SEAMASTER DIVER 300M WATCH 210.90.42.20.01.001\附图\210.90.42.20.01.001-01.png,cvs\new_watermark.png
dummy_images\WATCH\4.OMEGA\11.29\原图\24...OMEGA SEAMASTER DIVER 300M WATCH 210.90.42.20.01.001\附图\210.90.42.20.01.001-02.png,331,watch,,dummy_images\WATCH\4.OMEGA\11.29\已整理\24...OMEGA SEAMASTER DIVER 300M WATCH 210.90.42.20.01.001\附图\210.90.42.20.01.001-02.png,cvs\new_watermark.png
dummy_images\WATCH\4.OMEGA\11.29\原图\24...OMEGA SEAMASTER DIVER 300M WATCH 210.90.42.20.01.001\附图\210.90.42.20.01.001-03.png,331,watch,,dummy_images\WATCH\4.OMEGA\11.29\已整理\24...OMEGA SEAMASTER DIVER 300M WATCH 210.90.42.20.01.001\附图\210.90.42.20.01.001-03.png,cvs\new_watermark.png
dummy_images\WATCH\4.OMEGA\11.29\原图\26.OMEGA SEAMASTER AQUA TERRA GREEN WATCH 220.12.38.20.10.001\主图\220.12.38.20.10.001.jpg,332,watch,,,cvs\new_watermark.png
dummy_images\WATCH\4.OMEGA\11.29\原图\26.OMEGA SEAMASTER AQUA TERRA GREEN WATCH 220.12.38.20.10.001\附图\220.12.38.20.10.001-1.jpg,332,watch,,dummy_images\WATCH\4.OMEGA\11.29\已整理\26.OMEGA SEAMASTER AQUA TERRA GREEN WATCH 220.12.38.20.10.001\附图\220.12.38.20.10.001-1.jpg,cvs\new_watermark.png
dummy_images\WATCH\4.OMEGA\11.29\原图\26.OMEGA SEAMASTER AQUA TERRA GREEN WATCH 220.12.38.20.10.001\附图\220.12.38.20.10.001-2.jpg,332,watch,,dummy_images\WATCH\4.OMEGA\11.29\已整理\26.OMEGA SEAMASTER AQUA TERRA GREEN WATCH 220.12.38.20.10.001\附图\220.12.38.20.10.001-2.jpg,cvs\new_watermark.png
dummy_images\WATCH\4.OMEGA\11.29\原图\26.OMEGA SEAMASTER AQUA TERRA GREEN WATCH 220.12.38.20.10.001\附图\220.12.38.20.10.001-3.jpg,332,watch,,dummy_images\WATCH\4.OMEGA\11.29\已整理\26.OMEGA SEAMASTER AQUA TERRA GREEN WATCH 220.12.38.20.10.001\附图\220.12.38.20.10.001-3.jpg,cvs\new_watermark.png
dummy_images\WATCH\4.OMEGA\11.29\原图\27...OMEGA SEAMASTER DIVER 300M WATCH 210.62.42.20.03.001\主图\210.62.42.20.03.001.png,333,watch,,,cvs\new_watermark.png
dummy_images\WATCH\4.OMEGA\11.29\原图\27...OMEGA SEAMASTER DIVER 300M WATCH 210.62.42.20.03.001\附图\210.62.42.20.03.001-1.png,333,watch,,dummy_images\WATCH\4.OMEGA\11.29\已整理\27...OMEGA SEAMASTER DIVER 300M WATCH 210.62.42.20.03.001\附图\210.62.42.20.03.001-1.png,cvs\new_watermark.png
dummy_images\WATCH\4.OMEGA\11.29\原图\27...OMEGA SEAMASTER DIVER 300M WATCH 210.62.42.20.03.001\附图\210.62.42.20.03.001-2.png,333,watch,,dummy_images\WATCH\4.OMEGA\11.29\已整理\27...OMEGA SEAMASTER DIVER 300M WATCH 210.62.42.20.03.001\附图\210.62.42.20.03.001-2.png,cvs\new_watermark.png
dummy_images\WATCH\4.OMEGA\11.29\原图\27...OMEGA SEAMASTER DIVER 300M WATCH 210.62.42.20.03.001\附图\210.62.42.20.03.001-3.png,333,watch,,dummy_images\WATCH\4.OMEGA\11.29\已整理\27...OMEGA SEAMASTER DIVER 300M WATCH 210.62.42.20.03.001\附图\210.62.42.20.03.001-3.png,cvs\new_watermark.png
dummy_images\WATCH\4.OMEGA\11.29\原图\28.OMEGA SEAMASTER DIVER 300M WATCH 210.20.42.20.03.001\主图\210.20.42.20.03.001.png,334,watch,,,cvs\new_watermark.png
dummy_images\WATCH\4.OMEGA\11.29\原图\28.OMEGA SEAMASTER DIVER 300M WATCH 210.20.42.20.03.001\附图\210.20.42.20.03.001-1.png,334,watch,,dummy_images\WATCH\4.OMEGA\11.29\已整理\28.OMEGA SEAMASTER DIVER 300M WATCH 210.20.42.20.03.001\附图\210.20.42.20.03.001-1.png,cvs\new_watermark.png
dummy_images\WATCH\4.OMEGA\11.29\原图\28.OMEGA SEAMASTER DIVER 300M WATCH 210.20.42.20.03.001\附图\210.20.42.20.03.001-2.png,334,watch,,dummy_images\WATCH\4.OMEGA\11.29\已整理\28.OMEGA SEAMASTER DIVER 300M WATCH 210.20.42.20.03.001\附图\210.20.42.20.03.001-2.png,cvs\new_watermark.png
dummy_images\WATCH\4.OMEGA\11.29\原图\28.OMEGA SEAMASTER DIVER 300M WATCH 210.20.42.20.03.001\附图\210.20.42.20.03.001-3.png,334,watch,,dummy_images\WATCH\4.OMEGA\11.29\已整理\28.OMEGA SEAMASTER DIVER 300M WATCH 210.20.42.20.03.001\附图\210.20.42.20.03.001-3.png,cvs\new_watermark.png
dummy_images\WATCH\4.OMEGA\11.29\原图\28.OMEGA SEAMASTER DIVER 300M WATCH 210.20.42.20.03.001\附图\210.20.42.20.03.001-4.png,334,watch,,dummy_images\WATCH\4.OMEGA\11.29\已整理\28.OMEGA SEAMASTER DIVER 300M WATCH 210.20.42.20.03.001\附图\210.20.42.20.03.001-4.png,cvs\new_watermark.png
dummy_images\WATCH\4.OMEGA\11.29\原图\28.OMEGA SEAMASTER DIVER 300M WATCH 210.20.42.20.03.001\附图\210.20.42.20.03.001-5.png,334,watch,,dummy_images\WATCH\4.OMEGA\11.29\已整理\28.OMEGA SEAMASTER DIVER 300M WATCH 210.20.42.20.03.001\附图\210.20.42.20.03.001-5.png,cvs\new_watermark.png
dummy_images\WATCH\4.OMEGA\11.29\原图\29.OMEGA SEAMASTER AQUA TERRA AUTOMATIC BLUE DIAL WATCH 220.10.43.22.03.001\主图\220.10.43.22.03.001.png,335,watch,,,cvs\new_watermark.png
dummy_images\WATCH\4.OMEGA\11.29\原图\29.OMEGA SEAMASTER AQUA TERRA AUTOMATIC BLUE DIAL WATCH 220.10.43.22.03.001\附图\220.10.43.22.03.001-1.jpeg,335,watch,,dummy_images\WATCH\4.OMEGA\11.29\已整理\29.OMEGA SEAMASTER AQUA TERRA AUTOMATIC BLUE DIAL WATCH 220.10.43.22.03.001\附图\220.10.43.22.03.001-1.jpeg,cvs\new_watermark.png
dummy_images\WATCH\4.OMEGA\11.29\原图\29.OMEGA SEAMASTER AQUA TERRA AUTOMATIC BLUE DIAL WATCH 220.10.43.22.03.001\附图\220.10.43.22.03.001-2.jpeg,335,watch,,dummy_images\WATCH\4.OMEGA\11.29\已整理\29.OMEGA SEAMASTER AQUA TERRA AUTOMATIC BLUE DIAL WATCH 220.10.43.22.03.001\附图\220.10.43.22.03.001-2.jpeg,cvs\new_watermark.png
dummy_images\WATCH\4.OMEGA\11.29\原图\29.OMEGA SEAMASTER AQUA TERRA AUTOMATIC BLUE DIAL WATCH 220.10.43.22.03.001\附图\220.10.43.22.03.001-3.png,335,watch,,dummy_images\WATCH\4.OMEGA\11.29\已整理\29.OMEGA SEAMASTER AQUA TERRA AUTOMATIC BLUE DIAL WATCH 220.10.43.22.03.001\附图\220.10.43.22.03.001-3.png,cvs\new_watermark.png
dummy_images\WATCH\4.OMEGA\11.29\原图\32.OMEGA SEAMASTER AQUA TERRA AUTOMATIC BLUE DIAL WATCH 220.12.43.22.03.002\主图\220.12.43.22.03.002.jpg,336,watch,,,cvs\new_watermark.png
dummy_images\WATCH\4.OMEGA\11.29\原图\32.OMEGA SEAMASTER AQUA TERRA AUTOMATIC BLUE DIAL WATCH 220.12.43.22.03.002\附图\220.12.43.22.03.002-1.jpg,336,watch,,dummy_images\WATCH\4.OMEGA\11.29\已整理\32.OMEGA SEAMASTER AQUA TERRA AUTOMATIC BLUE DIAL WATCH 220.12.43.22.03.002\附图\220.12.43.22.03.002-1.jpg,cvs\new_watermark.png
dummy_images\WATCH\4.OMEGA\11.29\原图\32.OMEGA SEAMASTER AQUA TERRA AUTOMATIC BLUE DIAL WATCH 220.12.43.22.03.002\附图\220.12.43.22.03.002-2.jpg,336,watch,,dummy_images\WATCH\4.OMEGA\11.29\已整理\32.OMEGA SEAMASTER AQUA TERRA AUTOMATIC BLUE DIAL WATCH 220.12.43.22.03.002\附图\220.12.43.22.03.002-2.jpg,cvs\new_watermark.png
dummy_images\WATCH\4.OMEGA\11.29\原图\32.OMEGA SEAMASTER AQUA TERRA AUTOMATIC BLUE DIAL WATCH 220.12.43.22.03.002\附图\220.12.43.22.03.002-3.jpg,336,watch,,dummy_images\WATCH\4.OMEGA\11.29\已整理\32.OMEGA SEAMASTER AQUA TERRA AUTOMATIC BLUE DIAL WATCH 220.12.43.22.03.002\附图\220.12.43.22.03.002-3.jpg,cvs\new_watermark.png
dummy_images\WATCH\4.OMEGA\11.30\原图\4...OMEGA SEAMASTER DIVER 300M WATCH 210.30.42.20.01.002\主图\210.30.42.20.01.002.png,346,watch,,,cvs\new_watermark.png
dummy_images\WATCH\4.OMEGA\11.30\原图\4...OMEGA SEAMASTER DIVER 300M WATCH 210.30.42.20.01.002\附图\210.30.42.20.01.002-1.png,346,watch,,dummy_images\WATCH\4.OMEGA\11.30\已整理\4...OMEGA SEAMASTER DIVER 300M WATCH 210.30.42.20.01.002\附图\210.30.42.20.01.002-1.png,cvs\new_watermark.png
dummy_images\WATCH\4.OMEGA\11.30\原图\4...OMEGA SEAMASTER DIVER 300M WATCH 210.30.42.20.01.002\附图\210.30.42.20.01.002-2.png,346,watch,,dummy_images\WATCH\4.OMEGA\11.30\已整理\4...OMEGA SEAMASTER DIVER 300M WATCH 210.30.42.20.01.002\附图\210.30.42.20.01.002-2.png,cvs\new_watermark.png
dummy_images\WATCH\4.OMEGA\11.30\原图\4...OMEGA SEAMASTER DIVER 300M WATCH 210.30.42.20.01.002\附图\210.30.42.20.01.002-3.png,346,watch,,dummy_images\WATCH\4.OMEGA\11.30\已整理\4...OMEGA SEAMASTER DIVER 300M WATCH 210.30.42.20.01.002\附图\210.30.42.20.01.002-3.png,cvs\new_watermark.png
dummy_images\WATCH\4.OMEGA\11.30\原图\4...OMEGA SEAMASTER DIVER 300M WATCH 210.30.42.20.01.002\附图\210.30.42.20.01.002-4.png,346,watch,,dummy_images\WATCH\4.OMEGA\11.30\已整理\4...OMEGA SEAMASTER DIVER 300M WATCH 210.30.42.20.01.002\附图\210.30.42.20.01.002-4.png,cvs\new_watermark.png
dummy_images\WATCH\4.OMEGA\11.30\原图\4...OMEGA SEAMASTER DIVER 300M WATCH 210.30.42.20.01.002\附图\210.30.42.20.01.002-5.png,346,watch,,dummy_images\WATCH\4.OMEGA\11.30\已整理\4...OMEGA SEAMASTER DIVER 300M WATCH 210.30.42.20.01.002\附图\210.30.42.20.01.002-5.png,cvs\new_watermark.png
dummy_images\WATCH\4.OMEGA\11.30\原图\4...OMEGA SEAMASTER DIVER 300M WATCH 210.30.42.20.01.002\附图\210.30.42.20.01.002-6.png,346,watch,,dummy_images\WATCH\4.OMEGA\11.30\已整理\4...OMEGA SEAMASTER DIVER 300M WATCH 210.30.42.20.01.002\附图\210.30.42.20.01.002-6.png,cvs\new_watermark.png
dummy_images\WATCH\4.OMEGA\11.30\原图\5...OMEGA SEAMASTER DIVER 300M WATCH 210.32.42.20.01.002\主图\210.32.42.20.01.002.png,347,watch,,,cvs\new_watermark.png
dummy_images\WATCH\4.OMEGA\11.30\原图\5...OMEGA SEAMASTER DIVER 300M WATCH 210.32.42.20.01.002\附图\210.32.42.20.01.002-1.png,347,watch,,dummy_images\WATCH\4.OMEGA\11.30\已整理\5...OMEGA SEAMASTER DIVER 300M WATCH 210.32.42.20.01.002\附图\210.32.42.20.01.002-1.png,cvs\new_watermark.png
dummy_images\WATCH\4.OMEGA\11.30\原图\5...OMEGA SEAMASTER DIVER 300M WATCH 210.32.42.20.01.002\附图\210.32.42.20.01.002-2.png,347,watch,,dummy_images\WATCH\4.OMEGA\11.30\已整理\5...OMEGA SEAMASTER DIVER 300M WATCH 210.32.42.20.01.002\附图\210.32.42.20.01.002-2.png,cvs\new_watermark.png
dummy_images\WATCH\4.OMEGA\11.30\原图\5...OMEGA SEAMASTER DIVER 300M WATCH 210.32.42.20.01.002\附图\210.32.42.20.01.002-3.jpeg,347,watch,,dummy_images\WATCH\4.OMEGA\11.30\已整理\5...OMEGA SEAMASTER DIVER 300M WATCH 210.32.42.20.01.002\附图\210.32.42.20.01.002-3.jpeg,cvs\new_watermark.png
dummy_images\WATCH\4.OMEGA\11.30\原图\5...OMEGA SEAMASTER DIVER 300M WATCH 210.32.42.20.01.002\附图\210.32.42.20.01.002-4.png,347,watch,,dummy_images\WATCH\4.OMEGA\11.30\已整理\5...OMEGA SEAMASTER DIVER 300M WATCH 210.32.42.20.01.002\附图\210.32.42.20.01.002-4.png,cvs\new_watermark.png
dummy_images\WATCH\4.OMEGA\11.30\原图\9...OMEGA SEAMASTER DIVER 300M WATCH 522.30.42.20.04.001\主图\522.30.42.20.04.001.png,348,watch,,,cvs\new_watermark.png
dummy_images\WATCH\4.OMEGA\11.30\原图\9...OMEGA SEAMASTER DIVER 300M WATCH 522.30.42.20.04.001\附图\522.30.42.20.04.001-1.png,348,watch,,dummy_images\WATCH\4.OMEGA\11.30\已整理\9...OMEGA SEAMASTER DIVER 300M WATCH 522.30.42.20.04.001\附图\522.30.42.20.04.001-1.png,cvs\new_watermark.png
dummy_images\WATCH\4.OMEGA\11.30\原图\9...OMEGA SEAMASTER DIVER 300M WATCH 522.30.42.20.04.001\附图\522.30.42.20.04.001-2.png,348,watch,,dummy_images\WATCH\4.OMEGA\11.30\已整理\9...OMEGA SEAMASTER DIVER 300M WATCH 522.30.42.20.04.001\附图\522.30.42.20.04.001-2.png,cvs\new_watermark.png
dummy_images\WATCH\4.OMEGA\11.30\原图\9...OMEGA SEAMASTER DIVER 300M WATCH 522.30.42.20.04.001\附图\522.30.42.20.04.001-3.jpg,348,watch,,dummy_images\WATCH\4.OMEGA\11.30\已整理\9...OMEGA SEAMASTER DIVER 300M WATCH 522.30.42.20.04.001\附图\522.30.42.20.04.001-3.jpg,cvs\new_watermark.png
dummy_images\WATCH\4.OMEGA\11.30\原图\9...OMEGA SEAMASTER DIVER 300M WATCH 522.30.42.20.04.001\附图\522.30.42.20.04.001-4.png,348,watch,,dummy_images\WATCH\4.OMEGA\11.30\已整理\9...OMEGA SEAMASTER DIVER 300M WATCH 522.30.42.20.04.001\附图\522.30.42.20.04.001-4.png,cvs\new_watermark.png
dummy_images\WATCH\4.OMEGA\11.30\原图\9...OMEGA SEAMASTER DIVER 300M WATCH 522.30.42.20.04.001\附图\522.30.42.20.04.001-5.png,348,watch,,dummy_images\WATCH\4.OMEGA\11.30\已整理\9...OMEGA SEAMASTER DIVER 300M WATCH 522.30.42.20.04.001\附图\522.30.42.20.04.001-5.png,cvs\new_watermark.png
dummy_images\WATCH\4.OMEGA\11.30\原图\9...OMEGA SEAMASTER DIVER 300M WATCH 522.30.42.20.04.001\附图\522.30.42.20.04.001-6.png,348,watch,,dummy_images\WATCH\4.OMEGA\11.30\已整理\9...OMEGA SEAMASTER DIVER 300M WATCH 522.30.42.20.04.001\附图\522.30.42.20.04.001-6.png,cvs\new_watermark.png
dummy_images\WATCH\4.OMEGA\11.30\原图\10...OMEGA SEAMASTER PLANET OCEAN 600M WATCH 215.30.44.21.01.002\主图\215.30.44.21.01.002.png,349,watch,,,cvs\new_watermark.png
dummy_images\WATCH\4.OMEGA\11.30\原图\10...OMEGA SEAMASTER PLANET OCEAN 600M WATCH 215.30.44.21.01.002\附图\215.30.44.21.01.002-1.png,349,watch,,dummy_images\WATCH\4.OMEGA\11.30\已整理\10...OMEGA SEAMASTER PLANET OCEAN 600M WATCH 215.30.44.21.01.002\附图\215.30.44.21.01.002-1.png,cvs\new_watermark.png
dummy_images\WATCH\4.OMEGA\11.30\原图\10...OMEGA SEAMASTER PLANET OCEAN 600M WATCH 215.30.44.21.01.002\附图\215.30.44.21.01.002-2.png,349,watch,,dummy_images\WATCH\4.OMEGA\11.30\已整理\10...OMEGA SEAMASTER PLANET OCEAN 600M WATCH 215.30.44.21.01.002\附图\215.30.44.21.01.002-2.png,cvs\new_watermark.png
dummy_images\WATCH\4.OMEGA\11.30\原图\10...OMEGA SEAMASTER PLANET OCEAN 600M WATCH 215.30.44.21.01.002\附图\215.30.44.21.01.002-3.png,349,watch,,dummy_images\WATCH\4.OMEGA\11.30\已整理\10...OMEGA SEAMASTER PLANET OCEAN 600M WATCH 215.30.44.21.01.002\附图\215.30.44.21.01.002-3.png,cvs\new_watermark.png
dummy_images\WATCH\4.OMEGA\11.30\原图\10...OMEGA SEAMASTER PLANET OCEAN 600M WATCH 215.30.44.21.01.002\附图\215.30.44.21.01.002-4.png,349,watch,,dummy_images\WATCH\4.OMEGA\11.30\已整理\10...OMEGA SEAMASTER PLANET OCEAN 600M WATCH 215.30.44.21.01.002\附图\215.30.44.21.01.002-4.png,cvs\new_watermark.png
dummy_images\WATCH\4.OMEGA\11.30\原图\10...OMEGA SEAMASTER PLANET OCEAN 600M WATCH 215.30.44.21.01.002\附图\215.30.44.21.01.002-5.png,349,watch,,dummy_images\WATCH\4.OMEGA\11.30\已整理\10...OMEGA SEAMASTER PLANET OCEAN 600M WATCH 215.30.44.21.01.002\附图\215.30.44.21.01.002-5.png,cvs\new_watermark.png
dummy_images\WATCH\4.OMEGA\11.30\原图\10...OMEGA SEAMASTER PLANET OCEAN 600M WATCH 215.30.44.21.01.002\附图\215.30.44.21.01.002-6.png,349,watch,,dummy_images\WATCH\4.OMEGA\11.30\已整理\10...OMEGA SEAMASTER PLANET OCEAN 600M WATCH 215.30.44.21.01.002\附图\215.30.44.21.01.002-6.png,cvs\new_watermark.png
dummy_images\WATCH\4.OMEGA\11.30\原图\11...OMEGA SEAMASTER PLANET OCEAN 600M WATCH 215.30.44.21.03.001\主图\215.30.44.21.03.001.png,350,watch,,,cvs\new_watermark.png
dummy_images\WATCH\4.OMEGA\11.30\原图\11...OMEGA SEAMASTER PLANET OCEAN 600M WATCH 215.30.44.21.03.001\附图\215.30.44.21.03.001-1.png,350,watch,,dummy_images\WATCH\4.OMEGA\11.30\已整理\11...OMEGA SEAMASTER PLANET OCEAN 600M WATCH 215.30.44.21.03.001\附图\215.30.44.21.03.001-1.png,cvs\new_watermark.png
dummy_images\WATCH\4.OMEGA\11.30\原图\11...OMEGA SEAMASTER PLANET OCEAN 600M WATCH 215.30.44.21.03.001\附图\215.30.44.21.03.001-2.png,350,watch,,dummy_images\WATCH\4.OMEGA\11.30\已整理\11...OMEGA SEAMASTER PLANET OCEAN 600M WATCH 215.30.44.21.03.001\附图\215.30.44.21.03.001-2.png,cvs\new_watermark.png
dummy_images\WATCH\4.OMEGA\11.30\原图\11...OMEGA SEAMASTER PLANET OCEAN 600M WATCH 215.30.44.21.03.001\附图\215.30.44.21.03.001-3.png,350,watch,,dummy_images\WATCH\4.OMEGA\11.30\已整理\11...OMEGA SEAMASTER PLANET OCEAN 600M WATCH 215.30.44.21.03.001\附图\215.30.44.21.03.001-3.png,cvs\new_watermark.png
dummy_images\WATCH\4.OMEGA\11.30\原图\11...OMEGA SEAMASTER PLANET OCEAN 600M WATCH 215.30.44.21.03.001\附图\215.30.44.21.03.001-4.png,350,watch,,dummy_images\WATCH\4.OMEGA\11.30\已整理\11...OMEGA SEAMASTER PLANET OCEAN 600M WATCH 215.30.44.21.03.001\附图\215.30.44.21.03.001-4.png,cvs\new_watermark.png
dummy_images\WATCH\4.OMEGA\11.30\原图\11...OMEGA SEAMASTER PLANET OCEAN 600M WATCH 215.30.44.21.03.001\附图\215.30.44.21.03.001-5.png,350,watch,,dummy_images\WATCH\4.OMEGA\11.30\已整理\11...OMEGA SEAMASTER PLANET OCEAN 600M WATCH 215.30.44.21.03.001\附图\215.30.44.21.03.001-5.png,cvs\new_watermark.png
dummy_images\WATCH\4.OMEGA\11.30\原图\12...OMEGA SEAMASTER AQUA TERRA 150M WATCH 231.10.42.21.02.002\主图\231.10.42.21.02.002.png,351,watch,,,cvs\new_watermark.png
dummy_images\WATCH\4.OMEGA\11.30\原图\12...OMEGA SEAMASTER AQUA TERRA 150M WATCH 231.10.42.21.02.002\附图\231.10.42.21.02.002-1.jpg,351,watch,,dummy_images\WATCH\4.OMEGA\11.30\已整理\12...OMEGA SEAMASTER AQUA TERRA 150M WATCH 231.10.42.21.02.002\附图\231.10.42.21.02.002-1.jpg,cvs\new_watermark.png
dummy_images\WATCH\4.OMEGA\11.30\原图\12...OMEGA SEAMASTER AQUA TERRA 150M WATCH 231.10.42.21.02.002\附图\231.10.42.21.02.002-2.jpg,351,watch,,dummy_images\WATCH\4.OMEGA\11.30\已整理\12...OMEGA SEAMASTER AQUA TERRA 150M WATCH 231.10.42.21.02.002\附图\231.10.42.21.02.002-2.jpg,cvs\new_watermark.png
dummy_images\WATCH\4.OMEGA\11.30\原图\12...OMEGA SEAMASTER AQUA TERRA 150M WATCH 231.10.42.21.02.002\附图\231.10.42.21.02.002-3.jpg,351,watch,,dummy_images\WATCH\4.OMEGA\11.30\已整理\12...OMEGA SEAMASTER AQUA TERRA 150M WATCH 231.10.42.21.02.002\附图\231.10.42.21.02.002-3.jpg,cvs\new_watermark.png
dummy_images\WATCH\4.OMEGA\11.30\原图\13...OMEGA SEAMASTER PLANET OCEAN 600M WATCH 215.92.46.22.01.001\主图\215.92.46.22.01.001.png,352,watch,,,cvs\new_watermark.png
dummy_images\WATCH\4.OMEGA\11.30\原图\13...OMEGA SEAMASTER PLANET OCEAN 600M WATCH 215.92.46.22.01.001\附图\215.92.46.22.01.001-1.png,352,watch,,dummy_images\WATCH\4.OMEGA\11.30\已整理\13...OMEGA SEAMASTER PLANET OCEAN 600M WATCH 215.92.46.22.01.001\附图\215.92.46.22.01.001-1.png,cvs\new_watermark.png
dummy_images\WATCH\4.OMEGA\11.30\原图\13...OMEGA SEAMASTER PLANET OCEAN 600M WATCH 215.92.46.22.01.001\附图\215.92.46.22.01.001-2.jpeg,352,watch,,dummy_images\WATCH\4.OMEGA\11.30\已整理\13...OMEGA SEAMASTER PLANET OCEAN 600M WATCH 215.92.46.22.01.001\附图\215.92.46.22.01.001-2.jpeg,cvs\new_watermark.png
dummy_images\WATCH\4.OMEGA\11.30\原图\13...OMEGA SEAMASTER PLANET OCEAN 600M WATCH 215.92.46.22.01.001\附图\215.92.46.22.01.001-3.png,352,watch,,dummy_images\WATCH\4.OMEGA\11.30\已整理\13...OMEGA SEAMASTER PLANET OCEAN 600M WATCH 215.92.46.22.01.001\附图\215.92.46.22.01.001-3.png,cvs\new_watermark.png
dummy_images\WATCH\4.OMEGA\11.30\原图\13...OMEGA SEAMASTER PLANET OCEAN 600M WATCH 215.92.46.22.01.001\附图\215.92.46.22.01.001-4.png,352,watch,,dummy_images\WATCH\4.OMEGA\11.30\已整理\13...OMEGA SEAMASTER PLANET OCEAN 600M WATCH 215.92.46.22.01.001\附图\215.92.46.22.01.001-4.png,cvs\new_watermark.png
dummy_images\WATCH\4.OMEGA\11.30\原图\14...OMEGA SEAMASTER DIVER 300M WATCH 210.30.42.20.03.001\主图\210.30.42.20.03.001.png,353,watch,,,cvs\new_watermark.png
dummy_images\WATCH\4.OMEGA\11.30\原图\14...OMEGA SEAMASTER DIVER 300M WATCH 210.30.42.20.03.001\附图\210.30.42.20.03.001-1.png,353,watch,,dummy_images\WATCH\4.OMEGA\11.30\已整理\14...OMEGA SEAMASTER DIVER 300M WATCH 210.30.42.20.03.001\附图\210.30.42.20.03.001-1.png,cvs\new_watermark.png
dummy_images\WATCH\4.OMEGA\11.30\原图\14...OMEGA SEAMASTER DIVER 300M WATCH 210.30.42.20.03.001\附图\210.30.42.20.03.001-2.png,353,watch,,dummy_images\WATCH\4.OMEGA\11.30\已整理\14...OMEGA SEAMASTER DIVER 300M WATCH 210.30.42.20.03.001\附图\210.30.42.20.03.001-2.png,cvs\new_watermark.png
dummy_images\WATCH\4.OMEGA\11.30\原图\14...OMEGA SEAMASTER DIVER 300M WATCH 210.30.42.20.03.001\附图\210.30.42.20.03.001-3.png,353,watch,,dummy_images\WATCH\4.OMEGA\11.30\已整理\14...OMEGA SEAMASTER DIVER 300M WATCH 210.30.42.20.03.001\附图\210.30.42.20.03.001-3.png,cvs\new_watermark.png
dummy_images\WATCH\4.OMEGA\11.30\原图\14...OMEGA SEAMASTER DIVER 300M WATCH 210.30.42.20.03.001\附图\210.30.42.20.03.001-4.png,353,watch,,dummy_images\WATCH\4.OMEGA\11.30\已整理\14...OMEGA SEAMASTER DIVER 300M WATCH 210.30.42.20.03.001\附图\210.30.42.20.03.001-4.png,cvs\new_watermark.png
dummy_images\WATCH\4.OMEGA\11.30\原图\14...OMEGA SEAMASTER DIVER 300M WATCH 210.30.42.20.03.001\附图\210.30.42.20.03.001-5.png,353,watch,,dummy_images\WATCH\4.OMEGA\11.30\已整理\14...OMEGA SEAMASTER DIVER 300M WATCH 210.30.42.20.03.001\附图\210.30.42.20.03.001-5.png,cvs\new_watermark.png
dummy_images\WATCH\4.OMEGA\11.30\原图\14...OMEGA SEAMASTER DIVER 300M WATCH 210.30.42.20.03.001\附图\210.30.42.20.03.001-6.png,353,watch,,dummy_images\WATCH\4.OMEGA\11.30\已整理\14...OMEGA SEAMASTER DIVER 300M WATCH 210.30.42.20.03.001\附图\210.30.42.20.03.001-6.png,cvs\new_watermark.png
dummy_images\WATCH\4.OMEGA\11.30\原图\15...OMEGA SPEEDMASTER ANNIVERSARY SERIES WATCH 310.32.42.50.02.001\主图\310.32.42.50.02.001.png,354,watch,,,cvs\new_watermark.png
dummy_images\WATCH\4.OMEGA\11.30\原图\15...OMEGA SPEEDMASTER ANNIVERSARY SERIES WATCH 310.32.42.50.02.001\附图\310.32.42.50.02.001-1.png,354,watch,,dummy_images\WATCH\4.OMEGA\11.30\已整理\15...OMEGA SPEEDMASTER ANNIVERSARY SERIES WATCH 310.32.42.50.02.001\附图\310.32.42.50.02.001-1.png,cvs\new_watermark.png
dummy_images\WATCH\4.OMEGA\11.30\原图\15...OMEGA SPEEDMASTER ANNIVERSARY SERIES WATCH 310.32.42.50.02.001\附图\310.32.42.50.02.001-2.jpeg,354,watch,,dummy_images\WATCH\4.OMEGA\11.30\已整理\15...OMEGA SPEEDMASTER ANNIVERSARY SERIES WATCH 310.32.42.50.02.001\附图\310.32.42.50.02.001-2.jpeg,cvs\new_watermark.png
dummy_images\WATCH\4.OMEGA\11.30\原图\15...OMEGA SPEEDMASTER ANNIVERSARY SERIES WATCH 310.32.42.50.02.001\附图\310.32.42.50.02.001-3.png,354,watch,,dummy_images\WATCH\4.OMEGA\11.30\已整理\15...OMEGA SPEEDMASTER ANNIVERSARY SERIES WATCH 310.32.42.50.02.001\附图\310.32.42.50.02.001-3.png,cvs\new_watermark.png
dummy_images\WATCH\4.OMEGA\11.30\原图\15...OMEGA SPEEDMASTER ANNIVERSARY SERIES WATCH 310.32.42.50.02.001\附图\310.32.42.50.02.001-4.jpeg,354,watch,,dummy_images\WATCH\4.OMEGA\11.30\已整理\15...OMEGA SPEEDMASTER ANNIVERSARY SERIES WATCH 310.32.42.50.02.001\附图\310.32.42.50.02.001-4.jpeg,cvs\new_watermark.png
dummy_images\WATCH\4.OMEGA\11.30\原图\15...OMEGA SPEEDMASTER ANNIVERSARY SERIES WATCH 310.32.42.50.02.001\附图\310.32.42.50.02.001-5.png,354,watch,,dummy_images\WATCH\4.OMEGA\11.30\已整理\15...OMEGA SPEEDMASTER ANNIVERSARY SERIES WATCH 310.32.42.50.02.001\附图\310.32.42.50.02.001-5.png,cvs\new_watermark.png
dummy_images\WATCH\4.OMEGA\11.30\原图\16.OMEGA SPEEDMASTER WATCH 310.32.42.50.02.001\主图\310.32.42.50.02.001.jpg,355,watch,,,cvs\new_watermark.png
dummy_images\WATCH\4.OMEGA\11.30\原图\16.OMEGA SPEEDMASTER WATCH 310.32.42.50.02.001\附图\310.32.42.50.02.001-1.jpg,355,watch,,dummy_images\WATCH\4.OMEGA\11.30\已整理\16.OMEGA SPEEDMASTER WATCH 310.32.42.50.02.001\附图\310.32.42.50.02.001-1.jpg,cvs\new_watermark.png
dummy_images\WATCH\4.OMEGA\11.30\原图\16.OMEGA SPEEDMASTER WATCH 310.32.42.50.02.001\附图\310.32.42.50.02.001-2.jpg,355,watch,,dummy_images\WATCH\4.OMEGA\11.30\已整理\16.OMEGA SPEEDMASTER WATCH 310.32.42.50.02.001\附图\310.32.42.50.02.001-2.jpg,cvs\new_watermark.png
dummy_images\WATCH\4.OMEGA\11.30\原图\16.OMEGA SPEEDMASTER WATCH 310.32.42.50.02.001\附图\310.32.42.50.02.001-3.jpg,355,watch,,dummy_images\WATCH\4.OMEGA\11.30\已整理\16.OMEGA SPEEDMASTER WATCH 310.32.42.50.02.001\附图\310.32.42.50.02.001-3.jpg,cvs\new_watermark.png
dummy_images\WATCH\4.OMEGA\11.30\原图\16.OMEGA SPEEDMASTER WATCH 310.32.42.50.02.001\附图\310.32.42.50.02.001-4.jpg,355,watch,,dummy_images\WATCH\4.OMEGA\11.30\已整理\16.OMEGA SPEEDMASTER WATCH 310.32.42.50.02.001\附图\310.32.42.50.02.001-4.jpg,cvs\new_watermark.png
dummy_images\WATCH\4.OMEGA\11.30\原图\16.OMEGA SPEEDMASTER WATCH 310.32.42.50.02.001\附图\310.32.42.50.02.001-5.jpg,355,watch,,dummy_images\WATCH\4.OMEGA\11.30\已整理\16.OMEGA SPEEDMASTER WATCH 310.32.42.50.02.001\附图\310.32.42.50.02.001-5.jpg,cvs\new_watermark.png
dummy_images\WATCH\4.OMEGA\11.30\原图\17.OMEGA SEAMASTER DIVER 300M WATCH 210.30.42.20.06.001\主图\210.30.42.20.06.001.png,356,watch,,,cvs\new_watermark.png
dummy_images\WATCH\4.OMEGA\11.30\原图\17.OMEGA SEAMASTER DIVER 300M WATCH 210.30.42.20.06.001\附图\210.30.42.20.06.001-1.png,356,watch,,dummy_images\WATCH\4.OMEGA\11.30\已整理\17.OMEGA SEAMASTER DIVER 300M WATCH 210.30.42.20.06.001\附图\210.30.42.20.06.001-1.png,cvs\new_watermark.png
dummy_images\WATCH\4.OMEGA\11.30\原图\17.OMEGA SEAMASTER DIVER 300M WATCH 210.30.42.20.06.001\附图\210.30.42.20.06.001-2.png,356,watch,,dummy_images\WATCH\4.OMEGA\11.30\已整理\17.OMEGA SEAMASTER DIVER 300M WATCH 210.30.42.20.06.001\附图\210.30.42.20.06.001-2.png,cvs\new_watermark.png
dummy_images\WATCH\4.OMEGA\11.30\原图\17.OMEGA SEAMASTER DIVER 300M WATCH 210.30.42.20.06.001\附图\210.30.42.20.06.001-3.png,356,watch,,dummy_images\WATCH\4.OMEGA\11.30\已整理\17.OMEGA SEAMASTER DIVER 300M WATCH 210.30.42.20.06.001\附图\210.30.42.20.06.001-3.png,cvs\new_watermark.png
dummy_images\WATCH\4.OMEGA\11.30\原图\17.OMEGA SEAMASTER DIVER 300M WATCH 210.30.42.20.06.001\附图\210.30.42.20.06.001-4.png,356,watch,,dummy_images\WATCH\4.OMEGA\11.30\已整理\17.OMEGA SEAMASTER DIVER 300M WATCH 210.30.42.20.06.001\附图\210.30.42.20.06.001-4.png,cvs\new_watermark.png
dummy_images\WATCH\4.OMEGA\11.30\原图\17.OMEGA SEAMASTER DIVER 300M WATCH 210.30.42.20.06.001\附图\210.30.42.20.06.001-5.png,356,watch,,dummy_images\WATCH\4.OMEGA\11.30\已整理\17.OMEGA SEAMASTER DIVER 300M WATCH 210.30.42.20.06.001\附图\210.30.42.20.06.001-5.png,cvs\new_watermark.png
dummy_images\WATCH\4.OMEGA\11.30\原图\19.OMEGA DEVILLE HOUR VISION BLUE DIAL MENS WATCH 431.33.41.21.03.001\主图\431.33.41.21.03.001.jpg,357,watch,,,cvs\new_watermark.png
dummy_images\WATCH\4.OMEGA\11.30\原图\19.OMEGA DEVILLE HOUR VISION BLUE DIAL MENS WATCH 431.33.41.21.03.001\附图\431.33.41.21.03.001-1.jpg,357,watch,,dummy_images\WATCH\4.OMEGA\11.30\已整理\19.OMEGA DEVILLE HOUR VISION BLUE DIAL MENS WATCH 431.33.41.21.03.001\附图\431.33.41.21.03.001-1.jpg,cvs\new_watermark.png
dummy_images\WATCH\4.OMEGA\11.30\原图\19.OMEGA DEVILLE HOUR VISION BLUE DIAL MENS WATCH 431.33.41.21.03.001\附图\431.33.41.21.03.001-2.jpg,357,watch,,dummy_images\WATCH\4.OMEGA\11.30\已整理\19.OMEGA DEVILLE HOUR VISION BLUE DIAL MENS WATCH 431.33.41.21.03.001\附图\431.33.41.21.03.001-2.jpg,cvs\new_watermark.png
dummy_images\WATCH\4.OMEGA\11.30\原图\19.OMEGA DEVILLE HOUR VISION BLUE DIAL MENS WATCH 431.33.41.21.03.001\附图\431.33.41.21.03.001-3.jpg,357,watch,,dummy_images\WATCH\4.OMEGA\11.30\已整理\19.OMEGA DEVILLE HOUR VISION BLUE DIAL MENS WATCH 431.33.41.21.03.001\附图\431.33.41.21.03.001-3.jpg,cvs\new_watermark.png
dummy_images\WATCH\4.OMEGA\11.30\原图\20...OMEGA SEAMASTER PLANET OCEAN 600M WATCH 215.23.40.20.04.001\主图\215.23.40.20.04.001.png,358,watch,,,cvs\new_watermark.png
dummy_images\WATCH\4.OMEGA\11.30\原图\20...OMEGA SEAMASTER PLANET OCEAN 600M WATCH 215.23.40.20.04.001\附图\215.23.40.20.04.001-1.png,358,watch,,dummy_images\WATCH\4.OMEGA\11.30\已整理\20...OMEGA SEAMASTER PLANET OCEAN 600M WATCH 215.23.40.20.04.001\附图\215.23.40.20.04.001-1.png,cvs\new_watermark.png
dummy_images\WATCH\4.OMEGA\11.30\原图\20...OMEGA SEAMASTER PLANET OCEAN 600M WATCH 215.23.40.20.04.001\附图\215.23.40.20.04.001-2.png,358,watch,,dummy_images\WATCH\4.OMEGA\11.30\已整理\20...OMEGA SEAMASTER PLANET OCEAN 600M WATCH 215.23.40.20.04.001\附图\215.23.40.20.04.001-2.png,cvs\new_watermark.png
dummy_images\WATCH\4.OMEGA\11.30\原图\20...OMEGA SEAMASTER PLANET OCEAN 600M WATCH 215.23.40.20.04.001\附图\215.23.40.20.04.001-3.png,358,watch,,dummy_images\WATCH\4.OMEGA\11.30\已整理\20...OMEGA SEAMASTER PLANET OCEAN 600M WATCH 215.23.40.20.04.001\附图\215.23.40.20.04.001-3.png,cvs\new_watermark.png
dummy_images\WATCH\4.OMEGA\11.30\原图\21.OMEGA SEAMASTER PLANET OCEAN 600M CO-AXIAL WATCH 215.30.44.21.01.001\主图\215.30.44.21.01.001.jpg,359,watch,,,cvs\new_watermark.png
dummy_images\WATCH\4.OMEGA\11.30\原图\21.OMEGA SEAMASTER PLANET OCEAN 600M CO-AXIAL WATCH 215.30.44.21.01.001\附图\215.30.44.21.01.001-1.jpg,359,watch,,dummy_images\WATCH\4.OMEGA\11.30\已整理\21.OMEGA SEAMASTER PLANET OCEAN 600M CO-AXIAL WATCH 215.30.44.21.01.001\附图\215.30.44.21.01.001-1.jpg,cvs\new_watermark.png
dummy_images\WATCH\4.OMEGA\11.30\原图\21.OMEGA SEAMASTER PLANET OCEAN 600M CO-AXIAL WATCH 215.30.44.21.01.001\附图\215.30.44.21.01.001-2.jpg,359,watch,,dummy_images\WATCH\4.OMEGA\11.30\已整理\21.OMEGA SEAMASTER PLANET OCEAN 600M CO-AXIAL WATCH 215.30.44.21.01.001\附图\215.30.44.21.01.001-2.jpg,cvs\new_watermark.png
dummy_images\WATCH\4.OMEGA\11.30\原图\21.OMEGA SEAMASTER PLANET OCEAN 600M CO-AXIAL WATCH 215.30.44.21.01.001\附图\215.30.44.21.01.001-3.jpg,359,watch,,dummy_images\WATCH\4.OMEGA\11.30\已整理\21.OMEGA SEAMASTER PLANET OCEAN 600M CO-AXIAL WATCH 215.30.44.21.01.001\附图\215.30.44.21.01.001-3.jpg,cvs\new_watermark.png
dummy_images\WATCH\4.OMEGA\11.30\原图\24.OMEGA SPEEDMASTER WATCH 310.20.42.50.01.001\主图\310.20.42.50.01.001.jpg,360,watch,,,cvs\new_watermark.png
dummy_images\WATCH\4.OMEGA\11.30\原图\24.OMEGA SPEEDMASTER WATCH 310.20.42.50.01.001\附图\310.20.42.50.01.001-1.jpg,360,watch,,dummy_images\WATCH\4.OMEGA\11.30\已整理\24.OMEGA SPEEDMASTER WATCH 310.20.42.50.01.001\附图\310.20.42.50.01.001-1.jpg,cvs\new_watermark.png
dummy_images\WATCH\4.OMEGA\11.30\原图\24.OMEGA SPEEDMASTER WATCH 310.20.42.50.01.001\附图\310.20.42.50.01.001-2.jpg,360,watch,,dummy_images\WATCH\4.OMEGA\11.30\已整理\24.OMEGA SPEEDMASTER WATCH 310.20.42.50.01.001\附图\310.20.42.50.01.001-2.jpg,cvs\new_watermark.png
dummy_images\WATCH\4.OMEGA\11.30\原图\24.OMEGA SPEEDMASTER WATCH 310.20.42.50.01.001\附图\310.20.42.50.01.001-3.jpg,360,watch,,dummy_images\WATCH\4.OMEGA\11.30\已整理\24.OMEGA SPEEDMASTER WATCH 310.20.42.50.01.001\附图\310.20.42.50.01.001-3.jpg,cvs\new_watermark.png
dummy_images\WATCH\4.OMEGA\11.30\原图\24.OMEGA SPEEDMASTER WATCH 310.20.42.50.01.001\附图\310.20.42.50.01.001-4.jpg,360,watch,,dummy_images\WATCH\4.OMEGA\11.30\已整理\24.OMEGA SPEEDMASTER WATCH 310.20.42.50.01.001\附图\310.20.42.50.01.001-4.jpg,cvs\new_watermark.png
dummy_images\WATCH\4.OMEGA\11.30\原图\26.水印OMEGA CONSTELLATION QUARTZ 123.10.24.60.55.001\主图\123.10.24.60.55.001.jpg,361,watch,,,cvs\new_watermark.png
dummy_images\WATCH\4.OMEGA\11.30\原图\26.水印OMEGA CONSTELLATION QUARTZ 123.10.24.60.55.001\附图\123.10.24.60.55.001-1.jpg,361,watch,,dummy_images\WATCH\4.OMEGA\11.30\已整理\26.OMEGA CONSTELLATION QUARTZ 123.10.24.60.55.001\附图\123.10.24.60.55.001-1.jpg,cvs\new_watermark.png
dummy_images\WATCH\4.OMEGA\11.30\原图\26.水印OMEGA CONSTELLATION QUARTZ 123.10.24.60.55.001\附图\123.10.24.60.55.001-2.jpg,361,watch,,dummy_images\WATCH\4.OMEGA\11.30\已整理\26.OMEGA CONSTELLATION QUARTZ 123.10.24.60.55.001\附图\123.10.24.60.55.001-2.jpg,cvs\new_watermark.png
dummy_images\WATCH\4.OMEGA\11.30\原图\26.水印OMEGA CONSTELLATION QUARTZ 123.10.24.60.55.001\附图\123.10.24.60.55.001-3.jpg,361,watch,,dummy_images\WATCH\4.OMEGA\11.30\已整理\26.OMEGA CONSTELLATION QUARTZ 123.10.24.60.55.001\附图\123.10.24.60.55.001-3.jpg,cvs\new_watermark.png
dummy_images\WATCH\4.OMEGA\11.30\原图\28.OMEGA CONSTELLATION WATCH 123.20.27.60.55.006\主图\123.20.27.60.55.006.jpg,362,watch,,,cvs\new_watermark.png
dummy_images\WATCH\4.OMEGA\11.30\原图\28.OMEGA CONSTELLATION WATCH 123.20.27.60.55.006\附图\123.20.27.60.55.006-1.jpg,362,watch,,dummy_images\WATCH\4.OMEGA\11.30\已整理\28.OMEGA CONSTELLATION WATCH 123.20.27.60.55.006\附图\123.20.27.60.55.006-1.jpg,cvs\new_watermark.png
dummy_images\WATCH\4.OMEGA\11.30\原图\28.OMEGA CONSTELLATION WATCH 123.20.27.60.55.006\附图\123.20.27.60.55.006-2.jpg,362,watch,,dummy_images\WATCH\4.OMEGA\11.30\已整理\28.OMEGA CONSTELLATION WATCH 123.20.27.60.55.006\附图\123.20.27.60.55.006-2.jpg,cvs\new_watermark.png
dummy_images\WATCH\4.OMEGA\11.30\原图\28.OMEGA CONSTELLATION WATCH 123.20.27.60.55.006\附图\123.20.27.60.55.006-3.jpg,362,watch,,dummy_images\WATCH\4.OMEGA\11.30\已整理\28.OMEGA CONSTELLATION WATCH 123.20.27.60.55.006\附图\123.20.27.60.55.006-3.jpg,cvs\new_watermark.png
dummy_images\WATCH\4.OMEGA\11.30\原图\28.OMEGA CONSTELLATION WATCH 123.20.27.60.55.006\附图\123.20.27.60.55.006-4.jpg,362,watch,,dummy_images\WATCH\4.OMEGA\11.30\已整理\28.OMEGA CONSTELLATION WATCH 123.20.27.60.55.006\附图\123.20.27.60.55.006-4.jpg,cvs\new_watermark.png
dummy_images\WATCH\4.OMEGA\11.30\原图\30.OMEGA SEAMASTER PLANET OCEAN 6000M WATCH 215.30.46.21.03.001\主图\215.30.46.21.03.001.png,363,watch,,,cvs\new_watermark.png
dummy_images\WATCH\4.OMEGA\11.30\原图\30.OMEGA SEAMASTER PLANET OCEAN 6000M WATCH 215.30.46.21.03.001\附图\215.30.46.21.03.001-1.png,363,watch,,dummy_images\WATCH\4.OMEGA\11.30\已整理\30.OMEGA SEAMASTER PLANET OCEAN 6000M WATCH 215.30.46.21.03.001\附图\215.30.46.21.03.001-1.png,cvs\new_watermark.png
dummy_images\WATCH\4.OMEGA\11.30\原图\30.OMEGA SEAMASTER PLANET OCEAN 6000M WATCH 215.30.46.21.03.001\附图\215.30.46.21.03.001-2.png,363,watch,,dummy_images\WATCH\4.OMEGA\11.30\已整理\30.OMEGA SEAMASTER PLANET OCEAN 6000M WATCH 215.30.46.21.03.001\附图\215.30.46.21.03.001-2.png,cvs\new_watermark.png
dummy_images\WATCH\4.OMEGA\11.30\原图\30.OMEGA SEAMASTER PLANET OCEAN 6000M WATCH 215.30.46.21.03.001\附图\215.30.46.21.03.001-3.png,363,watch,,dummy_images\WATCH\4.OMEGA\11.30\已整理\30.OMEGA SEAMASTER PLANET OCEAN 6000M WATCH 215.30.46.21.03.001\附图\215.30.46.21.03.001-3.png,cvs\new_watermark.png
dummy_images\WATCH\4.OMEGA\11.30\原图\30.OMEGA SEAMASTER PLANET OCEAN 6000M WATCH 215.30.46.21.03.001\附图\215.30.46.21.03.001-4.png,363,watch,,dummy_images\WATCH\4.OMEGA\11.30\已整理\30.OMEGA SEAMASTER PLANET OCEAN 6000M WATCH 215.30.46.21.03.001\附图\215.30.46.21.03.001-4.png,cvs\new_watermark.png
dummy_images\WATCH\4.OMEGA\11.30\原图\30.OMEGA SEAMASTER PLANET OCEAN 6000M WATCH 215.30.46.21.03.001\附图\215.30.46.21.03.001-5.png,363,watch,,dummy_images\WATCH\4.OMEGA\11.30\已整理\30.OMEGA SEAMASTER PLANET OCEAN 6000M WATCH 215.30.46.21.03.001\附图\215.30.46.21.03.001-5.png,cvs\new_watermark.png
dummy_images\WATCH\4.OMEGA\11.30\原图\30.OMEGA SEAMASTER PLANET OCEAN 6000M WATCH 215.30.46.21.03.001\附图\215.30.46.21.03.001-6.png,363,watch,,dummy_images\WATCH\4.OMEGA\11.30\已整理\30.OMEGA SEAMASTER PLANET OCEAN 6000M WATCH 215.30.46.21.03.001\附图\215.30.46.21.03.001-6.png,cvs\new_watermark.png
dummy_images\WATCH\4.OMEGA\12.2\原图\1.OMEGA SEAMASTER AQUA TERRA 150M WATCH 231.10.42.21.01.003\主图\231.10.42.21.01.003.jpg,372,watch,,,cvs\new_watermark.png
dummy_images\WATCH\4.OMEGA\12.2\原图\1.OMEGA SEAMASTER AQUA TERRA 150M WATCH 231.10.42.21.01.003\附图\231.10.42.21.01.003-1.jpg,372,watch,,dummy_images\WATCH\4.OMEGA\12.2\已整理\1.OMEGA SEAMASTER AQUA TERRA 150M WATCH 231.10.42.21.01.003\附图\231.10.42.21.01.003-1.jpg,cvs\new_watermark.png
dummy_images\WATCH\4.OMEGA\12.2\原图\1.OMEGA SEAMASTER AQUA TERRA 150M WATCH 231.10.42.21.01.003\附图\231.10.42.21.01.003-2.jpg,372,watch,,dummy_images\WATCH\4.OMEGA\12.2\已整理\1.OMEGA SEAMASTER AQUA TERRA 150M WATCH 231.10.42.21.01.003\附图\231.10.42.21.01.003-2.jpg,cvs\new_watermark.png
dummy_images\WATCH\4.OMEGA\12.2\原图\1.OMEGA SEAMASTER AQUA TERRA 150M WATCH 231.10.42.21.01.003\附图\231.10.42.21.01.003-3.jpg,372,watch,,dummy_images\WATCH\4.OMEGA\12.2\已整理\1.OMEGA SEAMASTER AQUA TERRA 150M WATCH 231.10.42.21.01.003\附图\231.10.42.21.01.003-3.jpg,cvs\new_watermark.png
dummy_images\WATCH\4.OMEGA\12.2\原图\2.OMEGA DE VILLE PRESTIGE AUTOMATIC CO-AXIAL WATCH 424.10.33.20.52.001\主图\424.10.33.20.52.001.jpg,373,watch,,,cvs\new_watermark.png
dummy_images\WATCH\4.OMEGA\12.2\原图\2.OMEGA DE VILLE PRESTIGE AUTOMATIC CO-AXIAL WATCH 424.10.33.20.52.001\附图\424.10.33.20.52.001-1.jpg,373,watch,,dummy_images\WATCH\4.OMEGA\12.2\已整理\2.OMEGA DE VILLE PRESTIGE AUTOMATIC CO-AXIAL WATCH 424.10.33.20.52.001\附图\424.10.33.20.52.001-1.jpg,cvs\new_watermark.png
dummy_images\WATCH\4.OMEGA\12.2\原图\2.OMEGA DE VILLE PRESTIGE AUTOMATIC CO-AXIAL WATCH 424.10.33.20.52.001\附图\424.10.33.20.52.001-2.jpg,373,watch,,dummy_images\WATCH\4.OMEGA\12.2\已整理\2.OMEGA DE VILLE PRESTIGE AUTOMATIC CO-AXIAL WATCH 424.10.33.20.52.001\附图\424.10.33.20.52.001-2.jpg,cvs\new_watermark.png
dummy_images\WATCH\4.OMEGA\12.2\原图\2.OMEGA DE VILLE PRESTIGE AUTOMATIC CO-AXIAL WATCH 424.10.33.20.52.001\附图\424.10.33.20.52.001-3.jpg,373,watch,,dummy_images\WATCH\4.OMEGA\12.2\已整理\2.OMEGA DE VILLE PRESTIGE AUTOMATIC CO-AXIAL WATCH 424.10.33.20.52.001\附图\424.10.33.20.52.001-3.jpg,cvs\new_watermark.png
dummy_images\WATCH\4.OMEGA\12.2\原图\3.OMEGA SILVER STAINLESS STEEL DE VILLE PRESTIGE WATCH 424.10.40.20.02.003\主图\424.10.40.20.02.003.jpg,374,watch,,,cvs\new_watermark.png
dummy_images\WATCH\4.OMEGA\12.2\原图\3.OMEGA SILVER STAINLESS STEEL DE VILLE PRESTIGE WATCH 424.10.40.20.02.003\附图\424.10.40.20.02.003-1.jpg,374,watch,,dummy_images\WATCH\4.OMEGA\12.2\已整理\3.OMEGA SILVER STAINLESS STEEL DE VILLE PRESTIGE WATCH 424.10.40.20.02.003\附图\424.10.40.20.02.003-1.jpg,cvs\new_watermark.png
dummy_images\WATCH\4.OMEGA\12.2\原图\3.OMEGA SILVER STAINLESS STEEL DE VILLE PRESTIGE WATCH 424.10.40.20.02.003\附图\424.10.40.20.02.003-2.jpg,374,watch,,dummy_images\WATCH\4.OMEGA\12.2\已整理\3.OMEGA SILVER STAINLESS STEEL DE VILLE PRESTIGE WATCH 424.10.40.20.02.003\附图\424.10.40.20.02.003-2.jpg,cvs\new_watermark.png
dummy_images\WATCH\4.OMEGA\12.2\原图\3.OMEGA SILVER STAINLESS STEEL DE VILLE PRESTIGE WATCH 424.10.40.20.02.003\附图\424.10.40.20.02.003-3.jpg,374,watch,,dummy_images\WATCH\4.OMEGA\12.2\已整理\3.OMEGA SILVER STAINLESS STEEL DE VILLE PRESTIGE WATCH 424.10.40.20.02.003\附图\424.10.40.20.02.003-3.jpg,cvs\new_watermark.png
dummy_images\WATCH\4.OMEGA\12.2\原图\3.OMEGA SILVER STAINLESS STEEL DE VILLE PRESTIGE WATCH 424.10.40.20.02.003\附图\424.10.40.20.02.003-4.jpg,374,watch,,dummy_images\WATCH\4.OMEGA\12.2\已整理\3.OMEGA SILVER STAINLESS STEEL DE VILLE PRESTIGE WATCH 424.10.40.20.02.003\附图\424.10.40.20.02.003-4.jpg,cvs\new_watermark.png
dummy_images\WATCH\4.OMEGA\12.2\原图\7.OMEGA SEAMASTER PLANET OCEAN GMT 600M WATCH 232.30.44.22.01.002\主图\232.30.44.22.01.002.jpg,375,watch,,,cvs\new_watermark.png
dummy_images\WATCH\4.OMEGA\12.2\原图\7.OMEGA SEAMASTER PLANET OCEAN GMT 600M WATCH 232.30.44.22.01.002\附图\232.30.44.22.01.002-1.jpg,375,watch,,dummy_images\WATCH\4.OMEGA\12.2\已整理\7.OMEGA SEAMASTER PLANET OCEAN GMT 600M WATCH 232.30.44.22.01.002\附图\232.30.44.22.01.002-1.jpg,cvs\new_watermark.png
dummy_images\WATCH\4.OMEGA\12.2\原图\7.OMEGA SEAMASTER PLANET OCEAN GMT 600M WATCH 232.30.44.22.01.002\附图\232.30.44.22.01.002-2.jpg,375,watch,,dummy_images\WATCH\4.OMEGA\12.2\已整理\7.OMEGA SEAMASTER PLANET OCEAN GMT 600M WATCH 232.30.44.22.01.002\附图\232.30.44.22.01.002-2.jpg,cvs\new_watermark.png
dummy_images\WATCH\4.OMEGA\12.2\原图\7.OMEGA SEAMASTER PLANET OCEAN GMT 600M WATCH 232.30.44.22.01.002\附图\232.30.44.22.01.002-3.jpg,375,watch,,dummy_images\WATCH\4.OMEGA\12.2\已整理\7.OMEGA SEAMASTER PLANET OCEAN GMT 600M WATCH 232.30.44.22.01.002\附图\232.30.44.22.01.002-3.jpg,cvs\new_watermark.png
dummy_images\WATCH\4.OMEGA\12.2\原图\7.OMEGA SEAMASTER PLANET OCEAN GMT 600M WATCH 232.30.44.22.01.002\附图\232.30.44.22.01.002-4.jpg,375,watch,,dummy_images\WATCH\4.OMEGA\12.2\已整理\7.OMEGA SEAMASTER PLANET OCEAN GMT 600M WATCH 232.30.44.22.01.002\附图\232.30.44.22.01.002-4.jpg,cvs\new_watermark.png
dummy_images\WATCH\4.OMEGA\12.2\原图\7.OMEGA SEAMASTER PLANET OCEAN GMT 600M WATCH 232.30.44.22.01.002\附图\232.30.44.22.01.002-5.jpg,375,watch,,dummy_images\WATCH\4.OMEGA\12.2\已整理\7.OMEGA SEAMASTER PLANET OCEAN GMT 600M WATCH 232.30.44.22.01.002\附图\232.30.44.22.01.002-5.jpg,cvs\new_watermark.png
dummy_images\WATCH\4.OMEGA\12.2\原图\9.OMEGA RELOJ DE VILLE PRESTIGE AUTOMáTICO CON ESFERA WATCH 424.23.40.21.02.001\主图\424.23.40.21.02.001.jpg,376,watch,,,cvs\new_watermark.png
dummy_images\WATCH\4.OMEGA\12.2\原图\9.OMEGA RELOJ DE VILLE PRESTIGE AUTOMáTICO CON ESFERA WATCH 424.23.40.21.02.001\附图\424.23.40.21.02.001-1.jpg,376,watch,,dummy_images\WATCH\4.OMEGA\12.2\已整理\9.OMEGA RELOJ DE VILLE PRESTIGE AUTOMáTICO CON ESFERA WATCH 424.23.40.21.02.001\附图\424.23.40.21.02.001-1.jpg,cvs\new_watermark.png
dummy_images\WATCH\4.OMEGA\12.2\原图\9.OMEGA RELOJ DE VILLE PRESTIGE AUTOMáTICO CON ESFERA WATCH 424.23.40.21.02.001\附图\424.23.40.21.02.001-2.jpg,376,watch,,dummy_images\WATCH\4.OMEGA\12.2\已整理\9.OMEGA RELOJ DE VILLE PRESTIGE AUTOMáTICO CON ESFERA WATCH 424.23.40.21.02.001\附图\424.23.40.21.02.001-2.jpg,cvs\new_watermark.png
dummy_images\WATCH\4.OMEGA\12.2\原图\9.OMEGA RELOJ DE VILLE PRESTIGE AUTOMáTICO CON ESFERA WATCH 424.23.40.21.02.001\附图\424.23.40.21.02.001-3.jpg,376,watch,,dummy_images\WATCH\4.OMEGA\12.2\已整理\9.OMEGA RELOJ DE VILLE PRESTIGE AUTOMáTICO CON ESFERA WATCH 424.23.40.21.02.001\附图\424.23.40.21.02.001-3.jpg,cvs\new_watermark.png
dummy_images\WATCH\4.OMEGA\12.2\原图\10.OMEGA DE VILLE PRESTIGE CO-AXIAL WATCH 424.10.33.20.53.001\主图\424.10.33.20.53.001.jpg,377,watch,,,cvs\new_watermark.png
dummy_images\WATCH\4.OMEGA\12.2\原图\10.OMEGA DE VILLE PRESTIGE CO-AXIAL WATCH 424.10.33.20.53.001\附图\424.10.33.20.53.001-1.jpg,377,watch,,dummy_images\WATCH\4.OMEGA\12.2\已整理\10.OMEGA DE VILLE PRESTIGE CO-AXIAL WATCH 424.10.33.20.53.001\附图\424.10.33.20.53.001-1.jpg,cvs\new_watermark.png
dummy_images\WATCH\4.OMEGA\12.2\原图\10.OMEGA DE VILLE PRESTIGE CO-AXIAL WATCH 424.10.33.20.53.001\附图\424.10.33.20.53.001-2.jpg,377,watch,,dummy_images\WATCH\4.OMEGA\12.2\已整理\10.OMEGA DE VILLE PRESTIGE CO-AXIAL WATCH 424.10.33.20.53.001\附图\424.10.33.20.53.001-2.jpg,cvs\new_watermark.png
dummy_images\WATCH\4.OMEGA\12.2\原图\10.OMEGA DE VILLE PRESTIGE CO-AXIAL WATCH 424.10.33.20.53.001\附图\424.10.33.20.53.001-3.jpg,377,watch,,dummy_images\WATCH\4.OMEGA\12.2\已整理\10.OMEGA DE VILLE PRESTIGE CO-AXIAL WATCH 424.10.33.20.53.001\附图\424.10.33.20.53.001-3.jpg,cvs\new_watermark.png
dummy_images\WATCH\4.OMEGA\12.2\原图\14.OMEGA CONSTELLATION WATCH 123.10.38.21.06.002\主图\123.10.38.21.06.002.jpg,378,watch,,,cvs\new_watermark.png
dummy_images\WATCH\4.OMEGA\12.2\原图\14.OMEGA CONSTELLATION WATCH 123.10.38.21.06.002\附图\123.10.38.21.06.002-1.jpg,378,watch,,dummy_images\WATCH\4.OMEGA\12.2\已整理\14.OMEGA CONSTELLATION WATCH 123.10.38.21.06.002\附图\123.10.38.21.06.002-1.jpg,cvs\new_watermark.png
dummy_images\WATCH\4.OMEGA\12.2\原图\14.OMEGA CONSTELLATION WATCH 123.10.38.21.06.002\附图\123.10.38.21.06.002-2.jpg,378,watch,,dummy_images\WATCH\4.OMEGA\12.2\已整理\14.OMEGA CONSTELLATION WATCH 123.10.38.21.06.002\附图\123.10.38.21.06.002-2.jpg,cvs\new_watermark.png
dummy_images\WATCH\4.OMEGA\12.2\原图\14.OMEGA CONSTELLATION WATCH 123.10.38.21.06.002\附图\123.10.38.21.06.002-3.jpg,378,watch,,dummy_images\WATCH\4.OMEGA\12.2\已整理\14.OMEGA CONSTELLATION WATCH 123.10.38.21.06.002\附图\123.10.38.21.06.002-3.jpg,cvs\new_watermark.png
dummy_images\WATCH\4.OMEGA\12.2\原图\16...OMEGA CONSTELLATION WATCH 131.63.41.21.01.001\主图\131.63.41.21.01.001.png,379,watch,,,cvs\new_watermark.png
dummy_images\WATCH\4.OMEGA\12.2\原图\16...OMEGA CONSTELLATION WATCH 131.63.41.21.01.001\附图\131.63.41.21.01.001-1.jpeg,379,watch,,dummy_images\WATCH\4.OMEGA\12.2\已整理\16...OMEGA CONSTELLATION WATCH 131.63.41.21.01.001\附图\131.63.41.21.01.001-1.jpeg,cvs\new_watermark.png
dummy_images\WATCH\4.OMEGA\12.2\原图\16...OMEGA CONSTELLATION WATCH 131.63.41.21.01.001\附图\131.63.41.21.01.001-2.png,379,watch,,dummy_images\WATCH\4.OMEGA\12.2\已整理\16...OMEGA CONSTELLATION WATCH 131.63.41.21.01.001\附图\131.63.41.21.01.001-2.png,cvs\new_watermark.png
dummy_images\WATCH\4.OMEGA\12.2\原图\16...OMEGA CONSTELLATION WATCH 131.63.41.21.01.001\附图\131.63.41.21.01.001-3.png,379,watch,,dummy_images\WATCH\4.OMEGA\12.2\已整理\16...OMEGA CONSTELLATION WATCH 131.63.41.21.01.001\附图\131.63.41.21.01.001-3.png,cvs\new_watermark.png
dummy_images\WATCH\4.OMEGA\12.2\原图\16...OMEGA CONSTELLATION WATCH 131.63.41.21.01.001\附图\131.63.41.21.01.001-4.png,379,watch,,dummy_images\WATCH\4.OMEGA\12.2\已整理\16...OMEGA CONSTELLATION WATCH 131.63.41.21.01.001\附图\131.63.41.21.01.001-4.png,cvs\new_watermark.png
dummy_images\WATCH\4.OMEGA\12.2\原图\17.OMEGA SEAMASTER DIVER 300M ‘JAMES BOND’ 60TH ANNIVERSARY WATCH 210.30.42.20.03.002\主图\210.30.42.20.03.002.png,380,watch,,,cvs\new_watermark.png
dummy_images\WATCH\4.OMEGA\12.2\原图\17.OMEGA SEAMASTER DIVER 300M ‘JAMES BOND’ 60TH ANNIVERSARY WATCH 210.30.42.20.03.002\附图\210.30.42.20.03.002-1.png,380,watch,,dummy_images\WATCH\4.OMEGA\12.2\已整理\17.OMEGA SEAMASTER DIVER 300M ‘JAMES BOND’ 60TH ANNIVERSARY WATCH 210.30.42.20.03.002\附图\210.30.42.20.03.002-1.png,cvs\new_watermark.png
dummy_images\WATCH\4.OMEGA\12.2\原图\17.OMEGA SEAMASTER DIVER 300M ‘JAMES BOND’ 60TH ANNIVERSARY WATCH 210.30.42.20.03.002\附图\210.30.42.20.03.002-2.png,380,watch,,dummy_images\WATCH\4.OMEGA\12.2\已整理\17.OMEGA SEAMASTER DIVER 300M ‘JAMES BOND’ 60TH ANNIVERSARY WATCH 210.30.42.20.03.002\附图\210.30.42.20.03.002-2.png,cvs\new_watermark.png
dummy_images\WATCH\4.OMEGA\12.2\原图\17.OMEGA SEAMASTER DIVER 300M ‘JAMES BOND’ 60TH ANNIVERSARY WATCH 210.30.42.20.03.002\附图\210.30.42.20.03.002-3.png,380,watch,,dummy_images\WATCH\4.OMEGA\12.2\已整理\17.OMEGA SEAMASTER DIVER 300M ‘JAMES BOND’ 60TH ANNIVERSARY WATCH 210.30.42.20.03.002\附图\210.30.42.20.03.002-3.png,cvs\new_watermark.png
dummy_images\WATCH\4.OMEGA\12.2\原图\19...OMEGA CONSTELLATION WATCH 131.23.41.21.03.001\主图\131.23.41.21.03.001.png,381,watch,,,cvs\new_watermark.png
dummy_images\WATCH\4.OMEGA\12.2\原图\19...OMEGA CONSTELLATION WATCH 131.23.41.21.03.001\附图\131.23.41.21.03.001-1.png,381,watch,,dummy_images\WATCH\4.OMEGA\12.2\已整理\19...OMEGA CONSTELLATION WATCH 131.23.41.21.03.001\附图\131.23.41.21.03.001-1.png,cvs\new_watermark.png
dummy_images\WATCH\4.OMEGA\12.2\原图\19...OMEGA CONSTELLATION WATCH 131.23.41.21.03.001\附图\131.23.41.21.03.001-2.png,381,watch,,dummy_images\WATCH\4.OMEGA\12.2\已整理\19...OMEGA CONSTELLATION WATCH 131.23.41.21.03.001\附图\131.23.41.21.03.001-2.png,cvs\new_watermark.png
dummy_images\WATCH\4.OMEGA\12.2\原图\19...OMEGA CONSTELLATION WATCH 131.23.41.21.03.001\附图\131.23.41.21.03.001-3.png,381,watch,,dummy_images\WATCH\4.OMEGA\12.2\已整理\19...OMEGA CONSTELLATION WATCH 131.23.41.21.03.001\附图\131.23.41.21.03.001-3.png,cvs\new_watermark.png
dummy_images\WATCH\4.OMEGA\12.2\原图\20...OMEGA CONSTELLATION WATCH 131.63.41.21.03.001\主图\131.63.41.21.03.001.png,382,watch,,,cvs\new_watermark.png
dummy_images\WATCH\4.OMEGA\12.2\原图\20...OMEGA CONSTELLATION WATCH 131.63.41.21.03.001\附图\131.63.41.21.03.001-1.jpeg,382,watch,,dummy_images\WATCH\4.OMEGA\12.2\已整理\20...OMEGA CONSTELLATION WATCH 131.63.41.21.03.001\附图\131.63.41.21.03.001-1.jpeg,cvs\new_watermark.png
dummy_images\WATCH\4.OMEGA\12.2\原图\20...OMEGA CONSTELLATION WATCH 131.63.41.21.03.001\附图\131.63.41.21.03.001-2.png,382,watch,,dummy_images\WATCH\4.OMEGA\12.2\已整理\20...OMEGA CONSTELLATION WATCH 131.63.41.21.03.001\附图\131.63.41.21.03.001-2.png,cvs\new_watermark.png
dummy_images\WATCH\4.OMEGA\12.2\原图\20...OMEGA CONSTELLATION WATCH 131.63.41.21.03.001\附图\131.63.41.21.03.001-3.png,382,watch,,dummy_images\WATCH\4.OMEGA\12.2\已整理\20...OMEGA CONSTELLATION WATCH 131.63.41.21.03.001\附图\131.63.41.21.03.001-3.png,cvs\new_watermark.png
dummy_images\WATCH\4.OMEGA\12.2\原图\21.OMEGA SEAMASTER DIVER 300M WATCH 210.92.44.20.01.003\主图\210.92.44.20.01.003.jpg,383,watch,,,cvs\new_watermark.png
dummy_images\WATCH\4.OMEGA\12.2\原图\21.OMEGA SEAMASTER DIVER 300M WATCH 210.92.44.20.01.003\附图\210.92.44.20.01.003-1.jpg,383,watch,,dummy_images\WATCH\4.OMEGA\12.2\已整理\21.OMEGA SEAMASTER DIVER 300M WATCH 210.92.44.20.01.003\附图\210.92.44.20.01.003-1.jpg,cvs\new_watermark.png
dummy_images\WATCH\4.OMEGA\12.2\原图\21.OMEGA SEAMASTER DIVER 300M WATCH 210.92.44.20.01.003\附图\210.92.44.20.01.003-2.jpg,383,watch,,dummy_images\WATCH\4.OMEGA\12.2\已整理\21.OMEGA SEAMASTER DIVER 300M WATCH 210.92.44.20.01.003\附图\210.92.44.20.01.003-2.jpg,cvs\new_watermark.png
dummy_images\WATCH\4.OMEGA\12.2\原图\21.OMEGA SEAMASTER DIVER 300M WATCH 210.92.44.20.01.003\附图\210.92.44.20.01.003-3.jpg,383,watch,,dummy_images\WATCH\4.OMEGA\12.2\已整理\21.OMEGA SEAMASTER DIVER 300M WATCH 210.92.44.20.01.003\附图\210.92.44.20.01.003-3.jpg,cvs\new_watermark.png
dummy_images\WATCH\4.OMEGA\12.2\原图\21.OMEGA SEAMASTER DIVER 300M WATCH 210.92.44.20.01.003\附图\210.92.44.20.01.003-4.jpg,383,watch,,dummy_images\WATCH\4.OMEGA\12.2\已整理\21.OMEGA SEAMASTER DIVER 300M WATCH 210.92.44.20.01.003\附图\210.92.44.20.01.003-4.jpg,cvs\new_watermark.png
dummy_images\WATCH\4.OMEGA\12.2\原图\21.OMEGA SEAMASTER DIVER 300M WATCH 210.92.44.20.01.003\附图\210.92.44.20.01.003-5.jpg,383,watch,,dummy_images\WATCH\4.OMEGA\12.2\已整理\21.OMEGA SEAMASTER DIVER 300M WATCH 210.92.44.20.01.003\附图\210.92.44.20.01.003-5.jpg,cvs\new_watermark.png
dummy_images\WATCH\4.OMEGA\12.2\原图\22.OMEGA SEAMASTER 300 MASTER CO-AXIAL JAMES BOND SPECTRE WATCH 233.32.41.21.01.001\主图\233.32.41.21.01.001.jpg,384,watch,,,cvs\new_watermark.png
dummy_images\WATCH\4.OMEGA\12.2\原图\22.OMEGA SEAMASTER 300 MASTER CO-AXIAL JAMES BOND SPECTRE WATCH 233.32.41.21.01.001\附图\233.32.41.21.01.001-1.jpg,384,watch,,dummy_images\WATCH\4.OMEGA\12.2\已整理\22.OMEGA SEAMASTER 300 MASTER CO-AXIAL JAMES BOND SPECTRE WATCH 233.32.41.21.01.001\附图\233.32.41.21.01.001-1.jpg,cvs\new_watermark.png
dummy_images\WATCH\4.OMEGA\12.2\原图\22.OMEGA SEAMASTER 300 MASTER CO-AXIAL JAMES BOND SPECTRE WATCH 233.32.41.21.01.001\附图\233.32.41.21.01.001-2.jpg,384,watch,,dummy_images\WATCH\4.OMEGA\12.2\已整理\22.OMEGA SEAMASTER 300 MASTER CO-AXIAL JAMES BOND SPECTRE WATCH 233.32.41.21.01.001\附图\233.32.41.21.01.001-2.jpg,cvs\new_watermark.png
dummy_images\WATCH\4.OMEGA\12.2\原图\22.OMEGA SEAMASTER 300 MASTER CO-AXIAL JAMES BOND SPECTRE WATCH 233.32.41.21.01.001\附图\233.32.41.21.01.001-3.jpg,384,watch,,dummy_images\WATCH\4.OMEGA\12.2\已整理\22.OMEGA SEAMASTER 300 MASTER CO-AXIAL JAMES BOND SPECTRE WATCH 233.32.41.21.01.001\附图\233.32.41.21.01.001-3.jpg,cvs\new_watermark.png
dummy_images\WATCH\4.OMEGA\12.2\原图\23.OMEGA SPEEDMASTER MOONWATCH PROFESSIONAL WATCH 310.63.42.50.10.001\主图\310.63.42.50.10.001.jpg,385,watch,,,cvs\new_watermark.png
dummy_images\WATCH\4.OMEGA\12.2\原图\23.OMEGA SPEEDMASTER MOONWATCH PROFESSIONAL WATCH 310.63.42.50.10.001\附图\310.63.42.50.10.001-1.png,385,watch,,dummy_images\WATCH\4.OMEGA\12.2\已整理\23.OMEGA SPEEDMASTER MOONWATCH PROFESSIONAL WATCH 310.63.42.50.10.001\附图\310.63.42.50.10.001-1.png,cvs\new_watermark.png
dummy_images\WATCH\4.OMEGA\12.2\原图\23.OMEGA SPEEDMASTER MOONWATCH PROFESSIONAL WATCH 310.63.42.50.10.001\附图\310.63.42.50.10.001-2.png,385,watch,,dummy_images\WATCH\4.OMEGA\12.2\已整理\23.OMEGA SPEEDMASTER MOONWATCH PROFESSIONAL WATCH 310.63.42.50.10.001\附图\310.63.42.50.10.001-2.png,cvs\new_watermark.png
dummy_images\WATCH\4.OMEGA\12.2\原图\23.OMEGA SPEEDMASTER MOONWATCH PROFESSIONAL WATCH 310.63.42.50.10.001\附图\310.63.42.50.10.001-3.png,385,watch,,dummy_images\WATCH\4.OMEGA\12.2\已整理\23.OMEGA SPEEDMASTER MOONWATCH PROFESSIONAL WATCH 310.63.42.50.10.001\附图\310.63.42.50.10.001-3.png,cvs\new_watermark.png
dummy_images\WATCH\4.OMEGA\12.2\原图\23.OMEGA SPEEDMASTER MOONWATCH PROFESSIONAL WATCH 310.63.42.50.10.001\附图\310.63.42.50.10.001-4.png,385,watch,,dummy_images\WATCH\4.OMEGA\12.2\已整理\23.OMEGA SPEEDMASTER MOONWATCH PROFESSIONAL WATCH 310.63.42.50.10.001\附图\310.63.42.50.10.001-4.png,cvs\new_watermark.png
dummy_images\WATCH\4.OMEGA\12.2\原图\25...OMEGA SPEEDMASTER MOONWATCH PROFESSIONAL WATCH 310.62.42.50.99.001\主图\310.62.42.50.99.001.png,386,watch,,,cvs\new_watermark.png
dummy_images\WATCH\4.OMEGA\12.2\原图\25...OMEGA SPEEDMASTER MOONWATCH PROFESSIONAL WATCH 310.62.42.50.99.001\附图\310.62.42.50.99.001-1.png,386,watch,,dummy_images\WATCH\4.OMEGA\12.2\已整理\25...OMEGA SPEEDMASTER MOONWATCH PROFESSIONAL WATCH 310.62.42.50.99.001\附图\310.62.42.50.99.001-1.png,cvs\new_watermark.png
dummy_images\WATCH\4.OMEGA\12.2\原图\25...OMEGA SPEEDMASTER MOONWATCH PROFESSIONAL WATCH 310.62.42.50.99.001\附图\310.62.42.50.99.001-2.png,386,watch,,dummy_images\WATCH\4.OMEGA\12.2\已整理\25...OMEGA SPEEDMASTER MOONWATCH PROFESSIONAL WATCH 310.62.42.50.99.001\附图\310.62.42.50.99.001-2.png,cvs\new_watermark.png
dummy_images\WATCH\4.OMEGA\12.2\原图\25...OMEGA SPEEDMASTER MOONWATCH PROFESSIONAL WATCH 310.62.42.50.99.001\附图\310.62.42.50.99.001-3.png,386,watch,,dummy_images\WATCH\4.OMEGA\12.2\已整理\25...OMEGA SPEEDMASTER MOONWATCH PROFESSIONAL WATCH 310.62.42.50.99.001\附图\310.62.42.50.99.001-3.png,cvs\new_watermark.png
dummy_images\WATCH\4.OMEGA\12.2\原图\26...OMEGA SPEEDMASTER MOONWATCH PROFESSIONAL WATCH 310.63.42.50.01.001\主图\310.63.42.50.01.001.jpg,387,watch,,,cvs\new_watermark.png
dummy_images\WATCH\4.OMEGA\12.2\原图\26...OMEGA SPEEDMASTER MOONWATCH PROFESSIONAL WATCH 310.63.42.50.01.001\附图\310.63.42.50.01.001-1.png,387,watch,,dummy_images\WATCH\4.OMEGA\12.2\已整理\26...OMEGA SPEEDMASTER MOONWATCH PROFESSIONAL WATCH 310.63.42.50.01.001\附图\310.63.42.50.01.001-1.png,cvs\new_watermark.png
dummy_images\WATCH\4.OMEGA\12.2\原图\26...OMEGA SPEEDMASTER MOONWATCH PROFESSIONAL WATCH 310.63.42.50.01.001\附图\310.63.42.50.01.001-2.png,387,watch,,dummy_images\WATCH\4.OMEGA\12.2\已整理\26...OMEGA SPEEDMASTER MOONWATCH PROFESSIONAL WATCH 310.63.42.50.01.001\附图\310.63.42.50.01.001-2.png,cvs\new_watermark.png
dummy_images\WATCH\4.OMEGA\12.2\原图\26...OMEGA SPEEDMASTER MOONWATCH PROFESSIONAL WATCH 310.63.42.50.01.001\附图\310.63.42.50.01.001-3.png,387,watch,,dummy_images\WATCH\4.OMEGA\12.2\已整理\26...OMEGA SPEEDMASTER MOONWATCH PROFESSIONAL WATCH 310.63.42.50.01.001\附图\310.63.42.50.01.001-3.png,cvs\new_watermark.png
dummy_images\WATCH\4.OMEGA\12.2\原图\27...OMEGA DE VILLE PRESTIGE WATCH 434.20.40.20.08.001\主图\434.20.40.20.08.001.png,388,watch,,,cvs\new_watermark.png
dummy_images\WATCH\4.OMEGA\12.2\原图\27...OMEGA DE VILLE PRESTIGE WATCH 434.20.40.20.08.001\附图\434.20.40.20.08.001-1.png,388,watch,,dummy_images\WATCH\4.OMEGA\12.2\已整理\27...OMEGA DE VILLE PRESTIGE WATCH 434.20.40.20.08.001\附图\434.20.40.20.08.001-1.png,cvs\new_watermark.png
dummy_images\WATCH\4.OMEGA\12.2\原图\27...OMEGA DE VILLE PRESTIGE WATCH 434.20.40.20.08.001\附图\434.20.40.20.08.001-2.png,388,watch,,dummy_images\WATCH\4.OMEGA\12.2\已整理\27...OMEGA DE VILLE PRESTIGE WATCH 434.20.40.20.08.001\附图\434.20.40.20.08.001-2.png,cvs\new_watermark.png
dummy_images\WATCH\4.OMEGA\12.2\原图\27...OMEGA DE VILLE PRESTIGE WATCH 434.20.40.20.08.001\附图\434.20.40.20.08.001-3.png,388,watch,,dummy_images\WATCH\4.OMEGA\12.2\已整理\27...OMEGA DE VILLE PRESTIGE WATCH 434.20.40.20.08.001\附图\434.20.40.20.08.001-3.png,cvs\new_watermark.png
dummy_images\WATCH\4.OMEGA\12.2\原图\28...OMEGA DE VILLE PRESTIGE WATCH 434.20.40.20.02.001\主图\434.20.40.20.02.001.png,389,watch,,,cvs\new_watermark.png
dummy_images\WATCH\4.OMEGA\12.2\原图\28...OMEGA DE VILLE PRESTIGE WATCH 434.20.40.20.02.001\附图\434.20.40.20.02.001-1.png,389,watch,,dummy_images\WATCH\4.OMEGA\12.2\已整理\28...OMEGA DE VILLE PRESTIGE WATCH 434.20.40.20.02.001\附图\434.20.40.20.02.001-1.png,cvs\new_watermark.png
dummy_images\WATCH\4.OMEGA\12.2\原图\28...OMEGA DE VILLE PRESTIGE WATCH 434.20.40.20.02.001\附图\434.20.40.20.02.001-2.png,389,watch,,dummy_images\WATCH\4.OMEGA\12.2\已整理\28...OMEGA DE VILLE PRESTIGE WATCH 434.20.40.20.02.001\附图\434.20.40.20.02.001-2.png,cvs\new_watermark.png
dummy_images\WATCH\4.OMEGA\12.2\原图\28...OMEGA DE VILLE PRESTIGE WATCH 434.20.40.20.02.001\附图\434.20.40.20.02.001-3.png,389,watch,,dummy_images\WATCH\4.OMEGA\12.2\已整理\28...OMEGA DE VILLE PRESTIGE WATCH 434.20.40.20.02.001\附图\434.20.40.20.02.001-3.png,cvs\new_watermark.png
dummy_images\WATCH\4.OMEGA\12.2\原图\28...OMEGA DE VILLE PRESTIGE WATCH 434.20.40.20.02.001\附图\434.20.40.20.02.001-4.png,389,watch,,dummy_images\WATCH\4.OMEGA\12.2\已整理\28...OMEGA DE VILLE PRESTIGE WATCH 434.20.40.20.02.001\附图\434.20.40.20.02.001-4.png,cvs\new_watermark.png
dummy_images\WATCH\4.OMEGA\12.2\原图\29...OMEGA DE VILLE PRESTIGE WATCH 434.10.40.20.03.001\主图\434.10.40.20.03.001.png,390,watch,,,cvs\new_watermark.png
dummy_images\WATCH\4.OMEGA\12.2\原图\29...OMEGA DE VILLE PRESTIGE WATCH 434.10.40.20.03.001\附图\434.10.40.20.03.001-1.png,390,watch,,dummy_images\WATCH\4.OMEGA\12.2\已整理\29...OMEGA DE VILLE PRESTIGE WATCH 434.10.40.20.03.001\附图\434.10.40.20.03.001-1.png,cvs\new_watermark.png
dummy_images\WATCH\4.OMEGA\12.2\原图\29...OMEGA DE VILLE PRESTIGE WATCH 434.10.40.20.03.001\附图\434.10.40.20.03.001-2.png,390,watch,,dummy_images\WATCH\4.OMEGA\12.2\已整理\29...OMEGA DE VILLE PRESTIGE WATCH 434.10.40.20.03.001\附图\434.10.40.20.03.001-2.png,cvs\new_watermark.png
dummy_images\WATCH\4.OMEGA\12.2\原图\29...OMEGA DE VILLE PRESTIGE WATCH 434.10.40.20.03.001\附图\434.10.40.20.03.001-3.png,390,watch,,dummy_images\WATCH\4.OMEGA\12.2\已整理\29...OMEGA DE VILLE PRESTIGE WATCH 434.10.40.20.03.001\附图\434.10.40.20.03.001-3.png,cvs\new_watermark.png
dummy_images\WATCH\4.OMEGA\12.2\原图\29...OMEGA DE VILLE PRESTIGE WATCH 434.10.40.20.03.001\附图\434.10.40.20.03.001-4.png,390,watch,,dummy_images\WATCH\4.OMEGA\12.2\已整理\29...OMEGA DE VILLE PRESTIGE WATCH 434.10.40.20.03.001\附图\434.10.40.20.03.001-4.png,cvs\new_watermark.png
dummy_images\WATCH\4.OMEGA\12.2\原图\29...OMEGA DE VILLE PRESTIGE WATCH 434.10.40.20.03.001\附图\434.10.40.20.03.001-5.png,390,watch,,dummy_images\WATCH\4.OMEGA\12.2\已整理\29...OMEGA DE VILLE PRESTIGE WATCH 434.10.40.20.03.001\附图\434.10.40.20.03.001-5.png,cvs\new_watermark.png
dummy_images\WATCH\4.OMEGA\12.2\原图\30...OMEGA DE VILLE PRESTIGE WATCH 434.10.40.20.01.001\主图\434.10.40.20.01.001.png,391,watch,,,cvs\new_watermark.png
dummy_images\WATCH\4.OMEGA\12.2\原图\30...OMEGA DE VILLE PRESTIGE WATCH 434.10.40.20.01.001\附图\434.10.40.20.01.001-1.png,391,watch,,dummy_images\WATCH\4.OMEGA\12.2\已整理\30...OMEGA DE VILLE PRESTIGE WATCH 434.10.40.20.01.001\附图\434.10.40.20.01.001-1.png,cvs\new_watermark.png
dummy_images\WATCH\4.OMEGA\12.2\原图\30...OMEGA DE VILLE PRESTIGE WATCH 434.10.40.20.01.001\附图\434.10.40.20.01.001-2.png,391,watch,,dummy_images\WATCH\4.OMEGA\12.2\已整理\30...OMEGA DE VILLE PRESTIGE WATCH 434.10.40.20.01.001\附图\434.10.40.20.01.001-2.png,cvs\new_watermark.png
dummy_images\WATCH\4.OMEGA\12.2\原图\30...OMEGA DE VILLE PRESTIGE WATCH 434.10.40.20.01.001\附图\434.10.40.20.01.001-3.png,391,watch,,dummy_images\WATCH\4.OMEGA\12.2\已整理\30...OMEGA DE VILLE PRESTIGE WATCH 434.10.40.20.01.001\附图\434.10.40.20.01.001-3.png,cvs\new_watermark.png
dummy_images\WATCH\4.OMEGA\12.2\原图\30...OMEGA DE VILLE PRESTIGE WATCH 434.10.40.20.01.001\附图\434.10.40.20.01.001-4.png,391,watch,,dummy_images\WATCH\4.OMEGA\12.2\已整理\30...OMEGA DE VILLE PRESTIGE WATCH 434.10.40.20.01.001\附图\434.10.40.20.01.001-4.png,cvs\new_watermark.png
dummy_images\WATCH\4.OMEGA\12.2\原图\30...OMEGA DE VILLE PRESTIGE WATCH 434.10.40.20.01.001\附图\434.10.40.20.01.001-5.png,391,watch,,dummy_images\WATCH\4.OMEGA\12.2\已整理\30...OMEGA DE VILLE PRESTIGE WATCH 434.10.40.20.01.001\附图\434.10.40.20.01.001-5.png,cvs\new_watermark.png
dummy_images\WATCH\4.OMEGA\12.2\原图\31...OMEGA DE VILLE PRESTIGE WATCH 434.10.40.20.10.001\主图\434.10.40.20.10.001.png,392,watch,,,cvs\new_watermark.png
dummy_images\WATCH\4.OMEGA\12.2\原图\31...OMEGA DE VILLE PRESTIGE WATCH 434.10.40.20.10.001\附图\434.10.40.20.10.001-1.png,392,watch,,dummy_images\WATCH\4.OMEGA\12.2\已整理\31...OMEGA DE VILLE PRESTIGE WATCH 434.10.40.20.10.001\附图\434.10.40.20.10.001-1.png,cvs\new_watermark.png
dummy_images\WATCH\4.OMEGA\12.2\原图\31...OMEGA DE VILLE PRESTIGE WATCH 434.10.40.20.10.001\附图\434.10.40.20.10.001-2.png,392,watch,,dummy_images\WATCH\4.OMEGA\12.2\已整理\31...OMEGA DE VILLE PRESTIGE WATCH 434.10.40.20.10.001\附图\434.10.40.20.10.001-2.png,cvs\new_watermark.png
dummy_images\WATCH\4.OMEGA\12.2\原图\31...OMEGA DE VILLE PRESTIGE WATCH 434.10.40.20.10.001\附图\434.10.40.20.10.001-3.png,392,watch,,dummy_images\WATCH\4.OMEGA\12.2\已整理\31...OMEGA DE VILLE PRESTIGE WATCH 434.10.40.20.10.001\附图\434.10.40.20.10.001-3.png,cvs\new_watermark.png
dummy_images\WATCH\4.OMEGA\12.2\原图\31...OMEGA DE VILLE PRESTIGE WATCH 434.10.40.20.10.001\附图\434.10.40.20.10.001-4.png,392,watch,,dummy_images\WATCH\4.OMEGA\12.2\已整理\31...OMEGA DE VILLE PRESTIGE WATCH 434.10.40.20.10.001\附图\434.10.40.20.10.001-4.png,cvs\new_watermark.png
dummy_images\WATCH\4.OMEGA\12.2\原图\31...OMEGA DE VILLE PRESTIGE WATCH 434.10.40.20.10.001\附图\434.10.40.20.10.001-5.png,392,watch,,dummy_images\WATCH\4.OMEGA\12.2\已整理\31...OMEGA DE VILLE PRESTIGE WATCH 434.10.40.20.10.001\附图\434.10.40.20.10.001-5.png,cvs\new_watermark.png
dummy_images\WATCH\4.OMEGA\12.2\原图\32...OMEGA DE VILLE PRESTIGE WATCH 434.10.40.20.02.001\主图\434.10.40.20.02.001.png,393,watch,,,cvs\new_watermark.png
dummy_images\WATCH\4.OMEGA\12.2\原图\32...OMEGA DE VILLE PRESTIGE WATCH 434.10.40.20.02.001\附图\434.10.40.20.02.001-1.png,393,watch,,dummy_images\WATCH\4.OMEGA\12.2\已整理\32...OMEGA DE VILLE PRESTIGE WATCH 434.10.40.20.02.001\附图\434.10.40.20.02.001-1.png,cvs\new_watermark.png
dummy_images\WATCH\4.OMEGA\12.2\原图\32...OMEGA DE VILLE PRESTIGE WATCH 434.10.40.20.02.001\附图\434.10.40.20.02.001-2.png,393,watch,,dummy_images\WATCH\4.OMEGA\12.2\已整理\32...OMEGA DE VILLE PRESTIGE WATCH 434.10.40.20.02.001\附图\434.10.40.20.02.001-2.png,cvs\new_watermark.png
dummy_images\WATCH\4.OMEGA\12.2\原图\32...OMEGA DE VILLE PRESTIGE WATCH 434.10.40.20.02.001\附图\434.10.40.20.02.001-3.png,393,watch,,dummy_images\WATCH\4.OMEGA\12.2\已整理\32...OMEGA DE VILLE PRESTIGE WATCH 434.10.40.20.02.001\附图\434.10.40.20.02.001-3.png,cvs\new_watermark.png
dummy_images\WATCH\4.OMEGA\12.2\原图\32...OMEGA DE VILLE PRESTIGE WATCH 434.10.40.20.02.001\附图\434.10.40.20.02.001-4.png,393,watch,,dummy_images\WATCH\4.OMEGA\12.2\已整理\32...OMEGA DE VILLE PRESTIGE WATCH 434.10.40.20.02.001\附图\434.10.40.20.02.001-4.png,cvs\new_watermark.png
dummy_images\WATCH\4.OMEGA\12.2\原图\32...OMEGA DE VILLE PRESTIGE WATCH 434.10.40.20.02.001\附图\434.10.40.20.02.001-5.png,393,watch,,dummy_images\WATCH\4.OMEGA\12.2\已整理\32...OMEGA DE VILLE PRESTIGE WATCH 434.10.40.20.02.001\附图\434.10.40.20.02.001-5.png,cvs\new_watermark.png
dummy_images\WATCH\4.OMEGA\12.2\原图\33...OMEGA DE VILLE PRESTIGE WATCH 434.10.40.20.06.001\主图\434.10.40.20.06.001.png,394,watch,,,cvs\new_watermark.png
dummy_images\WATCH\4.OMEGA\12.2\原图\33...OMEGA DE VILLE PRESTIGE WATCH 434.10.40.20.06.001\附图\434.10.40.20.06.001-1.png,394,watch,,dummy_images\WATCH\4.OMEGA\12.2\已整理\33...OMEGA DE VILLE PRESTIGE WATCH 434.10.40.20.06.001\附图\434.10.40.20.06.001-1.png,cvs\new_watermark.png
dummy_images\WATCH\4.OMEGA\12.2\原图\33...OMEGA DE VILLE PRESTIGE WATCH 434.10.40.20.06.001\附图\434.10.40.20.06.001-2.png,394,watch,,dummy_images\WATCH\4.OMEGA\12.2\已整理\33...OMEGA DE VILLE PRESTIGE WATCH 434.10.40.20.06.001\附图\434.10.40.20.06.001-2.png,cvs\new_watermark.png
dummy_images\WATCH\4.OMEGA\12.2\原图\33...OMEGA DE VILLE PRESTIGE WATCH 434.10.40.20.06.001\附图\434.10.40.20.06.001-3.png,394,watch,,dummy_images\WATCH\4.OMEGA\12.2\已整理\33...OMEGA DE VILLE PRESTIGE WATCH 434.10.40.20.06.001\附图\434.10.40.20.06.001-3.png,cvs\new_watermark.png
dummy_images\WATCH\4.OMEGA\12.2\原图\33...OMEGA DE VILLE PRESTIGE WATCH 434.10.40.20.06.001\附图\434.10.40.20.06.001-4.png,394,watch,,dummy_images\WATCH\4.OMEGA\12.2\已整理\33...OMEGA DE VILLE PRESTIGE WATCH 434.10.40.20.06.001\附图\434.10.40.20.06.001-4.png,cvs\new_watermark.png
dummy_images\WATCH\4.OMEGA\12.2\原图\33...OMEGA DE VILLE PRESTIGE WATCH 434.10.40.20.06.001\附图\434.10.40.20.06.001-5.png,394,watch,,dummy_images\WATCH\4.OMEGA\12.2\已整理\33...OMEGA DE VILLE PRESTIGE WATCH 434.10.40.20.06.001\附图\434.10.40.20.06.001-5.png,cvs\new_watermark.png
dummy_images\WATCH\4.OMEGA\12.2\原图\34...OMEGA DE VILLE PRESTIGE WATCH 434.20.40.20.06.001\主图\434.20.40.20.06.001.png,395,watch,,,cvs\new_watermark.png
dummy_images\WATCH\4.OMEGA\12.2\原图\34...OMEGA DE VILLE PRESTIGE WATCH 434.20.40.20.06.001\附图\434.20.40.20.06.001-1.png,395,watch,,dummy_images\WATCH\4.OMEGA\12.2\已整理\34...OMEGA DE VILLE PRESTIGE WATCH 434.20.40.20.06.001\附图\434.20.40.20.06.001-1.png,cvs\new_watermark.png
dummy_images\WATCH\4.OMEGA\12.2\原图\34...OMEGA DE VILLE PRESTIGE WATCH 434.20.40.20.06.001\附图\434.20.40.20.06.001-2.png,395,watch,,dummy_images\WATCH\4.OMEGA\12.2\已整理\34...OMEGA DE VILLE PRESTIGE WATCH 434.20.40.20.06.001\附图\434.20.40.20.06.001-2.png,cvs\new_watermark.png
dummy_images\WATCH\4.OMEGA\12.2\原图\34...OMEGA DE VILLE PRESTIGE WATCH 434.20.40.20.06.001\附图\434.20.40.20.06.001-3.png,395,watch,,dummy_images\WATCH\4.OMEGA\12.2\已整理\34...OMEGA DE VILLE PRESTIGE WATCH 434.20.40.20.06.001\附图\434.20.40.20.06.001-3.png,cvs\new_watermark.png
dummy_images\WATCH\4.OMEGA\12.2\原图\35...OMEGA DE VILLE PRESTIGE WATCH 434.53.40.20.02.001\主图\434.53.40.20.02.001.png.jpg,396,watch,,,cvs\new_watermark.png
dummy_images\WATCH\4.OMEGA\12.2\原图\35...OMEGA DE VILLE PRESTIGE WATCH 434.53.40.20.02.001\附图\434.53.40.20.02.001-1.png,396,watch,,dummy_images\WATCH\4.OMEGA\12.2\已整理\35...OMEGA DE VILLE PRESTIGE WATCH 434.53.40.20.02.001\附图\434.53.40.20.02.001-1.png,cvs\new_watermark.png
dummy_images\WATCH\4.OMEGA\12.2\原图\35...OMEGA DE VILLE PRESTIGE WATCH 434.53.40.20.02.001\附图\434.53.40.20.02.001-2.png,396,watch,,dummy_images\WATCH\4.OMEGA\12.2\已整理\35...OMEGA DE VILLE PRESTIGE WATCH 434.53.40.20.02.001\附图\434.53.40.20.02.001-2.png,cvs\new_watermark.png
dummy_images\WATCH\4.OMEGA\12.2\原图\35...OMEGA DE VILLE PRESTIGE WATCH 434.53.40.20.02.001\附图\434.53.40.20.02.001-3.png,396,watch,,dummy_images\WATCH\4.OMEGA\12.2\已整理\35...OMEGA DE VILLE PRESTIGE WATCH 434.53.40.20.02.001\附图\434.53.40.20.02.001-3.png,cvs\new_watermark.png
dummy_images\WATCH\4.OMEGA\12.3\原图\1...OMEGA DE VILLE PRESTIGE WATCH 434.20.40.20.06.001\主图\434.20.40.20.06.001.png,406,watch,,,cvs\new_watermark.png
dummy_images\WATCH\4.OMEGA\12.3\原图\1...OMEGA DE VILLE PRESTIGE WATCH 434.20.40.20.06.001\附图\434.20.40.20.06.001-1.png,406,watch,,dummy_images\WATCH\4.OMEGA\12.3\已整理\1...OMEGA DE VILLE PRESTIGE WATCH 434.20.40.20.06.001\附图\434.20.40.20.06.001-1.png,cvs\new_watermark.png
dummy_images\WATCH\4.OMEGA\12.3\原图\1...OMEGA DE VILLE PRESTIGE WATCH 434.20.40.20.06.001\附图\434.20.40.20.06.001-2.png,406,watch,,dummy_images\WATCH\4.OMEGA\12.3\已整理\1...OMEGA DE VILLE PRESTIGE WATCH 434.20.40.20.06.001\附图\434.20.40.20.06.001-2.png,cvs\new_watermark.png
dummy_images\WATCH\4.OMEGA\12.3\原图\1...OMEGA DE VILLE PRESTIGE WATCH 434.20.40.20.06.001\附图\434.20.40.20.06.001-3.png,406,watch,,dummy_images\WATCH\4.OMEGA\12.3\已整理\1...OMEGA DE VILLE PRESTIGE WATCH 434.20.40.20.06.001\附图\434.20.40.20.06.001-3.png,cvs\new_watermark.png
dummy_images\WATCH\4.OMEGA\12.3\原图\2...OMEGA DE VILLE PRESTIGE WATCH 434.53.40.20.02.001\主图\434.53.40.20.02.001.png.jpg,407,watch,,,cvs\new_watermark.png
dummy_images\WATCH\4.OMEGA\12.3\原图\2...OMEGA DE VILLE PRESTIGE WATCH 434.53.40.20.02.001\附图\434.53.40.20.02.001-1.png,407,watch,,dummy_images\WATCH\4.OMEGA\12.3\已整理\2...OMEGA DE VILLE PRESTIGE WATCH 434.53.40.20.02.001\附图\434.53.40.20.02.001-1.png,cvs\new_watermark.png
dummy_images\WATCH\4.OMEGA\12.3\原图\2...OMEGA DE VILLE PRESTIGE WATCH 434.53.40.20.02.001\附图\434.53.40.20.02.001-2.png,407,watch,,dummy_images\WATCH\4.OMEGA\12.3\已整理\2...OMEGA DE VILLE PRESTIGE WATCH 434.53.40.20.02.001\附图\434.53.40.20.02.001-2.png,cvs\new_watermark.png
dummy_images\WATCH\4.OMEGA\12.3\原图\2...OMEGA DE VILLE PRESTIGE WATCH 434.53.40.20.02.001\附图\434.53.40.20.02.001-3.png,407,watch,,dummy_images\WATCH\4.OMEGA\12.3\已整理\2...OMEGA DE VILLE PRESTIGE WATCH 434.53.40.20.02.001\附图\434.53.40.20.02.001-3.png,cvs\new_watermark.png
dummy_images\WATCH\4.OMEGA\12.3\原图\3...OMEGA DE VILLE PRESTIGE WATCH 434.23.40.20.02.001\主图\434.23.40.20.02.001.png.jpg,408,watch,,,cvs\new_watermark.png
dummy_images\WATCH\4.OMEGA\12.3\原图\3...OMEGA DE VILLE PRESTIGE WATCH 434.23.40.20.02.001\附图\434.23.40.20.02.001-1.png,408,watch,,dummy_images\WATCH\4.OMEGA\12.3\已整理\3...OMEGA DE VILLE PRESTIGE WATCH 434.23.40.20.02.001\附图\434.23.40.20.02.001-1.png,cvs\new_watermark.png
dummy_images\WATCH\4.OMEGA\12.3\原图\3...OMEGA DE VILLE PRESTIGE WATCH 434.23.40.20.02.001\附图\434.23.40.20.02.001-2.png,408,watch,,dummy_images\WATCH\4.OMEGA\12.3\已整理\3...OMEGA DE VILLE PRESTIGE WATCH 434.23.40.20.02.001\附图\434.23.40.20.02.001-2.png,cvs\new_watermark.png
dummy_images\WATCH\4.OMEGA\12.3\原图\3...OMEGA DE VILLE PRESTIGE WATCH 434.23.40.20.02.001\附图\434.23.40.20.02.001-3.png,408,watch,,dummy_images\WATCH\4.OMEGA\12.3\已整理\3...OMEGA DE VILLE PRESTIGE WATCH 434.23.40.20.02.001\附图\434.23.40.20.02.001-3.png,cvs\new_watermark.png
dummy_images\WATCH\4.OMEGA\12.3\原图\4...OMEGA DE VILLE PRESTIGE WATCH 434.13.40.20.03.001\主图\434.13.40.20.03.001.png.jpg,409,watch,,,cvs\new_watermark.png
dummy_images\WATCH\4.OMEGA\12.3\原图\4...OMEGA DE VILLE PRESTIGE WATCH 434.13.40.20.03.001\附图\434.13.40.20.03.001-1.png,409,watch,,dummy_images\WATCH\4.OMEGA\12.3\已整理\4...OMEGA DE VILLE PRESTIGE WATCH 434.13.40.20.03.001\附图\434.13.40.20.03.001-1.png,cvs\new_watermark.png
dummy_images\WATCH\4.OMEGA\12.3\原图\4...OMEGA DE VILLE PRESTIGE WATCH 434.13.40.20.03.001\附图\434.13.40.20.03.001-2.png,409,watch,,dummy_images\WATCH\4.OMEGA\12.3\已整理\4...OMEGA DE VILLE PRESTIGE WATCH 434.13.40.20.03.001\附图\434.13.40.20.03.001-2.png,cvs\new_watermark.png
dummy_images\WATCH\4.OMEGA\12.3\原图\4...OMEGA DE VILLE PRESTIGE WATCH 434.13.40.20.03.001\附图\434.13.40.20.03.001-3.png,409,watch,,dummy_images\WATCH\4.OMEGA\12.3\已整理\4...OMEGA DE VILLE PRESTIGE WATCH 434.13.40.20.03.001\附图\434.13.40.20.03.001-3.png,cvs\new_watermark.png
dummy_images\WATCH\4.OMEGA\12.3\原图\5...OMEGA DE VILLE PRESTIGE WATCH 434.23.40.20.06.001\主图\434.23.40.20.06.001.png.jpg,410,watch,,,cvs\new_watermark.png
dummy_images\WATCH\4.OMEGA\12.3\原图\5...OMEGA DE VILLE PRESTIGE WATCH 434.23.40.20.06.001\附图\434.23.40.20.06.001-1.png,410,watch,,dummy_images\WATCH\4.OMEGA\12.3\已整理\5...OMEGA DE VILLE PRESTIGE WATCH 434.23.40.20.06.001\附图\434.23.40.20.06.001-1.png,cvs\new_watermark.png
dummy_images\WATCH\4.OMEGA\12.3\原图\5...OMEGA DE VILLE PRESTIGE WATCH 434.23.40.20.06.001\附图\434.23.40.20.06.001-2.png,410,watch,,dummy_images\WATCH\4.OMEGA\12.3\已整理\5...OMEGA DE VILLE PRESTIGE WATCH 434.23.40.20.06.001\附图\434.23.40.20.06.001-2.png,cvs\new_watermark.png
dummy_images\WATCH\4.OMEGA\12.3\原图\5...OMEGA DE VILLE PRESTIGE WATCH 434.23.40.20.06.001\附图\434.23.40.20.06.001-3.png,410,watch,,dummy_images\WATCH\4.OMEGA\12.3\已整理\5...OMEGA DE VILLE PRESTIGE WATCH 434.23.40.20.06.001\附图\434.23.40.20.06.001-3.png,cvs\new_watermark.png
dummy_images\WATCH\4.OMEGA\12.3\原图\6...OMEGA DE VILLE PRESTIGE WATCH 434.13.40.20.10.001\主图\434.13.40.20.10.001.png.jpg,411,watch,,,cvs\new_watermark.png
dummy_images\WATCH\4.OMEGA\12.3\原图\6...OMEGA DE VILLE PRESTIGE WATCH 434.13.40.20.10.001\附图\434.13.40.20.10.001-1.png,411,watch,,dummy_images\WATCH\4.OMEGA\12.3\已整理\6...OMEGA DE VILLE PRESTIGE WATCH 434.13.40.20.10.001\附图\434.13.40.20.10.001-1.png,cvs\new_watermark.png
dummy_images\WATCH\4.OMEGA\12.3\原图\6...OMEGA DE VILLE PRESTIGE WATCH 434.13.40.20.10.001\附图\434.13.40.20.10.001-2.png,411,watch,,dummy_images\WATCH\4.OMEGA\12.3\已整理\6...OMEGA DE VILLE PRESTIGE WATCH 434.13.40.20.10.001\附图\434.13.40.20.10.001-2.png,cvs\new_watermark.png
dummy_images\WATCH\4.OMEGA\12.3\原图\6...OMEGA DE VILLE PRESTIGE WATCH 434.13.40.20.10.001\附图\434.13.40.20.10.001-3.png,411,watch,,dummy_images\WATCH\4.OMEGA\12.3\已整理\6...OMEGA DE VILLE PRESTIGE WATCH 434.13.40.20.10.001\附图\434.13.40.20.10.001-3.png,cvs\new_watermark.png
dummy_images\WATCH\4.OMEGA\12.3\原图\6...OMEGA DE VILLE PRESTIGE WATCH 434.13.40.20.10.001\附图\434.13.40.20.10.001-4.png,411,watch,,dummy_images\WATCH\4.OMEGA\12.3\已整理\6...OMEGA DE VILLE PRESTIGE WATCH 434.13.40.20.10.001\附图\434.13.40.20.10.001-4.png,cvs\new_watermark.png
dummy_images\WATCH\4.OMEGA\12.3\原图\7...OMEGA DE VILLE PRESTIGE WATCH 434.13.40.20.06.001\主图\434.13.40.20.06.001.png.jpg,412,watch,,,cvs\new_watermark.png
dummy_images\WATCH\4.OMEGA\12.3\原图\7...OMEGA DE VILLE PRESTIGE WATCH 434.13.40.20.06.001\附图\434.13.40.20.06.001-1.png,412,watch,,dummy_images\WATCH\4.OMEGA\12.3\已整理\7...OMEGA DE VILLE PRESTIGE WATCH 434.13.40.20.06.001\附图\434.13.40.20.06.001-1.png,cvs\new_watermark.png
dummy_images\WATCH\4.OMEGA\12.3\原图\7...OMEGA DE VILLE PRESTIGE WATCH 434.13.40.20.06.001\附图\434.13.40.20.06.001-2.png,412,watch,,dummy_images\WATCH\4.OMEGA\12.3\已整理\7...OMEGA DE VILLE PRESTIGE WATCH 434.13.40.20.06.001\附图\434.13.40.20.06.001-2.png,cvs\new_watermark.png
dummy_images\WATCH\4.OMEGA\12.3\原图\7...OMEGA DE VILLE PRESTIGE WATCH 434.13.40.20.06.001\附图\434.13.40.20.06.001-3.png,412,watch,,dummy_images\WATCH\4.OMEGA\12.3\已整理\7...OMEGA DE VILLE PRESTIGE WATCH 434.13.40.20.06.001\附图\434.13.40.20.06.001-3.png,cvs\new_watermark.png
dummy_images\WATCH\4.OMEGA\12.3\原图\8...OMEGA DE VILLE PRESTIGE WATCH 434.23.40.20.59.001\主图\434.23.40.20.59.001.png.jpg,413,watch,,,cvs\new_watermark.png
dummy_images\WATCH\4.OMEGA\12.3\原图\8...OMEGA DE VILLE PRESTIGE WATCH 434.23.40.20.59.001\附图\434.23.40.20.59.001-1.png,413,watch,,dummy_images\WATCH\4.OMEGA\12.3\已整理\8...OMEGA DE VILLE PRESTIGE WATCH 434.23.40.20.59.001\附图\434.23.40.20.59.001-1.png,cvs\new_watermark.png
dummy_images\WATCH\4.OMEGA\12.3\原图\8...OMEGA DE VILLE PRESTIGE WATCH 434.23.40.20.59.001\附图\434.23.40.20.59.001-2.png,413,watch,,dummy_images\WATCH\4.OMEGA\12.3\已整理\8...OMEGA DE VILLE PRESTIGE WATCH 434.23.40.20.59.001\附图\434.23.40.20.59.001-2.png,cvs\new_watermark.png
dummy_images\WATCH\4.OMEGA\12.3\原图\8...OMEGA DE VILLE PRESTIGE WATCH 434.23.40.20.59.001\附图\434.23.40.20.59.001-3.png,413,watch,,dummy_images\WATCH\4.OMEGA\12.3\已整理\8...OMEGA DE VILLE PRESTIGE WATCH 434.23.40.20.59.001\附图\434.23.40.20.59.001-3.png,cvs\new_watermark.png
dummy_images\WATCH\4.OMEGA\12.3\原图\8...OMEGA DE VILLE PRESTIGE WATCH 434.23.40.20.59.001\附图\434.23.40.20.59.001-4.png,413,watch,,dummy_images\WATCH\4.OMEGA\12.3\已整理\8...OMEGA DE VILLE PRESTIGE WATCH 434.23.40.20.59.001\附图\434.23.40.20.59.001-4.png,cvs\new_watermark.png
dummy_images\WATCH\4.OMEGA\12.3\原图\10...OMEGA SEAMASTER DIVER 300M WATCH 210.32.42.20.03.002\主图\210.32.42.20.03.002.png.jpg,414,watch,,,cvs\new_watermark.png
dummy_images\WATCH\4.OMEGA\12.3\原图\10...OMEGA SEAMASTER DIVER 300M WATCH 210.32.42.20.03.002\附图\210.32.42.20.03.002-1.png,414,watch,,dummy_images\WATCH\4.OMEGA\12.3\已整理\10...OMEGA SEAMASTER DIVER 300M WATCH 210.32.42.20.03.002\附图\210.32.42.20.03.002-1.png,cvs\new_watermark.png
dummy_images\WATCH\4.OMEGA\12.3\原图\10...OMEGA SEAMASTER DIVER 300M WATCH 210.32.42.20.03.002\附图\210.32.42.20.03.002-2.png,414,watch,,dummy_images\WATCH\4.OMEGA\12.3\已整理\10...OMEGA SEAMASTER DIVER 300M WATCH 210.32.42.20.03.002\附图\210.32.42.20.03.002-2.png,cvs\new_watermark.png
dummy_images\WATCH\4.OMEGA\12.3\原图\10...OMEGA SEAMASTER DIVER 300M WATCH 210.32.42.20.03.002\附图\210.32.42.20.03.002-3.png,414,watch,,dummy_images\WATCH\4.OMEGA\12.3\已整理\10...OMEGA SEAMASTER DIVER 300M WATCH 210.32.42.20.03.002\附图\210.32.42.20.03.002-3.png,cvs\new_watermark.png
dummy_images\WATCH\4.OMEGA\12.3\原图\10...OMEGA SEAMASTER DIVER 300M WATCH 210.32.42.20.03.002\附图\210.32.42.20.03.002-4.png,414,watch,,dummy_images\WATCH\4.OMEGA\12.3\已整理\10...OMEGA SEAMASTER DIVER 300M WATCH 210.32.42.20.03.002\附图\210.32.42.20.03.002-4.png,cvs\new_watermark.png
dummy_images\WATCH\4.OMEGA\12.3\原图\10...OMEGA SEAMASTER DIVER 300M WATCH 210.32.42.20.03.002\附图\210.32.42.20.03.002-5.png,414,watch,,dummy_images\WATCH\4.OMEGA\12.3\已整理\10...OMEGA SEAMASTER DIVER 300M WATCH 210.32.42.20.03.002\附图\210.32.42.20.03.002-5.png,cvs\new_watermark.png
dummy_images\WATCH\4.OMEGA\12.3\原图\11...OMEGA SEAMASTER DIVER 300M WATCH 210.30.42.20.03.003\主图\210.30.42.20.03.003.png.jpg,415,watch,,,cvs\new_watermark.png
dummy_images\WATCH\4.OMEGA\12.3\原图\11...OMEGA SEAMASTER DIVER 300M WATCH 210.30.42.20.03.003\附图\210.30.42.20.03.003-1.png,415,watch,,dummy_images\WATCH\4.OMEGA\12.3\已整理\11...OMEGA SEAMASTER DIVER 300M WATCH 210.30.42.20.03.003\附图\210.30.42.20.03.003-1.png,cvs\new_watermark.png
dummy_images\WATCH\4.OMEGA\12.3\原图\11...OMEGA SEAMASTER DIVER 300M WATCH 210.30.42.20.03.003\附图\210.30.42.20.03.003-2.png,415,watch,,dummy_images\WATCH\4.OMEGA\12.3\已整理\11...OMEGA SEAMASTER DIVER 300M WATCH 210.30.42.20.03.003\附图\210.30.42.20.03.003-2.png,cvs\new_watermark.png
dummy_images\WATCH\4.OMEGA\12.3\原图\11...OMEGA SEAMASTER DIVER 300M WATCH 210.30.42.20.03.003\附图\210.30.42.20.03.003-3.png,415,watch,,dummy_images\WATCH\4.OMEGA\12.3\已整理\11...OMEGA SEAMASTER DIVER 300M WATCH 210.30.42.20.03.003\附图\210.30.42.20.03.003-3.png,cvs\new_watermark.png
dummy_images\WATCH\4.OMEGA\12.3\原图\11...OMEGA SEAMASTER DIVER 300M WATCH 210.30.42.20.03.003\附图\210.30.42.20.03.003-4.png,415,watch,,dummy_images\WATCH\4.OMEGA\12.3\已整理\11...OMEGA SEAMASTER DIVER 300M WATCH 210.30.42.20.03.003\附图\210.30.42.20.03.003-4.png,cvs\new_watermark.png
dummy_images\WATCH\4.OMEGA\12.3\原图\11...OMEGA SEAMASTER DIVER 300M WATCH 210.30.42.20.03.003\附图\210.30.42.20.03.003-5.png,415,watch,,dummy_images\WATCH\4.OMEGA\12.3\已整理\11...OMEGA SEAMASTER DIVER 300M WATCH 210.30.42.20.03.003\附图\210.30.42.20.03.003-5.png,cvs\new_watermark.png
dummy_images\WATCH\4.OMEGA\12.3\原图\11...OMEGA SEAMASTER DIVER 300M WATCH 210.30.42.20.03.003\附图\210.30.42.20.03.003-6.png,415,watch,,dummy_images\WATCH\4.OMEGA\12.3\已整理\11...OMEGA SEAMASTER DIVER 300M WATCH 210.30.42.20.03.003\附图\210.30.42.20.03.003-6.png,cvs\new_watermark.png
dummy_images\WATCH\4.OMEGA\12.3\原图\11...OMEGA SEAMASTER DIVER 300M WATCH 210.30.42.20.03.003\附图\210.30.42.20.03.003-7.png,415,watch,,dummy_images\WATCH\4.OMEGA\12.3\已整理\11...OMEGA SEAMASTER DIVER 300M WATCH 210.30.42.20.03.003\附图\210.30.42.20.03.003-7.png,cvs\new_watermark.png
dummy_images\WATCH\4.OMEGA\12.3\原图\11...OMEGA SEAMASTER DIVER 300M WATCH 210.30.42.20.03.003\附图\210.30.42.20.03.003-8.png,415,watch,,dummy_images\WATCH\4.OMEGA\12.3\已整理\11...OMEGA SEAMASTER DIVER 300M WATCH 210.30.42.20.03.003\附图\210.30.42.20.03.003-8.png,cvs\new_watermark.png
dummy_images\WATCH\4.OMEGA\12.3\原图\12.OMEGA SEAMASTER AQUA TERRA 150M WATCH 220.10.41.21.03.005\主图\220.10.41.21.03.005.png.jpg,416,watch,,,cvs\new_watermark.png
dummy_images\WATCH\4.OMEGA\12.3\原图\12.OMEGA SEAMASTER AQUA TERRA 150M WATCH 220.10.41.21.03.005\附图\220.10.41.21.03.005-1.jpg,416,watch,,dummy_images\WATCH\4.OMEGA\12.3\已整理\12.OMEGA SEAMASTER AQUA TERRA 150M WATCH 220.10.41.21.03.005\附图\220.10.41.21.03.005-1.jpg,cvs\new_watermark.png
dummy_images\WATCH\4.OMEGA\12.3\原图\12.OMEGA SEAMASTER AQUA TERRA 150M WATCH 220.10.41.21.03.005\附图\220.10.41.21.03.005-2.jpg,416,watch,,dummy_images\WATCH\4.OMEGA\12.3\已整理\12.OMEGA SEAMASTER AQUA TERRA 150M WATCH 220.10.41.21.03.005\附图\220.10.41.21.03.005-2.jpg,cvs\new_watermark.png
dummy_images\WATCH\4.OMEGA\12.3\原图\12.OMEGA SEAMASTER AQUA TERRA 150M WATCH 220.10.41.21.03.005\附图\220.10.41.21.03.005-3.jpg,416,watch,,dummy_images\WATCH\4.OMEGA\12.3\已整理\12.OMEGA SEAMASTER AQUA TERRA 150M WATCH 220.10.41.21.03.005\附图\220.10.41.21.03.005-3.jpg,cvs\new_watermark.png
dummy_images\WATCH\4.OMEGA\12.3\原图\13...OMEGA SEAMASTER AQUA TERRA 150M WATCH 220.10.43.22.03.002\主图\220.10.43.22.03.002.png.jpg,417,watch,,,cvs\new_watermark.png
dummy_images\WATCH\4.OMEGA\12.3\原图\13...OMEGA SEAMASTER AQUA TERRA 150M WATCH 220.10.43.22.03.002\附图\220.10.43.22.03.002-1.jpeg,417,watch,,dummy_images\WATCH\4.OMEGA\12.3\已整理\13...OMEGA SEAMASTER AQUA TERRA 150M WATCH 220.10.43.22.03.002\附图\220.10.43.22.03.002-1.jpeg,cvs\new_watermark.png
dummy_images\WATCH\4.OMEGA\12.3\原图\13...OMEGA SEAMASTER AQUA TERRA 150M WATCH 220.10.43.22.03.002\附图\220.10.43.22.03.002-2.png,417,watch,,dummy_images\WATCH\4.OMEGA\12.3\已整理\13...OMEGA SEAMASTER AQUA TERRA 150M WATCH 220.10.43.22.03.002\附图\220.10.43.22.03.002-2.png,cvs\new_watermark.png
dummy_images\WATCH\4.OMEGA\12.3\原图\13...OMEGA SEAMASTER AQUA TERRA 150M WATCH 220.10.43.22.03.002\附图\220.10.43.22.03.002-3.png,417,watch,,dummy_images\WATCH\4.OMEGA\12.3\已整理\13...OMEGA SEAMASTER AQUA TERRA 150M WATCH 220.10.43.22.03.002\附图\220.10.43.22.03.002-3.png,cvs\new_watermark.png
dummy_images\WATCH\4.OMEGA\12.3\原图\13...OMEGA SEAMASTER AQUA TERRA 150M WATCH 220.10.43.22.03.002\附图\220.10.43.22.03.002-4.jpeg,417,watch,,dummy_images\WATCH\4.OMEGA\12.3\已整理\13...OMEGA SEAMASTER AQUA TERRA 150M WATCH 220.10.43.22.03.002\附图\220.10.43.22.03.002-4.jpeg,cvs\new_watermark.png
dummy_images\WATCH\4.OMEGA\12.3\原图\13...OMEGA SEAMASTER AQUA TERRA 150M WATCH 220.10.43.22.03.002\附图\220.10.43.22.03.002-5.jpeg,417,watch,,dummy_images\WATCH\4.OMEGA\12.3\已整理\13...OMEGA SEAMASTER AQUA TERRA 150M WATCH 220.10.43.22.03.002\附图\220.10.43.22.03.002-5.jpeg,cvs\new_watermark.png
dummy_images\WATCH\4.OMEGA\12.3\原图\13...OMEGA SEAMASTER AQUA TERRA 150M WATCH 220.10.43.22.03.002\附图\220.10.43.22.03.002-6.png,417,watch,,dummy_images\WATCH\4.OMEGA\12.3\已整理\13...OMEGA SEAMASTER AQUA TERRA 150M WATCH 220.10.43.22.03.002\附图\220.10.43.22.03.002-6.png,cvs\new_watermark.png
dummy_images\WATCH\4.OMEGA\12.3\原图\14...OMEGA SEAMASTER PLANET OCEAN 600M WATCH 215.32.44.21.06.001\主图\215.32.44.21.06.001.png.jpg,418,watch,,,cvs\new_watermark.png
dummy_images\WATCH\4.OMEGA\12.3\原图\14...OMEGA SEAMASTER PLANET OCEAN 600M WATCH 215.32.44.21.06.001\附图\215.32.44.21.06.001-1.png,418,watch,,dummy_images\WATCH\4.OMEGA\12.3\已整理\14...OMEGA SEAMASTER PLANET OCEAN 600M WATCH 215.32.44.21.06.001\附图\215.32.44.21.06.001-1.png,cvs\new_watermark.png
dummy_images\WATCH\4.OMEGA\12.3\原图\14...OMEGA SEAMASTER PLANET OCEAN 600M WATCH 215.32.44.21.06.001\附图\215.32.44.21.06.001-2.png,418,watch,,dummy_images\WATCH\4.OMEGA\12.3\已整理\14...OMEGA SEAMASTER PLANET OCEAN 600M WATCH 215.32.44.21.06.001\附图\215.32.44.21.06.001-2.png,cvs\new_watermark.png
dummy_images\WATCH\4.OMEGA\12.3\原图\14...OMEGA SEAMASTER PLANET OCEAN 600M WATCH 215.32.44.21.06.001\附图\215.32.44.21.06.001-3.png,418,watch,,dummy_images\WATCH\4.OMEGA\12.3\已整理\14...OMEGA SEAMASTER PLANET OCEAN 600M WATCH 215.32.44.21.06.001\附图\215.32.44.21.06.001-3.png,cvs\new_watermark.png
dummy_images\WATCH\4.OMEGA\12.3\原图\15...OMEGA SEAMASTER PLANET OCEAN 600M WATCH 215.32.44.21.09.001\主图\215.32.44.21.09.001.png.jpg,419,watch,,,cvs\new_watermark.png
dummy_images\WATCH\4.OMEGA\12.3\原图\15...OMEGA SEAMASTER PLANET OCEAN 600M WATCH 215.32.44.21.09.001\附图\215.32.44.21.09.001-1.png,419,watch,,dummy_images\WATCH\4.OMEGA\12.3\已整理\15...OMEGA SEAMASTER PLANET OCEAN 600M WATCH 215.32.44.21.09.001\附图\215.32.44.21.09.001-1.png,cvs\new_watermark.png
dummy_images\WATCH\4.OMEGA\12.3\原图\15...OMEGA SEAMASTER PLANET OCEAN 600M WATCH 215.32.44.21.09.001\附图\215.32.44.21.09.001-2.png,419,watch,,dummy_images\WATCH\4.OMEGA\12.3\已整理\15...OMEGA SEAMASTER PLANET OCEAN 600M WATCH 215.32.44.21.09.001\附图\215.32.44.21.09.001-2.png,cvs\new_watermark.png
dummy_images\WATCH\4.OMEGA\12.3\原图\15...OMEGA SEAMASTER PLANET OCEAN 600M WATCH 215.32.44.21.09.001\附图\215.32.44.21.09.001-3.png,419,watch,,dummy_images\WATCH\4.OMEGA\12.3\已整理\15...OMEGA SEAMASTER PLANET OCEAN 600M WATCH 215.32.44.21.09.001\附图\215.32.44.21.09.001-3.png,cvs\new_watermark.png
dummy_images\WATCH\4.OMEGA\12.3\原图\17...OMEGA SEAMASTER PLANET OCEAN 600M WATCH 215.92.46.51.01.003\主图\215.92.46.51.01.003.png.jpg,420,watch,,,cvs\new_watermark.png
dummy_images\WATCH\4.OMEGA\12.3\原图\17...OMEGA SEAMASTER PLANET OCEAN 600M WATCH 215.92.46.51.01.003\附图\215.92.46.51.01.003-1.jpeg,420,watch,,dummy_images\WATCH\4.OMEGA\12.3\已整理\17...OMEGA SEAMASTER PLANET OCEAN 600M WATCH 215.92.46.51.01.003\附图\215.92.46.51.01.003-1.jpeg,cvs\new_watermark.png
dummy_images\WATCH\4.OMEGA\12.3\原图\17...OMEGA SEAMASTER PLANET OCEAN 600M WATCH 215.92.46.51.01.003\附图\215.92.46.51.01.003-2.png,420,watch,,dummy_images\WATCH\4.OMEGA\12.3\已整理\17...OMEGA SEAMASTER PLANET OCEAN 600M WATCH 215.92.46.51.01.003\附图\215.92.46.51.01.003-2.png,cvs\new_watermark.png
dummy_images\WATCH\4.OMEGA\12.3\原图\17...OMEGA SEAMASTER PLANET OCEAN 600M WATCH 215.92.46.51.01.003\附图\215.92.46.51.01.003-3.png,420,watch,,dummy_images\WATCH\4.OMEGA\12.3\已整理\17...OMEGA SEAMASTER PLANET OCEAN 600M WATCH 215.92.46.51.01.003\附图\215.92.46.51.01.003-3.png,cvs\new_watermark.png
dummy_images\WATCH\4.OMEGA\12.3\原图\17...OMEGA SEAMASTER PLANET OCEAN 600M WATCH 215.92.46.51.01.003\附图\215.92.46.51.01.003-4.jpeg,420,watch,,dummy_images\WATCH\4.OMEGA\12.3\已整理\17...OMEGA SEAMASTER PLANET OCEAN 600M WATCH 215.92.46.51.01.003\附图\215.92.46.51.01.003-4.jpeg,cvs\new_watermark.png
dummy_images\WATCH\4.OMEGA\12.3\原图\18.OMEGA DE VILLE PRESTIGE CO-AXIAL MASTER CHRONOMETER SMALL SECONDS WATCH 434.10.41.20.10.001\主图\434.10.41.20.10.001.jpg,421,watch,,,cvs\new_watermark.png
dummy_images\WATCH\4.OMEGA\12.3\原图\18.OMEGA DE VILLE PRESTIGE CO-AXIAL MASTER CHRONOMETER SMALL SECONDS WATCH 434.10.41.20.10.001\附图\434.10.41.20.10.001-1.jpg,421,watch,,dummy_images\WATCH\4.OMEGA\12.3\已整理\18.OMEGA DE VILLE PRESTIGE CO-AXIAL MASTER CHRONOMETER SMALL SECONDS WATCH 434.10.41.20.10.001\附图\434.10.41.20.10.001-1.jpg,cvs\new_watermark.png
dummy_images\WATCH\4.OMEGA\12.3\原图\18.OMEGA DE VILLE PRESTIGE CO-AXIAL MASTER CHRONOMETER SMALL SECONDS WATCH 434.10.41.20.10.001\附图\434.10.41.20.10.001-2.jpg,421,watch,,dummy_images\WATCH\4.OMEGA\12.3\已整理\18.OMEGA DE VILLE PRESTIGE CO-AXIAL MASTER CHRONOMETER SMALL SECONDS WATCH 434.10.41.20.10.001\附图\434.10.41.20.10.001-2.jpg,cvs\new_watermark.png
dummy_images\WATCH\4.OMEGA\12.3\原图\18.OMEGA DE VILLE PRESTIGE CO-AXIAL MASTER CHRONOMETER SMALL SECONDS WATCH 434.10.41.20.10.001\附图\434.10.41.20.10.001-3.jpg,421,watch,,dummy_images\WATCH\4.OMEGA\12.3\已整理\18.OMEGA DE VILLE PRESTIGE CO-AXIAL MASTER CHRONOMETER SMALL SECONDS WATCH 434.10.41.20.10.001\附图\434.10.41.20.10.001-3.jpg,cvs\new_watermark.png
"dummy_images\WATCH\4.OMEGA\12.3\原图\19.ROLEX DATEJUST 41 OYSTER, 41 MM, OYSTERSTEEL AND WHITE GOLD WATCH 126334\主图\1-126334.jpeg.jpg",422,watch,,,cvs\new_watermark.png
"dummy_images\WATCH\4.OMEGA\12.3\原图\19.ROLEX DATEJUST 41 OYSTER, 41 MM, OYSTERSTEEL AND WHITE GOLD WATCH 126334\附图\1-126334-1.jpeg",422,watch,,"dummy_images\WATCH\4.OMEGA\12.3\已整理\19.ROLEX DATEJUST 41 OYSTER, 41 MM, OYSTERSTEEL AND WHITE GOLD WATCH 126334\附图\1-126334-1.jpeg",cvs\new_watermark.png
"dummy_images\WATCH\4.OMEGA\12.3\原图\19.ROLEX DATEJUST 41 OYSTER, 41 MM, OYSTERSTEEL AND WHITE GOLD WATCH 126334\附图\1-126334-2.jpeg",422,watch,,"dummy_images\WATCH\4.OMEGA\12.3\已整理\19.ROLEX DATEJUST 41 OYSTER, 41 MM, OYSTERSTEEL AND WHITE GOLD WATCH 126334\附图\1-126334-2.jpeg",cvs\new_watermark.png
"dummy_images\WATCH\4.OMEGA\12.3\原图\19.ROLEX DATEJUST 41 OYSTER, 41 MM, OYSTERSTEEL AND WHITE GOLD WATCH 126334\附图\1-126334-3.png",422,watch,,"dummy_images\WATCH\4.OMEGA\12.3\已整理\19.ROLEX DATEJUST 41 OYSTER, 41 MM, OYSTERSTEEL AND WHITE GOLD WATCH 126334\附图\1-126334-3.png",cvs\new_watermark.png
"dummy_images\WATCH\4.OMEGA\12.3\原图\19.ROLEX DATEJUST 41 OYSTER, 41 MM, OYSTERSTEEL AND WHITE GOLD WATCH 126334\附图\1-126334-4.png",422,watch,,"dummy_images\WATCH\4.OMEGA\12.3\已整理\19.ROLEX DATEJUST 41 OYSTER, 41 MM, OYSTERSTEEL AND WHITE GOLD WATCH 126334\附图\1-126334-4.png",cvs\new_watermark.png
"dummy_images\WATCH\4.OMEGA\12.3\原图\20...ROLEX DATEJUST 41 OYSTER, 41 MM, OYSTERSTEEL AND WHITE GOLD WATCH 126334\主图\2-126334.png.jpg",423,watch,,,cvs\new_watermark.png
"dummy_images\WATCH\4.OMEGA\12.3\原图\20...ROLEX DATEJUST 41 OYSTER, 41 MM, OYSTERSTEEL AND WHITE GOLD WATCH 126334\附图\2-126334-1.jpeg",423,watch,,"dummy_images\WATCH\4.OMEGA\12.3\已整理\20...ROLEX DATEJUST 41 OYSTER, 41 MM, OYSTERSTEEL AND WHITE GOLD WATCH 126334\附图\2-126334-1.jpeg",cvs\new_watermark.png
"dummy_images\WATCH\4.OMEGA\12.3\原图\20...ROLEX DATEJUST 41 OYSTER, 41 MM, OYSTERSTEEL AND WHITE GOLD WATCH 126334\附图\2-126334-2.png",423,watch,,"dummy_images\WATCH\4.OMEGA\12.3\已整理\20...ROLEX DATEJUST 41 OYSTER, 41 MM, OYSTERSTEEL AND WHITE GOLD WATCH 126334\附图\2-126334-2.png",cvs\new_watermark.png
"dummy_images\WATCH\4.OMEGA\12.3\原图\20...ROLEX DATEJUST 41 OYSTER, 41 MM, OYSTERSTEEL AND WHITE GOLD WATCH 126334\附图\2-126334-3.png",423,watch,,"dummy_images\WATCH\4.OMEGA\12.3\已整理\20...ROLEX DATEJUST 41 OYSTER, 41 MM, OYSTERSTEEL AND WHITE GOLD WATCH 126334\附图\2-126334-3.png",cvs\new_watermark.png
"dummy_images\WATCH\4.OMEGA\12.3\原图\21...ROLEX DATEJUST 41 OYSTER, 41 MM, OYSTERSTEEL AND WHITE GOLD WATCH 126334\主图\3-126334.png.jpg",424,watch,,,cvs\new_watermark.png
"dummy_images\WATCH\4.OMEGA\12.3\原图\21...ROLEX DATEJUST 41 OYSTER, 41 MM, OYSTERSTEEL AND WHITE GOLD WATCH 126334\附图\3-126334-1.jpeg",424,watch,,"dummy_images\WATCH\4.OMEGA\12.3\已整理\21...ROLEX DATEJUST 41 OYSTER, 41 MM, OYSTERSTEEL AND WHITE GOLD WATCH 126334\附图\3-126334-1.jpeg",cvs\new_watermark.png
"dummy_images\WATCH\4.OMEGA\12.3\原图\21...ROLEX DATEJUST 41 OYSTER, 41 MM, OYSTERSTEEL AND WHITE GOLD WATCH 126334\附图\3-126334-2.png",424,watch,,"dummy_images\WATCH\4.OMEGA\12.3\已整理\21...ROLEX DATEJUST 41 OYSTER, 41 MM, OYSTERSTEEL AND WHITE GOLD WATCH 126334\附图\3-126334-2.png",cvs\new_watermark.png
"dummy_images\WATCH\4.OMEGA\12.3\原图\21...ROLEX DATEJUST 41 OYSTER, 41 MM, OYSTERSTEEL AND WHITE GOLD WATCH 126334\附图\3-126334-3.png",424,watch,,"dummy_images\WATCH\4.OMEGA\12.3\已整理\21...ROLEX DATEJUST 41 OYSTER, 41 MM, OYSTERSTEEL AND WHITE GOLD WATCH 126334\附图\3-126334-3.png",cvs\new_watermark.png
"dummy_images\WATCH\4.OMEGA\12.3\原图\22...ROLEX DATEJUST 41 OYSTER, 41 MM, OYSTERSTEEL AND WHITE GOLD WATCH 126334\主图\4-126334.png.jpg",425,watch,,,cvs\new_watermark.png
"dummy_images\WATCH\4.OMEGA\12.3\原图\22...ROLEX DATEJUST 41 OYSTER, 41 MM, OYSTERSTEEL AND WHITE GOLD WATCH 126334\附图\4-126334-1.jpeg",425,watch,,"dummy_images\WATCH\4.OMEGA\12.3\已整理\22...ROLEX DATEJUST 41 OYSTER, 41 MM, OYSTERSTEEL AND WHITE GOLD WATCH 126334\附图\4-126334-1.jpeg",cvs\new_watermark.png
"dummy_images\WATCH\4.OMEGA\12.3\原图\22...ROLEX DATEJUST 41 OYSTER, 41 MM, OYSTERSTEEL AND WHITE GOLD WATCH 126334\附图\4-126334-2.png",425,watch,,"dummy_images\WATCH\4.OMEGA\12.3\已整理\22...ROLEX DATEJUST 41 OYSTER, 41 MM, OYSTERSTEEL AND WHITE GOLD WATCH 126334\附图\4-126334-2.png",cvs\new_watermark.png
"dummy_images\WATCH\4.OMEGA\12.3\原图\22...ROLEX DATEJUST 41 OYSTER, 41 MM, OYSTERSTEEL AND WHITE GOLD WATCH 126334\附图\4-126334-3.png",425,watch,,"dummy_images\WATCH\4.OMEGA\12.3\已整理\22...ROLEX DATEJUST 41 OYSTER, 41 MM, OYSTERSTEEL AND WHITE GOLD WATCH 126334\附图\4-126334-3.png",cvs\new_watermark.png
"dummy_images\WATCH\4.OMEGA\12.3\原图\22...ROLEX DATEJUST 41 OYSTER, 41 MM, OYSTERSTEEL AND WHITE GOLD WATCH 126334\附图\4-126334-4.png",425,watch,,"dummy_images\WATCH\4.OMEGA\12.3\已整理\22...ROLEX DATEJUST 41 OYSTER, 41 MM, OYSTERSTEEL AND WHITE GOLD WATCH 126334\附图\4-126334-4.png",cvs\new_watermark.png
dummy_images\WATCH\4.OMEGA\12.3\原图\23.ROLEX DATEJUST GMF WHITE DIAL DIAMOND MARKER JUBILEE BRACELET WATCH 126334\主图\5-126334.jpg,426,watch,,,cvs\new_watermark.png
dummy_images\WATCH\4.OMEGA\12.3\原图\23.ROLEX DATEJUST GMF WHITE DIAL DIAMOND MARKER JUBILEE BRACELET WATCH 126334\附图\5-126334-1.jpg,426,watch,,dummy_images\WATCH\4.OMEGA\12.3\已整理\23.ROLEX DATEJUST GMF WHITE DIAL DIAMOND MARKER JUBILEE BRACELET WATCH 126334\附图\5-126334-1.jpg,cvs\new_watermark.png
dummy_images\WATCH\4.OMEGA\12.3\原图\23.ROLEX DATEJUST GMF WHITE DIAL DIAMOND MARKER JUBILEE BRACELET WATCH 126334\附图\5-126334-2.jpg,426,watch,,dummy_images\WATCH\4.OMEGA\12.3\已整理\23.ROLEX DATEJUST GMF WHITE DIAL DIAMOND MARKER JUBILEE BRACELET WATCH 126334\附图\5-126334-2.jpg,cvs\new_watermark.png
dummy_images\WATCH\4.OMEGA\12.3\原图\23.ROLEX DATEJUST GMF WHITE DIAL DIAMOND MARKER JUBILEE BRACELET WATCH 126334\附图\5-126334-3.jpg,426,watch,,dummy_images\WATCH\4.OMEGA\12.3\已整理\23.ROLEX DATEJUST GMF WHITE DIAL DIAMOND MARKER JUBILEE BRACELET WATCH 126334\附图\5-126334-3.jpg,cvs\new_watermark.png
"dummy_images\WATCH\4.OMEGA\12.3\原图\24...ROLEX DATEJUST 41 OYSTER, 41 MM, OYSTERSTEEL AND WHITE GOLD WATCH 126334\主图\6-126334.png.jpg",427,watch,,,cvs\new_watermark.png
"dummy_images\WATCH\4.OMEGA\12.3\原图\24...ROLEX DATEJUST 41 OYSTER, 41 MM, OYSTERSTEEL AND WHITE GOLD WATCH 126334\附图\6-126334-1.jpeg",427,watch,,"dummy_images\WATCH\4.OMEGA\12.3\已整理\24...ROLEX DATEJUST 41 OYSTER, 41 MM, OYSTERSTEEL AND WHITE GOLD WATCH 126334\附图\6-126334-1.jpeg",cvs\new_watermark.png
"dummy_images\WATCH\4.OMEGA\12.3\原图\24...ROLEX DATEJUST 41 OYSTER, 41 MM, OYSTERSTEEL AND WHITE GOLD WATCH 126334\附图\6-126334-2.png",427,watch,,"dummy_images\WATCH\4.OMEGA\12.3\已整理\24...ROLEX DATEJUST 41 OYSTER, 41 MM, OYSTERSTEEL AND WHITE GOLD WATCH 126334\附图\6-126334-2.png",cvs\new_watermark.png
"dummy_images\WATCH\4.OMEGA\12.3\原图\24...ROLEX DATEJUST 41 OYSTER, 41 MM, OYSTERSTEEL AND WHITE GOLD WATCH 126334\附图\6-126334-3.png",427,watch,,"dummy_images\WATCH\4.OMEGA\12.3\已整理\24...ROLEX DATEJUST 41 OYSTER, 41 MM, OYSTERSTEEL AND WHITE GOLD WATCH 126334\附图\6-126334-3.png",cvs\new_watermark.png
"dummy_images\WATCH\4.OMEGA\12.3\原图\24...ROLEX DATEJUST 41 OYSTER, 41 MM, OYSTERSTEEL AND WHITE GOLD WATCH 126334\附图\6-126334-4.png",427,watch,,"dummy_images\WATCH\4.OMEGA\12.3\已整理\24...ROLEX DATEJUST 41 OYSTER, 41 MM, OYSTERSTEEL AND WHITE GOLD WATCH 126334\附图\6-126334-4.png",cvs\new_watermark.png
"dummy_images\WATCH\4.OMEGA\12.3\原图\26...ROLEX DATEJUST 41 OYSTER, 41 MM, OYSTERSTEEL AND WHITE GOLD WATCH 126334\主图\8-126334.png.jpg",428,watch,,,cvs\new_watermark.png
"dummy_images\WATCH\4.OMEGA\12.3\原图\26...ROLEX DATEJUST 41 OYSTER, 41 MM, OYSTERSTEEL AND WHITE GOLD WATCH 126334\附图\8-126334-1.jpeg",428,watch,,"dummy_images\WATCH\4.OMEGA\12.3\已整理\26...ROLEX DATEJUST 41 OYSTER, 41 MM, OYSTERSTEEL AND WHITE GOLD WATCH 126334\附图\8-126334-1.jpeg",cvs\new_watermark.png
"dummy_images\WATCH\4.OMEGA\12.3\原图\26...ROLEX DATEJUST 41 OYSTER, 41 MM, OYSTERSTEEL AND WHITE GOLD WATCH 126334\附图\8-126334-2.png",428,watch,,"dummy_images\WATCH\4.OMEGA\12.3\已整理\26...ROLEX DATEJUST 41 OYSTER, 41 MM, OYSTERSTEEL AND WHITE GOLD WATCH 126334\附图\8-126334-2.png",cvs\new_watermark.png
"dummy_images\WATCH\4.OMEGA\12.3\原图\26...ROLEX DATEJUST 41 OYSTER, 41 MM, OYSTERSTEEL AND WHITE GOLD WATCH 126334\附图\8-126334-3.png",428,watch,,"dummy_images\WATCH\4.OMEGA\12.3\已整理\26...ROLEX DATEJUST 41 OYSTER, 41 MM, OYSTERSTEEL AND WHITE GOLD WATCH 126334\附图\8-126334-3.png",cvs\new_watermark.png
"dummy_images\WATCH\4.OMEGA\12.3\原图\26...ROLEX DATEJUST 41 OYSTER, 41 MM, OYSTERSTEEL AND WHITE GOLD WATCH 126334\附图\8-126334-4.png",428,watch,,"dummy_images\WATCH\4.OMEGA\12.3\已整理\26...ROLEX DATEJUST 41 OYSTER, 41 MM, OYSTERSTEEL AND WHITE GOLD WATCH 126334\附图\8-126334-4.png",cvs\new_watermark.png
"dummy_images\WATCH\4.OMEGA\12.3\原图\27...ROLEX DATEJUST 36 OYSTER, 36 MM, OYSTERSTEEL AND YELLOW GOLD WATCH 126233\主图\1-126233.png.jpg",429,watch,,,cvs\new_watermark.png
"dummy_images\WATCH\4.OMEGA\12.3\原图\27...ROLEX DATEJUST 36 OYSTER, 36 MM, OYSTERSTEEL AND YELLOW GOLD WATCH 126233\附图\1-126233-1.jpeg",429,watch,,"dummy_images\WATCH\4.OMEGA\12.3\已整理\27...ROLEX DATEJUST 36 OYSTER, 36 MM, OYSTERSTEEL AND YELLOW GOLD WATCH 126233\附图\1-126233-1.jpeg",cvs\new_watermark.png
"dummy_images\WATCH\4.OMEGA\12.3\原图\27...ROLEX DATEJUST 36 OYSTER, 36 MM, OYSTERSTEEL AND YELLOW GOLD WATCH 126233\附图\1-126233-2.png",429,watch,,"dummy_images\WATCH\4.OMEGA\12.3\已整理\27...ROLEX DATEJUST 36 OYSTER, 36 MM, OYSTERSTEEL AND YELLOW GOLD WATCH 126233\附图\1-126233-2.png",cvs\new_watermark.png
"dummy_images\WATCH\4.OMEGA\12.3\原图\27...ROLEX DATEJUST 36 OYSTER, 36 MM, OYSTERSTEEL AND YELLOW GOLD WATCH 126233\附图\1-126233-3.png",429,watch,,"dummy_images\WATCH\4.OMEGA\12.3\已整理\27...ROLEX DATEJUST 36 OYSTER, 36 MM, OYSTERSTEEL AND YELLOW GOLD WATCH 126233\附图\1-126233-3.png",cvs\new_watermark.png
"dummy_images\WATCH\4.OMEGA\12.3\原图\27...ROLEX DATEJUST 36 OYSTER, 36 MM, OYSTERSTEEL AND YELLOW GOLD WATCH 126233\附图\1-126233-4.png",429,watch,,"dummy_images\WATCH\4.OMEGA\12.3\已整理\27...ROLEX DATEJUST 36 OYSTER, 36 MM, OYSTERSTEEL AND YELLOW GOLD WATCH 126233\附图\1-126233-4.png",cvs\new_watermark.png
dummy_images\WATCH\4.OMEGA\12.3\原图\32.ROLEX DATEJUST 36 DIAMOND-SET WATCH 116233\主图\3-116233.jpg,430,watch,,,cvs\new_watermark.png
dummy_images\WATCH\4.OMEGA\12.3\原图\32.ROLEX DATEJUST 36 DIAMOND-SET WATCH 116233\附图\3-116233-1.jpg,430,watch,,dummy_images\WATCH\4.OMEGA\12.3\已整理\32.ROLEX DATEJUST 36 DIAMOND-SET WATCH 116233\附图\3-116233-1.jpg,cvs\new_watermark.png
dummy_images\WATCH\4.OMEGA\12.3\原图\32.ROLEX DATEJUST 36 DIAMOND-SET WATCH 116233\附图\3-116233-2.jpg,430,watch,,dummy_images\WATCH\4.OMEGA\12.3\已整理\32.ROLEX DATEJUST 36 DIAMOND-SET WATCH 116233\附图\3-116233-2.jpg,cvs\new_watermark.png
dummy_images\WATCH\4.OMEGA\12.3\原图\32.ROLEX DATEJUST 36 DIAMOND-SET WATCH 116233\附图\3-116233-3.jpg,430,watch,,dummy_images\WATCH\4.OMEGA\12.3\已整理\32.ROLEX DATEJUST 36 DIAMOND-SET WATCH 116233\附图\3-116233-3.jpg,cvs\new_watermark.png
dummy_images\WATCH\4.OMEGA\12.4\原图\2.OMEGA DE VILLE PRESTIGE WATCH 424.20.37.20.02.001\主图\424.20.37.20.02.001.jpg,436,watch,,,cvs\new_watermark.png
dummy_images\WATCH\4.OMEGA\12.4\原图\2.OMEGA DE VILLE PRESTIGE WATCH 424.20.37.20.02.001\附图\424.20.37.20.02.001-1.jpg,436,watch,,dummy_images\WATCH\4.OMEGA\12.4\已整理\2.OMEGA DE VILLE PRESTIGE WATCH 424.20.37.20.02.001\附图\424.20.37.20.02.001-1.jpg,cvs\new_watermark.png
dummy_images\WATCH\4.OMEGA\12.4\原图\2.OMEGA DE VILLE PRESTIGE WATCH 424.20.37.20.02.001\附图\424.20.37.20.02.001-2.jpg,436,watch,,dummy_images\WATCH\4.OMEGA\12.4\已整理\2.OMEGA DE VILLE PRESTIGE WATCH 424.20.37.20.02.001\附图\424.20.37.20.02.001-2.jpg,cvs\new_watermark.png
dummy_images\WATCH\4.OMEGA\12.4\原图\2.OMEGA DE VILLE PRESTIGE WATCH 424.20.37.20.02.001\附图\424.20.37.20.02.001-3.jpg,436,watch,,dummy_images\WATCH\4.OMEGA\12.4\已整理\2.OMEGA DE VILLE PRESTIGE WATCH 424.20.37.20.02.001\附图\424.20.37.20.02.001-3.jpg,cvs\new_watermark.png
dummy_images\WATCH\4.OMEGA\12.4\原图\10...OMEGA DE VILLE PRESTIGE WATCH 434.23.40.20.02.002\主图\434.23.40.20.02.002.png,437,watch,,,cvs\new_watermark.png
dummy_images\WATCH\4.OMEGA\12.4\原图\10...OMEGA DE VILLE PRESTIGE WATCH 434.23.40.20.02.002\附图\434.23.40.20.02.002-1.png,437,watch,,dummy_images\WATCH\4.OMEGA\12.4\已整理\10...OMEGA DE VILLE PRESTIGE WATCH 434.23.40.20.02.002\附图\434.23.40.20.02.002-1.png,cvs\new_watermark.png
dummy_images\WATCH\4.OMEGA\12.4\原图\10...OMEGA DE VILLE PRESTIGE WATCH 434.23.40.20.02.002\附图\434.23.40.20.02.002-2.png,437,watch,,dummy_images\WATCH\4.OMEGA\12.4\已整理\10...OMEGA DE VILLE PRESTIGE WATCH 434.23.40.20.02.002\附图\434.23.40.20.02.002-2.png,cvs\new_watermark.png
dummy_images\WATCH\4.OMEGA\12.4\原图\10...OMEGA DE VILLE PRESTIGE WATCH 434.23.40.20.02.002\附图\434.23.40.20.02.002-3.png,437,watch,,dummy_images\WATCH\4.OMEGA\12.4\已整理\10...OMEGA DE VILLE PRESTIGE WATCH 434.23.40.20.02.002\附图\434.23.40.20.02.002-3.png,cvs\new_watermark.png
dummy_images\WATCH\4.OMEGA\12.4\原图\11...OMEGA SEAMASTER AQUA TERRA 150M WATCH 220.10.41.21.02.001\主图\220.10.41.21.02.001.png,438,watch,,,cvs\new_watermark.png
dummy_images\WATCH\4.OMEGA\12.4\原图\11...OMEGA SEAMASTER AQUA TERRA 150M WATCH 220.10.41.21.02.001\附图\220.10.41.21.02.001-1.png,438,watch,,dummy_images\WATCH\4.OMEGA\12.4\已整理\11...OMEGA SEAMASTER AQUA TERRA 150M WATCH 220.10.41.21.02.001\附图\220.10.41.21.02.001-1.png,cvs\new_watermark.png
dummy_images\WATCH\4.OMEGA\12.4\原图\11...OMEGA SEAMASTER AQUA TERRA 150M WATCH 220.10.41.21.02.001\附图\220.10.41.21.02.001-2.png,438,watch,,dummy_images\WATCH\4.OMEGA\12.4\已整理\11...OMEGA SEAMASTER AQUA TERRA 150M WATCH 220.10.41.21.02.001\附图\220.10.41.21.02.001-2.png,cvs\new_watermark.png
dummy_images\WATCH\4.OMEGA\12.4\原图\11...OMEGA SEAMASTER AQUA TERRA 150M WATCH 220.10.41.21.02.001\附图\220.10.41.21.02.001-3.png,438,watch,,dummy_images\WATCH\4.OMEGA\12.4\已整理\11...OMEGA SEAMASTER AQUA TERRA 150M WATCH 220.10.41.21.02.001\附图\220.10.41.21.02.001-3.png,cvs\new_watermark.png
dummy_images\WATCH\4.OMEGA\12.4\原图\11...OMEGA SEAMASTER AQUA TERRA 150M WATCH 220.10.41.21.02.001\附图\220.10.41.21.02.001-4.png,438,watch,,dummy_images\WATCH\4.OMEGA\12.4\已整理\11...OMEGA SEAMASTER AQUA TERRA 150M WATCH 220.10.41.21.02.001\附图\220.10.41.21.02.001-4.png,cvs\new_watermark.png
dummy_images\WATCH\4.OMEGA\12.4\原图\13...OMEGA SEAMASTER AQUA TERRA 150M WATCH 220.10.41.21.01.001\主图\220.10.41.21.01.001.png,439,watch,,,cvs\new_watermark.png
dummy_images\WATCH\4.OMEGA\12.4\原图\13...OMEGA SEAMASTER AQUA TERRA 150M WATCH 220.10.41.21.01.001\附图\220.10.41.21.01.001-1.png,439,watch,,dummy_images\WATCH\4.OMEGA\12.4\已整理\13...OMEGA SEAMASTER AQUA TERRA 150M WATCH 220.10.41.21.01.001\附图\220.10.41.21.01.001-1.png,cvs\new_watermark.png
dummy_images\WATCH\4.OMEGA\12.4\原图\13...OMEGA SEAMASTER AQUA TERRA 150M WATCH 220.10.41.21.01.001\附图\220.10.41.21.01.001-2.png,439,watch,,dummy_images\WATCH\4.OMEGA\12.4\已整理\13...OMEGA SEAMASTER AQUA TERRA 150M WATCH 220.10.41.21.01.001\附图\220.10.41.21.01.001-2.png,cvs\new_watermark.png
dummy_images\WATCH\4.OMEGA\12.4\原图\13...OMEGA SEAMASTER AQUA TERRA 150M WATCH 220.10.41.21.01.001\附图\220.10.41.21.01.001-3.png,439,watch,,dummy_images\WATCH\4.OMEGA\12.4\已整理\13...OMEGA SEAMASTER AQUA TERRA 150M WATCH 220.10.41.21.01.001\附图\220.10.41.21.01.001-3.png,cvs\new_watermark.png
dummy_images\WATCH\4.OMEGA\12.4\原图\13...OMEGA SEAMASTER AQUA TERRA 150M WATCH 220.10.41.21.01.001\附图\220.10.41.21.01.001-4.png,439,watch,,dummy_images\WATCH\4.OMEGA\12.4\已整理\13...OMEGA SEAMASTER AQUA TERRA 150M WATCH 220.10.41.21.01.001\附图\220.10.41.21.01.001-4.png,cvs\new_watermark.png
dummy_images\WATCH\4.OMEGA\12.4\原图\15...OMEGA SEAMASTER AQUA TERRA 150M WATCH 220.10.41.21.06.001\主图\220.10.41.21.06.001.jpg,440,watch,,,cvs\new_watermark.png
dummy_images\WATCH\4.OMEGA\12.4\原图\15...OMEGA SEAMASTER AQUA TERRA 150M WATCH 220.10.41.21.06.001\附图\220.10.41.21.06.001-1.png,440,watch,,dummy_images\WATCH\4.OMEGA\12.4\已整理\15...OMEGA SEAMASTER AQUA TERRA 150M WATCH 220.10.41.21.06.001\附图\220.10.41.21.06.001-1.png,cvs\new_watermark.png
dummy_images\WATCH\4.OMEGA\12.4\原图\15...OMEGA SEAMASTER AQUA TERRA 150M WATCH 220.10.41.21.06.001\附图\220.10.41.21.06.001-2.png,440,watch,,dummy_images\WATCH\4.OMEGA\12.4\已整理\15...OMEGA SEAMASTER AQUA TERRA 150M WATCH 220.10.41.21.06.001\附图\220.10.41.21.06.001-2.png,cvs\new_watermark.png
dummy_images\WATCH\4.OMEGA\12.4\原图\15...OMEGA SEAMASTER AQUA TERRA 150M WATCH 220.10.41.21.06.001\附图\220.10.41.21.06.001-3.png,440,watch,,dummy_images\WATCH\4.OMEGA\12.4\已整理\15...OMEGA SEAMASTER AQUA TERRA 150M WATCH 220.10.41.21.06.001\附图\220.10.41.21.06.001-3.png,cvs\new_watermark.png
dummy_images\WATCH\4.OMEGA\12.4\原图\15...OMEGA SEAMASTER AQUA TERRA 150M WATCH 220.10.41.21.06.001\附图\220.10.41.21.06.001-4.png,440,watch,,dummy_images\WATCH\4.OMEGA\12.4\已整理\15...OMEGA SEAMASTER AQUA TERRA 150M WATCH 220.10.41.21.06.001\附图\220.10.41.21.06.001-4.png,cvs\new_watermark.png
dummy_images\WATCH\4.OMEGA\12.4\原图\18.OMEGA SEAMASTER AQUA TERRA WATCH 220.12.41.21.01.002\主图\220.12.41.21.01.002.png,441,watch,,,cvs\new_watermark.png
dummy_images\WATCH\4.OMEGA\12.4\原图\18.OMEGA SEAMASTER AQUA TERRA WATCH 220.12.41.21.01.002\附图\220.12.41.21.01.002-1.jpg,441,watch,,dummy_images\WATCH\4.OMEGA\12.4\已整理\18.OMEGA SEAMASTER AQUA TERRA WATCH 220.12.41.21.01.002\附图\220.12.41.21.01.002-1.jpg,cvs\new_watermark.png
dummy_images\WATCH\4.OMEGA\12.4\原图\18.OMEGA SEAMASTER AQUA TERRA WATCH 220.12.41.21.01.002\附图\220.12.41.21.01.002-2.jpg,441,watch,,dummy_images\WATCH\4.OMEGA\12.4\已整理\18.OMEGA SEAMASTER AQUA TERRA WATCH 220.12.41.21.01.002\附图\220.12.41.21.01.002-2.jpg,cvs\new_watermark.png
dummy_images\WATCH\4.OMEGA\12.4\原图\18.OMEGA SEAMASTER AQUA TERRA WATCH 220.12.41.21.01.002\附图\220.12.41.21.01.002-3.jpg,441,watch,,dummy_images\WATCH\4.OMEGA\12.4\已整理\18.OMEGA SEAMASTER AQUA TERRA WATCH 220.12.41.21.01.002\附图\220.12.41.21.01.002-3.jpg,cvs\new_watermark.png
dummy_images\WATCH\4.OMEGA\12.4\原图\18.OMEGA SEAMASTER AQUA TERRA WATCH 220.12.41.21.01.002\附图\220.12.41.21.01.002-4.jpg,441,watch,,dummy_images\WATCH\4.OMEGA\12.4\已整理\18.OMEGA SEAMASTER AQUA TERRA WATCH 220.12.41.21.01.002\附图\220.12.41.21.01.002-4.jpg,cvs\new_watermark.png
dummy_images\WATCH\4.OMEGA\12.4\原图\19...OMEGA SEAMASTER AQUA TERRA 150M WATCH 220.10.41.21.03.002\主图\220.10.41.21.03.002.png,442,watch,,,cvs\new_watermark.png
dummy_images\WATCH\4.OMEGA\12.4\原图\19...OMEGA SEAMASTER AQUA TERRA 150M WATCH 220.10.41.21.03.002\附图\220.10.41.21.03.002-1.png,442,watch,,dummy_images\WATCH\4.OMEGA\12.4\已整理\19...OMEGA SEAMASTER AQUA TERRA 150M WATCH 220.10.41.21.03.002\附图\220.10.41.21.03.002-1.png,cvs\new_watermark.png
dummy_images\WATCH\4.OMEGA\12.4\原图\19...OMEGA SEAMASTER AQUA TERRA 150M WATCH 220.10.41.21.03.002\附图\220.10.41.21.03.002-2.png,442,watch,,dummy_images\WATCH\4.OMEGA\12.4\已整理\19...OMEGA SEAMASTER AQUA TERRA 150M WATCH 220.10.41.21.03.002\附图\220.10.41.21.03.002-2.png,cvs\new_watermark.png
dummy_images\WATCH\4.OMEGA\12.4\原图\19...OMEGA SEAMASTER AQUA TERRA 150M WATCH 220.10.41.21.03.002\附图\220.10.41.21.03.002-3.png,442,watch,,dummy_images\WATCH\4.OMEGA\12.4\已整理\19...OMEGA SEAMASTER AQUA TERRA 150M WATCH 220.10.41.21.03.002\附图\220.10.41.21.03.002-3.png,cvs\new_watermark.png
dummy_images\WATCH\4.OMEGA\12.4\原图\19...OMEGA SEAMASTER AQUA TERRA 150M WATCH 220.10.41.21.03.002\附图\220.10.41.21.03.002-4.png,442,watch,,dummy_images\WATCH\4.OMEGA\12.4\已整理\19...OMEGA SEAMASTER AQUA TERRA 150M WATCH 220.10.41.21.03.002\附图\220.10.41.21.03.002-4.png,cvs\new_watermark.png
dummy_images\WATCH\4.OMEGA\12.4\原图\21.OMEGA SEAMASTER AQUA TERRA 150M WATCH 220.10.41.21.03.004\主图\220.10.41.21.03.004.jpg,443,watch,,,cvs\new_watermark.png
dummy_images\WATCH\4.OMEGA\12.4\原图\21.OMEGA SEAMASTER AQUA TERRA 150M WATCH 220.10.41.21.03.004\附图\220.10.41.21.03.004-1.jpg,443,watch,,dummy_images\WATCH\4.OMEGA\12.4\已整理\21.OMEGA SEAMASTER AQUA TERRA 150M WATCH 220.10.41.21.03.004\附图\220.10.41.21.03.004-1.jpg,cvs\new_watermark.png
dummy_images\WATCH\4.OMEGA\12.4\原图\21.OMEGA SEAMASTER AQUA TERRA 150M WATCH 220.10.41.21.03.004\附图\220.10.41.21.03.004-2.jpg,443,watch,,dummy_images\WATCH\4.OMEGA\12.4\已整理\21.OMEGA SEAMASTER AQUA TERRA 150M WATCH 220.10.41.21.03.004\附图\220.10.41.21.03.004-2.jpg,cvs\new_watermark.png
dummy_images\WATCH\4.OMEGA\12.4\原图\21.OMEGA SEAMASTER AQUA TERRA 150M WATCH 220.10.41.21.03.004\附图\220.10.41.21.03.004-3.jpg,443,watch,,dummy_images\WATCH\4.OMEGA\12.4\已整理\21.OMEGA SEAMASTER AQUA TERRA 150M WATCH 220.10.41.21.03.004\附图\220.10.41.21.03.004-3.jpg,cvs\new_watermark.png
dummy_images\WATCH\4.OMEGA\12.4\原图\22.OMEGA SEAMASTER AQUA TERRA 150M WATCH 220.12.41.21.03.001\主图\220.12.41.21.03.001.jpg,444,watch,,,cvs\new_watermark.png
dummy_images\WATCH\4.OMEGA\12.4\原图\22.OMEGA SEAMASTER AQUA TERRA 150M WATCH 220.12.41.21.03.001\附图\220.12.41.21.03.001-1.jpg,444,watch,,dummy_images\WATCH\4.OMEGA\12.4\已整理\22.OMEGA SEAMASTER AQUA TERRA 150M WATCH 220.12.41.21.03.001\附图\220.12.41.21.03.001-1.jpg,cvs\new_watermark.png
dummy_images\WATCH\4.OMEGA\12.4\原图\22.OMEGA SEAMASTER AQUA TERRA 150M WATCH 220.12.41.21.03.001\附图\220.12.41.21.03.001-2.jpg,444,watch,,dummy_images\WATCH\4.OMEGA\12.4\已整理\22.OMEGA SEAMASTER AQUA TERRA 150M WATCH 220.12.41.21.03.001\附图\220.12.41.21.03.001-2.jpg,cvs\new_watermark.png
dummy_images\WATCH\4.OMEGA\12.4\原图\22.OMEGA SEAMASTER AQUA TERRA 150M WATCH 220.12.41.21.03.001\附图\220.12.41.21.03.001-3.jpg,444,watch,,dummy_images\WATCH\4.OMEGA\12.4\已整理\22.OMEGA SEAMASTER AQUA TERRA 150M WATCH 220.12.41.21.03.001\附图\220.12.41.21.03.001-3.jpg,cvs\new_watermark.png
dummy_images\WATCH\4.OMEGA\12.4\原图\23...OMEGA SEAMASTER AQUA TERRA 150M WATCH 220.10.38.20.10.003\主图\220.10.38.20.10.003.png,445,watch,,,cvs\new_watermark.png
dummy_images\WATCH\4.OMEGA\12.4\原图\23...OMEGA SEAMASTER AQUA TERRA 150M WATCH 220.10.38.20.10.003\附图\220.10.38.20.10.003-1.png,445,watch,,dummy_images\WATCH\4.OMEGA\12.4\已整理\23...OMEGA SEAMASTER AQUA TERRA 150M WATCH 220.10.38.20.10.003\附图\220.10.38.20.10.003-1.png,cvs\new_watermark.png
dummy_images\WATCH\4.OMEGA\12.4\原图\23...OMEGA SEAMASTER AQUA TERRA 150M WATCH 220.10.38.20.10.003\附图\220.10.38.20.10.003-2.png,445,watch,,dummy_images\WATCH\4.OMEGA\12.4\已整理\23...OMEGA SEAMASTER AQUA TERRA 150M WATCH 220.10.38.20.10.003\附图\220.10.38.20.10.003-2.png,cvs\new_watermark.png
dummy_images\WATCH\4.OMEGA\12.4\原图\23...OMEGA SEAMASTER AQUA TERRA 150M WATCH 220.10.38.20.10.003\附图\220.10.38.20.10.003-3.png,445,watch,,dummy_images\WATCH\4.OMEGA\12.4\已整理\23...OMEGA SEAMASTER AQUA TERRA 150M WATCH 220.10.38.20.10.003\附图\220.10.38.20.10.003-3.png,cvs\new_watermark.png
dummy_images\WATCH\4.OMEGA\12.4\原图\23...OMEGA SEAMASTER AQUA TERRA 150M WATCH 220.10.38.20.10.003\附图\220.10.38.20.10.003-4.png,445,watch,,dummy_images\WATCH\4.OMEGA\12.4\已整理\23...OMEGA SEAMASTER AQUA TERRA 150M WATCH 220.10.38.20.10.003\附图\220.10.38.20.10.003-4.png,cvs\new_watermark.png
dummy_images\WATCH\4.OMEGA\12.4\原图\23...OMEGA SEAMASTER AQUA TERRA 150M WATCH 220.10.38.20.10.003\附图\220.10.38.20.10.003-5.png,445,watch,,dummy_images\WATCH\4.OMEGA\12.4\已整理\23...OMEGA SEAMASTER AQUA TERRA 150M WATCH 220.10.38.20.10.003\附图\220.10.38.20.10.003-5.png,cvs\new_watermark.png
dummy_images\WATCH\4.OMEGA\12.4\原图\23...OMEGA SEAMASTER AQUA TERRA 150M WATCH 220.10.38.20.10.003\附图\220.10.38.20.10.003-6.png,445,watch,,dummy_images\WATCH\4.OMEGA\12.4\已整理\23...OMEGA SEAMASTER AQUA TERRA 150M WATCH 220.10.38.20.10.003\附图\220.10.38.20.10.003-6.png,cvs\new_watermark.png
dummy_images\WATCH\4.OMEGA\12.4\原图\24.OMEGA SEAMASTER AQUA TERRA 150M WATCH 220.10.34.20.53.001\主图\220.10.34.20.53.001.png,446,watch,,,cvs\new_watermark.png
dummy_images\WATCH\4.OMEGA\12.4\原图\24.OMEGA SEAMASTER AQUA TERRA 150M WATCH 220.10.34.20.53.001\附图\220.10.34.20.53.001-1.png,446,watch,,dummy_images\WATCH\4.OMEGA\12.4\已整理\24.OMEGA SEAMASTER AQUA TERRA 150M WATCH 220.10.34.20.53.001\附图\220.10.34.20.53.001-1.png,cvs\new_watermark.png
dummy_images\WATCH\4.OMEGA\12.4\原图\24.OMEGA SEAMASTER AQUA TERRA 150M WATCH 220.10.34.20.53.001\附图\220.10.34.20.53.001-2.png,446,watch,,dummy_images\WATCH\4.OMEGA\12.4\已整理\24.OMEGA SEAMASTER AQUA TERRA 150M WATCH 220.10.34.20.53.001\附图\220.10.34.20.53.001-2.png,cvs\new_watermark.png
dummy_images\WATCH\4.OMEGA\12.4\原图\24.OMEGA SEAMASTER AQUA TERRA 150M WATCH 220.10.34.20.53.001\附图\220.10.34.20.53.001-3.png,446,watch,,dummy_images\WATCH\4.OMEGA\12.4\已整理\24.OMEGA SEAMASTER AQUA TERRA 150M WATCH 220.10.34.20.53.001\附图\220.10.34.20.53.001-3.png,cvs\new_watermark.png
dummy_images\WATCH\4.OMEGA\12.4\原图\24.OMEGA SEAMASTER AQUA TERRA 150M WATCH 220.10.34.20.53.001\附图\220.10.34.20.53.001-4.png,446,watch,,dummy_images\WATCH\4.OMEGA\12.4\已整理\24.OMEGA SEAMASTER AQUA TERRA 150M WATCH 220.10.34.20.53.001\附图\220.10.34.20.53.001-4.png,cvs\new_watermark.png
dummy_images\WATCH\4.OMEGA\12.4\原图\26...OMEGA SEAMASTER AQUA TERRA 150M WATCH 220.10.34.20.02.001\主图\220.10.34.20.02.001.png,447,watch,,,cvs\new_watermark.png
dummy_images\WATCH\4.OMEGA\12.4\原图\26...OMEGA SEAMASTER AQUA TERRA 150M WATCH 220.10.34.20.02.001\附图\220.10.34.20.02.001-1.png,447,watch,,dummy_images\WATCH\4.OMEGA\12.4\已整理\26...OMEGA SEAMASTER AQUA TERRA 150M WATCH 220.10.34.20.02.001\附图\220.10.34.20.02.001-1.png,cvs\new_watermark.png
dummy_images\WATCH\4.OMEGA\12.4\原图\26...OMEGA SEAMASTER AQUA TERRA 150M WATCH 220.10.34.20.02.001\附图\220.10.34.20.02.001-2.png,447,watch,,dummy_images\WATCH\4.OMEGA\12.4\已整理\26...OMEGA SEAMASTER AQUA TERRA 150M WATCH 220.10.34.20.02.001\附图\220.10.34.20.02.001-2.png,cvs\new_watermark.png
dummy_images\WATCH\4.OMEGA\12.4\原图\26...OMEGA SEAMASTER AQUA TERRA 150M WATCH 220.10.34.20.02.001\附图\220.10.34.20.02.001-3.png,447,watch,,dummy_images\WATCH\4.OMEGA\12.4\已整理\26...OMEGA SEAMASTER AQUA TERRA 150M WATCH 220.10.34.20.02.001\附图\220.10.34.20.02.001-3.png,cvs\new_watermark.png
dummy_images\WATCH\4.OMEGA\12.4\原图\26...OMEGA SEAMASTER AQUA TERRA 150M WATCH 220.10.34.20.02.001\附图\220.10.34.20.02.001-4.png,447,watch,,dummy_images\WATCH\4.OMEGA\12.4\已整理\26...OMEGA SEAMASTER AQUA TERRA 150M WATCH 220.10.34.20.02.001\附图\220.10.34.20.02.001-4.png,cvs\new_watermark.png
dummy_images\WATCH\4.OMEGA\12.4\原图\26...OMEGA SEAMASTER AQUA TERRA 150M WATCH 220.10.34.20.02.001\附图\220.10.34.20.02.001-5.png,447,watch,,dummy_images\WATCH\4.OMEGA\12.4\已整理\26...OMEGA SEAMASTER AQUA TERRA 150M WATCH 220.10.34.20.02.001\附图\220.10.34.20.02.001-5.png,cvs\new_watermark.png
dummy_images\WATCH\4.OMEGA\12.4\原图\27...OMEGA SEAMASTER AQUA TERRA 150M WATCH 220.10.34.20.02.002\主图\220.10.34.20.02.002.png,448,watch,,,cvs\new_watermark.png
dummy_images\WATCH\4.OMEGA\12.4\原图\27...OMEGA SEAMASTER AQUA TERRA 150M WATCH 220.10.34.20.02.002\附图\220.10.34.20.02.002-1.png,448,watch,,dummy_images\WATCH\4.OMEGA\12.4\已整理\27...OMEGA SEAMASTER AQUA TERRA 150M WATCH 220.10.34.20.02.002\附图\220.10.34.20.02.002-1.png,cvs\new_watermark.png
dummy_images\WATCH\4.OMEGA\12.4\原图\27...OMEGA SEAMASTER AQUA TERRA 150M WATCH 220.10.34.20.02.002\附图\220.10.34.20.02.002-2.png,448,watch,,dummy_images\WATCH\4.OMEGA\12.4\已整理\27...OMEGA SEAMASTER AQUA TERRA 150M WATCH 220.10.34.20.02.002\附图\220.10.34.20.02.002-2.png,cvs\new_watermark.png
dummy_images\WATCH\4.OMEGA\12.4\原图\27...OMEGA SEAMASTER AQUA TERRA 150M WATCH 220.10.34.20.02.002\附图\220.10.34.20.02.002-3.png,448,watch,,dummy_images\WATCH\4.OMEGA\12.4\已整理\27...OMEGA SEAMASTER AQUA TERRA 150M WATCH 220.10.34.20.02.002\附图\220.10.34.20.02.002-3.png,cvs\new_watermark.png
dummy_images\WATCH\4.OMEGA\12.4\原图\27...OMEGA SEAMASTER AQUA TERRA 150M WATCH 220.10.34.20.02.002\附图\220.10.34.20.02.002-4.png,448,watch,,dummy_images\WATCH\4.OMEGA\12.4\已整理\27...OMEGA SEAMASTER AQUA TERRA 150M WATCH 220.10.34.20.02.002\附图\220.10.34.20.02.002-4.png,cvs\new_watermark.png
dummy_images\WATCH\4.OMEGA\12.4\原图\27...OMEGA SEAMASTER AQUA TERRA 150M WATCH 220.10.34.20.02.002\附图\220.10.34.20.02.002-5.png,448,watch,,dummy_images\WATCH\4.OMEGA\12.4\已整理\27...OMEGA SEAMASTER AQUA TERRA 150M WATCH 220.10.34.20.02.002\附图\220.10.34.20.02.002-5.png,cvs\new_watermark.png
dummy_images\WATCH\4.OMEGA\12.4\原图\29...OMEGA SEAMASTER PLANET OCEAN 600M WATCH 215.32.44.21.01.001\主图\215.32.44.21.01.001.png,449,watch,,,cvs\new_watermark.png
dummy_images\WATCH\4.OMEGA\12.4\原图\29...OMEGA SEAMASTER PLANET OCEAN 600M WATCH 215.32.44.21.01.001\附图\215.32.44.21.01.001-1.png,449,watch,,dummy_images\WATCH\4.OMEGA\12.4\已整理\29...OMEGA SEAMASTER PLANET OCEAN 600M WATCH 215.32.44.21.01.001\附图\215.32.44.21.01.001-1.png,cvs\new_watermark.png
dummy_images\WATCH\4.OMEGA\12.4\原图\29...OMEGA SEAMASTER PLANET OCEAN 600M WATCH 215.32.44.21.01.001\附图\215.32.44.21.01.001-2.png,449,watch,,dummy_images\WATCH\4.OMEGA\12.4\已整理\29...OMEGA SEAMASTER PLANET OCEAN 600M WATCH 215.32.44.21.01.001\附图\215.32.44.21.01.001-2.png,cvs\new_watermark.png
dummy_images\WATCH\4.OMEGA\12.4\原图\29...OMEGA SEAMASTER PLANET OCEAN 600M WATCH 215.32.44.21.01.001\附图\215.32.44.21.01.001-3.png,449,watch,,dummy_images\WATCH\4.OMEGA\12.4\已整理\29...OMEGA SEAMASTER PLANET OCEAN 600M WATCH 215.32.44.21.01.001\附图\215.32.44.21.01.001-3.png,cvs\new_watermark.png
dummy_images\WATCH\4.OMEGA\12.4\原图\29...OMEGA SEAMASTER PLANET OCEAN 600M WATCH 215.32.44.21.01.001\附图\215.32.44.21.01.001-4.png,449,watch,,dummy_images\WATCH\4.OMEGA\12.4\已整理\29...OMEGA SEAMASTER PLANET OCEAN 600M WATCH 215.32.44.21.01.001\附图\215.32.44.21.01.001-4.png,cvs\new_watermark.png
dummy_images\WATCH\4.OMEGA\12.4\原图\32.OMEGA SEAMASTER PLANET OCEAN GMT WATCH 232.32.44.22.01.002\主图\232.32.44.22.01.002.jpg,450,watch,,,cvs\new_watermark.png
dummy_images\WATCH\4.OMEGA\12.4\原图\32.OMEGA SEAMASTER PLANET OCEAN GMT WATCH 232.32.44.22.01.002\附图\232.32.44.22.01.002-1.jpg,450,watch,,dummy_images\WATCH\4.OMEGA\12.4\已整理\32.OMEGA SEAMASTER PLANET OCEAN GMT WATCH 232.32.44.22.01.002\附图\232.32.44.22.01.002-1.jpg,cvs\new_watermark.png
dummy_images\WATCH\4.OMEGA\12.4\原图\32.OMEGA SEAMASTER PLANET OCEAN GMT WATCH 232.32.44.22.01.002\附图\232.32.44.22.01.002-2.jpg,450,watch,,dummy_images\WATCH\4.OMEGA\12.4\已整理\32.OMEGA SEAMASTER PLANET OCEAN GMT WATCH 232.32.44.22.01.002\附图\232.32.44.22.01.002-2.jpg,cvs\new_watermark.png
dummy_images\WATCH\4.OMEGA\12.4\原图\32.OMEGA SEAMASTER PLANET OCEAN GMT WATCH 232.32.44.22.01.002\附图\232.32.44.22.01.002-3.jpg,450,watch,,dummy_images\WATCH\4.OMEGA\12.4\已整理\32.OMEGA SEAMASTER PLANET OCEAN GMT WATCH 232.32.44.22.01.002\附图\232.32.44.22.01.002-3.jpg,cvs\new_watermark.png
dummy_images\WATCH\4.OMEGA\12.5\原图\1...OMEGA CONSTELACION WATCH 131.33.41.21.06.001\主图\131.33.41.21.06.001.png,465,watch,,,cvs\new_watermark.png
dummy_images\WATCH\4.OMEGA\12.5\原图\1...OMEGA CONSTELACION WATCH 131.33.41.21.06.001\附图\131.33.41.21.06.001-1.jpeg,465,watch,,dummy_images\WATCH\4.OMEGA\12.5\已处理\1...OMEGA CONSTELACION WATCH 131.33.41.21.06.001\附图\131.33.41.21.06.001-1.jpeg,cvs\new_watermark.png
dummy_images\WATCH\4.OMEGA\12.5\原图\1...OMEGA CONSTELACION WATCH 131.33.41.21.06.001\附图\131.33.41.21.06.001-2.jpeg,465,watch,,dummy_images\WATCH\4.OMEGA\12.5\已处理\1...OMEGA CONSTELACION WATCH 131.33.41.21.06.001\附图\131.33.41.21.06.001-2.jpeg,cvs\new_watermark.png
dummy_images\WATCH\4.OMEGA\12.5\原图\1...OMEGA CONSTELACION WATCH 131.33.41.21.06.001\附图\131.33.41.21.06.001-3.png,465,watch,,dummy_images\WATCH\4.OMEGA\12.5\已处理\1...OMEGA CONSTELACION WATCH 131.33.41.21.06.001\附图\131.33.41.21.06.001-3.png,cvs\new_watermark.png
dummy_images\WATCH\4.OMEGA\12.5\原图\1...OMEGA CONSTELACION WATCH 131.33.41.21.06.001\附图\131.33.41.21.06.001-4.png,465,watch,,dummy_images\WATCH\4.OMEGA\12.5\已处理\1...OMEGA CONSTELACION WATCH 131.33.41.21.06.001\附图\131.33.41.21.06.001-4.png,cvs\new_watermark.png
dummy_images\WATCH\4.OMEGA\12.5\原图\1...OMEGA CONSTELACION WATCH 131.33.41.21.06.001\附图\131.33.41.21.06.001-5.png,465,watch,,dummy_images\WATCH\4.OMEGA\12.5\已处理\1...OMEGA CONSTELACION WATCH 131.33.41.21.06.001\附图\131.33.41.21.06.001-5.png,cvs\new_watermark.png
dummy_images\WATCH\4.OMEGA\12.5\原图\2.OMEGA CONSTELLATION WATCH 131.10.28.60.56.001\主图\131.10.28.60.56.001.png,466,watch,,,cvs\new_watermark.png
dummy_images\WATCH\4.OMEGA\12.5\原图\2.OMEGA CONSTELLATION WATCH 131.10.28.60.56.001\附图\131.10.28.60.56.001-1.png,466,watch,,dummy_images\WATCH\4.OMEGA\12.5\已处理\2.OMEGA CONSTELLATION WATCH 131.10.28.60.56.001\附图\131.10.28.60.56.001-1.png,cvs\new_watermark.png
dummy_images\WATCH\4.OMEGA\12.5\原图\2.OMEGA CONSTELLATION WATCH 131.10.28.60.56.001\附图\131.10.28.60.56.001-2.png,466,watch,,dummy_images\WATCH\4.OMEGA\12.5\已处理\2.OMEGA CONSTELLATION WATCH 131.10.28.60.56.001\附图\131.10.28.60.56.001-2.png,cvs\new_watermark.png
dummy_images\WATCH\4.OMEGA\12.5\原图\2.OMEGA CONSTELLATION WATCH 131.10.28.60.56.001\附图\131.10.28.60.56.001-3.png,466,watch,,dummy_images\WATCH\4.OMEGA\12.5\已处理\2.OMEGA CONSTELLATION WATCH 131.10.28.60.56.001\附图\131.10.28.60.56.001-3.png,cvs\new_watermark.png
dummy_images\WATCH\4.OMEGA\12.5\原图\2.OMEGA CONSTELLATION WATCH 131.10.28.60.56.001\附图\131.10.28.60.56.001-4.png,466,watch,,dummy_images\WATCH\4.OMEGA\12.5\已处理\2.OMEGA CONSTELLATION WATCH 131.10.28.60.56.001\附图\131.10.28.60.56.001-4.png,cvs\new_watermark.png
dummy_images\WATCH\4.OMEGA\12.5\原图\2.OMEGA CONSTELLATION WATCH 131.10.28.60.56.001\附图\131.10.28.60.56.001-5.png,466,watch,,dummy_images\WATCH\4.OMEGA\12.5\已处理\2.OMEGA CONSTELLATION WATCH 131.10.28.60.56.001\附图\131.10.28.60.56.001-5.png,cvs\new_watermark.png
dummy_images\WATCH\4.OMEGA\12.5\原图\4.OMEGA CONSTELLATION WATCH 131.10.28.60.55.001\主图\131.10.28.60.55.001.png,467,watch,,,cvs\new_watermark.png
dummy_images\WATCH\4.OMEGA\12.5\原图\4.OMEGA CONSTELLATION WATCH 131.10.28.60.55.001\附图\131.10.28.60.55.001-1.png,467,watch,,dummy_images\WATCH\4.OMEGA\12.5\已处理\4.OMEGA CONSTELLATION WATCH 131.10.28.60.55.001\附图\131.10.28.60.55.001-1.png,cvs\new_watermark.png
dummy_images\WATCH\4.OMEGA\12.5\原图\4.OMEGA CONSTELLATION WATCH 131.10.28.60.55.001\附图\131.10.28.60.55.001-2.png,467,watch,,dummy_images\WATCH\4.OMEGA\12.5\已处理\4.OMEGA CONSTELLATION WATCH 131.10.28.60.55.001\附图\131.10.28.60.55.001-2.png,cvs\new_watermark.png
dummy_images\WATCH\4.OMEGA\12.5\原图\4.OMEGA CONSTELLATION WATCH 131.10.28.60.55.001\附图\131.10.28.60.55.001-3.png,467,watch,,dummy_images\WATCH\4.OMEGA\12.5\已处理\4.OMEGA CONSTELLATION WATCH 131.10.28.60.55.001\附图\131.10.28.60.55.001-3.png,cvs\new_watermark.png
dummy_images\WATCH\4.OMEGA\12.5\原图\4.OMEGA CONSTELLATION WATCH 131.10.28.60.55.001\附图\131.10.28.60.55.001-4.png,467,watch,,dummy_images\WATCH\4.OMEGA\12.5\已处理\4.OMEGA CONSTELLATION WATCH 131.10.28.60.55.001\附图\131.10.28.60.55.001-4.png,cvs\new_watermark.png
dummy_images\WATCH\4.OMEGA\12.5\原图\4.OMEGA CONSTELLATION WATCH 131.10.28.60.55.001\附图\131.10.28.60.55.001-5.png,467,watch,,dummy_images\WATCH\4.OMEGA\12.5\已处理\4.OMEGA CONSTELLATION WATCH 131.10.28.60.55.001\附图\131.10.28.60.55.001-5.png,cvs\new_watermark.png
dummy_images\WATCH\4.OMEGA\12.5\原图\5.OMEGA CONSTELLATION WATCH 131.15.28.60.55.001\主图\131.15.28.60.55.001.png,468,watch,,,cvs\new_watermark.png
dummy_images\WATCH\4.OMEGA\12.5\原图\5.OMEGA CONSTELLATION WATCH 131.15.28.60.55.001\附图\131.15.28.60.55.001-1.png,468,watch,,dummy_images\WATCH\4.OMEGA\12.5\已处理\5.OMEGA CONSTELLATION WATCH 131.15.28.60.55.001\附图\131.15.28.60.55.001-1.png,cvs\new_watermark.png
dummy_images\WATCH\4.OMEGA\12.5\原图\5.OMEGA CONSTELLATION WATCH 131.15.28.60.55.001\附图\131.15.28.60.55.001-2.png,468,watch,,dummy_images\WATCH\4.OMEGA\12.5\已处理\5.OMEGA CONSTELLATION WATCH 131.15.28.60.55.001\附图\131.15.28.60.55.001-2.png,cvs\new_watermark.png
dummy_images\WATCH\4.OMEGA\12.5\原图\5.OMEGA CONSTELLATION WATCH 131.15.28.60.55.001\附图\131.15.28.60.55.001-3.png,468,watch,,dummy_images\WATCH\4.OMEGA\12.5\已处理\5.OMEGA CONSTELLATION WATCH 131.15.28.60.55.001\附图\131.15.28.60.55.001-3.png,cvs\new_watermark.png
dummy_images\WATCH\4.OMEGA\12.5\原图\5.OMEGA CONSTELLATION WATCH 131.15.28.60.55.001\附图\131.15.28.60.55.001-4.png,468,watch,,dummy_images\WATCH\4.OMEGA\12.5\已处理\5.OMEGA CONSTELLATION WATCH 131.15.28.60.55.001\附图\131.15.28.60.55.001-4.png,cvs\new_watermark.png
dummy_images\WATCH\4.OMEGA\12.5\原图\5.OMEGA CONSTELLATION WATCH 131.15.28.60.55.001\附图\131.15.28.60.55.001-5.png,468,watch,,dummy_images\WATCH\4.OMEGA\12.5\已处理\5.OMEGA CONSTELLATION WATCH 131.15.28.60.55.001\附图\131.15.28.60.55.001-5.png,cvs\new_watermark.png
dummy_images\WATCH\4.OMEGA\12.5\原图\6...OMEGA CONSTELLATION WATCH 131.20.28.60.52.001\主图\131.20.28.60.52.001.png,469,watch,,,cvs\new_watermark.png
dummy_images\WATCH\4.OMEGA\12.5\原图\6...OMEGA CONSTELLATION WATCH 131.20.28.60.52.001\附图\131.20.28.60.52.001-1.png,469,watch,,dummy_images\WATCH\4.OMEGA\12.5\已处理\6.OMEGA CONSTELLATION WATCH 131.20.28.60.52.001\附图\131.20.28.60.52.001-1.png,cvs\new_watermark.png
dummy_images\WATCH\4.OMEGA\12.5\原图\6...OMEGA CONSTELLATION WATCH 131.20.28.60.52.001\附图\131.20.28.60.52.001-2.png,469,watch,,dummy_images\WATCH\4.OMEGA\12.5\已处理\6.OMEGA CONSTELLATION WATCH 131.20.28.60.52.001\附图\131.20.28.60.52.001-2.png,cvs\new_watermark.png
dummy_images\WATCH\4.OMEGA\12.5\原图\6...OMEGA CONSTELLATION WATCH 131.20.28.60.52.001\附图\131.20.28.60.52.001-3.png,469,watch,,dummy_images\WATCH\4.OMEGA\12.5\已处理\6.OMEGA CONSTELLATION WATCH 131.20.28.60.52.001\附图\131.20.28.60.52.001-3.png,cvs\new_watermark.png
dummy_images\WATCH\4.OMEGA\12.5\原图\6...OMEGA CONSTELLATION WATCH 131.20.28.60.52.001\附图\131.20.28.60.52.001-4.png,469,watch,,dummy_images\WATCH\4.OMEGA\12.5\已处理\6.OMEGA CONSTELLATION WATCH 131.20.28.60.52.001\附图\131.20.28.60.52.001-4.png,cvs\new_watermark.png
dummy_images\WATCH\4.OMEGA\12.5\原图\6...OMEGA CONSTELLATION WATCH 131.20.28.60.52.001\附图\131.20.28.60.52.001-5.png,469,watch,,dummy_images\WATCH\4.OMEGA\12.5\已处理\6.OMEGA CONSTELLATION WATCH 131.20.28.60.52.001\附图\131.20.28.60.52.001-5.png,cvs\new_watermark.png
dummy_images\WATCH\4.OMEGA\12.5\原图\7.OMEGA CONSTELLATION WATCH 131.25.28.60.55.001\主图\131.25.28.60.55.001.png,470,watch,,,cvs\new_watermark.png
dummy_images\WATCH\4.OMEGA\12.5\原图\7.OMEGA CONSTELLATION WATCH 131.25.28.60.55.001\附图\131.25.28.60.55.001-1.png,470,watch,,dummy_images\WATCH\4.OMEGA\12.5\已处理\7.OMEGA CONSTELLATION WATCH 131.25.28.60.55.001\附图\131.25.28.60.55.001-1.png,cvs\new_watermark.png
dummy_images\WATCH\4.OMEGA\12.5\原图\7.OMEGA CONSTELLATION WATCH 131.25.28.60.55.001\附图\131.25.28.60.55.001-2.png,470,watch,,dummy_images\WATCH\4.OMEGA\12.5\已处理\7.OMEGA CONSTELLATION WATCH 131.25.28.60.55.001\附图\131.25.28.60.55.001-2.png,cvs\new_watermark.png
dummy_images\WATCH\4.OMEGA\12.5\原图\7.OMEGA CONSTELLATION WATCH 131.25.28.60.55.001\附图\131.25.28.60.55.001-3.png,470,watch,,dummy_images\WATCH\4.OMEGA\12.5\已处理\7.OMEGA CONSTELLATION WATCH 131.25.28.60.55.001\附图\131.25.28.60.55.001-3.png,cvs\new_watermark.png
dummy_images\WATCH\4.OMEGA\12.5\原图\7.OMEGA CONSTELLATION WATCH 131.25.28.60.55.001\附图\131.25.28.60.55.001-4.png,470,watch,,dummy_images\WATCH\4.OMEGA\12.5\已处理\7.OMEGA CONSTELLATION WATCH 131.25.28.60.55.001\附图\131.25.28.60.55.001-4.png,cvs\new_watermark.png
dummy_images\WATCH\4.OMEGA\12.5\原图\7.OMEGA CONSTELLATION WATCH 131.25.28.60.55.001\附图\131.25.28.60.55.001-5.png,470,watch,,dummy_images\WATCH\4.OMEGA\12.5\已处理\7.OMEGA CONSTELLATION WATCH 131.25.28.60.55.001\附图\131.25.28.60.55.001-5.png,cvs\new_watermark.png
dummy_images\WATCH\4.OMEGA\12.5\原图\8...OMEGA CONSTELLATION WATCH 131.20.28.60.63.001\主图\131.20.28.60.63.001.png,471,watch,,,cvs\new_watermark.png
dummy_images\WATCH\4.OMEGA\12.5\原图\8...OMEGA CONSTELLATION WATCH 131.20.28.60.63.001\附图\131.20.28.60.63.001-1.png,471,watch,,dummy_images\WATCH\4.OMEGA\12.5\已处理\8...OMEGA CONSTELLATION WATCH 131.20.28.60.63.001\附图\131.20.28.60.63.001-1.png,cvs\new_watermark.png
dummy_images\WATCH\4.OMEGA\12.5\原图\8...OMEGA CONSTELLATION WATCH 131.20.28.60.63.001\附图\131.20.28.60.63.001-2.png,471,watch,,dummy_images\WATCH\4.OMEGA\12.5\已处理\8...OMEGA CONSTELLATION WATCH 131.20.28.60.63.001\附图\131.20.28.60.63.001-2.png,cvs\new_watermark.png
dummy_images\WATCH\4.OMEGA\12.5\原图\8...OMEGA CONSTELLATION WATCH 131.20.28.60.63.001\附图\131.20.28.60.63.001-3.png,471,watch,,dummy_images\WATCH\4.OMEGA\12.5\已处理\8...OMEGA CONSTELLATION WATCH 131.20.28.60.63.001\附图\131.20.28.60.63.001-3.png,cvs\new_watermark.png
dummy_images\WATCH\4.OMEGA\12.5\原图\8...OMEGA CONSTELLATION WATCH 131.20.28.60.63.001\附图\131.20.28.60.63.001-4.png,471,watch,,dummy_images\WATCH\4.OMEGA\12.5\已处理\8...OMEGA CONSTELLATION WATCH 131.20.28.60.63.001\附图\131.20.28.60.63.001-4.png,cvs\new_watermark.png
dummy_images\WATCH\4.OMEGA\12.5\原图\8...OMEGA CONSTELLATION WATCH 131.20.28.60.63.001\附图\131.20.28.60.63.001-5.png,471,watch,,dummy_images\WATCH\4.OMEGA\12.5\已处理\8...OMEGA CONSTELLATION WATCH 131.20.28.60.63.001\附图\131.20.28.60.63.001-5.png,cvs\new_watermark.png
dummy_images\WATCH\4.OMEGA\12.5\原图\9...OMEGA CONSTELLATION WATCH 131.25.28.60.63.001\主图\131.25.28.60.63.001.png,472,watch,,,cvs\new_watermark.png
dummy_images\WATCH\4.OMEGA\12.5\原图\9...OMEGA CONSTELLATION WATCH 131.25.28.60.63.001\附图\131.25.28.60.63.001-1.png,472,watch,,dummy_images\WATCH\4.OMEGA\12.5\已处理\9...OMEGA CONSTELLATION WATCH 131.25.28.60.63.001\附图\131.25.28.60.63.001-1.png,cvs\new_watermark.png
dummy_images\WATCH\4.OMEGA\12.5\原图\9...OMEGA CONSTELLATION WATCH 131.25.28.60.63.001\附图\131.25.28.60.63.001-2.png,472,watch,,dummy_images\WATCH\4.OMEGA\12.5\已处理\9...OMEGA CONSTELLATION WATCH 131.25.28.60.63.001\附图\131.25.28.60.63.001-2.png,cvs\new_watermark.png
dummy_images\WATCH\4.OMEGA\12.5\原图\9...OMEGA CONSTELLATION WATCH 131.25.28.60.63.001\附图\131.25.28.60.63.001-3.png,472,watch,,dummy_images\WATCH\4.OMEGA\12.5\已处理\9...OMEGA CONSTELLATION WATCH 131.25.28.60.63.001\附图\131.25.28.60.63.001-3.png,cvs\new_watermark.png
dummy_images\WATCH\4.OMEGA\12.5\原图\9...OMEGA CONSTELLATION WATCH 131.25.28.60.63.001\附图\131.25.28.60.63.001-4.png,472,watch,,dummy_images\WATCH\4.OMEGA\12.5\已处理\9...OMEGA CONSTELLATION WATCH 131.25.28.60.63.001\附图\131.25.28.60.63.001-4.png,cvs\new_watermark.png
dummy_images\WATCH\4.OMEGA\12.5\原图\9...OMEGA CONSTELLATION WATCH 131.25.28.60.63.001\附图\131.25.28.60.63.001-5.png,472,watch,,dummy_images\WATCH\4.OMEGA\12.5\已处理\9...OMEGA CONSTELLATION WATCH 131.25.28.60.63.001\附图\131.25.28.60.63.001-5.png,cvs\new_watermark.png
dummy_images\WATCH\4.OMEGA\12.5\原图\10...OMEGA CONSTELLATION WATCH 131.20.28.60.58.001\主图\131.20.28.60.58.001.png,473,watch,,,cvs\new_watermark.png
dummy_images\WATCH\4.OMEGA\12.5\原图\10...OMEGA CONSTELLATION WATCH 131.20.28.60.58.001\附图\131.20.28.60.58.001-1.png,473,watch,,dummy_images\WATCH\4.OMEGA\12.5\已处理\10...OMEGA CONSTELLATION WATCH 131.20.28.60.58.001\附图\131.20.28.60.58.001-1.png,cvs\new_watermark.png
dummy_images\WATCH\4.OMEGA\12.5\原图\10...OMEGA CONSTELLATION WATCH 131.20.28.60.58.001\附图\131.20.28.60.58.001-2.png,473,watch,,dummy_images\WATCH\4.OMEGA\12.5\已处理\10...OMEGA CONSTELLATION WATCH 131.20.28.60.58.001\附图\131.20.28.60.58.001-2.png,cvs\new_watermark.png
dummy_images\WATCH\4.OMEGA\12.5\原图\10...OMEGA CONSTELLATION WATCH 131.20.28.60.58.001\附图\131.20.28.60.58.001-3.png,473,watch,,dummy_images\WATCH\4.OMEGA\12.5\已处理\10...OMEGA CONSTELLATION WATCH 131.20.28.60.58.001\附图\131.20.28.60.58.001-3.png,cvs\new_watermark.png
dummy_images\WATCH\4.OMEGA\12.5\原图\10...OMEGA CONSTELLATION WATCH 131.20.28.60.58.001\附图\131.20.28.60.58.001-4.png,473,watch,,dummy_images\WATCH\4.OMEGA\12.5\已处理\10...OMEGA CONSTELLATION WATCH 131.20.28.60.58.001\附图\131.20.28.60.58.001-4.png,cvs\new_watermark.png
dummy_images\WATCH\4.OMEGA\12.5\原图\10...OMEGA CONSTELLATION WATCH 131.20.28.60.58.001\附图\131.20.28.60.58.001-5.png,473,watch,,dummy_images\WATCH\4.OMEGA\12.5\已处理\10...OMEGA CONSTELLATION WATCH 131.20.28.60.58.001\附图\131.20.28.60.58.001-5.png,cvs\new_watermark.png
dummy_images\WATCH\4.OMEGA\12.5\原图\11...OMEGA CONSTELLATION WATCH 131.25.28.60.58.001\主图\131.25.28.60.58.001.png,474,watch,,,cvs\new_watermark.png
dummy_images\WATCH\4.OMEGA\12.5\原图\11...OMEGA CONSTELLATION WATCH 131.25.28.60.58.001\附图\131.25.28.60.58.001-1.png,474,watch,,dummy_images\WATCH\4.OMEGA\12.5\已处理\11...OMEGA CONSTELLATION WATCH 131.25.28.60.58.001\附图\131.25.28.60.58.001-1.png,cvs\new_watermark.png
dummy_images\WATCH\4.OMEGA\12.5\原图\11...OMEGA CONSTELLATION WATCH 131.25.28.60.58.001\附图\131.25.28.60.58.001-2.png,474,watch,,dummy_images\WATCH\4.OMEGA\12.5\已处理\11...OMEGA CONSTELLATION WATCH 131.25.28.60.58.001\附图\131.25.28.60.58.001-2.png,cvs\new_watermark.png
dummy_images\WATCH\4.OMEGA\12.5\原图\11...OMEGA CONSTELLATION WATCH 131.25.28.60.58.001\附图\131.25.28.60.58.001-3.png,474,watch,,dummy_images\WATCH\4.OMEGA\12.5\已处理\11...OMEGA CONSTELLATION WATCH 131.25.28.60.58.001\附图\131.25.28.60.58.001-3.png,cvs\new_watermark.png
dummy_images\WATCH\4.OMEGA\12.5\原图\11...OMEGA CONSTELLATION WATCH 131.25.28.60.58.001\附图\131.25.28.60.58.001-4.png,474,watch,,dummy_images\WATCH\4.OMEGA\12.5\已处理\11...OMEGA CONSTELLATION WATCH 131.25.28.60.58.001\附图\131.25.28.60.58.001-4.png,cvs\new_watermark.png
dummy_images\WATCH\4.OMEGA\12.5\原图\11...OMEGA CONSTELLATION WATCH 131.25.28.60.58.001\附图\131.25.28.60.58.001-5.png,474,watch,,dummy_images\WATCH\4.OMEGA\12.5\已处理\11...OMEGA CONSTELLATION WATCH 131.25.28.60.58.001\附图\131.25.28.60.58.001-5.png,cvs\new_watermark.png
dummy_images\WATCH\4.OMEGA\12.5\原图\12.OMEGA CONSTELLATION WATCH 131.20.28.60.02.002\主图\131.20.28.60.02.002.jpg,475,watch,,,cvs\new_watermark.png
dummy_images\WATCH\4.OMEGA\12.5\原图\12.OMEGA CONSTELLATION WATCH 131.20.28.60.02.002\附图\131.20.28.60.02.002-1.png,475,watch,,dummy_images\WATCH\4.OMEGA\12.5\已处理\12.OMEGA CONSTELLATION WATCH 131.20.28.60.02.002\附图\131.20.28.60.02.002-1.png,cvs\new_watermark.png
dummy_images\WATCH\4.OMEGA\12.5\原图\12.OMEGA CONSTELLATION WATCH 131.20.28.60.02.002\附图\131.20.28.60.02.002-2.png,475,watch,,dummy_images\WATCH\4.OMEGA\12.5\已处理\12.OMEGA CONSTELLATION WATCH 131.20.28.60.02.002\附图\131.20.28.60.02.002-2.png,cvs\new_watermark.png
dummy_images\WATCH\4.OMEGA\12.5\原图\12.OMEGA CONSTELLATION WATCH 131.20.28.60.02.002\附图\131.20.28.60.02.002-3.png,475,watch,,dummy_images\WATCH\4.OMEGA\12.5\已处理\12.OMEGA CONSTELLATION WATCH 131.20.28.60.02.002\附图\131.20.28.60.02.002-3.png,cvs\new_watermark.png
dummy_images\WATCH\4.OMEGA\12.5\原图\12.OMEGA CONSTELLATION WATCH 131.20.28.60.02.002\附图\131.20.28.60.02.002-4.png,475,watch,,dummy_images\WATCH\4.OMEGA\12.5\已处理\12.OMEGA CONSTELLATION WATCH 131.20.28.60.02.002\附图\131.20.28.60.02.002-4.png,cvs\new_watermark.png
dummy_images\WATCH\4.OMEGA\12.5\原图\12.OMEGA CONSTELLATION WATCH 131.20.28.60.02.002\附图\131.20.28.60.02.002-5.png,475,watch,,dummy_images\WATCH\4.OMEGA\12.5\已处理\12.OMEGA CONSTELLATION WATCH 131.20.28.60.02.002\附图\131.20.28.60.02.002-5.png,cvs\new_watermark.png
dummy_images\WATCH\4.OMEGA\12.5\原图\13.OMEGA CONSTELLATION WATCH 131.20.28.60.02.001\主图\131.20.28.60.02.001.jpg,476,watch,,,cvs\new_watermark.png
dummy_images\WATCH\4.OMEGA\12.5\原图\13.OMEGA CONSTELLATION WATCH 131.20.28.60.02.001\附图\131.20.28.60.02.001-1.png,476,watch,,dummy_images\WATCH\4.OMEGA\12.5\已处理\13.OMEGA CONSTELLATION WATCH 131.20.28.60.02.001\附图\131.20.28.60.02.001-1.png,cvs\new_watermark.png
dummy_images\WATCH\4.OMEGA\12.5\原图\13.OMEGA CONSTELLATION WATCH 131.20.28.60.02.001\附图\131.20.28.60.02.001-2.png,476,watch,,dummy_images\WATCH\4.OMEGA\12.5\已处理\13.OMEGA CONSTELLATION WATCH 131.20.28.60.02.001\附图\131.20.28.60.02.001-2.png,cvs\new_watermark.png
dummy_images\WATCH\4.OMEGA\12.5\原图\13.OMEGA CONSTELLATION WATCH 131.20.28.60.02.001\附图\131.20.28.60.02.001-3.png,476,watch,,dummy_images\WATCH\4.OMEGA\12.5\已处理\13.OMEGA CONSTELLATION WATCH 131.20.28.60.02.001\附图\131.20.28.60.02.001-3.png,cvs\new_watermark.png
dummy_images\WATCH\4.OMEGA\12.5\原图\13.OMEGA CONSTELLATION WATCH 131.20.28.60.02.001\附图\131.20.28.60.02.001-4.png,476,watch,,dummy_images\WATCH\4.OMEGA\12.5\已处理\13.OMEGA CONSTELLATION WATCH 131.20.28.60.02.001\附图\131.20.28.60.02.001-4.png,cvs\new_watermark.png
dummy_images\WATCH\4.OMEGA\12.5\原图\13.OMEGA CONSTELLATION WATCH 131.20.28.60.02.001\附图\131.20.28.60.02.001-5.png,476,watch,,dummy_images\WATCH\4.OMEGA\12.5\已处理\13.OMEGA CONSTELLATION WATCH 131.20.28.60.02.001\附图\131.20.28.60.02.001-5.png,cvs\new_watermark.png
dummy_images\WATCH\4.OMEGA\12.5\原图\14.OMEGA CONSTELLATION WATCH 131.20.28.60.08.001\主图\131.20.28.60.08.001.jpg,477,watch,,,cvs\new_watermark.png
dummy_images\WATCH\4.OMEGA\12.5\原图\14.OMEGA CONSTELLATION WATCH 131.20.28.60.08.001\附图\131.20.28.60.08.001-1.jpg,477,watch,,dummy_images\WATCH\4.OMEGA\12.5\已处理\14.OMEGA CONSTELLATION WATCH 131.20.28.60.08.001\附图\131.20.28.60.08.001-1.jpg,cvs\new_watermark.png
dummy_images\WATCH\4.OMEGA\12.5\原图\14.OMEGA CONSTELLATION WATCH 131.20.28.60.08.001\附图\131.20.28.60.08.001-2.jpg,477,watch,,dummy_images\WATCH\4.OMEGA\12.5\已处理\14.OMEGA CONSTELLATION WATCH 131.20.28.60.08.001\附图\131.20.28.60.08.001-2.jpg,cvs\new_watermark.png
dummy_images\WATCH\4.OMEGA\12.5\原图\14.OMEGA CONSTELLATION WATCH 131.20.28.60.08.001\附图\131.20.28.60.08.001-3.jpg,477,watch,,dummy_images\WATCH\4.OMEGA\12.5\已处理\14.OMEGA CONSTELLATION WATCH 131.20.28.60.08.001\附图\131.20.28.60.08.001-3.jpg,cvs\new_watermark.png
"dummy_images\WATCH\4.OMEGA\12.5\原图\16...ROLEX SKY-DWELLER OYSTER, 42 MM, OYSTERSTEEL AND YELLOW GOLD WATCH 336933\主图\336933.png",478,watch,,,cvs\new_watermark.png
"dummy_images\WATCH\4.OMEGA\12.5\原图\16...ROLEX SKY-DWELLER OYSTER, 42 MM, OYSTERSTEEL AND YELLOW GOLD WATCH 336933\附图\336933-1.jpeg",478,watch,,"dummy_images\WATCH\4.OMEGA\12.5\已处理\16...ROLEX SKY-DWELLER OYSTER, 42 MM, OYSTERSTEEL AND YELLOW GOLD WATCH 336933\附图\336933-1.jpeg",cvs\new_watermark.png
"dummy_images\WATCH\4.OMEGA\12.5\原图\16...ROLEX SKY-DWELLER OYSTER, 42 MM, OYSTERSTEEL AND YELLOW GOLD WATCH 336933\附图\336933-2.png",478,watch,,"dummy_images\WATCH\4.OMEGA\12.5\已处理\16...ROLEX SKY-DWELLER OYSTER, 42 MM, OYSTERSTEEL AND YELLOW GOLD WATCH 336933\附图\336933-2.png",cvs\new_watermark.png
"dummy_images\WATCH\4.OMEGA\12.5\原图\16...ROLEX SKY-DWELLER OYSTER, 42 MM, OYSTERSTEEL AND YELLOW GOLD WATCH 336933\附图\336933-3.png",478,watch,,"dummy_images\WATCH\4.OMEGA\12.5\已处理\16...ROLEX SKY-DWELLER OYSTER, 42 MM, OYSTERSTEEL AND YELLOW GOLD WATCH 336933\附图\336933-3.png",cvs\new_watermark.png
"dummy_images\WATCH\4.OMEGA\12.5\原图\16...ROLEX SKY-DWELLER OYSTER, 42 MM, OYSTERSTEEL AND YELLOW GOLD WATCH 336933\附图\336933-4.png",478,watch,,"dummy_images\WATCH\4.OMEGA\12.5\已处理\16...ROLEX SKY-DWELLER OYSTER, 42 MM, OYSTERSTEEL AND YELLOW GOLD WATCH 336933\附图\336933-4.png",cvs\new_watermark.png
"dummy_images\WATCH\4.OMEGA\12.5\原图\19...ROLEX SKY-DWELLER OYSTER, 42 MM, OYSTERSTEEL AND WHITE GOLD WATCH 336934\主图\336934.png",479,watch,,,cvs\new_watermark.png
"dummy_images\WATCH\4.OMEGA\12.5\原图\19...ROLEX SKY-DWELLER OYSTER, 42 MM, OYSTERSTEEL AND WHITE GOLD WATCH 336934\附图\336934-1.jpeg",479,watch,,"dummy_images\WATCH\4.OMEGA\12.5\已处理\19...ROLEX SKY-DWELLER OYSTER, 42 MM, OYSTERSTEEL AND WHITE GOLD WATCH 336934\附图\336934-1.jpeg",cvs\new_watermark.png
"dummy_images\WATCH\4.OMEGA\12.5\原图\19...ROLEX SKY-DWELLER OYSTER, 42 MM, OYSTERSTEEL AND WHITE GOLD WATCH 336934\附图\336934-2.png",479,watch,,"dummy_images\WATCH\4.OMEGA\12.5\已处理\19...ROLEX SKY-DWELLER OYSTER, 42 MM, OYSTERSTEEL AND WHITE GOLD WATCH 336934\附图\336934-2.png",cvs\new_watermark.png
"dummy_images\WATCH\4.OMEGA\12.5\原图\19...ROLEX SKY-DWELLER OYSTER, 42 MM, OYSTERSTEEL AND WHITE GOLD WATCH 336934\附图\336934-3.png",479,watch,,"dummy_images\WATCH\4.OMEGA\12.5\已处理\19...ROLEX SKY-DWELLER OYSTER, 42 MM, OYSTERSTEEL AND WHITE GOLD WATCH 336934\附图\336934-3.png",cvs\new_watermark.png
"dummy_images\WATCH\4.OMEGA\12.5\原图\19...ROLEX SKY-DWELLER OYSTER, 42 MM, OYSTERSTEEL AND WHITE GOLD WATCH 336934\附图\336934-4.png",479,watch,,"dummy_images\WATCH\4.OMEGA\12.5\已处理\19...ROLEX SKY-DWELLER OYSTER, 42 MM, OYSTERSTEEL AND WHITE GOLD WATCH 336934\附图\336934-4.png",cvs\new_watermark.png
dummy_images\WATCH\4.OMEGA\12.5\原图\20.ROLEX SKY-DWELLER 42MM WHITE GOLD WHITE ROMAN DIAL WATCH 326939\主图\1-326939.jpg,480,watch,,,cvs\new_watermark.png
dummy_images\WATCH\4.OMEGA\12.5\原图\20.ROLEX SKY-DWELLER 42MM WHITE GOLD WHITE ROMAN DIAL WATCH 326939\附图\1-326939-1.jpg,480,watch,,dummy_images\WATCH\4.OMEGA\12.5\已处理\20.ROLEX SKY-DWELLER 42MM WHITE GOLD WHITE ROMAN DIAL WATCH 326939\附图\1-326939-1.jpg,cvs\new_watermark.png
dummy_images\WATCH\4.OMEGA\12.5\原图\20.ROLEX SKY-DWELLER 42MM WHITE GOLD WHITE ROMAN DIAL WATCH 326939\附图\1-326939-2.jpg,480,watch,,dummy_images\WATCH\4.OMEGA\12.5\已处理\20.ROLEX SKY-DWELLER 42MM WHITE GOLD WHITE ROMAN DIAL WATCH 326939\附图\1-326939-2.jpg,cvs\new_watermark.png
dummy_images\WATCH\4.OMEGA\12.5\原图\20.ROLEX SKY-DWELLER 42MM WHITE GOLD WHITE ROMAN DIAL WATCH 326939\附图\1-326939-3.jpg,480,watch,,dummy_images\WATCH\4.OMEGA\12.5\已处理\20.ROLEX SKY-DWELLER 42MM WHITE GOLD WHITE ROMAN DIAL WATCH 326939\附图\1-326939-3.jpg,cvs\new_watermark.png
"dummy_images\WATCH\4.OMEGA\12.5\原图\21...ROLEX SKY-DWELLER OYSTER, 42 MM, OYSTERSTEEL AND WHITE GOLD WATCH 336934\主图\1-336934.png",481,watch,,,cvs\new_watermark.png
"dummy_images\WATCH\4.OMEGA\12.5\原图\21...ROLEX SKY-DWELLER OYSTER, 42 MM, OYSTERSTEEL AND WHITE GOLD WATCH 336934\附图\1-336934-1.jpeg",481,watch,,"dummy_images\WATCH\4.OMEGA\12.5\已处理\21...ROLEX SKY-DWELLER OYSTER, 42 MM, OYSTERSTEEL AND WHITE GOLD WATCH 336934\附图\1-336934-1.jpeg",cvs\new_watermark.png
"dummy_images\WATCH\4.OMEGA\12.5\原图\21...ROLEX SKY-DWELLER OYSTER, 42 MM, OYSTERSTEEL AND WHITE GOLD WATCH 336934\附图\1-336934-2.png",481,watch,,"dummy_images\WATCH\4.OMEGA\12.5\已处理\21...ROLEX SKY-DWELLER OYSTER, 42 MM, OYSTERSTEEL AND WHITE GOLD WATCH 336934\附图\1-336934-2.png",cvs\new_watermark.png
"dummy_images\WATCH\4.OMEGA\12.5\原图\21...ROLEX SKY-DWELLER OYSTER, 42 MM, OYSTERSTEEL AND WHITE GOLD WATCH 336934\附图\1-336934-3.png",481,watch,,"dummy_images\WATCH\4.OMEGA\12.5\已处理\21...ROLEX SKY-DWELLER OYSTER, 42 MM, OYSTERSTEEL AND WHITE GOLD WATCH 336934\附图\1-336934-3.png",cvs\new_watermark.png
"dummy_images\WATCH\4.OMEGA\12.5\原图\22...ROLEX SKY-DWELLER OYSTER, 42 MM, OYSTERSTEEL AND YELLOW GOLD WATCH 336933\主图\1-336933.png",482,watch,,,cvs\new_watermark.png
"dummy_images\WATCH\4.OMEGA\12.5\原图\22...ROLEX SKY-DWELLER OYSTER, 42 MM, OYSTERSTEEL AND YELLOW GOLD WATCH 336933\附图\1-336933-1.jpeg",482,watch,,"dummy_images\WATCH\4.OMEGA\12.5\已处理\22...ROLEX SKY-DWELLER OYSTER, 42 MM, OYSTERSTEEL AND YELLOW GOLD WATCH 336933\附图\1-336933-1.jpeg",cvs\new_watermark.png
"dummy_images\WATCH\4.OMEGA\12.5\原图\22...ROLEX SKY-DWELLER OYSTER, 42 MM, OYSTERSTEEL AND YELLOW GOLD WATCH 336933\附图\1-336933-2.png",482,watch,,"dummy_images\WATCH\4.OMEGA\12.5\已处理\22...ROLEX SKY-DWELLER OYSTER, 42 MM, OYSTERSTEEL AND YELLOW GOLD WATCH 336933\附图\1-336933-2.png",cvs\new_watermark.png
"dummy_images\WATCH\4.OMEGA\12.5\原图\22...ROLEX SKY-DWELLER OYSTER, 42 MM, OYSTERSTEEL AND YELLOW GOLD WATCH 336933\附图\1-336933-3.png",482,watch,,"dummy_images\WATCH\4.OMEGA\12.5\已处理\22...ROLEX SKY-DWELLER OYSTER, 42 MM, OYSTERSTEEL AND YELLOW GOLD WATCH 336933\附图\1-336933-3.png",cvs\new_watermark.png
"dummy_images\WATCH\4.OMEGA\12.5\原图\22...ROLEX SKY-DWELLER OYSTER, 42 MM, OYSTERSTEEL AND YELLOW GOLD WATCH 336933\附图\1-336933-4.png",482,watch,,"dummy_images\WATCH\4.OMEGA\12.5\已处理\22...ROLEX SKY-DWELLER OYSTER, 42 MM, OYSTERSTEEL AND YELLOW GOLD WATCH 336933\附图\1-336933-4.png",cvs\new_watermark.png
"dummy_images\WATCH\4.OMEGA\12.5\原图\23...ROLEX DATEJUST 41 OYSTER, 41 MM, OYSTERSTEEL AND YELLOW GOLD WATCH 126333\主图\1-126333.png",483,watch,,,cvs\new_watermark.png
"dummy_images\WATCH\4.OMEGA\12.5\原图\23...ROLEX DATEJUST 41 OYSTER, 41 MM, OYSTERSTEEL AND YELLOW GOLD WATCH 126333\附图\1-126333-1.jpeg",483,watch,,"dummy_images\WATCH\4.OMEGA\12.5\已处理\23...ROLEX DATEJUST 41 OYSTER, 41 MM, OYSTERSTEEL AND YELLOW GOLD WATCH 126333\附图\1-126333-1.jpeg",cvs\new_watermark.png
"dummy_images\WATCH\4.OMEGA\12.5\原图\23...ROLEX DATEJUST 41 OYSTER, 41 MM, OYSTERSTEEL AND YELLOW GOLD WATCH 126333\附图\1-126333-2.png",483,watch,,"dummy_images\WATCH\4.OMEGA\12.5\已处理\23...ROLEX DATEJUST 41 OYSTER, 41 MM, OYSTERSTEEL AND YELLOW GOLD WATCH 126333\附图\1-126333-2.png",cvs\new_watermark.png
"dummy_images\WATCH\4.OMEGA\12.5\原图\23...ROLEX DATEJUST 41 OYSTER, 41 MM, OYSTERSTEEL AND YELLOW GOLD WATCH 126333\附图\1-126333-3.png",483,watch,,"dummy_images\WATCH\4.OMEGA\12.5\已处理\23...ROLEX DATEJUST 41 OYSTER, 41 MM, OYSTERSTEEL AND YELLOW GOLD WATCH 126333\附图\1-126333-3.png",cvs\new_watermark.png
"dummy_images\WATCH\4.OMEGA\12.5\原图\23...ROLEX DATEJUST 41 OYSTER, 41 MM, OYSTERSTEEL AND YELLOW GOLD WATCH 126333\附图\1-126333-4.png",483,watch,,"dummy_images\WATCH\4.OMEGA\12.5\已处理\23...ROLEX DATEJUST 41 OYSTER, 41 MM, OYSTERSTEEL AND YELLOW GOLD WATCH 126333\附图\1-126333-4.png",cvs\new_watermark.png
"dummy_images\WATCH\4.OMEGA\12.5\原图\24...ROLEX DATEJUST 41 OYSTER, 41 MM, OYSTERSTEEL AND EVEROSE GOLD WATCH 126331\主图\126331.png",484,watch,,,cvs\new_watermark.png
"dummy_images\WATCH\4.OMEGA\12.5\原图\24...ROLEX DATEJUST 41 OYSTER, 41 MM, OYSTERSTEEL AND EVEROSE GOLD WATCH 126331\附图\126331-1.jpeg",484,watch,,"dummy_images\WATCH\4.OMEGA\12.5\已处理\24...ROLEX DATEJUST 41 OYSTER, 41 MM, OYSTERSTEEL AND EVEROSE GOLD WATCH 126331\附图\126331-1.jpeg",cvs\new_watermark.png
"dummy_images\WATCH\4.OMEGA\12.5\原图\24...ROLEX DATEJUST 41 OYSTER, 41 MM, OYSTERSTEEL AND EVEROSE GOLD WATCH 126331\附图\126331-2.png",484,watch,,"dummy_images\WATCH\4.OMEGA\12.5\已处理\24...ROLEX DATEJUST 41 OYSTER, 41 MM, OYSTERSTEEL AND EVEROSE GOLD WATCH 126331\附图\126331-2.png",cvs\new_watermark.png
"dummy_images\WATCH\4.OMEGA\12.5\原图\24...ROLEX DATEJUST 41 OYSTER, 41 MM, OYSTERSTEEL AND EVEROSE GOLD WATCH 126331\附图\126331-3.png",484,watch,,"dummy_images\WATCH\4.OMEGA\12.5\已处理\24...ROLEX DATEJUST 41 OYSTER, 41 MM, OYSTERSTEEL AND EVEROSE GOLD WATCH 126331\附图\126331-3.png",cvs\new_watermark.png
"dummy_images\WATCH\4.OMEGA\12.5\原图\24...ROLEX DATEJUST 41 OYSTER, 41 MM, OYSTERSTEEL AND EVEROSE GOLD WATCH 126331\附图\126331-4.png",484,watch,,"dummy_images\WATCH\4.OMEGA\12.5\已处理\24...ROLEX DATEJUST 41 OYSTER, 41 MM, OYSTERSTEEL AND EVEROSE GOLD WATCH 126331\附图\126331-4.png",cvs\new_watermark.png
dummy_images\WATCH\4.OMEGA\12.5\原图\25.ROLEX DATEJUST 41 WATCH 126331\主图\1-126331.jpg,485,watch,,,cvs\new_watermark.png
dummy_images\WATCH\4.OMEGA\12.5\原图\25.ROLEX DATEJUST 41 WATCH 126331\附图\1-126331-1.jpg,485,watch,,dummy_images\WATCH\4.OMEGA\12.5\已处理\25.ROLEX DATEJUST 41 WATCH 126331\附图\1-126331-1.jpg,cvs\new_watermark.png
dummy_images\WATCH\4.OMEGA\12.5\原图\25.ROLEX DATEJUST 41 WATCH 126331\附图\1-126331-2.jpg,485,watch,,dummy_images\WATCH\4.OMEGA\12.5\已处理\25.ROLEX DATEJUST 41 WATCH 126331\附图\1-126331-2.jpg,cvs\new_watermark.png
dummy_images\WATCH\4.OMEGA\12.5\原图\25.ROLEX DATEJUST 41 WATCH 126331\附图\1-126331-3.jpg,485,watch,,dummy_images\WATCH\4.OMEGA\12.5\已处理\25.ROLEX DATEJUST 41 WATCH 126331\附图\1-126331-3.jpg,cvs\new_watermark.png
"dummy_images\WATCH\4.OMEGA\12.5\原图\26...ROLEX DATEJUST 41 OYSTER, 41 MM, OYSTERSTEEL AND EVEROSE GOLD WATCH 126331\主图\2-126331.png",486,watch,,,cvs\new_watermark.png
"dummy_images\WATCH\4.OMEGA\12.5\原图\26...ROLEX DATEJUST 41 OYSTER, 41 MM, OYSTERSTEEL AND EVEROSE GOLD WATCH 126331\附图\2-126331-1.jpeg",486,watch,,"dummy_images\WATCH\4.OMEGA\12.5\已处理\26...ROLEX DATEJUST 41 OYSTER, 41 MM, OYSTERSTEEL AND EVEROSE GOLD WATCH 126331\附图\2-126331-1.jpeg",cvs\new_watermark.png
"dummy_images\WATCH\4.OMEGA\12.5\原图\26...ROLEX DATEJUST 41 OYSTER, 41 MM, OYSTERSTEEL AND EVEROSE GOLD WATCH 126331\附图\2-126331-2.png",486,watch,,"dummy_images\WATCH\4.OMEGA\12.5\已处理\26...ROLEX DATEJUST 41 OYSTER, 41 MM, OYSTERSTEEL AND EVEROSE GOLD WATCH 126331\附图\2-126331-2.png",cvs\new_watermark.png
"dummy_images\WATCH\4.OMEGA\12.5\原图\26...ROLEX DATEJUST 41 OYSTER, 41 MM, OYSTERSTEEL AND EVEROSE GOLD WATCH 126331\附图\2-126331-3.png",486,watch,,"dummy_images\WATCH\4.OMEGA\12.5\已处理\26...ROLEX DATEJUST 41 OYSTER, 41 MM, OYSTERSTEEL AND EVEROSE GOLD WATCH 126331\附图\2-126331-3.png",cvs\new_watermark.png
"dummy_images\WATCH\4.OMEGA\12.5\原图\26...ROLEX DATEJUST 41 OYSTER, 41 MM, OYSTERSTEEL AND EVEROSE GOLD WATCH 126331\附图\2-126331-4.png",486,watch,,"dummy_images\WATCH\4.OMEGA\12.5\已处理\26...ROLEX DATEJUST 41 OYSTER, 41 MM, OYSTERSTEEL AND EVEROSE GOLD WATCH 126331\附图\2-126331-4.png",cvs\new_watermark.png
"dummy_images\WATCH\4.OMEGA\12.5\原图\27.ROLEX DATEJUST 41 OYSTER, 41 MM, OYSTERSTEEL AND YELLOW GOLD WATCH 126333\主图\126333.png",487,watch,,,cvs\new_watermark.png
"dummy_images\WATCH\4.OMEGA\12.5\原图\27.ROLEX DATEJUST 41 OYSTER, 41 MM, OYSTERSTEEL AND YELLOW GOLD WATCH 126333\附图\126333-1.jpeg",487,watch,,"dummy_images\WATCH\4.OMEGA\12.5\已处理\27...ROLEX DATEJUST 41 OYSTER, 41 MM, OYSTERSTEEL AND YELLOW GOLD WATCH 126333\附图\126333-1.jpeg",cvs\new_watermark.png
"dummy_images\WATCH\4.OMEGA\12.5\原图\27.ROLEX DATEJUST 41 OYSTER, 41 MM, OYSTERSTEEL AND YELLOW GOLD WATCH 126333\附图\126333-2.png",487,watch,,"dummy_images\WATCH\4.OMEGA\12.5\已处理\27...ROLEX DATEJUST 41 OYSTER, 41 MM, OYSTERSTEEL AND YELLOW GOLD WATCH 126333\附图\126333-2.png",cvs\new_watermark.png
"dummy_images\WATCH\4.OMEGA\12.5\原图\27.ROLEX DATEJUST 41 OYSTER, 41 MM, OYSTERSTEEL AND YELLOW GOLD WATCH 126333\附图\126333-3.png",487,watch,,"dummy_images\WATCH\4.OMEGA\12.5\已处理\27...ROLEX DATEJUST 41 OYSTER, 41 MM, OYSTERSTEEL AND YELLOW GOLD WATCH 126333\附图\126333-3.png",cvs\new_watermark.png
"dummy_images\WATCH\4.OMEGA\12.5\原图\27.ROLEX DATEJUST 41 OYSTER, 41 MM, OYSTERSTEEL AND YELLOW GOLD WATCH 126333\附图\126333-4.png",487,watch,,"dummy_images\WATCH\4.OMEGA\12.5\已处理\27...ROLEX DATEJUST 41 OYSTER, 41 MM, OYSTERSTEEL AND YELLOW GOLD WATCH 126333\附图\126333-4.png",cvs\new_watermark.png
dummy_images\WATCH\4.OMEGA\12.5\原图\28.ROLEX YACHT-MASTER II 44MM SEVEROSE GOLD BLUE CERAMIC BEZEL WATCH 116681\主图\116681.jpg,488,watch,,,cvs\new_watermark.png
dummy_images\WATCH\4.OMEGA\12.5\原图\28.ROLEX YACHT-MASTER II 44MM SEVEROSE GOLD BLUE CERAMIC BEZEL WATCH 116681\附图\116681-1.jpg,488,watch,,dummy_images\WATCH\4.OMEGA\12.5\已处理\28.ROLEX YACHT-MASTER II 44MM SEVEROSE GOLD BLUE CERAMIC BEZEL WATCH 116681\附图\116681-1.jpg,cvs\new_watermark.png
dummy_images\WATCH\4.OMEGA\12.5\原图\28.ROLEX YACHT-MASTER II 44MM SEVEROSE GOLD BLUE CERAMIC BEZEL WATCH 116681\附图\116681-2.jpg,488,watch,,dummy_images\WATCH\4.OMEGA\12.5\已处理\28.ROLEX YACHT-MASTER II 44MM SEVEROSE GOLD BLUE CERAMIC BEZEL WATCH 116681\附图\116681-2.jpg,cvs\new_watermark.png
dummy_images\WATCH\4.OMEGA\12.5\原图\28.ROLEX YACHT-MASTER II 44MM SEVEROSE GOLD BLUE CERAMIC BEZEL WATCH 116681\附图\116681-3.jpg,488,watch,,dummy_images\WATCH\4.OMEGA\12.5\已处理\28.ROLEX YACHT-MASTER II 44MM SEVEROSE GOLD BLUE CERAMIC BEZEL WATCH 116681\附图\116681-3.jpg,cvs\new_watermark.png
dummy_images\WATCH\4.OMEGA\12.5\原图\29.ROLEX YACHT-MASTER II 44MM WATCH 116688\主图\116688.jpeg,489,watch,,,cvs\new_watermark.png
dummy_images\WATCH\4.OMEGA\12.5\原图\29.ROLEX YACHT-MASTER II 44MM WATCH 116688\附图\116688-1.jpeg,489,watch,,dummy_images\WATCH\4.OMEGA\12.5\已处理\29.ROLEX YACHT-MASTER II 44MM WATCH 116688\附图\116688-1.jpeg,cvs\new_watermark.png
dummy_images\WATCH\4.OMEGA\12.5\原图\29.ROLEX YACHT-MASTER II 44MM WATCH 116688\附图\116688-2.jpeg,489,watch,,dummy_images\WATCH\4.OMEGA\12.5\已处理\29.ROLEX YACHT-MASTER II 44MM WATCH 116688\附图\116688-2.jpeg,cvs\new_watermark.png
dummy_images\WATCH\4.OMEGA\12.5\原图\29.ROLEX YACHT-MASTER II 44MM WATCH 116688\附图\116688-3.jpeg,489,watch,,dummy_images\WATCH\4.OMEGA\12.5\已处理\29.ROLEX YACHT-MASTER II 44MM WATCH 116688\附图\116688-3.jpeg,cvs\new_watermark.png
dummy_images\WATCH\4.OMEGA\12.5\原图\30.ROLEX YACHT-MASTER II 44MM WATCH 116689\主图\116689.jpg,490,watch,,,cvs\new_watermark.png
dummy_images\WATCH\4.OMEGA\12.5\原图\30.ROLEX YACHT-MASTER II 44MM WATCH 116689\附图\116689-1.jpg,490,watch,,dummy_images\WATCH\4.OMEGA\12.5\已处理\30.ROLEX YACHT-MASTER II 44MM WATCH 116689\附图\116689-1.jpg,cvs\new_watermark.png
dummy_images\WATCH\4.OMEGA\12.5\原图\30.ROLEX YACHT-MASTER II 44MM WATCH 116689\附图\116689-2.jpg,490,watch,,dummy_images\WATCH\4.OMEGA\12.5\已处理\30.ROLEX YACHT-MASTER II 44MM WATCH 116689\附图\116689-2.jpg,cvs\new_watermark.png
dummy_images\WATCH\4.OMEGA\12.5\原图\30.ROLEX YACHT-MASTER II 44MM WATCH 116689\附图\116689-3.jpg,490,watch,,dummy_images\WATCH\4.OMEGA\12.5\已处理\30.ROLEX YACHT-MASTER II 44MM WATCH 116689\附图\116689-3.jpg,cvs\new_watermark.png
dummy_images\WATCH\4.OMEGA\12.5\原图\30.ROLEX YACHT-MASTER II 44MM WATCH 116689\附图\116689-4.jpg,490,watch,,dummy_images\WATCH\4.OMEGA\12.5\已处理\30.ROLEX YACHT-MASTER II 44MM WATCH 116689\附图\116689-4.jpg,cvs\new_watermark.png
dummy_images\WATCH\5.VACHERON CONSTANTIN\12.10\原图\1...VACHERON CONSTANTIN OVERSEAS CHRONOGRAPH 42.5 MM WATCH 5520V-210A-B481\主图\5520V-210A-B481.png,491,watch,,,cvs\new_watermark.png
dummy_images\WATCH\5.VACHERON CONSTANTIN\12.10\原图\1...VACHERON CONSTANTIN OVERSEAS CHRONOGRAPH 42.5 MM WATCH 5520V-210A-B481\附图\5520V-210A-B481-1.jpeg,491,watch,,dummy_images\WATCH\5.VACHERON CONSTANTIN\12.10\已整理\1...VACHERON CONSTANTIN OVERSEAS CHRONOGRAPH 42.5 MM WATCH 5520V-210A-B481\附图\5520V-210A-B481-1.jpeg,cvs\new_watermark.png
dummy_images\WATCH\5.VACHERON CONSTANTIN\12.10\原图\1...VACHERON CONSTANTIN OVERSEAS CHRONOGRAPH 42.5 MM WATCH 5520V-210A-B481\附图\5520V-210A-B481-2.jpeg,491,watch,,dummy_images\WATCH\5.VACHERON CONSTANTIN\12.10\已整理\1...VACHERON CONSTANTIN OVERSEAS CHRONOGRAPH 42.5 MM WATCH 5520V-210A-B481\附图\5520V-210A-B481-2.jpeg,cvs\new_watermark.png
dummy_images\WATCH\5.VACHERON CONSTANTIN\12.10\原图\1...VACHERON CONSTANTIN OVERSEAS CHRONOGRAPH 42.5 MM WATCH 5520V-210A-B481\附图\5520V-210A-B481-3.png,491,watch,,dummy_images\WATCH\5.VACHERON CONSTANTIN\12.10\已整理\1...VACHERON CONSTANTIN OVERSEAS CHRONOGRAPH 42.5 MM WATCH 5520V-210A-B481\附图\5520V-210A-B481-3.png,cvs\new_watermark.png
dummy_images\WATCH\5.VACHERON CONSTANTIN\12.10\原图\1...VACHERON CONSTANTIN OVERSEAS CHRONOGRAPH 42.5 MM WATCH 5520V-210A-B481\附图\5520V-210A-B481-4.png,491,watch,,dummy_images\WATCH\5.VACHERON CONSTANTIN\12.10\已整理\1...VACHERON CONSTANTIN OVERSEAS CHRONOGRAPH 42.5 MM WATCH 5520V-210A-B481\附图\5520V-210A-B481-4.png,cvs\new_watermark.png
dummy_images\WATCH\5.VACHERON CONSTANTIN\12.10\原图\1...VACHERON CONSTANTIN OVERSEAS CHRONOGRAPH 42.5 MM WATCH 5520V-210A-B481\附图\5520V-210A-B481-5.png,491,watch,,dummy_images\WATCH\5.VACHERON CONSTANTIN\12.10\已整理\1...VACHERON CONSTANTIN OVERSEAS CHRONOGRAPH 42.5 MM WATCH 5520V-210A-B481\附图\5520V-210A-B481-5.png,cvs\new_watermark.png
dummy_images\WATCH\5.VACHERON CONSTANTIN\12.10\原图\1...VACHERON CONSTANTIN OVERSEAS CHRONOGRAPH 42.5 MM WATCH 5520V-210A-B481\附图\5520V-210A-B481-6.png,491,watch,,dummy_images\WATCH\5.VACHERON CONSTANTIN\12.10\已整理\1...VACHERON CONSTANTIN OVERSEAS CHRONOGRAPH 42.5 MM WATCH 5520V-210A-B481\附图\5520V-210A-B481-6.png,cvs\new_watermark.png
dummy_images\WATCH\5.VACHERON CONSTANTIN\12.10\原图\3...VACHERON CONSTANTIN OVERSEAS CHRONOGRAPH 42.5 MM WATCH 5520V-210A-B148\主图\5520V-210A-B148.png,492,watch,,,cvs\new_watermark.png
dummy_images\WATCH\5.VACHERON CONSTANTIN\12.10\原图\3...VACHERON CONSTANTIN OVERSEAS CHRONOGRAPH 42.5 MM WATCH 5520V-210A-B148\附图\5520V-210A-B148-1.jpeg,492,watch,,dummy_images\WATCH\5.VACHERON CONSTANTIN\12.10\已整理\3...VACHERON CONSTANTIN OVERSEAS CHRONOGRAPH 42.5 MM WATCH 5520V-210A-B148\附图\5520V-210A-B148-1.jpeg,cvs\new_watermark.png
dummy_images\WATCH\5.VACHERON CONSTANTIN\12.10\原图\3...VACHERON CONSTANTIN OVERSEAS CHRONOGRAPH 42.5 MM WATCH 5520V-210A-B148\附图\5520V-210A-B148-2.jpeg,492,watch,,dummy_images\WATCH\5.VACHERON CONSTANTIN\12.10\已整理\3...VACHERON CONSTANTIN OVERSEAS CHRONOGRAPH 42.5 MM WATCH 5520V-210A-B148\附图\5520V-210A-B148-2.jpeg,cvs\new_watermark.png
dummy_images\WATCH\5.VACHERON CONSTANTIN\12.10\原图\3...VACHERON CONSTANTIN OVERSEAS CHRONOGRAPH 42.5 MM WATCH 5520V-210A-B148\附图\5520V-210A-B148-3.png,492,watch,,dummy_images\WATCH\5.VACHERON CONSTANTIN\12.10\已整理\3...VACHERON CONSTANTIN OVERSEAS CHRONOGRAPH 42.5 MM WATCH 5520V-210A-B148\附图\5520V-210A-B148-3.png,cvs\new_watermark.png
dummy_images\WATCH\5.VACHERON CONSTANTIN\12.10\原图\3...VACHERON CONSTANTIN OVERSEAS CHRONOGRAPH 42.5 MM WATCH 5520V-210A-B148\附图\5520V-210A-B148-4.png,492,watch,,dummy_images\WATCH\5.VACHERON CONSTANTIN\12.10\已整理\3...VACHERON CONSTANTIN OVERSEAS CHRONOGRAPH 42.5 MM WATCH 5520V-210A-B148\附图\5520V-210A-B148-4.png,cvs\new_watermark.png
dummy_images\WATCH\5.VACHERON CONSTANTIN\12.10\原图\3...VACHERON CONSTANTIN OVERSEAS CHRONOGRAPH 42.5 MM WATCH 5520V-210A-B148\附图\5520V-210A-B148-5.png,492,watch,,dummy_images\WATCH\5.VACHERON CONSTANTIN\12.10\已整理\3...VACHERON CONSTANTIN OVERSEAS CHRONOGRAPH 42.5 MM WATCH 5520V-210A-B148\附图\5520V-210A-B148-5.png,cvs\new_watermark.png
dummy_images\WATCH\5.VACHERON CONSTANTIN\12.10\原图\3...VACHERON CONSTANTIN OVERSEAS CHRONOGRAPH 42.5 MM WATCH 5520V-210A-B148\附图\5520V-210A-B148-6.png,492,watch,,dummy_images\WATCH\5.VACHERON CONSTANTIN\12.10\已整理\3...VACHERON CONSTANTIN OVERSEAS CHRONOGRAPH 42.5 MM WATCH 5520V-210A-B148\附图\5520V-210A-B148-6.png,cvs\new_watermark.png
dummy_images\WATCH\5.VACHERON CONSTANTIN\12.10\原图\5...VACHERON CONSTANTIN OVERSEAS CHRONOGRAPH 42.5 MM PINK GOLD WATCH 5520V-210R-B966\主图\5520V-210R-B966.png,493,watch,,,cvs\new_watermark.png
dummy_images\WATCH\5.VACHERON CONSTANTIN\12.10\原图\5...VACHERON CONSTANTIN OVERSEAS CHRONOGRAPH 42.5 MM PINK GOLD WATCH 5520V-210R-B966\附图\5520V-210R-B966-1.jpeg,493,watch,,dummy_images\WATCH\5.VACHERON CONSTANTIN\12.10\已整理\5...VACHERON CONSTANTIN OVERSEAS CHRONOGRAPH 42.5 MM PINK GOLD WATCH 5520V-210R-B966\附图\5520V-210R-B966-1.jpeg,cvs\new_watermark.png
dummy_images\WATCH\5.VACHERON CONSTANTIN\12.10\原图\5...VACHERON CONSTANTIN OVERSEAS CHRONOGRAPH 42.5 MM PINK GOLD WATCH 5520V-210R-B966\附图\5520V-210R-B966-2.jpeg,493,watch,,dummy_images\WATCH\5.VACHERON CONSTANTIN\12.10\已整理\5...VACHERON CONSTANTIN OVERSEAS CHRONOGRAPH 42.5 MM PINK GOLD WATCH 5520V-210R-B966\附图\5520V-210R-B966-2.jpeg,cvs\new_watermark.png
dummy_images\WATCH\5.VACHERON CONSTANTIN\12.10\原图\5...VACHERON CONSTANTIN OVERSEAS CHRONOGRAPH 42.5 MM PINK GOLD WATCH 5520V-210R-B966\附图\5520V-210R-B966-3.jpg,493,watch,,dummy_images\WATCH\5.VACHERON CONSTANTIN\12.10\已整理\5...VACHERON CONSTANTIN OVERSEAS CHRONOGRAPH 42.5 MM PINK GOLD WATCH 5520V-210R-B966\附图\5520V-210R-B966-3.jpg,cvs\new_watermark.png
dummy_images\WATCH\5.VACHERON CONSTANTIN\12.10\原图\5...VACHERON CONSTANTIN OVERSEAS CHRONOGRAPH 42.5 MM PINK GOLD WATCH 5520V-210R-B966\附图\5520V-210R-B966-4.png,493,watch,,dummy_images\WATCH\5.VACHERON CONSTANTIN\12.10\已整理\5...VACHERON CONSTANTIN OVERSEAS CHRONOGRAPH 42.5 MM PINK GOLD WATCH 5520V-210R-B966\附图\5520V-210R-B966-4.png,cvs\new_watermark.png
dummy_images\WATCH\5.VACHERON CONSTANTIN\12.10\原图\5...VACHERON CONSTANTIN OVERSEAS CHRONOGRAPH 42.5 MM PINK GOLD WATCH 5520V-210R-B966\附图\5520V-210R-B966-5.png,493,watch,,dummy_images\WATCH\5.VACHERON CONSTANTIN\12.10\已整理\5...VACHERON CONSTANTIN OVERSEAS CHRONOGRAPH 42.5 MM PINK GOLD WATCH 5520V-210R-B966\附图\5520V-210R-B966-5.png,cvs\new_watermark.png
dummy_images\WATCH\5.VACHERON CONSTANTIN\12.10\原图\5...VACHERON CONSTANTIN OVERSEAS CHRONOGRAPH 42.5 MM PINK GOLD WATCH 5520V-210R-B966\附图\5520V-210R-B966-6.png,493,watch,,dummy_images\WATCH\5.VACHERON CONSTANTIN\12.10\已整理\5...VACHERON CONSTANTIN OVERSEAS CHRONOGRAPH 42.5 MM PINK GOLD WATCH 5520V-210R-B966\附图\5520V-210R-B966-6.png,cvs\new_watermark.png
dummy_images\WATCH\5.VACHERON CONSTANTIN\12.10\原图\7.VACHERON CONSTANTIN OVERSEAS WATCH 47040-000W-9500\主图\47040-000W-9500.jpg,494,watch,,,cvs\new_watermark.png
dummy_images\WATCH\5.VACHERON CONSTANTIN\12.10\原图\7.VACHERON CONSTANTIN OVERSEAS WATCH 47040-000W-9500\附图\47040-000W-9500-1.jpg,494,watch,,dummy_images\WATCH\5.VACHERON CONSTANTIN\12.10\已整理\7.VACHERON CONSTANTIN OVERSEAS WATCH 47040-000W-9500\附图\47040-000W-9500-1.jpg,cvs\new_watermark.png
dummy_images\WATCH\5.VACHERON CONSTANTIN\12.10\原图\7.VACHERON CONSTANTIN OVERSEAS WATCH 47040-000W-9500\附图\47040-000W-9500-2.jpg,494,watch,,dummy_images\WATCH\5.VACHERON CONSTANTIN\12.10\已整理\7.VACHERON CONSTANTIN OVERSEAS WATCH 47040-000W-9500\附图\47040-000W-9500-2.jpg,cvs\new_watermark.png
dummy_images\WATCH\5.VACHERON CONSTANTIN\12.10\原图\7.VACHERON CONSTANTIN OVERSEAS WATCH 47040-000W-9500\附图\47040-000W-9500-3.jpg,494,watch,,dummy_images\WATCH\5.VACHERON CONSTANTIN\12.10\已整理\7.VACHERON CONSTANTIN OVERSEAS WATCH 47040-000W-9500\附图\47040-000W-9500-3.jpg,cvs\new_watermark.png
dummy_images\WATCH\5.VACHERON CONSTANTIN\12.10\原图\7.VACHERON CONSTANTIN OVERSEAS WATCH 47040-000W-9500\附图\47040-000W-9500-4.jpg,494,watch,,dummy_images\WATCH\5.VACHERON CONSTANTIN\12.10\已整理\7.VACHERON CONSTANTIN OVERSEAS WATCH 47040-000W-9500\附图\47040-000W-9500-4.jpg,cvs\new_watermark.png
dummy_images\WATCH\5.VACHERON CONSTANTIN\12.10\原图\13.VACHERON CONSTANTIN OVERSEAS WATCH 4300V-120G-B102\主图\4300V-120G-B102.jpg,495,watch,,,cvs\new_watermark.png
dummy_images\WATCH\5.VACHERON CONSTANTIN\12.10\原图\13.VACHERON CONSTANTIN OVERSEAS WATCH 4300V-120G-B102\附图\4300V-120G-B102-1.jpg,495,watch,,dummy_images\WATCH\5.VACHERON CONSTANTIN\12.10\已整理\13.VACHERON CONSTANTIN OVERSEAS WATCH 4300V-120G-B102\附图\4300V-120G-B102-1.jpg,cvs\new_watermark.png
dummy_images\WATCH\5.VACHERON CONSTANTIN\12.10\原图\13.VACHERON CONSTANTIN OVERSEAS WATCH 4300V-120G-B102\附图\4300V-120G-B102-2.jpg,495,watch,,dummy_images\WATCH\5.VACHERON CONSTANTIN\12.10\已整理\13.VACHERON CONSTANTIN OVERSEAS WATCH 4300V-120G-B102\附图\4300V-120G-B102-2.jpg,cvs\new_watermark.png
dummy_images\WATCH\5.VACHERON CONSTANTIN\12.10\原图\13.VACHERON CONSTANTIN OVERSEAS WATCH 4300V-120G-B102\附图\4300V-120G-B102-3.jpg,495,watch,,dummy_images\WATCH\5.VACHERON CONSTANTIN\12.10\已整理\13.VACHERON CONSTANTIN OVERSEAS WATCH 4300V-120G-B102\附图\4300V-120G-B102-3.jpg,cvs\new_watermark.png
dummy_images\WATCH\5.VACHERON CONSTANTIN\12.10\原图\22...VACHERON CONSTANTIN OVERSEAS SELF-WINDING 41 MM WATCH 4520V-210A-B126\主图\4520V-210A-B126.png,496,watch,,,cvs\new_watermark.png
dummy_images\WATCH\5.VACHERON CONSTANTIN\12.10\原图\22...VACHERON CONSTANTIN OVERSEAS SELF-WINDING 41 MM WATCH 4520V-210A-B126\附图\4520V-210A-B126-1.jpeg,496,watch,,dummy_images\WATCH\5.VACHERON CONSTANTIN\12.10\已整理\22...VACHERON CONSTANTIN OVERSEAS SELF-WINDING 41 MM WATCH 4520V-210A-B126\附图\4520V-210A-B126-1.jpeg,cvs\new_watermark.png
dummy_images\WATCH\5.VACHERON CONSTANTIN\12.10\原图\22...VACHERON CONSTANTIN OVERSEAS SELF-WINDING 41 MM WATCH 4520V-210A-B126\附图\4520V-210A-B126-2.jpeg,496,watch,,dummy_images\WATCH\5.VACHERON CONSTANTIN\12.10\已整理\22...VACHERON CONSTANTIN OVERSEAS SELF-WINDING 41 MM WATCH 4520V-210A-B126\附图\4520V-210A-B126-2.jpeg,cvs\new_watermark.png
dummy_images\WATCH\5.VACHERON CONSTANTIN\12.10\原图\22...VACHERON CONSTANTIN OVERSEAS SELF-WINDING 41 MM WATCH 4520V-210A-B126\附图\4520V-210A-B126-3.jpeg,496,watch,,dummy_images\WATCH\5.VACHERON CONSTANTIN\12.10\已整理\22...VACHERON CONSTANTIN OVERSEAS SELF-WINDING 41 MM WATCH 4520V-210A-B126\附图\4520V-210A-B126-3.jpeg,cvs\new_watermark.png
dummy_images\WATCH\5.VACHERON CONSTANTIN\12.10\原图\22...VACHERON CONSTANTIN OVERSEAS SELF-WINDING 41 MM WATCH 4520V-210A-B126\附图\4520V-210A-B126-4.png,496,watch,,dummy_images\WATCH\5.VACHERON CONSTANTIN\12.10\已整理\22...VACHERON CONSTANTIN OVERSEAS SELF-WINDING 41 MM WATCH 4520V-210A-B126\附图\4520V-210A-B126-4.png,cvs\new_watermark.png
dummy_images\WATCH\5.VACHERON CONSTANTIN\12.10\原图\22...VACHERON CONSTANTIN OVERSEAS SELF-WINDING 41 MM WATCH 4520V-210A-B126\附图\4520V-210A-B126-5.png,496,watch,,dummy_images\WATCH\5.VACHERON CONSTANTIN\12.10\已整理\22...VACHERON CONSTANTIN OVERSEAS SELF-WINDING 41 MM WATCH 4520V-210A-B126\附图\4520V-210A-B126-5.png,cvs\new_watermark.png
dummy_images\WATCH\5.VACHERON CONSTANTIN\12.10\原图\23...VACHERON CONSTANTIN OVERSEAS SELF-WINDING 41 MM WATCH 4520V-210A-B128\主图\4520V-210A-B128.png,497,watch,,,cvs\new_watermark.png
dummy_images\WATCH\5.VACHERON CONSTANTIN\12.10\原图\23...VACHERON CONSTANTIN OVERSEAS SELF-WINDING 41 MM WATCH 4520V-210A-B128\附图\4520V-210A-B128-1.jpeg,497,watch,,dummy_images\WATCH\5.VACHERON CONSTANTIN\12.10\已整理\23...VACHERON CONSTANTIN OVERSEAS SELF-WINDING 41 MM WATCH 4520V-210A-B128\附图\4520V-210A-B128-1.jpeg,cvs\new_watermark.png
dummy_images\WATCH\5.VACHERON CONSTANTIN\12.10\原图\23...VACHERON CONSTANTIN OVERSEAS SELF-WINDING 41 MM WATCH 4520V-210A-B128\附图\4520V-210A-B128-2.jpeg,497,watch,,dummy_images\WATCH\5.VACHERON CONSTANTIN\12.10\已整理\23...VACHERON CONSTANTIN OVERSEAS SELF-WINDING 41 MM WATCH 4520V-210A-B128\附图\4520V-210A-B128-2.jpeg,cvs\new_watermark.png
dummy_images\WATCH\5.VACHERON CONSTANTIN\12.10\原图\23...VACHERON CONSTANTIN OVERSEAS SELF-WINDING 41 MM WATCH 4520V-210A-B128\附图\4520V-210A-B128-3.png,497,watch,,dummy_images\WATCH\5.VACHERON CONSTANTIN\12.10\已整理\23...VACHERON CONSTANTIN OVERSEAS SELF-WINDING 41 MM WATCH 4520V-210A-B128\附图\4520V-210A-B128-3.png,cvs\new_watermark.png
dummy_images\WATCH\5.VACHERON CONSTANTIN\12.10\原图\23...VACHERON CONSTANTIN OVERSEAS SELF-WINDING 41 MM WATCH 4520V-210A-B128\附图\4520V-210A-B128-4.png,497,watch,,dummy_images\WATCH\5.VACHERON CONSTANTIN\12.10\已整理\23...VACHERON CONSTANTIN OVERSEAS SELF-WINDING 41 MM WATCH 4520V-210A-B128\附图\4520V-210A-B128-4.png,cvs\new_watermark.png
dummy_images\WATCH\5.VACHERON CONSTANTIN\12.10\原图\23...VACHERON CONSTANTIN OVERSEAS SELF-WINDING 41 MM WATCH 4520V-210A-B128\附图\4520V-210A-B128-5.png,497,watch,,dummy_images\WATCH\5.VACHERON CONSTANTIN\12.10\已整理\23...VACHERON CONSTANTIN OVERSEAS SELF-WINDING 41 MM WATCH 4520V-210A-B128\附图\4520V-210A-B128-5.png,cvs\new_watermark.png
dummy_images\WATCH\5.VACHERON CONSTANTIN\12.10\原图\23...VACHERON CONSTANTIN OVERSEAS SELF-WINDING 41 MM WATCH 4520V-210A-B128\附图\4520V-210A-B128-6.png,497,watch,,dummy_images\WATCH\5.VACHERON CONSTANTIN\12.10\已整理\23...VACHERON CONSTANTIN OVERSEAS SELF-WINDING 41 MM WATCH 4520V-210A-B128\附图\4520V-210A-B128-6.png,cvs\new_watermark.png
dummy_images\WATCH\5.VACHERON CONSTANTIN\12.10\原图\24...VACHERON CONSTANTIN OVERSEAS SELF-WINDING 41 MM PINK GOLD 4520V-210R-B705\主图\4520V-210R-B705.png,498,watch,,,cvs\new_watermark.png
dummy_images\WATCH\5.VACHERON CONSTANTIN\12.10\原图\24...VACHERON CONSTANTIN OVERSEAS SELF-WINDING 41 MM PINK GOLD 4520V-210R-B705\附图\4520V-210R-B705-1.jpeg,498,watch,,dummy_images\WATCH\5.VACHERON CONSTANTIN\12.10\已整理\24...VACHERON CONSTANTIN OVERSEAS SELF-WINDING 41 MM PINK GOLD 4520V-210R-B705\附图\4520V-210R-B705-1.jpeg,cvs\new_watermark.png
dummy_images\WATCH\5.VACHERON CONSTANTIN\12.10\原图\24...VACHERON CONSTANTIN OVERSEAS SELF-WINDING 41 MM PINK GOLD 4520V-210R-B705\附图\4520V-210R-B705-2.jpeg,498,watch,,dummy_images\WATCH\5.VACHERON CONSTANTIN\12.10\已整理\24...VACHERON CONSTANTIN OVERSEAS SELF-WINDING 41 MM PINK GOLD 4520V-210R-B705\附图\4520V-210R-B705-2.jpeg,cvs\new_watermark.png
dummy_images\WATCH\5.VACHERON CONSTANTIN\12.10\原图\24...VACHERON CONSTANTIN OVERSEAS SELF-WINDING 41 MM PINK GOLD 4520V-210R-B705\附图\4520V-210R-B705-3.png,498,watch,,dummy_images\WATCH\5.VACHERON CONSTANTIN\12.10\已整理\24...VACHERON CONSTANTIN OVERSEAS SELF-WINDING 41 MM PINK GOLD 4520V-210R-B705\附图\4520V-210R-B705-3.png,cvs\new_watermark.png
dummy_images\WATCH\5.VACHERON CONSTANTIN\12.10\原图\24...VACHERON CONSTANTIN OVERSEAS SELF-WINDING 41 MM PINK GOLD 4520V-210R-B705\附图\4520V-210R-B705-4.png,498,watch,,dummy_images\WATCH\5.VACHERON CONSTANTIN\12.10\已整理\24...VACHERON CONSTANTIN OVERSEAS SELF-WINDING 41 MM PINK GOLD 4520V-210R-B705\附图\4520V-210R-B705-4.png,cvs\new_watermark.png
dummy_images\WATCH\5.VACHERON CONSTANTIN\12.10\原图\24...VACHERON CONSTANTIN OVERSEAS SELF-WINDING 41 MM PINK GOLD 4520V-210R-B705\附图\4520V-210R-B705-5.png,498,watch,,dummy_images\WATCH\5.VACHERON CONSTANTIN\12.10\已整理\24...VACHERON CONSTANTIN OVERSEAS SELF-WINDING 41 MM PINK GOLD 4520V-210R-B705\附图\4520V-210R-B705-5.png,cvs\new_watermark.png
dummy_images\WATCH\5.VACHERON CONSTANTIN\12.10\原图\24...VACHERON CONSTANTIN OVERSEAS SELF-WINDING 41 MM PINK GOLD 4520V-210R-B705\附图\4520V-210R-B705-6.png,498,watch,,dummy_images\WATCH\5.VACHERON CONSTANTIN\12.10\已整理\24...VACHERON CONSTANTIN OVERSEAS SELF-WINDING 41 MM PINK GOLD 4520V-210R-B705\附图\4520V-210R-B705-6.png,cvs\new_watermark.png
dummy_images\WATCH\5.VACHERON CONSTANTIN\12.10\原图\25...VACHERON CONSTANTIN OVERSEAS SELF-WINDING 41 MM PINK GOLD WATCH 4520V-210R-B967\主图\4520V-210R-B967.png,499,watch,,,cvs\new_watermark.png
dummy_images\WATCH\5.VACHERON CONSTANTIN\12.10\原图\25...VACHERON CONSTANTIN OVERSEAS SELF-WINDING 41 MM PINK GOLD WATCH 4520V-210R-B967\附图\4520V-210R-B967-1.jpeg,499,watch,,dummy_images\WATCH\5.VACHERON CONSTANTIN\12.10\已整理\25...VACHERON CONSTANTIN OVERSEAS SELF-WINDING 41 MM PINK GOLD WATCH 4520V-210R-B967\附图\4520V-210R-B967-1.jpeg,cvs\new_watermark.png
dummy_images\WATCH\5.VACHERON CONSTANTIN\12.10\原图\25...VACHERON CONSTANTIN OVERSEAS SELF-WINDING 41 MM PINK GOLD WATCH 4520V-210R-B967\附图\4520V-210R-B967-2.jpeg,499,watch,,dummy_images\WATCH\5.VACHERON CONSTANTIN\12.10\已整理\25...VACHERON CONSTANTIN OVERSEAS SELF-WINDING 41 MM PINK GOLD WATCH 4520V-210R-B967\附图\4520V-210R-B967-2.jpeg,cvs\new_watermark.png
dummy_images\WATCH\5.VACHERON CONSTANTIN\12.10\原图\25...VACHERON CONSTANTIN OVERSEAS SELF-WINDING 41 MM PINK GOLD WATCH 4520V-210R-B967\附图\4520V-210R-B967-3.png,499,watch,,dummy_images\WATCH\5.VACHERON CONSTANTIN\12.10\已整理\25...VACHERON CONSTANTIN OVERSEAS SELF-WINDING 41 MM PINK GOLD WATCH 4520V-210R-B967\附图\4520V-210R-B967-3.png,cvs\new_watermark.png
dummy_images\WATCH\5.VACHERON CONSTANTIN\12.10\原图\25...VACHERON CONSTANTIN OVERSEAS SELF-WINDING 41 MM PINK GOLD WATCH 4520V-210R-B967\附图\4520V-210R-B967-4.png,499,watch,,dummy_images\WATCH\5.VACHERON CONSTANTIN\12.10\已整理\25...VACHERON CONSTANTIN OVERSEAS SELF-WINDING 41 MM PINK GOLD WATCH 4520V-210R-B967\附图\4520V-210R-B967-4.png,cvs\new_watermark.png
dummy_images\WATCH\5.VACHERON CONSTANTIN\12.10\原图\25...VACHERON CONSTANTIN OVERSEAS SELF-WINDING 41 MM PINK GOLD WATCH 4520V-210R-B967\附图\4520V-210R-B967-5.png,499,watch,,dummy_images\WATCH\5.VACHERON CONSTANTIN\12.10\已整理\25...VACHERON CONSTANTIN OVERSEAS SELF-WINDING 41 MM PINK GOLD WATCH 4520V-210R-B967\附图\4520V-210R-B967-5.png,cvs\new_watermark.png
dummy_images\WATCH\5.VACHERON CONSTANTIN\12.10\原图\25...VACHERON CONSTANTIN OVERSEAS SELF-WINDING 41 MM PINK GOLD WATCH 4520V-210R-B967\附图\4520V-210R-B967-6.png,499,watch,,dummy_images\WATCH\5.VACHERON CONSTANTIN\12.10\已整理\25...VACHERON CONSTANTIN OVERSEAS SELF-WINDING 41 MM PINK GOLD WATCH 4520V-210R-B967\附图\4520V-210R-B967-6.png,cvs\new_watermark.png
dummy_images\WATCH\5.VACHERON CONSTANTIN\12.10\原图\28...VACHERON CONSTANTIN FIFTYSIX COMPLETE CALENDAR 40 MM PINK GOLD WATCH 4000E-000R-B065\主图\4000E-000R-B065.png,500,watch,,,cvs\new_watermark.png
dummy_images\WATCH\5.VACHERON CONSTANTIN\12.10\原图\28...VACHERON CONSTANTIN FIFTYSIX COMPLETE CALENDAR 40 MM PINK GOLD WATCH 4000E-000R-B065\附图\4000E-000R-B065-1.jpeg,500,watch,,dummy_images\WATCH\5.VACHERON CONSTANTIN\12.10\已整理\28...VACHERON CONSTANTIN FIFTYSIX COMPLETE CALENDAR 40 MM PINK GOLD WATCH 4000E-000R-B065\附图\4000E-000R-B065-1.jpeg,cvs\new_watermark.png
dummy_images\WATCH\5.VACHERON CONSTANTIN\12.10\原图\28...VACHERON CONSTANTIN FIFTYSIX COMPLETE CALENDAR 40 MM PINK GOLD WATCH 4000E-000R-B065\附图\4000E-000R-B065-2.jpeg,500,watch,,dummy_images\WATCH\5.VACHERON CONSTANTIN\12.10\已整理\28...VACHERON CONSTANTIN FIFTYSIX COMPLETE CALENDAR 40 MM PINK GOLD WATCH 4000E-000R-B065\附图\4000E-000R-B065-2.jpeg,cvs\new_watermark.png
dummy_images\WATCH\5.VACHERON CONSTANTIN\12.10\原图\28...VACHERON CONSTANTIN FIFTYSIX COMPLETE CALENDAR 40 MM PINK GOLD WATCH 4000E-000R-B065\附图\4000E-000R-B065-3.jpeg,500,watch,,dummy_images\WATCH\5.VACHERON CONSTANTIN\12.10\已整理\28...VACHERON CONSTANTIN FIFTYSIX COMPLETE CALENDAR 40 MM PINK GOLD WATCH 4000E-000R-B065\附图\4000E-000R-B065-3.jpeg,cvs\new_watermark.png
dummy_images\WATCH\5.VACHERON CONSTANTIN\12.10\原图\28...VACHERON CONSTANTIN FIFTYSIX COMPLETE CALENDAR 40 MM PINK GOLD WATCH 4000E-000R-B065\附图\4000E-000R-B065-4.jpeg,500,watch,,dummy_images\WATCH\5.VACHERON CONSTANTIN\12.10\已整理\28...VACHERON CONSTANTIN FIFTYSIX COMPLETE CALENDAR 40 MM PINK GOLD WATCH 4000E-000R-B065\附图\4000E-000R-B065-4.jpeg,cvs\new_watermark.png
dummy_images\WATCH\5.VACHERON CONSTANTIN\12.10\原图\28...VACHERON CONSTANTIN FIFTYSIX COMPLETE CALENDAR 40 MM PINK GOLD WATCH 4000E-000R-B065\附图\4000E-000R-B065-5.png,500,watch,,dummy_images\WATCH\5.VACHERON CONSTANTIN\12.10\已整理\28...VACHERON CONSTANTIN FIFTYSIX COMPLETE CALENDAR 40 MM PINK GOLD WATCH 4000E-000R-B065\附图\4000E-000R-B065-5.png,cvs\new_watermark.png
dummy_images\WATCH\5.VACHERON CONSTANTIN\12.10\原图\28...VACHERON CONSTANTIN FIFTYSIX COMPLETE CALENDAR 40 MM PINK GOLD WATCH 4000E-000R-B065\附图\4000E-000R-B065-6.png,500,watch,,dummy_images\WATCH\5.VACHERON CONSTANTIN\12.10\已整理\28...VACHERON CONSTANTIN FIFTYSIX COMPLETE CALENDAR 40 MM PINK GOLD WATCH 4000E-000R-B065\附图\4000E-000R-B065-6.png,cvs\new_watermark.png
dummy_images\WATCH\5.VACHERON CONSTANTIN\12.10\原图\29...VACHERON CONSTANTIN FIFTYSIX COMPLETE CALENDAR 40 MM PINK GOLD WATCH 4000E-000R-B438\主图\4000E-000R-B438.png,501,watch,,,cvs\new_watermark.png
dummy_images\WATCH\5.VACHERON CONSTANTIN\12.10\原图\29...VACHERON CONSTANTIN FIFTYSIX COMPLETE CALENDAR 40 MM PINK GOLD WATCH 4000E-000R-B438\附图\4000E-000R-B438-1.jpeg,501,watch,,dummy_images\WATCH\5.VACHERON CONSTANTIN\12.10\已整理\29...VACHERON CONSTANTIN FIFTYSIX COMPLETE CALENDAR 40 MM PINK GOLD WATCH 4000E-000R-B438\附图\4000E-000R-B438-1.jpeg,cvs\new_watermark.png
dummy_images\WATCH\5.VACHERON CONSTANTIN\12.10\原图\29...VACHERON CONSTANTIN FIFTYSIX COMPLETE CALENDAR 40 MM PINK GOLD WATCH 4000E-000R-B438\附图\4000E-000R-B438-2.jpeg,501,watch,,dummy_images\WATCH\5.VACHERON CONSTANTIN\12.10\已整理\29...VACHERON CONSTANTIN FIFTYSIX COMPLETE CALENDAR 40 MM PINK GOLD WATCH 4000E-000R-B438\附图\4000E-000R-B438-2.jpeg,cvs\new_watermark.png
dummy_images\WATCH\5.VACHERON CONSTANTIN\12.10\原图\29...VACHERON CONSTANTIN FIFTYSIX COMPLETE CALENDAR 40 MM PINK GOLD WATCH 4000E-000R-B438\附图\4000E-000R-B438-3.jpeg,501,watch,,dummy_images\WATCH\5.VACHERON CONSTANTIN\12.10\已整理\29...VACHERON CONSTANTIN FIFTYSIX COMPLETE CALENDAR 40 MM PINK GOLD WATCH 4000E-000R-B438\附图\4000E-000R-B438-3.jpeg,cvs\new_watermark.png
dummy_images\WATCH\5.VACHERON CONSTANTIN\12.10\原图\29...VACHERON CONSTANTIN FIFTYSIX COMPLETE CALENDAR 40 MM PINK GOLD WATCH 4000E-000R-B438\附图\4000E-000R-B438-4.jpeg,501,watch,,dummy_images\WATCH\5.VACHERON CONSTANTIN\12.10\已整理\29...VACHERON CONSTANTIN FIFTYSIX COMPLETE CALENDAR 40 MM PINK GOLD WATCH 4000E-000R-B438\附图\4000E-000R-B438-4.jpeg,cvs\new_watermark.png
dummy_images\WATCH\5.VACHERON CONSTANTIN\12.10\原图\29...VACHERON CONSTANTIN FIFTYSIX COMPLETE CALENDAR 40 MM PINK GOLD WATCH 4000E-000R-B438\附图\4000E-000R-B438-5.png,501,watch,,dummy_images\WATCH\5.VACHERON CONSTANTIN\12.10\已整理\29...VACHERON CONSTANTIN FIFTYSIX COMPLETE CALENDAR 40 MM PINK GOLD WATCH 4000E-000R-B438\附图\4000E-000R-B438-5.png,cvs\new_watermark.png
dummy_images\WATCH\5.VACHERON CONSTANTIN\12.10\原图\29...VACHERON CONSTANTIN FIFTYSIX COMPLETE CALENDAR 40 MM PINK GOLD WATCH 4000E-000R-B438\附图\4000E-000R-B438-6.png,501,watch,,dummy_images\WATCH\5.VACHERON CONSTANTIN\12.10\已整理\29...VACHERON CONSTANTIN FIFTYSIX COMPLETE CALENDAR 40 MM PINK GOLD WATCH 4000E-000R-B438\附图\4000E-000R-B438-6.png,cvs\new_watermark.png
dummy_images\WATCH\5.VACHERON CONSTANTIN\12.10\原图\29...VACHERON CONSTANTIN FIFTYSIX COMPLETE CALENDAR 40 MM PINK GOLD WATCH 4000E-000R-B438\附图\4000E-000R-B438-7.png,501,watch,,dummy_images\WATCH\5.VACHERON CONSTANTIN\12.10\已整理\29...VACHERON CONSTANTIN FIFTYSIX COMPLETE CALENDAR 40 MM PINK GOLD WATCH 4000E-000R-B438\附图\4000E-000R-B438-7.png,cvs\new_watermark.png
dummy_images\WATCH\5.VACHERON CONSTANTIN\12.10\原图\30...VACHERON CONSTANTIN PATRIMONY PERPETUAL CALENDAR ULTRA-THIN 41 MM PINK GOLD WATCH 43175-000R-9687\主图\43175-000R-9687.png,502,watch,,,cvs\new_watermark.png
dummy_images\WATCH\5.VACHERON CONSTANTIN\12.10\原图\30...VACHERON CONSTANTIN PATRIMONY PERPETUAL CALENDAR ULTRA-THIN 41 MM PINK GOLD WATCH 43175-000R-9687\附图\43175-000R-9687-1.jpeg,502,watch,,dummy_images\WATCH\5.VACHERON CONSTANTIN\12.10\已整理\30...VACHERON CONSTANTIN PATRIMONY PERPETUAL CALENDAR ULTRA-THIN 41 MM PINK GOLD WATCH 43175-000R-9687\附图\43175-000R-9687-1.jpeg,cvs\new_watermark.png
dummy_images\WATCH\5.VACHERON CONSTANTIN\12.10\原图\30...VACHERON CONSTANTIN PATRIMONY PERPETUAL CALENDAR ULTRA-THIN 41 MM PINK GOLD WATCH 43175-000R-9687\附图\43175-000R-9687-2.jpeg,502,watch,,dummy_images\WATCH\5.VACHERON CONSTANTIN\12.10\已整理\30...VACHERON CONSTANTIN PATRIMONY PERPETUAL CALENDAR ULTRA-THIN 41 MM PINK GOLD WATCH 43175-000R-9687\附图\43175-000R-9687-2.jpeg,cvs\new_watermark.png
dummy_images\WATCH\5.VACHERON CONSTANTIN\12.10\原图\30...VACHERON CONSTANTIN PATRIMONY PERPETUAL CALENDAR ULTRA-THIN 41 MM PINK GOLD WATCH 43175-000R-9687\附图\43175-000R-9687-3.png,502,watch,,dummy_images\WATCH\5.VACHERON CONSTANTIN\12.10\已整理\30...VACHERON CONSTANTIN PATRIMONY PERPETUAL CALENDAR ULTRA-THIN 41 MM PINK GOLD WATCH 43175-000R-9687\附图\43175-000R-9687-3.png,cvs\new_watermark.png
dummy_images\WATCH\5.VACHERON CONSTANTIN\12.10\原图\30...VACHERON CONSTANTIN PATRIMONY PERPETUAL CALENDAR ULTRA-THIN 41 MM PINK GOLD WATCH 43175-000R-9687\附图\43175-000R-9687-4.png,502,watch,,dummy_images\WATCH\5.VACHERON CONSTANTIN\12.10\已整理\30...VACHERON CONSTANTIN PATRIMONY PERPETUAL CALENDAR ULTRA-THIN 41 MM PINK GOLD WATCH 43175-000R-9687\附图\43175-000R-9687-4.png,cvs\new_watermark.png
dummy_images\WATCH\5.VACHERON CONSTANTIN\12.10\原图\30...VACHERON CONSTANTIN PATRIMONY PERPETUAL CALENDAR ULTRA-THIN 41 MM PINK GOLD WATCH 43175-000R-9687\附图\43175-000R-9687-5.png,502,watch,,dummy_images\WATCH\5.VACHERON CONSTANTIN\12.10\已整理\30...VACHERON CONSTANTIN PATRIMONY PERPETUAL CALENDAR ULTRA-THIN 41 MM PINK GOLD WATCH 43175-000R-9687\附图\43175-000R-9687-5.png,cvs\new_watermark.png
dummy_images\WATCH\5.VACHERON CONSTANTIN\12.10\原图\30...VACHERON CONSTANTIN PATRIMONY PERPETUAL CALENDAR ULTRA-THIN 41 MM PINK GOLD WATCH 43175-000R-9687\附图\43175-000R-9687-6.png,502,watch,,dummy_images\WATCH\5.VACHERON CONSTANTIN\12.10\已整理\30...VACHERON CONSTANTIN PATRIMONY PERPETUAL CALENDAR ULTRA-THIN 41 MM PINK GOLD WATCH 43175-000R-9687\附图\43175-000R-9687-6.png,cvs\new_watermark.png
dummy_images\WATCH\5.VACHERON CONSTANTIN\12.10\原图\31...VACHERON CONSTANTIN PATRIMONY PERPETUAL CALENDAR ULTRA-THIN 41 MM PINK GOLD WATCH 43175-000R-B519\主图\43175-000R-B519.png,503,watch,,,cvs\new_watermark.png
dummy_images\WATCH\5.VACHERON CONSTANTIN\12.10\原图\31...VACHERON CONSTANTIN PATRIMONY PERPETUAL CALENDAR ULTRA-THIN 41 MM PINK GOLD WATCH 43175-000R-B519\附图\43175-000R-B519-1.jpeg,503,watch,,dummy_images\WATCH\5.VACHERON CONSTANTIN\12.10\已整理\31...VACHERON CONSTANTIN PATRIMONY PERPETUAL CALENDAR ULTRA-THIN 41 MM PINK GOLD WATCH 43175-000R-B519\附图\43175-000R-B519-1.jpeg,cvs\new_watermark.png
dummy_images\WATCH\5.VACHERON CONSTANTIN\12.10\原图\31...VACHERON CONSTANTIN PATRIMONY PERPETUAL CALENDAR ULTRA-THIN 41 MM PINK GOLD WATCH 43175-000R-B519\附图\43175-000R-B519-2.jpeg,503,watch,,dummy_images\WATCH\5.VACHERON CONSTANTIN\12.10\已整理\31...VACHERON CONSTANTIN PATRIMONY PERPETUAL CALENDAR ULTRA-THIN 41 MM PINK GOLD WATCH 43175-000R-B519\附图\43175-000R-B519-2.jpeg,cvs\new_watermark.png
dummy_images\WATCH\5.VACHERON CONSTANTIN\12.10\原图\31...VACHERON CONSTANTIN PATRIMONY PERPETUAL CALENDAR ULTRA-THIN 41 MM PINK GOLD WATCH 43175-000R-B519\附图\43175-000R-B519-3.png,503,watch,,dummy_images\WATCH\5.VACHERON CONSTANTIN\12.10\已整理\31...VACHERON CONSTANTIN PATRIMONY PERPETUAL CALENDAR ULTRA-THIN 41 MM PINK GOLD WATCH 43175-000R-B519\附图\43175-000R-B519-3.png,cvs\new_watermark.png
dummy_images\WATCH\5.VACHERON CONSTANTIN\12.10\原图\31...VACHERON CONSTANTIN PATRIMONY PERPETUAL CALENDAR ULTRA-THIN 41 MM PINK GOLD WATCH 43175-000R-B519\附图\43175-000R-B519-4.png,503,watch,,dummy_images\WATCH\5.VACHERON CONSTANTIN\12.10\已整理\31...VACHERON CONSTANTIN PATRIMONY PERPETUAL CALENDAR ULTRA-THIN 41 MM PINK GOLD WATCH 43175-000R-B519\附图\43175-000R-B519-4.png,cvs\new_watermark.png
dummy_images\WATCH\5.VACHERON CONSTANTIN\12.10\原图\31...VACHERON CONSTANTIN PATRIMONY PERPETUAL CALENDAR ULTRA-THIN 41 MM PINK GOLD WATCH 43175-000R-B519\附图\43175-000R-B519-5.png,503,watch,,dummy_images\WATCH\5.VACHERON CONSTANTIN\12.10\已整理\31...VACHERON CONSTANTIN PATRIMONY PERPETUAL CALENDAR ULTRA-THIN 41 MM PINK GOLD WATCH 43175-000R-B519\附图\43175-000R-B519-5.png,cvs\new_watermark.png
dummy_images\WATCH\5.VACHERON CONSTANTIN\12.10\原图\32.VACHERON CONSTANTIN OVERSEAS QUARTZ 33 MM PINK GOLD WATCH 1225V-200R-H031\主图\1225V-200R-H031.png,504,watch,,,cvs\new_watermark.png
dummy_images\WATCH\5.VACHERON CONSTANTIN\12.10\原图\32.VACHERON CONSTANTIN OVERSEAS QUARTZ 33 MM PINK GOLD WATCH 1225V-200R-H031\附图\1225V-200R-H031-1.jpeg,504,watch,,dummy_images\WATCH\5.VACHERON CONSTANTIN\12.10\已整理\32.VACHERON CONSTANTIN OVERSEAS QUARTZ 33 MM PINK GOLD WATCH 1225V-200R-H031\附图\1225V-200R-H031-1.jpeg,cvs\new_watermark.png
dummy_images\WATCH\5.VACHERON CONSTANTIN\12.10\原图\32.VACHERON CONSTANTIN OVERSEAS QUARTZ 33 MM PINK GOLD WATCH 1225V-200R-H031\附图\1225V-200R-H031-2.jpeg,504,watch,,dummy_images\WATCH\5.VACHERON CONSTANTIN\12.10\已整理\32.VACHERON CONSTANTIN OVERSEAS QUARTZ 33 MM PINK GOLD WATCH 1225V-200R-H031\附图\1225V-200R-H031-2.jpeg,cvs\new_watermark.png
dummy_images\WATCH\5.VACHERON CONSTANTIN\12.10\原图\32.VACHERON CONSTANTIN OVERSEAS QUARTZ 33 MM PINK GOLD WATCH 1225V-200R-H031\附图\1225V-200R-H031-3.png,504,watch,,dummy_images\WATCH\5.VACHERON CONSTANTIN\12.10\已整理\32.VACHERON CONSTANTIN OVERSEAS QUARTZ 33 MM PINK GOLD WATCH 1225V-200R-H031\附图\1225V-200R-H031-3.png,cvs\new_watermark.png
dummy_images\WATCH\5.VACHERON CONSTANTIN\12.10\原图\32.VACHERON CONSTANTIN OVERSEAS QUARTZ 33 MM PINK GOLD WATCH 1225V-200R-H031\附图\1225V-200R-H031-4.png,504,watch,,dummy_images\WATCH\5.VACHERON CONSTANTIN\12.10\已整理\32.VACHERON CONSTANTIN OVERSEAS QUARTZ 33 MM PINK GOLD WATCH 1225V-200R-H031\附图\1225V-200R-H031-4.png,cvs\new_watermark.png
dummy_images\WATCH\5.VACHERON CONSTANTIN\12.10\原图\32.VACHERON CONSTANTIN OVERSEAS QUARTZ 33 MM PINK GOLD WATCH 1225V-200R-H031\附图\1225V-200R-H031-5.png,504,watch,,dummy_images\WATCH\5.VACHERON CONSTANTIN\12.10\已整理\32.VACHERON CONSTANTIN OVERSEAS QUARTZ 33 MM PINK GOLD WATCH 1225V-200R-H031\附图\1225V-200R-H031-5.png,cvs\new_watermark.png
dummy_images\WATCH\5.VACHERON CONSTANTIN\12.10\原图\33.VACHERON CONSTANTIN OVERSEAS 33 QUARTZ STAINLESS STEEL DIAMOND BLACK DIAL WATCH 1205V-100A-B591\主图\1205V-100A-B591.jpg,505,watch,,,cvs\new_watermark.png
dummy_images\WATCH\5.VACHERON CONSTANTIN\12.10\原图\33.VACHERON CONSTANTIN OVERSEAS 33 QUARTZ STAINLESS STEEL DIAMOND BLACK DIAL WATCH 1205V-100A-B591\附图\1205V-100A-B591-1.jpg,505,watch,,dummy_images\WATCH\5.VACHERON CONSTANTIN\12.10\已整理\33.VACHERON CONSTANTIN OVERSEAS 33 QUARTZ STAINLESS STEEL DIAMOND BLACK DIAL WATCH 1205V-100A-B591\附图\1205V-100A-B591-1.jpg,cvs\new_watermark.png
dummy_images\WATCH\5.VACHERON CONSTANTIN\12.10\原图\33.VACHERON CONSTANTIN OVERSEAS 33 QUARTZ STAINLESS STEEL DIAMOND BLACK DIAL WATCH 1205V-100A-B591\附图\1205V-100A-B591-2.jpg,505,watch,,dummy_images\WATCH\5.VACHERON CONSTANTIN\12.10\已整理\33.VACHERON CONSTANTIN OVERSEAS 33 QUARTZ STAINLESS STEEL DIAMOND BLACK DIAL WATCH 1205V-100A-B591\附图\1205V-100A-B591-2.jpg,cvs\new_watermark.png
dummy_images\WATCH\5.VACHERON CONSTANTIN\12.10\原图\33.VACHERON CONSTANTIN OVERSEAS 33 QUARTZ STAINLESS STEEL DIAMOND BLACK DIAL WATCH 1205V-100A-B591\附图\1205V-100A-B591-3.jpg,505,watch,,dummy_images\WATCH\5.VACHERON CONSTANTIN\12.10\已整理\33.VACHERON CONSTANTIN OVERSEAS 33 QUARTZ STAINLESS STEEL DIAMOND BLACK DIAL WATCH 1205V-100A-B591\附图\1205V-100A-B591-3.jpg,cvs\new_watermark.png
dummy_images\WATCH\5.VACHERON CONSTANTIN\12.10\原图\34.VACHERON CONSTANTIN OVERSEAS QUARTZ 33 MM PINK GOLD WATCH 1225V-200R-H015\主图\1225V-200R-H015.jpg,506,watch,,,cvs\new_watermark.png
dummy_images\WATCH\5.VACHERON CONSTANTIN\12.10\原图\34.VACHERON CONSTANTIN OVERSEAS QUARTZ 33 MM PINK GOLD WATCH 1225V-200R-H015\附图\1225V-200R-H015-1.jpeg,506,watch,,dummy_images\WATCH\5.VACHERON CONSTANTIN\12.10\已整理\34.VACHERON CONSTANTIN OVERSEAS QUARTZ 33 MM PINK GOLD WATCH 1225V-200R-H015\附图\1225V-200R-H015-1.jpeg,cvs\new_watermark.png
dummy_images\WATCH\5.VACHERON CONSTANTIN\12.10\原图\34.VACHERON CONSTANTIN OVERSEAS QUARTZ 33 MM PINK GOLD WATCH 1225V-200R-H015\附图\1225V-200R-H015-2.png,506,watch,,dummy_images\WATCH\5.VACHERON CONSTANTIN\12.10\已整理\34.VACHERON CONSTANTIN OVERSEAS QUARTZ 33 MM PINK GOLD WATCH 1225V-200R-H015\附图\1225V-200R-H015-2.png,cvs\new_watermark.png
dummy_images\WATCH\5.VACHERON CONSTANTIN\12.10\原图\34.VACHERON CONSTANTIN OVERSEAS QUARTZ 33 MM PINK GOLD WATCH 1225V-200R-H015\附图\1225V-200R-H015-3.png,506,watch,,dummy_images\WATCH\5.VACHERON CONSTANTIN\12.10\已整理\34.VACHERON CONSTANTIN OVERSEAS QUARTZ 33 MM PINK GOLD WATCH 1225V-200R-H015\附图\1225V-200R-H015-3.png,cvs\new_watermark.png
dummy_images\WATCH\5.VACHERON CONSTANTIN\12.10\原图\34.VACHERON CONSTANTIN OVERSEAS QUARTZ 33 MM PINK GOLD WATCH 1225V-200R-H015\附图\1225V-200R-H015-4.png,506,watch,,dummy_images\WATCH\5.VACHERON CONSTANTIN\12.10\已整理\34.VACHERON CONSTANTIN OVERSEAS QUARTZ 33 MM PINK GOLD WATCH 1225V-200R-H015\附图\1225V-200R-H015-4.png,cvs\new_watermark.png
dummy_images\WATCH\5.VACHERON CONSTANTIN\12.10\原图\35...VACHERON CONSTANTIN OVERSEAS QUARTZ 33 MM STEEL WATCH 1225V-200A-B590\主图\1225V-200A-B590.jpg,507,watch,,,cvs\new_watermark.png
dummy_images\WATCH\5.VACHERON CONSTANTIN\12.10\原图\35...VACHERON CONSTANTIN OVERSEAS QUARTZ 33 MM STEEL WATCH 1225V-200A-B590\附图\1225V-200A-B590-1.jpeg,507,watch,,dummy_images\WATCH\5.VACHERON CONSTANTIN\12.10\已整理\35...VACHERON CONSTANTIN OVERSEAS QUARTZ 33 MM STEEL WATCH 1225V-200A-B590\附图\1225V-200A-B590-1.jpeg,cvs\new_watermark.png
dummy_images\WATCH\5.VACHERON CONSTANTIN\12.10\原图\35...VACHERON CONSTANTIN OVERSEAS QUARTZ 33 MM STEEL WATCH 1225V-200A-B590\附图\1225V-200A-B590-2.jpeg,507,watch,,dummy_images\WATCH\5.VACHERON CONSTANTIN\12.10\已整理\35...VACHERON CONSTANTIN OVERSEAS QUARTZ 33 MM STEEL WATCH 1225V-200A-B590\附图\1225V-200A-B590-2.jpeg,cvs\new_watermark.png
dummy_images\WATCH\5.VACHERON CONSTANTIN\12.10\原图\35...VACHERON CONSTANTIN OVERSEAS QUARTZ 33 MM STEEL WATCH 1225V-200A-B590\附图\1225V-200A-B590-3.png,507,watch,,dummy_images\WATCH\5.VACHERON CONSTANTIN\12.10\已整理\35...VACHERON CONSTANTIN OVERSEAS QUARTZ 33 MM STEEL WATCH 1225V-200A-B590\附图\1225V-200A-B590-3.png,cvs\new_watermark.png
dummy_images\WATCH\5.VACHERON CONSTANTIN\12.10\原图\35...VACHERON CONSTANTIN OVERSEAS QUARTZ 33 MM STEEL WATCH 1225V-200A-B590\附图\1225V-200A-B590-4.png,507,watch,,dummy_images\WATCH\5.VACHERON CONSTANTIN\12.10\已整理\35...VACHERON CONSTANTIN OVERSEAS QUARTZ 33 MM STEEL WATCH 1225V-200A-B590\附图\1225V-200A-B590-4.png,cvs\new_watermark.png
dummy_images\WATCH\5.VACHERON CONSTANTIN\12.10\原图\35...VACHERON CONSTANTIN OVERSEAS QUARTZ 33 MM STEEL WATCH 1225V-200A-B590\附图\1225V-200A-B590-5.png,507,watch,,dummy_images\WATCH\5.VACHERON CONSTANTIN\12.10\已整理\35...VACHERON CONSTANTIN OVERSEAS QUARTZ 33 MM STEEL WATCH 1225V-200A-B590\附图\1225V-200A-B590-5.png,cvs\new_watermark.png
dummy_images\WATCH\6.ROLEX\12.13\原图\2.ROLEX DAYTONA COSMOGRAPH 40MM WATCH 116509\主图\116509.jpeg,524,watch,,,cvs\new_watermark.png
dummy_images\WATCH\6.ROLEX\12.13\原图\2.ROLEX DAYTONA COSMOGRAPH 40MM WATCH 116509\附图\116509-1.jpeg,524,watch,,dummy_images\WATCH\6.ROLEX\12.13\已整理\2.ROLEX DAYTONA COSMOGRAPH 40MM WATCH 116509\附图\116509-1.jpeg,cvs\new_watermark.png
dummy_images\WATCH\6.ROLEX\12.13\原图\2.ROLEX DAYTONA COSMOGRAPH 40MM WATCH 116509\附图\116509-2.jpeg,524,watch,,dummy_images\WATCH\6.ROLEX\12.13\已整理\2.ROLEX DAYTONA COSMOGRAPH 40MM WATCH 116509\附图\116509-2.jpeg,cvs\new_watermark.png
dummy_images\WATCH\6.ROLEX\12.13\原图\2.ROLEX DAYTONA COSMOGRAPH 40MM WATCH 116509\附图\116509-3.jpg,524,watch,,dummy_images\WATCH\6.ROLEX\12.13\已整理\2.ROLEX DAYTONA COSMOGRAPH 40MM WATCH 116509\附图\116509-3.jpg,cvs\new_watermark.png
dummy_images\WATCH\6.ROLEX\12.13\原图\4.ROLEX DAYTONA 18CT EVEROSE GOLD AUTOMATIC IVORY DIAL WATCH 116505-0005\主图\116505-0005.jpg,525,watch,,,cvs\new_watermark.png
dummy_images\WATCH\6.ROLEX\12.13\原图\4.ROLEX DAYTONA 18CT EVEROSE GOLD AUTOMATIC IVORY DIAL WATCH 116505-0005\附图\116505-0005-1.jpg,525,watch,,dummy_images\WATCH\6.ROLEX\12.13\已整理\4.ROLEX DAYTONA 18CT EVEROSE GOLD AUTOMATIC IVORY DIAL WATCH 116505-0005\附图\116505-0005-1.jpg,cvs\new_watermark.png
dummy_images\WATCH\6.ROLEX\12.13\原图\4.ROLEX DAYTONA 18CT EVEROSE GOLD AUTOMATIC IVORY DIAL WATCH 116505-0005\附图\116505-0005-2.jpg,525,watch,,dummy_images\WATCH\6.ROLEX\12.13\已整理\4.ROLEX DAYTONA 18CT EVEROSE GOLD AUTOMATIC IVORY DIAL WATCH 116505-0005\附图\116505-0005-2.jpg,cvs\new_watermark.png
dummy_images\WATCH\6.ROLEX\12.13\原图\4.ROLEX DAYTONA 18CT EVEROSE GOLD AUTOMATIC IVORY DIAL WATCH 116505-0005\附图\116505-0005-3.jpg,525,watch,,dummy_images\WATCH\6.ROLEX\12.13\已整理\4.ROLEX DAYTONA 18CT EVEROSE GOLD AUTOMATIC IVORY DIAL WATCH 116505-0005\附图\116505-0005-3.jpg,cvs\new_watermark.png
dummy_images\WATCH\6.ROLEX\12.13\原图\5.ROLEX DAYTONA 116509 18K WHITE GOLD WATCH 116509\主图\116509.jpg,526,watch,,,cvs\new_watermark.png
dummy_images\WATCH\6.ROLEX\12.13\原图\5.ROLEX DAYTONA 116509 18K WHITE GOLD WATCH 116509\附图\116509-1.jpg,526,watch,,dummy_images\WATCH\6.ROLEX\12.13\已整理\5.ROLEX DAYTONA 116509 18K WHITE GOLD WATCH 116509\附图\116509-1.jpg,cvs\new_watermark.png
dummy_images\WATCH\6.ROLEX\12.13\原图\5.ROLEX DAYTONA 116509 18K WHITE GOLD WATCH 116509\附图\116509-2.jpg,526,watch,,dummy_images\WATCH\6.ROLEX\12.13\已整理\5.ROLEX DAYTONA 116509 18K WHITE GOLD WATCH 116509\附图\116509-2.jpg,cvs\new_watermark.png
dummy_images\WATCH\6.ROLEX\12.13\原图\5.ROLEX DAYTONA 116509 18K WHITE GOLD WATCH 116509\附图\116509-3.jpg,526,watch,,dummy_images\WATCH\6.ROLEX\12.13\已整理\5.ROLEX DAYTONA 116509 18K WHITE GOLD WATCH 116509\附图\116509-3.jpg,cvs\new_watermark.png
dummy_images\WATCH\6.ROLEX\12.13\原图\6.ROLEX DIETONA 40MM WATCH 116515LN-0041\主图\116515LN-0041.jpg,527,watch,,,cvs\new_watermark.png
dummy_images\WATCH\6.ROLEX\12.13\原图\6.ROLEX DIETONA 40MM WATCH 116515LN-0041\附图\116515LN-0041-1.jpg,527,watch,,dummy_images\WATCH\6.ROLEX\12.13\已整理\6.ROLEX DIETONA 40MM WATCH 116515LN-0041\附图\116515LN-0041-2.jpg,cvs\new_watermark.png
dummy_images\WATCH\6.ROLEX\12.13\原图\6.ROLEX DIETONA 40MM WATCH 116515LN-0041\附图\116515LN-0041-2.jpg,527,watch,,dummy_images\WATCH\6.ROLEX\12.13\已整理\6.ROLEX DIETONA 40MM WATCH 116515LN-0041\附图\116515LN-0041-3.jpg,cvs\new_watermark.png
dummy_images\WATCH\6.ROLEX\12.13\原图\6.ROLEX DIETONA 40MM WATCH 116515LN-0041\附图\116515LN-0041-3.jpg,527,watch,,dummy_images\WATCH\6.ROLEX\12.13\已整理\6.ROLEX DIETONA 40MM WATCH 116515LN-0041\附图\116515LN-0041-4.jpg,cvs\new_watermark.png
dummy_images\WATCH\6.ROLEX\12.13\原图\6.ROLEX DIETONA 40MM WATCH 116515LN-0041\附图\116515LN-0041-4.jpg,527,watch,,dummy_images\WATCH\6.ROLEX\12.13\已整理\6.ROLEX DIETONA 40MM WATCH 116515LN-0041\附图\116515LN-0041-5.jpg,cvs\new_watermark.png
dummy_images\WATCH\6.ROLEX\12.13\原图\7.ROLEX DAYTONA 40MM WATCH 116505-0013\主图\116505-0013.jpg,528,watch,,,cvs\new_watermark.png
dummy_images\WATCH\6.ROLEX\12.13\原图\7.ROLEX DAYTONA 40MM WATCH 116505-0013\附图\116505-0013-1.jpg,528,watch,,dummy_images\WATCH\6.ROLEX\12.13\已整理\7.ROLEX DAYTONA 40MM WATCH 116505-0013\附图\116505-0013-1.jpg,cvs\new_watermark.png
dummy_images\WATCH\6.ROLEX\12.13\原图\7.ROLEX DAYTONA 40MM WATCH 116505-0013\附图\116505-0013-2.jpg,528,watch,,dummy_images\WATCH\6.ROLEX\12.13\已整理\7.ROLEX DAYTONA 40MM WATCH 116505-0013\附图\116505-0013-2.jpg,cvs\new_watermark.png
dummy_images\WATCH\6.ROLEX\12.13\原图\7.ROLEX DAYTONA 40MM WATCH 116505-0013\附图\116505-0013-3.jpg,528,watch,,dummy_images\WATCH\6.ROLEX\12.13\已整理\7.ROLEX DAYTONA 40MM WATCH 116505-0013\附图\116505-0013-3.jpg,cvs\new_watermark.png
dummy_images\WATCH\6.ROLEX\12.13\原图\8.ROLEX DAYTONA STEEL 18K YELLOW GOLD PANDA DIAL 40MM WATCH 116523\主图\116523.jpg,529,watch,,,cvs\new_watermark.png
dummy_images\WATCH\6.ROLEX\12.13\原图\8.ROLEX DAYTONA STEEL 18K YELLOW GOLD PANDA DIAL 40MM WATCH 116523\附图\116523-1.jpg,529,watch,,dummy_images\WATCH\6.ROLEX\12.13\已整理\8.ROLEX DAYTONA STEEL 18K YELLOW GOLD PANDA DIAL 40MM WATCH 116523\附图\116523-1.jpg,cvs\new_watermark.png
dummy_images\WATCH\6.ROLEX\12.13\原图\8.ROLEX DAYTONA STEEL 18K YELLOW GOLD PANDA DIAL 40MM WATCH 116523\附图\116523-2.jpg,529,watch,,dummy_images\WATCH\6.ROLEX\12.13\已整理\8.ROLEX DAYTONA STEEL 18K YELLOW GOLD PANDA DIAL 40MM WATCH 116523\附图\116523-2.jpg,cvs\new_watermark.png
dummy_images\WATCH\6.ROLEX\12.13\原图\8.ROLEX DAYTONA STEEL 18K YELLOW GOLD PANDA DIAL 40MM WATCH 116523\附图\116523-3.jpg,529,watch,,dummy_images\WATCH\6.ROLEX\12.13\已整理\8.ROLEX DAYTONA STEEL 18K YELLOW GOLD PANDA DIAL 40MM WATCH 116523\附图\116523-3.jpg,cvs\new_watermark.png
"dummy_images\WATCH\6.ROLEX\12.13\原图\9.ROLEX DAYTONA 18K ROSE GOLD, SUNDUST INDEX DIAL, 40 MM WATCH 126505-0003\主图\126505-0003.jpg",530,watch,,,cvs\new_watermark.png
"dummy_images\WATCH\6.ROLEX\12.13\原图\9.ROLEX DAYTONA 18K ROSE GOLD, SUNDUST INDEX DIAL, 40 MM WATCH 126505-0003\附图\126505-0003-1.jpg",530,watch,,"dummy_images\WATCH\6.ROLEX\12.13\已整理\9.ROLEX DAYTONA 18K ROSE GOLD, SUNDUST INDEX DIAL, 40 MM WATCH 126505-0003\附图\126505-0003-1.jpg",cvs\new_watermark.png
"dummy_images\WATCH\6.ROLEX\12.13\原图\9.ROLEX DAYTONA 18K ROSE GOLD, SUNDUST INDEX DIAL, 40 MM WATCH 126505-0003\附图\126505-0003-2.jpg",530,watch,,"dummy_images\WATCH\6.ROLEX\12.13\已整理\9.ROLEX DAYTONA 18K ROSE GOLD, SUNDUST INDEX DIAL, 40 MM WATCH 126505-0003\附图\126505-0003-2.jpg",cvs\new_watermark.png
"dummy_images\WATCH\6.ROLEX\12.13\原图\9.ROLEX DAYTONA 18K ROSE GOLD, SUNDUST INDEX DIAL, 40 MM WATCH 126505-0003\附图\126505-0003-3.jpg",530,watch,,"dummy_images\WATCH\6.ROLEX\12.13\已整理\9.ROLEX DAYTONA 18K ROSE GOLD, SUNDUST INDEX DIAL, 40 MM WATCH 126505-0003\附图\126505-0003-3.jpg",cvs\new_watermark.png
"dummy_images\WATCH\6.ROLEX\12.13\原图\9.ROLEX DAYTONA 18K ROSE GOLD, SUNDUST INDEX DIAL, 40 MM WATCH 126505-0003\附图\126505-0003-4.jpg",530,watch,,"dummy_images\WATCH\6.ROLEX\12.13\已整理\9.ROLEX DAYTONA 18K ROSE GOLD, SUNDUST INDEX DIAL, 40 MM WATCH 126505-0003\附图\126505-0003-4.jpg",cvs\new_watermark.png
"dummy_images\WATCH\6.ROLEX\12.13\原图\9.ROLEX DAYTONA 18K ROSE GOLD, SUNDUST INDEX DIAL, 40 MM WATCH 126505-0003\附图\126505-0003-5.jpg",530,watch,,"dummy_images\WATCH\6.ROLEX\12.13\已整理\9.ROLEX DAYTONA 18K ROSE GOLD, SUNDUST INDEX DIAL, 40 MM WATCH 126505-0003\附图\126505-0003-5.jpg",cvs\new_watermark.png
dummy_images\WATCH\6.ROLEX\12.13\原图\10.ROLEX DAYTONA 40MM WATCH 116505-0009\主图\116505-0009.jpg,531,watch,,,cvs\new_watermark.png
dummy_images\WATCH\6.ROLEX\12.13\原图\10.ROLEX DAYTONA 40MM WATCH 116505-0009\附图\116505-0009-1.jpg,531,watch,,dummy_images\WATCH\6.ROLEX\12.13\已整理\10.ROLEX DAYTONA 40MM WATCH 116505-0009\附图\116505-0009-1.jpg,cvs\new_watermark.png
dummy_images\WATCH\6.ROLEX\12.13\原图\10.ROLEX DAYTONA 40MM WATCH 116505-0009\附图\116505-0009-2.jpg,531,watch,,dummy_images\WATCH\6.ROLEX\12.13\已整理\10.ROLEX DAYTONA 40MM WATCH 116505-0009\附图\116505-0009-2.jpg,cvs\new_watermark.png
dummy_images\WATCH\6.ROLEX\12.13\原图\10.ROLEX DAYTONA 40MM WATCH 116505-0009\附图\116505-0009-3.jpg,531,watch,,dummy_images\WATCH\6.ROLEX\12.13\已整理\10.ROLEX DAYTONA 40MM WATCH 116505-0009\附图\116505-0009-3.jpg,cvs\new_watermark.png
dummy_images\WATCH\6.ROLEX\12.13\原图\10.ROLEX DAYTONA 40MM WATCH 116505-0009\附图\116505-0009-4.jpg,531,watch,,dummy_images\WATCH\6.ROLEX\12.13\已整理\10.ROLEX DAYTONA 40MM WATCH 116505-0009\附图\116505-0009-4.jpg,cvs\new_watermark.png
dummy_images\WATCH\6.ROLEX\12.13\原图\11.ROLEX COSMOGRAPH DAYTONA 40MM WATCH 116515LN-0058\主图\116515LN-0058.jpeg.jpg,532,watch,,,cvs\new_watermark.png
dummy_images\WATCH\6.ROLEX\12.13\原图\11.ROLEX COSMOGRAPH DAYTONA 40MM WATCH 116515LN-0058\附图\116515LN-0058-1.jpg,532,watch,,dummy_images\WATCH\6.ROLEX\12.13\已整理\11.ROLEX COSMOGRAPH DAYTONA 40MM WATCH 116515LN-0058\附图\116515LN-0058-1.jpg,cvs\new_watermark.png
dummy_images\WATCH\6.ROLEX\12.13\原图\11.ROLEX COSMOGRAPH DAYTONA 40MM WATCH 116515LN-0058\附图\116515LN-0058-2.jpg,532,watch,,dummy_images\WATCH\6.ROLEX\12.13\已整理\11.ROLEX COSMOGRAPH DAYTONA 40MM WATCH 116515LN-0058\附图\116515LN-0058-2.jpg,cvs\new_watermark.png
dummy_images\WATCH\6.ROLEX\12.13\原图\11.ROLEX COSMOGRAPH DAYTONA 40MM WATCH 116515LN-0058\附图\116515LN-0058-3.jpg,532,watch,,dummy_images\WATCH\6.ROLEX\12.13\已整理\11.ROLEX COSMOGRAPH DAYTONA 40MM WATCH 116515LN-0058\附图\116515LN-0058-3.jpg,cvs\new_watermark.png
dummy_images\WATCH\6.ROLEX\12.13\原图\12.ROLEX DAYTONA SUNDUST & BRIGHT BLACK DIAL 40MM WATCH 126515LN-0006\主图\126515LN-0006.jpg,533,watch,,,cvs\new_watermark.png
dummy_images\WATCH\6.ROLEX\12.13\原图\12.ROLEX DAYTONA SUNDUST & BRIGHT BLACK DIAL 40MM WATCH 126515LN-0006\附图\126515LN-0006-1.jpg,533,watch,,dummy_images\WATCH\6.ROLEX\12.13\已整理\12.ROLEX DAYTONA SUNDUST & BRIGHT BLACK DIAL 40MM WATCH 126515LN-0006\附图\126515LN-0006-1.jpg,cvs\new_watermark.png
dummy_images\WATCH\6.ROLEX\12.13\原图\12.ROLEX DAYTONA SUNDUST & BRIGHT BLACK DIAL 40MM WATCH 126515LN-0006\附图\126515LN-0006-2.jpg,533,watch,,dummy_images\WATCH\6.ROLEX\12.13\已整理\12.ROLEX DAYTONA SUNDUST & BRIGHT BLACK DIAL 40MM WATCH 126515LN-0006\附图\126515LN-0006-2.jpg,cvs\new_watermark.png
dummy_images\WATCH\6.ROLEX\12.13\原图\12.ROLEX DAYTONA SUNDUST & BRIGHT BLACK DIAL 40MM WATCH 126515LN-0006\附图\126515LN-0006-3.jpg,533,watch,,dummy_images\WATCH\6.ROLEX\12.13\已整理\12.ROLEX DAYTONA SUNDUST & BRIGHT BLACK DIAL 40MM WATCH 126515LN-0006\附图\126515LN-0006-3.jpg,cvs\new_watermark.png
dummy_images\WATCH\6.ROLEX\12.13\原图\13.ROLEX DAYTONA COSMOGRAPH 40MM WATCH 116505\主图\116505.jpg,534,watch,,,cvs\new_watermark.png
dummy_images\WATCH\6.ROLEX\12.13\原图\13.ROLEX DAYTONA COSMOGRAPH 40MM WATCH 116505\附图\116505-1.jpg,534,watch,,dummy_images\WATCH\6.ROLEX\12.13\已整理\13.ROLEX DAYTONA COSMOGRAPH 40MM WATCH 116505\附图\116505-1.jpg,cvs\new_watermark.png
dummy_images\WATCH\6.ROLEX\12.13\原图\13.ROLEX DAYTONA COSMOGRAPH 40MM WATCH 116505\附图\116505-2.jpg,534,watch,,dummy_images\WATCH\6.ROLEX\12.13\已整理\13.ROLEX DAYTONA COSMOGRAPH 40MM WATCH 116505\附图\116505-2.jpg,cvs\new_watermark.png
dummy_images\WATCH\6.ROLEX\12.13\原图\13.ROLEX DAYTONA COSMOGRAPH 40MM WATCH 116505\附图\116505-3.jpg,534,watch,,dummy_images\WATCH\6.ROLEX\12.13\已整理\13.ROLEX DAYTONA COSMOGRAPH 40MM WATCH 116505\附图\116505-3.jpg,cvs\new_watermark.png
dummy_images\WATCH\6.ROLEX\12.13\原图\14.ROLEX DAYTONA 40MM WATCH 116515LN-0057\主图\116515LN-0057.jpg,535,watch,,,cvs\new_watermark.png
dummy_images\WATCH\6.ROLEX\12.13\原图\14.ROLEX DAYTONA 40MM WATCH 116515LN-0057\附图\116515LN-0057-1.jpg,535,watch,,dummy_images\WATCH\6.ROLEX\12.13\已整理\14.ROLEX DAYTONA 40MM WATCH 116515LN-0057\附图\116515LN-0057-1.jpg,cvs\new_watermark.png
dummy_images\WATCH\6.ROLEX\12.13\原图\14.ROLEX DAYTONA 40MM WATCH 116515LN-0057\附图\116515LN-0057-2.jpg,535,watch,,dummy_images\WATCH\6.ROLEX\12.13\已整理\14.ROLEX DAYTONA 40MM WATCH 116515LN-0057\附图\116515LN-0057-2.jpg,cvs\new_watermark.png
dummy_images\WATCH\6.ROLEX\12.13\原图\14.ROLEX DAYTONA 40MM WATCH 116515LN-0057\附图\116515LN-0057-3.jpg,535,watch,,dummy_images\WATCH\6.ROLEX\12.13\已整理\14.ROLEX DAYTONA 40MM WATCH 116515LN-0057\附图\116515LN-0057-3.jpg,cvs\new_watermark.png
dummy_images\WATCH\6.ROLEX\12.13\原图\14.ROLEX DAYTONA 40MM WATCH 116515LN-0057\附图\116515LN-0057-4.jpg,535,watch,,dummy_images\WATCH\6.ROLEX\12.13\已整理\14.ROLEX DAYTONA 40MM WATCH 116515LN-0057\附图\116515LN-0057-4.jpg,cvs\new_watermark.png
dummy_images\WATCH\6.ROLEX\12.13\原图\15.ROLEX DAYTONA 40MM WATCH 116509-0071\主图\116509-0071.jpg,536,watch,,,cvs\new_watermark.png
dummy_images\WATCH\6.ROLEX\12.13\原图\15.ROLEX DAYTONA 40MM WATCH 116509-0071\附图\116509-0071-1.jpg,536,watch,,dummy_images\WATCH\6.ROLEX\12.13\已整理\15.ROLEX DAYTONA 40MM WATCH 116509-0071\附图\116509-0071-1.jpg,cvs\new_watermark.png
dummy_images\WATCH\6.ROLEX\12.13\原图\15.ROLEX DAYTONA 40MM WATCH 116509-0071\附图\116509-0071-2.jpg,536,watch,,dummy_images\WATCH\6.ROLEX\12.13\已整理\15.ROLEX DAYTONA 40MM WATCH 116509-0071\附图\116509-0071-2.jpg,cvs\new_watermark.png
dummy_images\WATCH\6.ROLEX\12.13\原图\15.ROLEX DAYTONA 40MM WATCH 116509-0071\附图\116509-0071-3.jpg,536,watch,,dummy_images\WATCH\6.ROLEX\12.13\已整理\15.ROLEX DAYTONA 40MM WATCH 116509-0071\附图\116509-0071-3.jpg,cvs\new_watermark.png
dummy_images\WATCH\6.ROLEX\12.13\原图\15.ROLEX DAYTONA 40MM WATCH 116509-0071\附图\116509-0071-4.jpg,536,watch,,dummy_images\WATCH\6.ROLEX\12.13\已整理\15.ROLEX DAYTONA 40MM WATCH 116509-0071\附图\116509-0071-4.jpg,cvs\new_watermark.png
dummy_images\WATCH\6.ROLEX\12.13\原图\16.ROLEX COSMO DIETONA DIAMOND 40MM WATCH 116515LN\主图\116515LN.jpg,537,watch,,,cvs\new_watermark.png
dummy_images\WATCH\6.ROLEX\12.13\原图\16.ROLEX COSMO DIETONA DIAMOND 40MM WATCH 116515LN\附图\116515LN-1.jpg,537,watch,,dummy_images\WATCH\6.ROLEX\12.13\已整理\16.ROLEX COSMO DIETONA DIAMOND 40MM WATCH 116515LN\附图\116515LN-1.jpg,cvs\new_watermark.png
dummy_images\WATCH\6.ROLEX\12.13\原图\16.ROLEX COSMO DIETONA DIAMOND 40MM WATCH 116515LN\附图\116515LN-2.jpg,537,watch,,dummy_images\WATCH\6.ROLEX\12.13\已整理\16.ROLEX COSMO DIETONA DIAMOND 40MM WATCH 116515LN\附图\116515LN-2.jpg,cvs\new_watermark.png
dummy_images\WATCH\6.ROLEX\12.13\原图\16.ROLEX COSMO DIETONA DIAMOND 40MM WATCH 116515LN\附图\116515LN-3.jpg,537,watch,,dummy_images\WATCH\6.ROLEX\12.13\已整理\16.ROLEX COSMO DIETONA DIAMOND 40MM WATCH 116515LN\附图\116515LN-3.jpg,cvs\new_watermark.png
dummy_images\WATCH\6.ROLEX\12.13\原图\17.ROLEX DAYTONA 40MM WATCH 116505-0012\主图\116505-0012.jpg,538,watch,,,cvs\new_watermark.png
dummy_images\WATCH\6.ROLEX\12.13\原图\17.ROLEX DAYTONA 40MM WATCH 116505-0012\附图\116505-0012-1.jpg,538,watch,,dummy_images\WATCH\6.ROLEX\12.13\已整理\17.ROLEX DAYTONA 40MM WATCH 116505-0012\附图\116505-0012-1.jpg,cvs\new_watermark.png
dummy_images\WATCH\6.ROLEX\12.13\原图\17.ROLEX DAYTONA 40MM WATCH 116505-0012\附图\116505-0012-2.jpg,538,watch,,dummy_images\WATCH\6.ROLEX\12.13\已整理\17.ROLEX DAYTONA 40MM WATCH 116505-0012\附图\116505-0012-2.jpg,cvs\new_watermark.png
dummy_images\WATCH\6.ROLEX\12.13\原图\17.ROLEX DAYTONA 40MM WATCH 116505-0012\附图\116505-0012-3.jpg,538,watch,,dummy_images\WATCH\6.ROLEX\12.13\已整理\17.ROLEX DAYTONA 40MM WATCH 116505-0012\附图\116505-0012-3.jpg,cvs\new_watermark.png
dummy_images\WATCH\6.ROLEX\12.13\原图\17.ROLEX DAYTONA 40MM WATCH 116505-0012\附图\116505-0012-4.jpg,538,watch,,dummy_images\WATCH\6.ROLEX\12.13\已整理\17.ROLEX DAYTONA 40MM WATCH 116505-0012\附图\116505-0012-4.jpg,cvs\new_watermark.png
dummy_images\WATCH\6.ROLEX\12.13\原图\18.ROLEX DIETONA 40MM WATCH 116506\主图\116506.jpg,539,watch,,,cvs\new_watermark.png
dummy_images\WATCH\6.ROLEX\12.13\原图\18.ROLEX DIETONA 40MM WATCH 116506\附图\116506-1.jpg,539,watch,,dummy_images\WATCH\6.ROLEX\12.13\已整理\18.ROLEX DIETONA 40MM WATCH 116506\附图\116506-1.jpg,cvs\new_watermark.png
dummy_images\WATCH\6.ROLEX\12.13\原图\18.ROLEX DIETONA 40MM WATCH 116506\附图\116506-2.jpg,539,watch,,dummy_images\WATCH\6.ROLEX\12.13\已整理\18.ROLEX DIETONA 40MM WATCH 116506\附图\116506-2.jpg,cvs\new_watermark.png
dummy_images\WATCH\6.ROLEX\12.13\原图\18.ROLEX DIETONA 40MM WATCH 116506\附图\116506-3.jpg,539,watch,,dummy_images\WATCH\6.ROLEX\12.13\已整理\18.ROLEX DIETONA 40MM WATCH 116506\附图\116506-3.jpg,cvs\new_watermark.png
dummy_images\WATCH\6.ROLEX\12.13\原图\18.ROLEX DIETONA 40MM WATCH 116506\附图\116506-4.jpg,539,watch,,dummy_images\WATCH\6.ROLEX\12.13\已整理\18.ROLEX DIETONA 40MM WATCH 116506\附图\116506-4.jpg,cvs\new_watermark.png
dummy_images\WATCH\6.ROLEX\12.13\原图\19.ROLEX DAYTONA 40MM WATCH 116518LN-0042\主图\116518LN-0042.jpg,540,watch,,,cvs\new_watermark.png
dummy_images\WATCH\6.ROLEX\12.13\原图\19.ROLEX DAYTONA 40MM WATCH 116518LN-0042\附图\116518LN-0042-1.jpg,540,watch,,dummy_images\WATCH\6.ROLEX\12.13\已整理\19.ROLEX DAYTONA 40MM WATCH 116518LN-0042\附图\116518LN-0042-1.jpg,cvs\new_watermark.png
dummy_images\WATCH\6.ROLEX\12.13\原图\19.ROLEX DAYTONA 40MM WATCH 116518LN-0042\附图\116518LN-0042-2.jpg,540,watch,,dummy_images\WATCH\6.ROLEX\12.13\已整理\19.ROLEX DAYTONA 40MM WATCH 116518LN-0042\附图\116518LN-0042-2.jpg,cvs\new_watermark.png
dummy_images\WATCH\6.ROLEX\12.13\原图\19.ROLEX DAYTONA 40MM WATCH 116518LN-0042\附图\116518LN-0042-3.jpg,540,watch,,dummy_images\WATCH\6.ROLEX\12.13\已整理\19.ROLEX DAYTONA 40MM WATCH 116518LN-0042\附图\116518LN-0042-3.jpg,cvs\new_watermark.png
dummy_images\WATCH\6.ROLEX\12.13\原图\20.ROLEX DAYTONA 40MM WATCH 116506\主图\1-116506.jpg,541,watch,,,cvs\new_watermark.png
dummy_images\WATCH\6.ROLEX\12.13\原图\20.ROLEX DAYTONA 40MM WATCH 116506\附图\1-116506-1.jpg,541,watch,,dummy_images\WATCH\6.ROLEX\12.13\已整理\20.ROLEX DAYTONA 40MM WATCH 116506\附图\1-116506-1.jpg,cvs\new_watermark.png
dummy_images\WATCH\6.ROLEX\12.13\原图\20.ROLEX DAYTONA 40MM WATCH 116506\附图\1-116506-2.jpg,541,watch,,dummy_images\WATCH\6.ROLEX\12.13\已整理\20.ROLEX DAYTONA 40MM WATCH 116506\附图\1-116506-2.jpg,cvs\new_watermark.png
dummy_images\WATCH\6.ROLEX\12.13\原图\20.ROLEX DAYTONA 40MM WATCH 116506\附图\1-116506-3.jpg,541,watch,,dummy_images\WATCH\6.ROLEX\12.13\已整理\20.ROLEX DAYTONA 40MM WATCH 116506\附图\1-116506-3.jpg,cvs\new_watermark.png
dummy_images\WATCH\6.ROLEX\12.13\原图\21.ROLEX DAYTONA 40MM WATCH 116508-0003\主图\116508-0003.jpg,542,watch,,,cvs\new_watermark.png
dummy_images\WATCH\6.ROLEX\12.13\原图\21.ROLEX DAYTONA 40MM WATCH 116508-0003\附图\116508-0003-1.jpg,542,watch,,dummy_images\WATCH\6.ROLEX\12.13\已整理\21.ROLEX DAYTONA 40MM WATCH 116508-0003\附图\116508-0003-1.jpg,cvs\new_watermark.png
dummy_images\WATCH\6.ROLEX\12.13\原图\21.ROLEX DAYTONA 40MM WATCH 116508-0003\附图\116508-0003-2.jpg,542,watch,,dummy_images\WATCH\6.ROLEX\12.13\已整理\21.ROLEX DAYTONA 40MM WATCH 116508-0003\附图\116508-0003-2.jpg,cvs\new_watermark.png
dummy_images\WATCH\6.ROLEX\12.13\原图\21.ROLEX DAYTONA 40MM WATCH 116508-0003\附图\116508-0003-3.jpg,542,watch,,dummy_images\WATCH\6.ROLEX\12.13\已整理\21.ROLEX DAYTONA 40MM WATCH 116508-0003\附图\116508-0003-3.jpg,cvs\new_watermark.png
dummy_images\WATCH\6.ROLEX\12.13\原图\21.ROLEX DAYTONA 40MM WATCH 116508-0003\附图\116508-0003-4.jpg,542,watch,,dummy_images\WATCH\6.ROLEX\12.13\已整理\21.ROLEX DAYTONA 40MM WATCH 116508-0003\附图\116508-0003-4.jpg,cvs\new_watermark.png
dummy_images\WATCH\6.ROLEX\12.13\原图\22.ROLEX DAYTONA 40MM WATCH 116503-0003\主图\116503-0003.jpg,543,watch,,,cvs\new_watermark.png
dummy_images\WATCH\6.ROLEX\12.13\原图\22.ROLEX DAYTONA 40MM WATCH 116503-0003\附图\116503-0003-1.jpg,543,watch,,dummy_images\WATCH\6.ROLEX\12.13\已整理\22.ROLEX DAYTONA 40MM WATCH 116503-0003\附图\116503-0003-1.jpg,cvs\new_watermark.png
dummy_images\WATCH\6.ROLEX\12.13\原图\22.ROLEX DAYTONA 40MM WATCH 116503-0003\附图\116503-0003-2.jpg,543,watch,,dummy_images\WATCH\6.ROLEX\12.13\已整理\22.ROLEX DAYTONA 40MM WATCH 116503-0003\附图\116503-0003-2.jpg,cvs\new_watermark.png
dummy_images\WATCH\6.ROLEX\12.13\原图\22.ROLEX DAYTONA 40MM WATCH 116503-0003\附图\116503-0003-3.jpg,543,watch,,dummy_images\WATCH\6.ROLEX\12.13\已整理\22.ROLEX DAYTONA 40MM WATCH 116503-0003\附图\116503-0003-3.jpg,cvs\new_watermark.png
dummy_images\WATCH\6.ROLEX\12.13\原图\22.ROLEX DAYTONA 40MM WATCH 116503-0003\附图\116503-0003-4.jpg,543,watch,,dummy_images\WATCH\6.ROLEX\12.13\已整理\22.ROLEX DAYTONA 40MM WATCH 116503-0003\附图\116503-0003-4.jpg,cvs\new_watermark.png
dummy_images\WATCH\6.ROLEX\12.13\原图\22.ROLEX DAYTONA 40MM WATCH 116503-0003\附图\116503-0003-5.jpg,543,watch,,dummy_images\WATCH\6.ROLEX\12.13\已整理\22.ROLEX DAYTONA 40MM WATCH 116503-0003\附图\116503-0003-5.jpg,cvs\new_watermark.png
"dummy_images\WATCH\6.ROLEX\12.13\原图\25...ROLEX COSMOGRAPH DAYTONA OYSTER, 40 MM, WHITE GOLD WATCH 126519LN\主图\126519LN.png.jpg",544,watch,,,cvs\new_watermark.png
"dummy_images\WATCH\6.ROLEX\12.13\原图\25...ROLEX COSMOGRAPH DAYTONA OYSTER, 40 MM, WHITE GOLD WATCH 126519LN\附图\126519LN-1.jpeg",544,watch,,"dummy_images\WATCH\6.ROLEX\12.13\已整理\25...ROLEX COSMOGRAPH DAYTONA OYSTER, 40 MM, WHITE GOLD WATCH 126519LN\附图\126519LN-1.jpeg",cvs\new_watermark.png
"dummy_images\WATCH\6.ROLEX\12.13\原图\25...ROLEX COSMOGRAPH DAYTONA OYSTER, 40 MM, WHITE GOLD WATCH 126519LN\附图\126519LN-2.png",544,watch,,"dummy_images\WATCH\6.ROLEX\12.13\已整理\25...ROLEX COSMOGRAPH DAYTONA OYSTER, 40 MM, WHITE GOLD WATCH 126519LN\附图\126519LN-2.png",cvs\new_watermark.png
"dummy_images\WATCH\6.ROLEX\12.13\原图\25...ROLEX COSMOGRAPH DAYTONA OYSTER, 40 MM, WHITE GOLD WATCH 126519LN\附图\126519LN-3.png",544,watch,,"dummy_images\WATCH\6.ROLEX\12.13\已整理\25...ROLEX COSMOGRAPH DAYTONA OYSTER, 40 MM, WHITE GOLD WATCH 126519LN\附图\126519LN-3.png",cvs\new_watermark.png
"dummy_images\WATCH\6.ROLEX\12.13\原图\27...ROLEX COSMOGRAPH DAYTONA OYSTER, 40 MM, WHITE GOLD WATCH 126509\主图\126509.png.jpg",545,watch,,,cvs\new_watermark.png
"dummy_images\WATCH\6.ROLEX\12.13\原图\27...ROLEX COSMOGRAPH DAYTONA OYSTER, 40 MM, WHITE GOLD WATCH 126509\附图\126509-1.jpeg",545,watch,,"dummy_images\WATCH\6.ROLEX\12.13\已整理\27...ROLEX COSMOGRAPH DAYTONA OYSTER, 40 MM, WHITE GOLD WATCH 126509\附图\126509-1.jpeg",cvs\new_watermark.png
"dummy_images\WATCH\6.ROLEX\12.13\原图\27...ROLEX COSMOGRAPH DAYTONA OYSTER, 40 MM, WHITE GOLD WATCH 126509\附图\126509-2.png",545,watch,,"dummy_images\WATCH\6.ROLEX\12.13\已整理\27...ROLEX COSMOGRAPH DAYTONA OYSTER, 40 MM, WHITE GOLD WATCH 126509\附图\126509-2.png",cvs\new_watermark.png
"dummy_images\WATCH\6.ROLEX\12.13\原图\27...ROLEX COSMOGRAPH DAYTONA OYSTER, 40 MM, WHITE GOLD WATCH 126509\附图\126509-3.png",545,watch,,"dummy_images\WATCH\6.ROLEX\12.13\已整理\27...ROLEX COSMOGRAPH DAYTONA OYSTER, 40 MM, WHITE GOLD WATCH 126509\附图\126509-3.png",cvs\new_watermark.png
"dummy_images\WATCH\6.ROLEX\12.13\原图\29...ROLEX COSMOGRAPH DAYTONA OYSTER, 40 MM, OYSTERSTEEL AND YELLOW GOLD WATCH 126503\主图\126503.png.jpg",546,watch,,,cvs\new_watermark.png
"dummy_images\WATCH\6.ROLEX\12.13\原图\29...ROLEX COSMOGRAPH DAYTONA OYSTER, 40 MM, OYSTERSTEEL AND YELLOW GOLD WATCH 126503\附图\126503-1.jpeg",546,watch,,"dummy_images\WATCH\6.ROLEX\12.13\已整理\29...ROLEX COSMOGRAPH DAYTONA OYSTER, 40 MM, OYSTERSTEEL AND YELLOW GOLD WATCH 126503\附图\126503-1.jpeg",cvs\new_watermark.png
"dummy_images\WATCH\6.ROLEX\12.13\原图\29...ROLEX COSMOGRAPH DAYTONA OYSTER, 40 MM, OYSTERSTEEL AND YELLOW GOLD WATCH 126503\附图\126503-2.png",546,watch,,"dummy_images\WATCH\6.ROLEX\12.13\已整理\29...ROLEX COSMOGRAPH DAYTONA OYSTER, 40 MM, OYSTERSTEEL AND YELLOW GOLD WATCH 126503\附图\126503-2.png",cvs\new_watermark.png
"dummy_images\WATCH\6.ROLEX\12.13\原图\29...ROLEX COSMOGRAPH DAYTONA OYSTER, 40 MM, OYSTERSTEEL AND YELLOW GOLD WATCH 126503\附图\126503-3.png",546,watch,,"dummy_images\WATCH\6.ROLEX\12.13\已整理\29...ROLEX COSMOGRAPH DAYTONA OYSTER, 40 MM, OYSTERSTEEL AND YELLOW GOLD WATCH 126503\附图\126503-3.png",cvs\new_watermark.png
"dummy_images\WATCH\6.ROLEX\12.13\原图\29...ROLEX COSMOGRAPH DAYTONA OYSTER, 40 MM, OYSTERSTEEL AND YELLOW GOLD WATCH 126503\附图\126503-4.png",546,watch,,"dummy_images\WATCH\6.ROLEX\12.13\已整理\29...ROLEX COSMOGRAPH DAYTONA OYSTER, 40 MM, OYSTERSTEEL AND YELLOW GOLD WATCH 126503\附图\126503-4.png",cvs\new_watermark.png
"dummy_images\WATCH\6.ROLEX\12.13\原图\30...ROLEX COSMOGRAPH DAYTONA OYSTER, 40 MM, OYSTERSTEEL AND YELLOW GOLD WATCH 126503\主图\1-126503.png.jpg",547,watch,,,cvs\new_watermark.png
"dummy_images\WATCH\6.ROLEX\12.13\原图\30...ROLEX COSMOGRAPH DAYTONA OYSTER, 40 MM, OYSTERSTEEL AND YELLOW GOLD WATCH 126503\附图\1-126503-1.jpeg",547,watch,,"dummy_images\WATCH\6.ROLEX\12.13\已整理\30...ROLEX COSMOGRAPH DAYTONA OYSTER, 40 MM, OYSTERSTEEL AND YELLOW GOLD WATCH 126503\附图\1-126503-1.jpeg",cvs\new_watermark.png
"dummy_images\WATCH\6.ROLEX\12.13\原图\30...ROLEX COSMOGRAPH DAYTONA OYSTER, 40 MM, OYSTERSTEEL AND YELLOW GOLD WATCH 126503\附图\1-126503-2.png",547,watch,,"dummy_images\WATCH\6.ROLEX\12.13\已整理\30...ROLEX COSMOGRAPH DAYTONA OYSTER, 40 MM, OYSTERSTEEL AND YELLOW GOLD WATCH 126503\附图\1-126503-2.png",cvs\new_watermark.png
"dummy_images\WATCH\6.ROLEX\12.13\原图\30...ROLEX COSMOGRAPH DAYTONA OYSTER, 40 MM, OYSTERSTEEL AND YELLOW GOLD WATCH 126503\附图\1-126503-3.png",547,watch,,"dummy_images\WATCH\6.ROLEX\12.13\已整理\30...ROLEX COSMOGRAPH DAYTONA OYSTER, 40 MM, OYSTERSTEEL AND YELLOW GOLD WATCH 126503\附图\1-126503-3.png",cvs\new_watermark.png
"dummy_images\WATCH\6.ROLEX\12.13\原图\31...ROLEX COSMOGRAPH DAYTONA OYSTER, 40 MM, YELLOW GOLD WATCH 126508\主图\126508.png.jpg",548,watch,,,cvs\new_watermark.png
"dummy_images\WATCH\6.ROLEX\12.13\原图\31...ROLEX COSMOGRAPH DAYTONA OYSTER, 40 MM, YELLOW GOLD WATCH 126508\附图\126508-1.jpeg",548,watch,,"dummy_images\WATCH\6.ROLEX\12.13\已整理\31...ROLEX COSMOGRAPH DAYTONA OYSTER, 40 MM, YELLOW GOLD WATCH 126508\附图\126508-1.jpeg",cvs\new_watermark.png
"dummy_images\WATCH\6.ROLEX\12.13\原图\31...ROLEX COSMOGRAPH DAYTONA OYSTER, 40 MM, YELLOW GOLD WATCH 126508\附图\126508-2.png",548,watch,,"dummy_images\WATCH\6.ROLEX\12.13\已整理\31...ROLEX COSMOGRAPH DAYTONA OYSTER, 40 MM, YELLOW GOLD WATCH 126508\附图\126508-2.png",cvs\new_watermark.png
"dummy_images\WATCH\6.ROLEX\12.13\原图\31...ROLEX COSMOGRAPH DAYTONA OYSTER, 40 MM, YELLOW GOLD WATCH 126508\附图\126508-3.png",548,watch,,"dummy_images\WATCH\6.ROLEX\12.13\已整理\31...ROLEX COSMOGRAPH DAYTONA OYSTER, 40 MM, YELLOW GOLD WATCH 126508\附图\126508-3.png",cvs\new_watermark.png
"dummy_images\WATCH\6.ROLEX\12.13\原图\31...ROLEX COSMOGRAPH DAYTONA OYSTER, 40 MM, YELLOW GOLD WATCH 126508\附图\126508-4.png",548,watch,,"dummy_images\WATCH\6.ROLEX\12.13\已整理\31...ROLEX COSMOGRAPH DAYTONA OYSTER, 40 MM, YELLOW GOLD WATCH 126508\附图\126508-4.png",cvs\new_watermark.png
"dummy_images\WATCH\6.ROLEX\12.13\原图\32...ROLEX COSMOGRAPH DAYTONA OYSTER, 40 MM, YELLOW GOLD WATCH 126508\主图\1-126508.png.jpg",549,watch,,,cvs\new_watermark.png
"dummy_images\WATCH\6.ROLEX\12.13\原图\32...ROLEX COSMOGRAPH DAYTONA OYSTER, 40 MM, YELLOW GOLD WATCH 126508\附图\1-126508-1.jpeg",549,watch,,"dummy_images\WATCH\6.ROLEX\12.13\已整理\32...ROLEX COSMOGRAPH DAYTONA OYSTER, 40 MM, YELLOW GOLD WATCH 126508\附图\1-126508-1.jpeg",cvs\new_watermark.png
"dummy_images\WATCH\6.ROLEX\12.13\原图\32...ROLEX COSMOGRAPH DAYTONA OYSTER, 40 MM, YELLOW GOLD WATCH 126508\附图\1-126508-2.png",549,watch,,"dummy_images\WATCH\6.ROLEX\12.13\已整理\32...ROLEX COSMOGRAPH DAYTONA OYSTER, 40 MM, YELLOW GOLD WATCH 126508\附图\1-126508-2.png",cvs\new_watermark.png
"dummy_images\WATCH\6.ROLEX\12.13\原图\32...ROLEX COSMOGRAPH DAYTONA OYSTER, 40 MM, YELLOW GOLD WATCH 126508\附图\1-126508-3.png",549,watch,,"dummy_images\WATCH\6.ROLEX\12.13\已整理\32...ROLEX COSMOGRAPH DAYTONA OYSTER, 40 MM, YELLOW GOLD WATCH 126508\附图\1-126508-3.png",cvs\new_watermark.png
"dummy_images\WATCH\6.ROLEX\12.13\原图\34...ROLEX COSMOGRAPH DAYTONA OYSTER, 40 MM, YELLOW GOLD WATCH 126508\主图\2-126508.png.jpg",550,watch,,,cvs\new_watermark.png
"dummy_images\WATCH\6.ROLEX\12.13\原图\34...ROLEX COSMOGRAPH DAYTONA OYSTER, 40 MM, YELLOW GOLD WATCH 126508\附图\2-126508-1.jpeg",550,watch,,"dummy_images\WATCH\6.ROLEX\12.13\已整理\34...ROLEX COSMOGRAPH DAYTONA OYSTER, 40 MM, YELLOW GOLD WATCH 126508\附图\2-126508-1.jpeg",cvs\new_watermark.png
"dummy_images\WATCH\6.ROLEX\12.13\原图\34...ROLEX COSMOGRAPH DAYTONA OYSTER, 40 MM, YELLOW GOLD WATCH 126508\附图\2-126508-2.png",550,watch,,"dummy_images\WATCH\6.ROLEX\12.13\已整理\34...ROLEX COSMOGRAPH DAYTONA OYSTER, 40 MM, YELLOW GOLD WATCH 126508\附图\2-126508-2.png",cvs\new_watermark.png
"dummy_images\WATCH\6.ROLEX\12.13\原图\34...ROLEX COSMOGRAPH DAYTONA OYSTER, 40 MM, YELLOW GOLD WATCH 126508\附图\2-126508-3.png",550,watch,,"dummy_images\WATCH\6.ROLEX\12.13\已整理\34...ROLEX COSMOGRAPH DAYTONA OYSTER, 40 MM, YELLOW GOLD WATCH 126508\附图\2-126508-3.png",cvs\new_watermark.png
"dummy_images\WATCH\6.ROLEX\12.13\原图\34...ROLEX COSMOGRAPH DAYTONA OYSTER, 40 MM, YELLOW GOLD WATCH 126508\附图\2-126508-4.png",550,watch,,"dummy_images\WATCH\6.ROLEX\12.13\已整理\34...ROLEX COSMOGRAPH DAYTONA OYSTER, 40 MM, YELLOW GOLD WATCH 126508\附图\2-126508-4.png",cvs\new_watermark.png
dummy_images\WATCH\7.AUDEMARS PIGUET\1.9\原图\2.AUDEMARS PIGUET ROYAL OAK OFFSHORE 67540SK.ZZ.A010CA.01\主图\67540SK.ZZ.A010CA.01.jpg,557,watch,,,cvs\new_watermark.png
dummy_images\WATCH\7.AUDEMARS PIGUET\1.9\原图\2.AUDEMARS PIGUET ROYAL OAK OFFSHORE 67540SK.ZZ.A010CA.01\附图\67540SK.ZZ.A010CA.01-1.jpg,557,watch,,dummy_images\WATCH\7.AUDEMARS PIGUET\1.9\已整理\2.AUDEMARS PIGUET ROYAL OAK OFFSHORE 67540SK.ZZ.A010CA.01\附图\67540SK.ZZ.A010CA.01-1.jpg,cvs\new_watermark.png
dummy_images\WATCH\7.AUDEMARS PIGUET\1.9\原图\2.AUDEMARS PIGUET ROYAL OAK OFFSHORE 67540SK.ZZ.A010CA.01\附图\67540SK.ZZ.A010CA.01-2.jpg,557,watch,,dummy_images\WATCH\7.AUDEMARS PIGUET\1.9\已整理\2.AUDEMARS PIGUET ROYAL OAK OFFSHORE 67540SK.ZZ.A010CA.01\附图\67540SK.ZZ.A010CA.01-2.jpg,cvs\new_watermark.png
dummy_images\WATCH\7.AUDEMARS PIGUET\1.9\原图\2.AUDEMARS PIGUET ROYAL OAK OFFSHORE 67540SK.ZZ.A010CA.01\附图\67540SK.ZZ.A010CA.01-3.jpg,557,watch,,dummy_images\WATCH\7.AUDEMARS PIGUET\1.9\已整理\2.AUDEMARS PIGUET ROYAL OAK OFFSHORE 67540SK.ZZ.A010CA.01\附图\67540SK.ZZ.A010CA.01-3.jpg,cvs\new_watermark.png
dummy_images\WATCH\7.AUDEMARS PIGUET\1.9\原图\5.AUDEMARS PIGUET ROYAL OAK STAINLESS STEEL WHITE DIAL WATCH 15450ST.OO.1256ST.01\主图\15450ST.OO.1256ST.01.jpg,558,watch,,,cvs\new_watermark.png
dummy_images\WATCH\7.AUDEMARS PIGUET\1.9\原图\5.AUDEMARS PIGUET ROYAL OAK STAINLESS STEEL WHITE DIAL WATCH 15450ST.OO.1256ST.01\附图\15450ST.OO.1256ST.01-1.jpg,558,watch,,dummy_images\WATCH\7.AUDEMARS PIGUET\1.9\已整理\5.AUDEMARS PIGUET ROYAL OAK STAINLESS STEEL WHITE DIAL WATCH 15450ST.OO.1256ST.01\附图\15450ST.OO.1256ST.01-1.jpg,cvs\new_watermark.png
dummy_images\WATCH\7.AUDEMARS PIGUET\1.9\原图\5.AUDEMARS PIGUET ROYAL OAK STAINLESS STEEL WHITE DIAL WATCH 15450ST.OO.1256ST.01\附图\15450ST.OO.1256ST.01-2.jpg,558,watch,,dummy_images\WATCH\7.AUDEMARS PIGUET\1.9\已整理\5.AUDEMARS PIGUET ROYAL OAK STAINLESS STEEL WHITE DIAL WATCH 15450ST.OO.1256ST.01\附图\15450ST.OO.1256ST.01-2.jpg,cvs\new_watermark.png
dummy_images\WATCH\7.AUDEMARS PIGUET\1.9\原图\5.AUDEMARS PIGUET ROYAL OAK STAINLESS STEEL WHITE DIAL WATCH 15450ST.OO.1256ST.01\附图\15450ST.OO.1256ST.01-3.jpg,558,watch,,dummy_images\WATCH\7.AUDEMARS PIGUET\1.9\已整理\5.AUDEMARS PIGUET ROYAL OAK STAINLESS STEEL WHITE DIAL WATCH 15450ST.OO.1256ST.01\附图\15450ST.OO.1256ST.01-3.jpg,cvs\new_watermark.png
dummy_images\WATCH\7.AUDEMARS PIGUET\1.9\原图\5.AUDEMARS PIGUET ROYAL OAK STAINLESS STEEL WHITE DIAL WATCH 15450ST.OO.1256ST.01\附图\15450ST.OO.1256ST.01-4.jpg,558,watch,,dummy_images\WATCH\7.AUDEMARS PIGUET\1.9\已整理\5.AUDEMARS PIGUET ROYAL OAK STAINLESS STEEL WHITE DIAL WATCH 15450ST.OO.1256ST.01\附图\15450ST.OO.1256ST.01-4.jpg,cvs\new_watermark.png
dummy_images\WATCH\7.AUDEMARS PIGUET\1.9\原图\11.AUDEMARS PIGUET ROYAL OAK OFFSHORE 'MICHAEL SCHUMACHER' LIMITED EDITION WATCH 26568OM.OO.A004CA.01\主图\26568OM.OO.A004CA.01.jpg,559,watch,,,cvs\new_watermark.png
dummy_images\WATCH\7.AUDEMARS PIGUET\1.9\原图\11.AUDEMARS PIGUET ROYAL OAK OFFSHORE 'MICHAEL SCHUMACHER' LIMITED EDITION WATCH 26568OM.OO.A004CA.01\附图\26568OM.OO.A004CA.01-1.jpg,559,watch,,dummy_images\WATCH\7.AUDEMARS PIGUET\1.9\已整理\11.AUDEMARS PIGUET ROYAL OAK OFFSHORE 'MICHAEL SCHUMACHER' LIMITED EDITION WATCH 26568OM.OO.A004CA.01\附图\26568OM.OO.A004CA.01-1.jpg,cvs\new_watermark.png
dummy_images\WATCH\7.AUDEMARS PIGUET\1.9\原图\11.AUDEMARS PIGUET ROYAL OAK OFFSHORE 'MICHAEL SCHUMACHER' LIMITED EDITION WATCH 26568OM.OO.A004CA.01\附图\26568OM.OO.A004CA.01-2.jpg,559,watch,,dummy_images\WATCH\7.AUDEMARS PIGUET\1.9\已整理\11.AUDEMARS PIGUET ROYAL OAK OFFSHORE 'MICHAEL SCHUMACHER' LIMITED EDITION WATCH 26568OM.OO.A004CA.01\附图\26568OM.OO.A004CA.01-2.jpg,cvs\new_watermark.png
dummy_images\WATCH\7.AUDEMARS PIGUET\1.9\原图\11.AUDEMARS PIGUET ROYAL OAK OFFSHORE 'MICHAEL SCHUMACHER' LIMITED EDITION WATCH 26568OM.OO.A004CA.01\附图\26568OM.OO.A004CA.01-3.jpg,559,watch,,dummy_images\WATCH\7.AUDEMARS PIGUET\1.9\已整理\11.AUDEMARS PIGUET ROYAL OAK OFFSHORE 'MICHAEL SCHUMACHER' LIMITED EDITION WATCH 26568OM.OO.A004CA.01\附图\26568OM.OO.A004CA.01-3.jpg,cvs\new_watermark.png
dummy_images\WATCH\7.AUDEMARS PIGUET\1.9\原图\11.AUDEMARS PIGUET ROYAL OAK OFFSHORE 'MICHAEL SCHUMACHER' LIMITED EDITION WATCH 26568OM.OO.A004CA.01\附图\26568OM.OO.A004CA.01-4.jpg,559,watch,,dummy_images\WATCH\7.AUDEMARS PIGUET\1.9\已整理\11.AUDEMARS PIGUET ROYAL OAK OFFSHORE 'MICHAEL SCHUMACHER' LIMITED EDITION WATCH 26568OM.OO.A004CA.01\附图\26568OM.OO.A004CA.01-4.jpg,cvs\new_watermark.png
dummy_images\WATCH\7.AUDEMARS PIGUET\1.9\原图\11.AUDEMARS PIGUET ROYAL OAK OFFSHORE 'MICHAEL SCHUMACHER' LIMITED EDITION WATCH 26568OM.OO.A004CA.01\附图\26568OM.OO.A004CA.01-5.jpg,559,watch,,dummy_images\WATCH\7.AUDEMARS PIGUET\1.9\已整理\11.AUDEMARS PIGUET ROYAL OAK OFFSHORE 'MICHAEL SCHUMACHER' LIMITED EDITION WATCH 26568OM.OO.A004CA.01\附图\26568OM.OO.A004CA.01-5.jpg,cvs\new_watermark.png
dummy_images\WATCH\7.AUDEMARS PIGUET\1.9\原图\25...AUDEMARS PIGUET ROYAL OAK OFFSHOREDIVER WATCH 15720ST.OO.A027CA.01\主图\15720ST.OO.A027CA.01.jpg,560,watch,,,cvs\new_watermark.png
dummy_images\WATCH\7.AUDEMARS PIGUET\1.9\原图\25...AUDEMARS PIGUET ROYAL OAK OFFSHOREDIVER WATCH 15720ST.OO.A027CA.01\附图\15720ST.OO.A027CA.01-2.jpg,560,watch,,dummy_images\WATCH\7.AUDEMARS PIGUET\1.9\已整理\25...改AUDEMARS PIGUET ROYAL OAK OFFSHOREDIVER WATCH 15720ST.OO.A027CA.01\附图\15720ST.OO.A027CA.01-1.jpg,cvs\new_watermark.png
dummy_images\WATCH\7.AUDEMARS PIGUET\1.9\原图\25...AUDEMARS PIGUET ROYAL OAK OFFSHOREDIVER WATCH 15720ST.OO.A027CA.01\附图\15720ST.OO.A027CA.01-3.jpg,560,watch,,dummy_images\WATCH\7.AUDEMARS PIGUET\1.9\已整理\25...改AUDEMARS PIGUET ROYAL OAK OFFSHOREDIVER WATCH 15720ST.OO.A027CA.01\附图\15720ST.OO.A027CA.01-2.jpg,cvs\new_watermark.png
dummy_images\WATCH\7.AUDEMARS PIGUET\1.9\原图\25...AUDEMARS PIGUET ROYAL OAK OFFSHOREDIVER WATCH 15720ST.OO.A027CA.01\附图\15720ST.OO.A027CA.01.jpg,560,watch,,dummy_images\WATCH\7.AUDEMARS PIGUET\1.9\已整理\25...改AUDEMARS PIGUET ROYAL OAK OFFSHOREDIVER WATCH 15720ST.OO.A027CA.01\附图\15720ST.OO.A027CA.01-3.jpg,cvs\new_watermark.png
dummy_images\WATCH\7.AUDEMARS PIGUET\1.9\原图\26...AUDEMARS PIGUET ROYAL OAK OFFSHORE DIVER WATCH 15720ST.OO.A009CA.01\主图\15720ST.OO.A009CA.01.jpg,561,watch,,,cvs\new_watermark.png
dummy_images\WATCH\7.AUDEMARS PIGUET\1.9\原图\26...AUDEMARS PIGUET ROYAL OAK OFFSHORE DIVER WATCH 15720ST.OO.A009CA.01\附图\15720ST.OO.A009CA.01-1.jpg,561,watch,,dummy_images\WATCH\7.AUDEMARS PIGUET\1.9\已整理\26...改AUDEMARS PIGUET ROYAL OAK OFFSHORE DIVER WATCH 15720ST.OO.A009CA.01\附图\15720ST.OO.A009CA.01-1.jpg,cvs\new_watermark.png
dummy_images\WATCH\7.AUDEMARS PIGUET\1.9\原图\26...AUDEMARS PIGUET ROYAL OAK OFFSHORE DIVER WATCH 15720ST.OO.A009CA.01\附图\15720ST.OO.A009CA.01-2.jpg,561,watch,,dummy_images\WATCH\7.AUDEMARS PIGUET\1.9\已整理\26...改AUDEMARS PIGUET ROYAL OAK OFFSHORE DIVER WATCH 15720ST.OO.A009CA.01\附图\15720ST.OO.A009CA.01-2.jpg,cvs\new_watermark.png
dummy_images\WATCH\7.AUDEMARS PIGUET\1.9\原图\26...AUDEMARS PIGUET ROYAL OAK OFFSHORE DIVER WATCH 15720ST.OO.A009CA.01\附图\15720ST.OO.A009CA.01-3.jpg,561,watch,,dummy_images\WATCH\7.AUDEMARS PIGUET\1.9\已整理\26...改AUDEMARS PIGUET ROYAL OAK OFFSHORE DIVER WATCH 15720ST.OO.A009CA.01\附图\15720ST.OO.A009CA.01-3.jpg,cvs\new_watermark.png
dummy_images\WATCH\7.AUDEMARS PIGUET\1.9\原图\30.AUDEMARS PIGUET ROYAL OAK 37MM WATCH 15451ST.ZZ.1256ST.02\主图\15451ST.ZZ.1256ST.02.jpg,563,watch,,,cvs\new_watermark.png
dummy_images\WATCH\7.AUDEMARS PIGUET\1.9\原图\30.AUDEMARS PIGUET ROYAL OAK 37MM WATCH 15451ST.ZZ.1256ST.02\附图\15451ST.ZZ.1256ST.02-1.jpg,563,watch,,dummy_images\WATCH\7.AUDEMARS PIGUET\1.9\已整理\30.AUDEMARS PIGUET ROYAL OAK 37MM WATCH 15451ST.ZZ.1256ST.02\附图\15451ST.ZZ.1256ST.02-1.jpg,cvs\new_watermark.png
dummy_images\WATCH\7.AUDEMARS PIGUET\1.9\原图\30.AUDEMARS PIGUET ROYAL OAK 37MM WATCH 15451ST.ZZ.1256ST.02\附图\15451ST.ZZ.1256ST.02-2.jpg,563,watch,,dummy_images\WATCH\7.AUDEMARS PIGUET\1.9\已整理\30.AUDEMARS PIGUET ROYAL OAK 37MM WATCH 15451ST.ZZ.1256ST.02\附图\15451ST.ZZ.1256ST.02-2.jpg,cvs\new_watermark.png
dummy_images\WATCH\7.AUDEMARS PIGUET\1.9\原图\30.AUDEMARS PIGUET ROYAL OAK 37MM WATCH 15451ST.ZZ.1256ST.02\附图\15451ST.ZZ.1256ST.02-3.jpg,563,watch,,dummy_images\WATCH\7.AUDEMARS PIGUET\1.9\已整理\30.AUDEMARS PIGUET ROYAL OAK 37MM WATCH 15451ST.ZZ.1256ST.02\附图\15451ST.ZZ.1256ST.02-3.jpg,cvs\new_watermark.png
dummy_images\WATCH\8.PANERAI\1.10\原图\8.PANERAI LUMINOR 1950 GMT GREEN DIAL MS DHONI EDITION WATCH PAM01056\主图\PAM01056.jpg,579,watch,,,cvs\new_watermark.png
dummy_images\WATCH\8.PANERAI\1.10\原图\8.PANERAI LUMINOR 1950 GMT GREEN DIAL MS DHONI EDITION WATCH PAM01056\附图\PAM01056-1.jpg,579,watch,,dummy_images\WATCH\8.PANERAI\1.10\已整理\8.PANERAI LUMINOR 1950 GMT GREEN DIAL MS DHONI EDITION WATCH PAM01056\附图\PAM01056-1.jpg,cvs\new_watermark.png
dummy_images\WATCH\8.PANERAI\1.10\原图\8.PANERAI LUMINOR 1950 GMT GREEN DIAL MS DHONI EDITION WATCH PAM01056\附图\PAM01056-2.jpg,579,watch,,dummy_images\WATCH\8.PANERAI\1.10\已整理\8.PANERAI LUMINOR 1950 GMT GREEN DIAL MS DHONI EDITION WATCH PAM01056\附图\PAM01056-2.jpg,cvs\new_watermark.png
dummy_images\WATCH\8.PANERAI\1.10\原图\8.PANERAI LUMINOR 1950 GMT GREEN DIAL MS DHONI EDITION WATCH PAM01056\附图\PAM01056-3.jpg,579,watch,,dummy_images\WATCH\8.PANERAI\1.10\已整理\8.PANERAI LUMINOR 1950 GMT GREEN DIAL MS DHONI EDITION WATCH PAM01056\附图\PAM01056-3.jpg,cvs\new_watermark.png
dummy_images\WATCH\8.PANERAI\1.10\原图\10.PANERAI LUMINOR MARINA CARBOTECH 44MM WATCH PAM01661\主图\PAM01661.png,580,watch,,,cvs\new_watermark.png
dummy_images\WATCH\8.PANERAI\1.10\原图\10.PANERAI LUMINOR MARINA CARBOTECH 44MM WATCH PAM01661\附图\PAM01661-1.png,580,watch,,dummy_images\WATCH\8.PANERAI\1.10\已整理\10.PANERAI LUMINOR MARINA CARBOTECH 44MM WATCH PAM01661\附图\PAM01661-1.png,cvs\new_watermark.png
dummy_images\WATCH\8.PANERAI\1.10\原图\10.PANERAI LUMINOR MARINA CARBOTECH 44MM WATCH PAM01661\附图\PAM01661-2.png,580,watch,,dummy_images\WATCH\8.PANERAI\1.10\已整理\10.PANERAI LUMINOR MARINA CARBOTECH 44MM WATCH PAM01661\附图\PAM01661-2.png,cvs\new_watermark.png
dummy_images\WATCH\8.PANERAI\1.10\原图\10.PANERAI LUMINOR MARINA CARBOTECH 44MM WATCH PAM01661\附图\PAM01661-3.png,580,watch,,dummy_images\WATCH\8.PANERAI\1.10\已整理\10.PANERAI LUMINOR MARINA CARBOTECH 44MM WATCH PAM01661\附图\PAM01661-3.png,cvs\new_watermark.png
dummy_images\WATCH\8.PANERAI\1.10\原图\12.PANERAI LUMINOR SUBMERSIBLE 42MM WATCH PAM00974\主图\PAM00974.png,581,watch,,,cvs\new_watermark.png
dummy_images\WATCH\8.PANERAI\1.10\原图\12.PANERAI LUMINOR SUBMERSIBLE 42MM WATCH PAM00974\附图\PAM00974-1.jpg,581,watch,,dummy_images\WATCH\8.PANERAI\1.10\已整理\12.PANERAI LUMINOR SUBMERSIBLE 42MM WATCH PAM00974\附图\PAM00974-1.jpg,cvs\new_watermark.png
dummy_images\WATCH\8.PANERAI\1.10\原图\12.PANERAI LUMINOR SUBMERSIBLE 42MM WATCH PAM00974\附图\PAM00974-2.jpg,581,watch,,dummy_images\WATCH\8.PANERAI\1.10\已整理\12.PANERAI LUMINOR SUBMERSIBLE 42MM WATCH PAM00974\附图\PAM00974-2.jpg,cvs\new_watermark.png
dummy_images\WATCH\8.PANERAI\1.10\原图\12.PANERAI LUMINOR SUBMERSIBLE 42MM WATCH PAM00974\附图\PAM00974-3.jpg,581,watch,,dummy_images\WATCH\8.PANERAI\1.10\已整理\12.PANERAI LUMINOR SUBMERSIBLE 42MM WATCH PAM00974\附图\PAM00974-3.jpg,cvs\new_watermark.png
dummy_images\WATCH\8.PANERAI\1.10\原图\14.PANERAI LUMINOR SUBMERSIBLE CARBONTECH CARBON FIBER MEN'S WATCH PAM00960\主图\PAM00960.jpg,582,watch,,,cvs\new_watermark.png
dummy_images\WATCH\8.PANERAI\1.10\原图\14.PANERAI LUMINOR SUBMERSIBLE CARBONTECH CARBON FIBER MEN'S WATCH PAM00960\附图\PAM00960-1.jpg,582,watch,,dummy_images\WATCH\8.PANERAI\1.10\已整理\14.PANERAI LUMINOR SUBMERSIBLE CARBONTECH CARBON FIBER MEN'S WATCH PAM00960\附图\PAM00960-1.jpg,cvs\new_watermark.png
dummy_images\WATCH\8.PANERAI\1.10\原图\14.PANERAI LUMINOR SUBMERSIBLE CARBONTECH CARBON FIBER MEN'S WATCH PAM00960\附图\PAM00960-2.jpg,582,watch,,dummy_images\WATCH\8.PANERAI\1.10\已整理\14.PANERAI LUMINOR SUBMERSIBLE CARBONTECH CARBON FIBER MEN'S WATCH PAM00960\附图\PAM00960-2.jpg,cvs\new_watermark.png
dummy_images\WATCH\8.PANERAI\1.10\原图\14.PANERAI LUMINOR SUBMERSIBLE CARBONTECH CARBON FIBER MEN'S WATCH PAM00960\附图\PAM00960-3.jpg,582,watch,,dummy_images\WATCH\8.PANERAI\1.10\已整理\14.PANERAI LUMINOR SUBMERSIBLE CARBONTECH CARBON FIBER MEN'S WATCH PAM00960\附图\PAM00960-3.jpg,cvs\new_watermark.png
dummy_images\WATCH\8.PANERAI\1.10\原图\14.PANERAI LUMINOR SUBMERSIBLE CARBONTECH CARBON FIBER MEN'S WATCH PAM00960\附图\PAM00960-4.jpg,582,watch,,dummy_images\WATCH\8.PANERAI\1.10\已整理\14.PANERAI LUMINOR SUBMERSIBLE CARBONTECH CARBON FIBER MEN'S WATCH PAM00960\附图\PAM00960-4.jpg,cvs\new_watermark.png
dummy_images\WATCH\8.PANERAI\1.10\原图\19.PANERAI LUMINOR 1950 3 DAYS GMT PAM00320\主图\PAM00320.jpg,583,watch,,,cvs\new_watermark.png
dummy_images\WATCH\8.PANERAI\1.10\原图\19.PANERAI LUMINOR 1950 3 DAYS GMT PAM00320\附图\PAM00320-1.jpg,583,watch,,dummy_images\WATCH\8.PANERAI\1.10\已整理\19.PANERAI LUMINOR 1950 3 DAYS GMT PAM00320\附图\PAM00320-1.jpg,cvs\new_watermark.png
dummy_images\WATCH\8.PANERAI\1.10\原图\19.PANERAI LUMINOR 1950 3 DAYS GMT PAM00320\附图\PAM00320-2.jpg,583,watch,,dummy_images\WATCH\8.PANERAI\1.10\已整理\19.PANERAI LUMINOR 1950 3 DAYS GMT PAM00320\附图\PAM00320-2.jpg,cvs\new_watermark.png
dummy_images\WATCH\8.PANERAI\1.10\原图\19.PANERAI LUMINOR 1950 3 DAYS GMT PAM00320\附图\PAM00320-3.jpg,583,watch,,dummy_images\WATCH\8.PANERAI\1.10\已整理\19.PANERAI LUMINOR 1950 3 DAYS GMT PAM00320\附图\PAM00320-3.jpg,cvs\new_watermark.png
dummy_images\WATCH\8.PANERAI\1.10\原图\21...PANERAI LUMINOR 8 GIORNI WATCH PAM00915\主图\PAM00915.png,584,watch,,,cvs\new_watermark.png
dummy_images\WATCH\8.PANERAI\1.10\原图\21...PANERAI LUMINOR 8 GIORNI WATCH PAM00915\附图\PAM00915-1.png,584,watch,,dummy_images\WATCH\8.PANERAI\1.10\已整理\21...PANERAI LUMINOR 8 GIORNI WATCH PAM00915\附图\PAM00915-1.png,cvs\new_watermark.png
dummy_images\WATCH\8.PANERAI\1.10\原图\21...PANERAI LUMINOR 8 GIORNI WATCH PAM00915\附图\PAM00915-2.png,584,watch,,dummy_images\WATCH\8.PANERAI\1.10\已整理\21...PANERAI LUMINOR 8 GIORNI WATCH PAM00915\附图\PAM00915-2.png,cvs\new_watermark.png
dummy_images\WATCH\8.PANERAI\1.10\原图\21...PANERAI LUMINOR 8 GIORNI WATCH PAM00915\附图\PAM00915-3.png,584,watch,,dummy_images\WATCH\8.PANERAI\1.10\已整理\21...PANERAI LUMINOR 8 GIORNI WATCH PAM00915\附图\PAM00915-3.png,cvs\new_watermark.png
dummy_images\WATCH\8.PANERAI\1.10\原图\22...PANERAI LUMINOR LOGO WATCH PAM01085\主图\PAM01085.png,585,watch,,,cvs\new_watermark.png
dummy_images\WATCH\8.PANERAI\1.10\原图\22...PANERAI LUMINOR LOGO WATCH PAM01085\附图\PAM01085-1.png,585,watch,,dummy_images\WATCH\8.PANERAI\1.10\已整理\22...PANERAI LUMINOR LOGO WATCH PAM01085\附图\PAM01085-1.png,cvs\new_watermark.png
dummy_images\WATCH\8.PANERAI\1.10\原图\22...PANERAI LUMINOR LOGO WATCH PAM01085\附图\PAM01085-2.png,585,watch,,dummy_images\WATCH\8.PANERAI\1.10\已整理\22...PANERAI LUMINOR LOGO WATCH PAM01085\附图\PAM01085-2.png,cvs\new_watermark.png
dummy_images\WATCH\8.PANERAI\1.10\原图\22...PANERAI LUMINOR LOGO WATCH PAM01085\附图\PAM01085-3.png,585,watch,,dummy_images\WATCH\8.PANERAI\1.10\已整理\22...PANERAI LUMINOR LOGO WATCH PAM01085\附图\PAM01085-3.png,cvs\new_watermark.png
dummy_images\WATCH\1.CARTIER\微商相册\11.21\原图\14.BVLGARI OCTO SOLOTEMPO BGO 41 MM MENS WATCH IN STAINLESS STEEL 101964\主图\101964.jpg,35,watch,,,
dummy_images\WATCH\1.CARTIER\微商相册\11.21\原图\14.BVLGARI OCTO SOLOTEMPO BGO 41 MM MENS WATCH IN STAINLESS STEEL 101964\附图\101964-1.jpg,35,watch,,,
dummy_images\WATCH\1.CARTIER\微商相册\11.21\原图\14.BVLGARI OCTO SOLOTEMPO BGO 41 MM MENS WATCH IN STAINLESS STEEL 101964\附图\101964-2.jpg,35,watch,,,
dummy_images\WATCH\1.CARTIER\微商相册\11.21\原图\14.BVLGARI OCTO SOLOTEMPO BGO 41 MM MENS WATCH IN STAINLESS STEEL 101964\附图\101964-3.jpg,35,watch,,,
dummy_images\WATCH\1.CARTIER\微商相册\11.21\原图\16.BULGARI OCTO 18K ROSE GOLD & BLACK STEEL BLACK DIAL 41MM AUTOMATIC RUBBER 102485\主图\102485.jpg,36,watch,,,
dummy_images\WATCH\1.CARTIER\微商相册\11.21\原图\16.BULGARI OCTO 18K ROSE GOLD & BLACK STEEL BLACK DIAL 41MM AUTOMATIC RUBBER 102485\附图\102485-1.jpg,36,watch,,,
dummy_images\WATCH\1.CARTIER\微商相册\11.21\原图\16.BULGARI OCTO 18K ROSE GOLD & BLACK STEEL BLACK DIAL 41MM AUTOMATIC RUBBER 102485\附图\102485-2.jpg,36,watch,,,
dummy_images\WATCH\1.CARTIER\微商相册\11.21\原图\16.BULGARI OCTO 18K ROSE GOLD & BLACK STEEL BLACK DIAL 41MM AUTOMATIC RUBBER 102485\附图\102485-3.jpg,36,watch,,,
dummy_images\WATCH\1.CARTIER\微商相册\11.21\原图\19.BVLGARI OCTO L'ORIGINALE TOURBILLON 40MM WATCH 102560\主图\102560.jpg,37,watch,,,
dummy_images\WATCH\1.CARTIER\微商相册\11.21\原图\19.BVLGARI OCTO L'ORIGINALE TOURBILLON 40MM WATCH 102560\附图\102560-1.jpg,37,watch,,,
dummy_images\WATCH\1.CARTIER\微商相册\11.21\原图\19.BVLGARI OCTO L'ORIGINALE TOURBILLON 40MM WATCH 102560\附图\102560-2.jpg,37,watch,,,
dummy_images\WATCH\1.CARTIER\微商相册\11.21\原图\19.BVLGARI OCTO L'ORIGINALE TOURBILLON 40MM WATCH 102560\附图\102560-3.jpg,37,watch,,,
dummy_images\WATCH\1.CARTIER\微商相册\11.21\原图\24.BVLGARI LVCEA LADIES 18 CARAT ROSE GOLD WATCH 102475\主图\102475.png,38,watch,,,
dummy_images\WATCH\1.CARTIER\微商相册\11.21\原图\24.BVLGARI LVCEA LADIES 18 CARAT ROSE GOLD WATCH 102475\附图\102475-1.png,38,watch,,,
dummy_images\WATCH\1.CARTIER\微商相册\11.21\原图\24.BVLGARI LVCEA LADIES 18 CARAT ROSE GOLD WATCH 102475\附图\102475-2.png,38,watch,,,
dummy_images\WATCH\1.CARTIER\微商相册\11.21\原图\24.BVLGARI LVCEA LADIES 18 CARAT ROSE GOLD WATCH 102475\附图\102475-3.png,38,watch,,,
dummy_images\WATCH\1.CARTIER\微商相册\11.21\原图\28.BULGARI LVCEA WATCH 102194\主图\102194.jpg,39,watch,,,
dummy_images\WATCH\1.CARTIER\微商相册\11.21\原图\28.BULGARI LVCEA WATCH 102194\附图\102194-1.png,39,watch,,,
dummy_images\WATCH\1.CARTIER\微商相册\11.21\原图\28.BULGARI LVCEA WATCH 102194\附图\102194-2.png,39,watch,,,
dummy_images\WATCH\1.CARTIER\微商相册\11.21\原图\28.BULGARI LVCEA WATCH 102194\附图\102194-3.png,39,watch,,,
dummy_images\WATCH\1.CARTIER\微商相册\11.21\原图\29.BULGARI LVCEA WATCH 103289\主图\10001.png,40,watch,,,
dummy_images\WATCH\1.CARTIER\微商相册\11.21\原图\29.BULGARI LVCEA WATCH 103289\主图\103289.jpg,40,watch,,,
dummy_images\WATCH\1.CARTIER\微商相册\11.21\原图\29.BULGARI LVCEA WATCH 103289\附图\10002.jpeg,40,watch,,,
dummy_images\WATCH\1.CARTIER\微商相册\11.21\原图\29.BULGARI LVCEA WATCH 103289\附图\10003.png,40,watch,,,
dummy_images\WATCH\1.CARTIER\微商相册\11.21\原图\29.BULGARI LVCEA WATCH 103289\附图\103289-1.jpeg,40,watch,,,
dummy_images\WATCH\1.CARTIER\微商相册\11.21\原图\29.BULGARI LVCEA WATCH 103289\附图\103289-2.png,40,watch,,,
dummy_images\WATCH\1.CARTIER\微商相册\11.21\原图\13.BVLGARI OCTO ROMA 41MM WATCH 102779\主图\102779.jpg,46,watch,,,
dummy_images\WATCH\1.CARTIER\微商相册\11.21\原图\13.BVLGARI OCTO ROMA 41MM WATCH 102779\附图\102779-1.png,46,watch,,,
dummy_images\WATCH\1.CARTIER\微商相册\11.21\原图\15.BVLGARI OCTO ULTRANERO BLACK STEEL AUTOMATIC 41MM MEN'S WATCH 102737\主图\102737.png,47,watch,,,
dummy_images\WATCH\1.CARTIER\微商相册\11.21\原图\15.BVLGARI OCTO ULTRANERO BLACK STEEL AUTOMATIC 41MM MEN'S WATCH 102737\附图\102737-1.png,47,watch,,,
dummy_images\WATCH\1.CARTIER\微商相册\11.21\原图\15.BVLGARI OCTO ULTRANERO BLACK STEEL AUTOMATIC 41MM MEN'S WATCH 102737\附图\102737-2.png,47,watch,,,
dummy_images\WATCH\1.CARTIER\微商相册\11.21\原图\17.BVLGARI OCTO SERIES GOLD MEN'S MECHANICAL WATCH 007021\主图\007021.jpg,48,watch,,,
dummy_images\WATCH\1.CARTIER\微商相册\11.21\原图\17.BVLGARI OCTO SERIES GOLD MEN'S MECHANICAL WATCH 007021\附图\007021-1.jpg,48,watch,,,
dummy_images\WATCH\1.CARTIER\微商相册\11.21\原图\18.BVLGARI OCTO SOLO TEMPO BGO38C3SLD 132381\主图\132381.jpg,49,watch,,,
dummy_images\WATCH\1.CARTIER\微商相册\11.21\原图\18.BVLGARI OCTO SOLO TEMPO BGO38C3SLD 132381\附图\132381-1.jpg,49,watch,,,
dummy_images\WATCH\1.CARTIER\微商相册\11.21\原图\18.BVLGARI OCTO SOLO TEMPO BGO38C3SLD 132381\附图\132381-2.jpg,49,watch,,,
dummy_images\WATCH\1.CARTIER\微商相册\11.21\原图\20.BVLGARI OCTO SOLOTEMPO AUTOMATIC GREY DIAL 41MM MEN'S WATCH 102858\主图\102858.jpg,50,watch,,,
dummy_images\WATCH\1.CARTIER\微商相册\11.21\原图\20.BVLGARI OCTO SOLOTEMPO AUTOMATIC GREY DIAL 41MM MEN'S WATCH 102858\附图\102858-1.jpg,50,watch,,,
dummy_images\WATCH\1.CARTIER\微商相册\11.21\原图\20.BVLGARI OCTO SOLOTEMPO AUTOMATIC GREY DIAL 41MM MEN'S WATCH 102858\附图\102858-2.jpg,50,watch,,,
dummy_images\WATCH\1.CARTIER\微商相册\11.21\原图\21.BULGARI OCTO WATCH 102429\主图\102429.jpg,51,watch,,,
dummy_images\WATCH\1.CARTIER\微商相册\11.21\原图\21.BULGARI OCTO WATCH 102429\附图\102429-1.jpg,51,watch,,,
dummy_images\WATCH\1.CARTIER\微商相册\11.21\原图\21.BULGARI OCTO WATCH 102429\附图\102429-2.jpg,51,watch,,,
dummy_images\WATCH\1.CARTIER\微商相册\11.21\原图\22.BVLGARI OCTO ROMA WATCH 221543\主图\221543.jpg,52,watch,,,
dummy_images\WATCH\1.CARTIER\微商相册\11.21\原图\22.BVLGARI OCTO ROMA WATCH 221543\附图\221543-1.jpg,52,watch,,,
dummy_images\WATCH\1.CARTIER\微商相册\11.21\原图\23.BVLGARI ALUMINIUM WATCH 103382\主图\103382.jpg,53,watch,,,
dummy_images\WATCH\1.CARTIER\微商相册\11.21\原图\23.BVLGARI ALUMINIUM WATCH 103382\附图\103382-1.jpg,53,watch,,,
dummy_images\WATCH\1.CARTIER\微商相册\11.21\原图\25.BVLGARI LVCEA WATCH 103029\主图\103029.jpg,54,watch,,,
dummy_images\WATCH\1.CARTIER\微商相册\11.21\原图\25.BVLGARI LVCEA WATCH 103029\附图\103029-1.jpg,54,watch,,,
dummy_images\WATCH\1.CARTIER\微商相册\11.21\原图\25.BVLGARI LVCEA WATCH 103029\附图\103029-2.png,54,watch,,,
dummy_images\WATCH\1.CARTIER\微商相册\11.21\原图\26.BVLGARI LVCEA BLACK DIAL 28MM WATCH 102691\主图\102691.jpg,55,watch,,,
dummy_images\WATCH\1.CARTIER\微商相册\11.21\原图\26.BVLGARI LVCEA BLACK DIAL 28MM WATCH 102691\附图\102691-1.jpg,55,watch,,,
dummy_images\WATCH\1.CARTIER\微商相册\11.21\原图\26.BVLGARI LVCEA BLACK DIAL 28MM WATCH 102691\附图\102691-2.jpg,55,watch,,,
dummy_images\WATCH\1.CARTIER\微商相册\11.21\原图\27.BULGARI LUCEA 33MM WATCH 102476\主图\102476.jpg,56,watch,,,
dummy_images\WATCH\1.CARTIER\微商相册\11.21\原图\27.BULGARI LUCEA 33MM WATCH 102476\附图\102476-1.png,56,watch,,,
dummy_images\WATCH\1.CARTIER\微商相册\11.21\原图\30.BULGARI LVCEA WATCH 102669\主图\102669.jpg,57,watch,,,
dummy_images\WATCH\1.CARTIER\微商相册\11.21\原图\30.BULGARI LVCEA WATCH 102669\主图\235156.png,57,watch,,,
dummy_images\WATCH\1.CARTIER\微商相册\11.21\原图\30.BULGARI LVCEA WATCH 102669\附图\102669-1.jpg,57,watch,,,
dummy_images\WATCH\1.CARTIER\微商相册\11.21\原图\30.BULGARI LVCEA WATCH 102669\附图\1350169.jpg,57,watch,,,
dummy_images\WATCH\1.CARTIER\微商相册\12.25\原图\16.主图水印CARTIER BLUE BALLOON SERIES WATCH W2BB0029\主图\W2BB0029.jpg,112,watch,,,
dummy_images\WATCH\1.CARTIER\微商相册\12.25\原图\16.主图水印CARTIER BLUE BALLOON SERIES WATCH W2BB0029\附图\W2BB0029.jpg,112,watch,,,
dummy_images\WATCH\1.CARTIER\微商相册\12.25\原图\17.附图水印CARTIER BLUE BALLOON SERIES WATCH WSBB0031\主图\WSBB0031.jpg,113,watch,,,
dummy_images\WATCH\1.CARTIER\微商相册\12.25\原图\17.附图水印CARTIER BLUE BALLOON SERIES WATCH WSBB0031\附图\WSBB0031.jpg,113,watch,,,
dummy_images\WATCH\1.CARTIER\微商相册\12.25\原图\5.水印CARTIER RONDE SOLO DE CARTIER XL SILVER DIAL AUTOMATIC STEEL WATCH W6701011\主图\W6701011.jpg,110,watch,,,
dummy_images\WATCH\1.CARTIER\微商相册\12.25\原图\5.水印CARTIER RONDE SOLO DE CARTIER XL SILVER DIAL AUTOMATIC STEEL WATCH W6701011\附图\W6701011-1.jpg,110,watch,,,
dummy_images\WATCH\1.CARTIER\微商相册\12.25\原图\5.水印CARTIER RONDE SOLO DE CARTIER XL SILVER DIAL AUTOMATIC STEEL WATCH W6701011\附图\W6701011-2.jpg,110,watch,,,
dummy_images\WATCH\1.CARTIER\微商相册\12.26\原图\31.水印CARTIER BAIGNOIRE 24 MM WHITE GOLD WATCH W1518956\主图\W1518956.jpg,146,watch,,,
dummy_images\WATCH\1.CARTIER\微商相册\12.26\原图\31.水印CARTIER BAIGNOIRE 24 MM WHITE GOLD WATCH W1518956\附图\W1518956-1.jpg,146,watch,,,
dummy_images\WATCH\1.CARTIER\微商相册\12.26\原图\31.水印CARTIER BAIGNOIRE 24 MM WHITE GOLD WATCH W1518956\附图\W1518956-2.jpg,146,watch,,,
dummy_images\WATCH\3.PATEK PHILIPPE\11.23\原图\22.PATEK PHILIPPE CALATRAVA YELLOW GOLD LACQUERED IVORY DIAL WATCH 5227J-001\主图\5227J-001.jpg,202,watch,,,
dummy_images\WATCH\3.PATEK PHILIPPE\11.23\原图\22.PATEK PHILIPPE CALATRAVA YELLOW GOLD LACQUERED IVORY DIAL WATCH 5227J-001\附图\5227J-001-1.jpg,202,watch,,,
dummy_images\WATCH\3.PATEK PHILIPPE\11.23\原图\22.PATEK PHILIPPE CALATRAVA YELLOW GOLD LACQUERED IVORY DIAL WATCH 5227J-001\附图\5227J-001-2.jpg,202,watch,,,
dummy_images\WATCH\3.PATEK PHILIPPE\11.23\原图\22.PATEK PHILIPPE CALATRAVA YELLOW GOLD LACQUERED IVORY DIAL WATCH 5227J-001\附图\5227J-001-3.jpg,202,watch,,,
dummy_images\WATCH\3.PATEK PHILIPPE\11.23\原图\22.PATEK PHILIPPE CALATRAVA YELLOW GOLD LACQUERED IVORY DIAL WATCH 5227J-001\附图\5227J-001-4.jpg,202,watch,,,
dummy_images\WATCH\Rolex\1297846\主图\1517bf6507ae7e6a78fba93cdfa35e23.jpg,2582828,watch,,,
dummy_images\WATCH\Rolex\1297846\附图\2a15dff3e6779436bc02c141b2375db0.jpg,2582828,watch,,,
dummy_images\WATCH\Rolex\1297846\附图\722fd8af820211fab154054caccb2294.jpg,2582828,watch,,,
dummy_images\WATCH\Rolex\1297846\附图\761ecb92b24d145e6e151cbcacb4c0af.jpg,2582828,watch,,,
dummy_images\WATCH\Rolex\1321794\主图\c02ca8dedf7bbb2175f293d28eb97a4d.jpg,2582850,watch,,,
dummy_images\WATCH\Rolex\1321794\附图\04afffa6609c3939e40a302394d6d3dd.jpg,2582850,watch,,,
dummy_images\WATCH\Rolex\1321794\附图\2145a52b4994d0004cfda69a81778b1d.jpg,2582850,watch,,,
dummy_images\WATCH\Rolex\1321794\附图\e984e922dbe5addaecc0061fd8d1e175.jpg,2582850,watch,,,
dummy_images\WATCH\Rolex\1324375\主图\7a86d288afa10be9b429f8aae768e3ab.jpg,2582860,watch,,,
dummy_images\WATCH\Rolex\1324375\附图\57ffcf5ba891b3977c6cefb810c28197.jpg,2582860,watch,,,
dummy_images\WATCH\Rolex\1324375\附图\8606d41260b872871645b0584e09c007.jpg,2582860,watch,,,
dummy_images\WATCH\Rolex\1324375\附图\e2077341893b7f9b49a0edd1924c042b.jpg,2582860,watch,,,
dummy_images\WATCH\Rolex\1346000\主图\d64dda15ea8b98ecfe49ed25e97d10d9.jpg,2582885,watch,,,
dummy_images\WATCH\Rolex\1346000\附图\4a714a92cc06209ff583ba5bcc787a54.jpg,2582885,watch,,,
dummy_images\WATCH\Rolex\1346000\附图\6430f2d4cb7bdba854d5b4e0e17179b7.jpg,2582885,watch,,,
dummy_images\WATCH\Rolex\1346000\附图\a1c0fa1a17fefeeba40199b6c69125b8.jpg,2582885,watch,,,
dummy_images\WATCH\Rolex\1346933\主图\f8ebbd033ecf43c1136de9717f77c93e.jpg,2582889,watch,,,
dummy_images\WATCH\Rolex\1346933\附图\5f3e2ff6f9db32a3d281c31f3a3b6877.jpg,2582889,watch,,,
dummy_images\WATCH\Rolex\1346933\附图\5378d5be6ed15bc8850afec4c0d02b2f.jpg,2582889,watch,,,
dummy_images\WATCH\Rolex\1346933\附图\f533802c894531abfca8db35f80f1232.jpg,2582889,watch,,,
dummy_images\WATCH\Rolex\1346955\主图\3101ffc3cbd72b9c902d7f0c75ae4daf.jpg,2582893,watch,,,
dummy_images\WATCH\Rolex\1346955\附图\9404f99adc2eee4695b709d157dbfdb4.jpg,2582893,watch,,,
dummy_images\WATCH\Rolex\1346955\附图\bb58952e8562c82ffbb08da25c271393.jpg,2582893,watch,,,
dummy_images\WATCH\Rolex\1346955\附图\d48223beedea175a9667e53876c3b7d0.jpg,2582893,watch,,,
dummy_images\WATCH\Rolex\1347283\主图\be1e87f8f26d3ac1dc68fee89b162c34.jpg,2582897,watch,,,
dummy_images\WATCH\Rolex\1347283\附图\10005583d0f454e85f4d2b75d1f60ca3.jpg,2582897,watch,,,
dummy_images\WATCH\Rolex\1347283\附图\00486810528740b1b6dd729ef33c7a28.jpg,2582897,watch,,,
dummy_images\WATCH\Rolex\1347283\附图\c1c7a44a7b117ba6a30a3297939b280e.jpg,2582897,watch,,,
dummy_images\WATCH\Rolex\1355433\主图\6c6cbdba9ddde3dfad3e6b8fca0f48d5.jpg,25828107,watch,,,
dummy_images\WATCH\Rolex\1355433\附图\6b0db528215e50e7d72748a764e6f791.jpg,25828107,watch,,,
dummy_images\WATCH\Rolex\1355433\附图\9f6cc786496cc2eb25fcb6b34beb18c5.jpg,25828107,watch,,,
dummy_images\WATCH\Rolex\1355433\附图\c240e4d329e29969a1507dd5405f377b.jpg,25828107,watch,,,
dummy_images\WATCH\Rolex\1356669\主图\933a24c1df00c7cd61672ce38fc09a6f.jpg,25828123,watch,,,
dummy_images\WATCH\Rolex\1356669\附图\3e6536bd4cf57d6a6d6f68d1e6ad9d9e.jpg,25828123,watch,,,
dummy_images\WATCH\Rolex\1356669\附图\69244eca1a2a653935da6c719aac2a83.jpg,25828123,watch,,,
dummy_images\WATCH\Rolex\1356669\附图\a239a3281135a7034761b9c0bdcbdf39.jpg,25828123,watch,,,
dummy_images\WATCH\Rolex\1358059\主图\431340d6fe8ce056ca705e7a27d1bdcd.jpg,25828130,watch,,,
dummy_images\WATCH\Rolex\1358059\附图\05a7ffbfd7c6360849f2daf39e84f13f.jpg,25828130,watch,,,
dummy_images\WATCH\Rolex\1358059\附图\69cfdbbd53a103d72c6dee0cbebdfd2e.jpg,25828130,watch,,,
dummy_images\WATCH\Rolex\1358059\附图\9548933c27de4484d5ac32482f64fd2c.jpg,25828130,watch,,,
dummy_images\WATCH\Rolex\1358545\主图\e7e1d1e50474c5e61c41f71da71d8c83.jpg,25828134,watch,,,
dummy_images\WATCH\Rolex\1358545\附图\6f2d6a3d3a4d4bfb42d203b9aee6a2cb.jpg,25828134,watch,,,
dummy_images\WATCH\Rolex\1358545\附图\8457a92cc45c615bf7ab345da1653d67.jpg,25828134,watch,,,
dummy_images\WATCH\Rolex\1358545\附图\eba67d7758a47d355744e74b7d200ae1.jpg,25828134,watch,,,
dummy_images\WATCH\Rolex\1358567\主图\bdc3b67052c6740fa67da7aa6952d372.jpg,25828138,watch,,,
dummy_images\WATCH\Rolex\1358567\附图\7f14bd8806a944b0df5372b1d7f53f79.jpg,25828138,watch,,,
dummy_images\WATCH\Rolex\1358567\附图\9fead7c12b3e4f238b0162a4022c16a4.jpg,25828138,watch,,,
dummy_images\WATCH\Rolex\1358567\附图\d98abf8aa0836d4c096e1f8888ad8a25.jpg,25828138,watch,,,
dummy_images\WATCH\Rolex\1363540\主图\c600afea127a4dd66927c75d89f796f0.jpg,25828151,watch,,,
dummy_images\WATCH\Rolex\1363540\附图\3087ca96df5ad4d4ed248beaa02d7444.jpg,25828151,watch,,,
dummy_images\WATCH\Rolex\1363540\附图\40640c07200170fef2a38639cd01daa2.jpg,25828151,watch,,,
dummy_images\WATCH\Rolex\1363540\附图\b748beace505c3fb59a2db394647ddf5.jpg,25828151,watch,,,
dummy_images\WATCH\Rolex\1363572\主图\79648aca9223bc3f3109232091ed16e5.jpg,25828155,watch,,,
dummy_images\WATCH\Rolex\1363572\附图\0acc710d401ab59242e681fbd30d9b49.jpg,25828155,watch,,,
dummy_images\WATCH\Rolex\1363572\附图\1b18c249af97eaea82092ea66b6d6ee6.jpg,25828155,watch,,,
dummy_images\WATCH\Rolex\1363572\附图\37b900749f872e2bf94d8889474ddaef.jpg,25828155,watch,,,
dummy_images\WATCH\Rolex\1363572\附图\a2a6a78dd5448f5654c3d8f8b5cb526d.jpg,25828155,watch,,,
dummy_images\WATCH\Rolex\1366376\主图\5508036a325ffb755b05582c81694a65.jpg,25828160,watch,,,
dummy_images\WATCH\Rolex\1366376\附图\3cb9ae01c868f9f83b656aa4557df505.jpg,25828160,watch,,,
dummy_images\WATCH\Rolex\1366376\附图\4b2aab1494826566b460cb6fb9f04086.jpg,25828160,watch,,,
dummy_images\WATCH\Rolex\1366376\附图\6594cdd189fc3e836903caab71d39fcf.jpg,25828160,watch,,,
dummy_images\WATCH\Rolex\1366576\主图\2aa130dc8499f6381f6f9b1548136377.jpg,25828167,watch,,,
dummy_images\WATCH\Rolex\1366576\附图\3fe0a54010a79af18fca8151e2a791bd.jpg,25828167,watch,,,
dummy_images\WATCH\Rolex\1366576\附图\9adef4f11033920b4df5e740a9625996.jpg,25828167,watch,,,
dummy_images\WATCH\Rolex\1366576\附图\e817c2ad575e5a73b4a28d8e8009087a.jpg,25828167,watch,,,
dummy_images\WATCH\Rolex\1367349\主图\9daf0fc816f5f26ed55098663aabce70.jpg,25828171,watch,,,
dummy_images\WATCH\Rolex\1367349\附图\27b972752831013620330120fae6d3f4.jpg,25828171,watch,,,
dummy_images\WATCH\Rolex\1367349\附图\4234224c38516402432edd93418f4e66.jpg,25828171,watch,,,
dummy_images\WATCH\Rolex\1367349\附图\b3239ac3f85d672a184dafcf7ec7594b.jpg,25828171,watch,,,
dummy_images\WATCH\Rolex\1367759\主图\ee136160226b706d3af26d03cd5b7f3d.jpg,25828175,watch,,,
dummy_images\WATCH\Rolex\1367759\附图\0917f09f688cc74c7da8cfe4c6f6b8a1.jpg,25828175,watch,,,
dummy_images\WATCH\Rolex\1367759\附图\a6f02ba93d8d90935266dc50caebac30.jpg,25828175,watch,,,
dummy_images\WATCH\Rolex\1367759\附图\eba2ec195ff84b537f80be5bd1aee695.jpg,25828175,watch,,,
dummy_images\WATCH\Rolex\1370611\主图\c9c601e9c8021d84b253f494a66f23b0.jpg,25828185,watch,,,
dummy_images\WATCH\Rolex\1370611\附图\6f34f19cb5096a7b84d548a80099eb07.jpg,25828185,watch,,,
dummy_images\WATCH\Rolex\1370611\附图\bc31d0c98b176bea8320c6171e7ae0fa.jpg,25828185,watch,,,
dummy_images\WATCH\Rolex\1370611\附图\e064c4eaf8266cd8a39c5615f39d6835.jpg,25828185,watch,,,
dummy_images\WATCH\Rolex\1373872\主图\bfb33e2259b8a01c9fa4fabb66513ec8.jpg,25828189,watch,,,
dummy_images\WATCH\Rolex\1373872\附图\0f72e0d70ec69909a19a330b366c0e30.jpg,25828189,watch,,,
dummy_images\WATCH\Rolex\1373872\附图\6e467dcf26fa4af7d1fbcbc70f771882.jpg,25828189,watch,,,
dummy_images\WATCH\Rolex\1373872\附图\9959f03b972cf21f04ff3b2ebd2f326b.jpg,25828189,watch,,,
dummy_images\WATCH\Rolex\1373876\主图\f27d4b42469b67ca7ab6ed2a799c3018.jpg,25828193,watch,,,
dummy_images\WATCH\Rolex\1373876\附图\7e1e3e75cfce78c74107c659f5abbba9.jpg,25828193,watch,,,
dummy_images\WATCH\Rolex\1373876\附图\4123272c1970ab291e5e3079b516b6c6.jpg,25828193,watch,,,
dummy_images\WATCH\Rolex\1373876\附图\c439515cd87908214ba9af1ec22a44a2.jpg,25828193,watch,,,
dummy_images\WATCH\Rolex\1373876\附图\f1bbb04d417551abf0b9160bdd989588.jpg,25828193,watch,,,
dummy_images\WATCH\Rolex\1375152\主图\196543c7b044eda046b86b792e05300b.jpg,25828198,watch,,,
dummy_images\WATCH\Rolex\1375152\附图\55cb5be1e6233a1ce70e3a0a595c4ef6.jpg,25828198,watch,,,
dummy_images\WATCH\Rolex\1375152\附图\857c7cbe3c001c3940a2a45177a04053.jpg,25828198,watch,,,
dummy_images\WATCH\Rolex\1375152\附图\61391b9253077ba8242e90a9526afa56.jpg,25828198,watch,,,
dummy_images\WATCH\Rolex\1375152\附图\492468d62a06709ec57f2bf35a71cd71.jpg,25828198,watch,,,
dummy_images\WATCH\Rolex\1375152\附图\b88df5ed9647e3fc4be67cffc66b718b.jpg,25828198,watch,,,
dummy_images\WATCH\Rolex\1375152\附图\f0b37819b25008c99554ca1ea4800043.jpg,25828198,watch,,,
dummy_images\WATCH\Rolex\1375666\主图\133eee6f864e910730d1a49b4481dd75.jpg,25828205,watch,,,
dummy_images\WATCH\Rolex\1375666\附图\5387baee3374e652c1e6db3ba97440dc.jpg,25828205,watch,,,
dummy_images\WATCH\Rolex\1375666\附图\6413335486149bfb4d28d3a565c86032.jpg,25828205,watch,,,
dummy_images\WATCH\Rolex\1375666\附图\fcf1507341d2c07626627d7b727c3901.jpg,25828205,watch,,,
dummy_images\WATCH\Rolex\1375813\主图\f16ed7afa73bc693b889bbd916c772e8.jpg,25828209,watch,,,
dummy_images\WATCH\Rolex\1375813\附图\70f64a780e1b9eab43b859f27fdb9d0d.jpg,25828209,watch,,,
dummy_images\WATCH\Rolex\1375813\附图\25228224f8b3d6a024344034a84d31f5.jpg,25828209,watch,,,
dummy_images\WATCH\Rolex\1375813\附图\b8b159684adb1419aab3eecee66551bc.jpg,25828209,watch,,,
dummy_images\WATCH\Rolex\1379344\主图\10e439cc863044cc0b6a94e36f2050ae.jpg,25828213,watch,,,
dummy_images\WATCH\Rolex\1379344\附图\747d4ca759fb3233a2dd78ff189e0bd2.jpg,25828213,watch,,,
dummy_images\WATCH\Rolex\1379344\附图\58248dbfa4fc79bb166f12ad800d3eab.jpg,25828213,watch,,,
dummy_images\WATCH\Rolex\1379344\附图\5306088b5f48c99353cf961607772299.jpg,25828213,watch,,,
dummy_images\WATCH\Rolex\1380129\主图\f725a1b6e913b62d1cacb1dbb709d567.jpg,25828220,watch,,,
dummy_images\WATCH\Rolex\1380129\附图\50c2b549eb5e040e01c0327d4cc54d4d.jpg,25828220,watch,,,
dummy_images\WATCH\Rolex\1380129\附图\453c597f0b33d52e8df4c5d09e154dde.jpg,25828220,watch,,,
dummy_images\WATCH\Rolex\1380129\附图\edda2faeab46ddda7d78c48219bd9662.jpg,25828220,watch,,,
dummy_images\WATCH\Rolex\1380792\主图\97ab6ca66cc8477215295abc4fa2d902.jpg,25828224,watch,,,
dummy_images\WATCH\Rolex\1380792\附图\409fed190b08e7a1d1bd972004d17752.jpg,25828224,watch,,,
dummy_images\WATCH\Rolex\1380792\附图\865a73b8fbcb9ee14a7be2624394a3dd.jpg,25828224,watch,,,
dummy_images\WATCH\Rolex\1380792\附图\fe89c471e01fe1cdb89b8598e887bd0a.jpg,25828224,watch,,,
dummy_images\WATCH\Rolex\1381510\主图\e276b3105e9ac8cf05bac124891e631c.jpg,25828228,watch,,,
dummy_images\WATCH\Rolex\1381510\附图\1bb2f5d12413f1d4ae0475844aaf9857.jpg,25828228,watch,,,
dummy_images\WATCH\Rolex\1381510\附图\6788f4bdf3fa57ce44e17a230785bcaa.jpg,25828228,watch,,,
dummy_images\WATCH\Rolex\1381510\附图\c37c9be3e5c0d2cc14cc37037f88d7fb.jpg,25828228,watch,,,
dummy_images\WATCH\Rolex\1382309\主图\a6201e3e3d9093ad5f2c6b40f2f8eb9e.jpg,25828235,watch,,,
dummy_images\WATCH\Rolex\1382309\附图\10d353db0b33b5957bcfb3ef3328ed13.jpg,25828235,watch,,,
dummy_images\WATCH\Rolex\1382309\附图\678931b599fe23267c6aff2cc1c340e7.jpg,25828235,watch,,,
dummy_images\WATCH\Rolex\1382309\附图\bd2950318a0b4c24f4b518bbdd5760cd.jpg,25828235,watch,,,
dummy_images\WATCH\Rolex\1382378\主图\418fe5788a71f1a82d0ef27a3f6b6925.jpg,25828239,watch,,,
dummy_images\WATCH\Rolex\1382378\附图\159ae48e024188bd5f50593d697411f1.jpg,25828239,watch,,,
dummy_images\WATCH\Rolex\1382378\附图\681bcc0bc217928ea55f3ef819773cbc.jpg,25828239,watch,,,
dummy_images\WATCH\Rolex\1382378\附图\075060dfedd7e3cbb26b9cf1b1ba7fca.jpg,25828239,watch,,,
dummy_images\WATCH\Rolex\1384752\主图\e6a4a235613b4e4e667d3d3e19297f17.jpg,25828243,watch,,,
dummy_images\WATCH\Rolex\1384752\附图\ad25d62720e5aafcb1e0eded7c487fb9.jpg,25828243,watch,,,
dummy_images\WATCH\Rolex\1384752\附图\cdbf3325d55aa7e105ad258606787da5.jpg,25828243,watch,,,
dummy_images\WATCH\Rolex\1384752\附图\fe1fa07f28c3350f7f80dd06b4a3d47e.jpg,25828243,watch,,,
dummy_images\WATCH\Rolex\1385147\主图\bad806e3fde7740860320fcbf13aa147.jpg,25828247,watch,,,
dummy_images\WATCH\Rolex\1385147\附图\7bcdae2e6fb0374ef127dc18a2c748bd.jpg,25828247,watch,,,
dummy_images\WATCH\Rolex\1385147\附图\41b6ef99f986cdb2de73a60e31b2278c.jpg,25828247,watch,,,
dummy_images\WATCH\Rolex\1385147\附图\50f8e6bbcbd0fb66e3dcf66789c5cc01.jpg,25828247,watch,,,
dummy_images\WATCH\Rolex\1385205\主图\ed44600259def8ae11b86fe8cd3d69b4.jpg,25828251,watch,,,
dummy_images\WATCH\Rolex\1385205\附图\9ef814434af876a231e1cf7425a4b4b4.jpg,25828251,watch,,,
dummy_images\WATCH\Rolex\1385205\附图\d97939e1260c28a50ee84afc10002335.jpg,25828251,watch,,,
dummy_images\WATCH\Rolex\1385205\附图\f2152096cc04f99bf285651befc5a5f4.jpg,25828251,watch,,,
dummy_images\WATCH\Rolex\1385830\主图\310ea3befa5346d7baf00cf15a23fb5d.jpg,25828255,watch,,,
dummy_images\WATCH\Rolex\1385830\附图\42d071a7c4cbefdadfebaf55af4669ef.jpg,25828255,watch,,,
dummy_images\WATCH\Rolex\1385830\附图\90c152c2aa61df99ce0fca513eeb1005.jpg,25828255,watch,,,
dummy_images\WATCH\Rolex\1385830\附图\b0a27caaecfb73a4adeb4d89c47c7174.jpg,25828255,watch,,,
dummy_images\WATCH\Rolex\1385837\主图\14fa5053b502be3216f3e367db65e887.jpg,25828259,watch,,,
dummy_images\WATCH\Rolex\1385837\附图\1556b20752d8209046ee3ee4d824ef55.jpg,25828259,watch,,,
dummy_images\WATCH\Rolex\1385837\附图\51246aea49e3d207a38e7ab6d4ab1fe9.jpg,25828259,watch,,,
dummy_images\WATCH\Rolex\1385837\附图\60344f2f329f88233f85e424f3b492ee.jpg,25828259,watch,,,
dummy_images\WATCH\Rolex\1389061\主图\40916936242d67a9bbc4bcbba2c51a8c.jpg,25828272,watch,,,
dummy_images\WATCH\Rolex\1389061\附图\a2c09f04d214263043b6a0d5fc40dc62.jpg,25828272,watch,,,
dummy_images\WATCH\Rolex\1389061\附图\c6b8f9ffafbe96757cb3cd19400bc5c4.jpg,25828272,watch,,,
dummy_images\WATCH\Rolex\1389061\附图\cbfbbec6d041a887eef6ca44992b025c.jpg,25828272,watch,,,
